 ,ID Anno,Anno Status ,ID QA,QA Status,Feedback,Double check,"Upload date
(YYYY.MM.DD)","Check date 
(YYYYY.MM.DD)",% AI,Data_type,participant,Script,age,gender,country,occupation,primary category,secondary category,topics of interest,application used,OS,device info,YYYY.MM.DD
1,HUNGNV5,,,reject,ok,ok,,2026.03.07,0,Note,Liam,Met a guy about the copper piping suply today.His name is David Miller.Works at the new wholesale place downtown.Really good prices on fittings.Need to call him next Tuesday before 10 AM.He said he can get me a 15% discount if I open an account.Cell: +1-555-019-8372Office: +1-555-019-8800 ext 44Email: david.miller@pipewholesaledemo.net (just in case)Don't forget to ask him about the PEX A expansion tools.,34,Male,en_US,Plumber,contact,,,,,,
2,HUNGNV5,,MinhBH,reject,"- Trùng format
- Trùng số dòng",ok,,2026.03.07,0,Note,Emma,Met Sarah Jenkins at the Westside open house today.She seems like a really straightforward real estate agent. Told her we are looking for a 3 bed 2 bath under 400k.She mentioned an off-market property coming up next month.Need to call her office on Thursday to get the address.Her direct line: +1-555-018-9921Email: s.jenkins@cityhomesrealty.comMake sure to ask if the roof was replaced on that new listing.,29,Female,en_US,Nurse,contact,,,,,,
3,HUNGNV5,,MinhBH,reject,"- Trùng format
- Trùng số dòng",ok,,2026.03.07,0,Note,Isabella,"Talked to Mark from the IT department about my broken hard drive.He said he couldn't fix it but gave me a contact for data recovery.Guy's name is Kevin, runs a shop out in the suburbs.Mark said Kevin is a miracle worker with water-damaged laptops. Have to text Kevin first thing tomorrow morning.Phone: +1-416-555-0123He charges around $200 just to look at it, but it's worth it.Need to drop off the laptop before 10 AM if I want same-day service.",24,Female,en_US,Graduate Student,contact,,,,,,
4,HUNGNV5,,MinhBH,reject,Trùng format,ok,,2026.03.07,0,Note,Noah,"Finally found a potential dog walker for Buster!Chatted with a girl named Emily at the dog park this afternoon.She handles a lot of hyperactive labs, so she can definitely handle my boy.She has a bonded and insured pet sitting business.Rates are $25 for a 45-minute walk, which is cheaper than Rover.Need to set up a meet and greet for this weekend.Her cell is +1-555-019-7462.She said texting is the best way to reach her during the day.I should ask her for two client references just to be safe.Also need to confirm if she has experience giving dogs oral medication.",35,Male,en_US,Software Engineer,contact,,,,,,
5,HUNGNV5,,MinhBH,reject,"- Trùng format
- Trùng số dòng",ok,,2026.03.07,0,Note,William,Got a business card from the plumber who fixed the sink.His name is Hector and he was super fast and didn't overcharge.He ALSO does general contracting and bathroom remodels.His number: +1-555-013-4829He said he gives free estimates on Saturdays.I should give him a call next month when we have the budget.Email is hector.builds@emailprovider.comReminder: check his Yelp reviews just to see pictures of his tile work.Also ask him if he pulls the permits or if we have to do it.,42,Male,en_US,Chef,contact,,,,,,
6,HUNGNV5,,MinhBH,reject,"- Trùng format
- Trùng số dòng",ok,,2026.03.07,0,Note,Mia,"Met a freelance graphic designer who specializes in packaging.Name: Samantha Cole.Her portfolio looked exactly like the vibe we want for the new coffee line.Very minimalist, lots of earth tones.She's currently taking new clients starting in November.I need to email her our brand guidelines by Friday.Contact number: +1-604-555-0188Email: samanthacole_design@webmail.comNeed to schedule a Zoom call with her and the marketing team.She seems very professional and easy to work with.",31,Female,en_US,Marketing Exec,contact,,,,,,
7,HUNGNV5,,MinhBH,reject,"- Trùng format
- Trùng số dòng",ok,,2026.03.07,0,Note,Ethan,"Car broke down on I-95 again, I am so done with this Honda.The tow truck driver (Mike) gave me his uncle's mechanic shop info.The place is called ""Ray's Auto Fix"" on 4th street.Mike swore Ray won't rip me off for an alternator replacement.Shop phone: +1-555-011-3827Call them at 8 AM sharp because they'll get busy.Ask for Ray specifically and mention Mike the tow guy sent me.I need to ask if they have a payment plan or accept CareCredit.Can't afford a $600 repair right now out of pocket.",22,Male,en_US,Retail Worker,contact,,,,,,
8,HUNGNV5,,MinhBH,reject,- Trùng format,ok,,2026.03.07,0,Note,Ava,"Notes from the wedding catering tasting.Chef's name is Julian from ""Taste of the Valley"".The short rib was amazing, but the chicken was a bit dry.Julian said he can adjust the sauce for the chicken no problem.We need to finalize the guest count and send it to him by the 15th.His direct line for urgent changes: +1-555-017-9933Email: julian.catering@valleyevents.comMust remember to ask him about gluten-free options for Aunt Mary.Also need to confirm if they provide the plates and silverware or if we rent them.He requires a 50% deposit to lock in the date.I'll call him tomorrow during my lunch break to pay it.",28,Female,en_US,HR Specialist,contact,,,,,,
9,HUNGNV5,,,reject,"- ngắn
- Trùng format",ok,,2026.03.07,0,Note,Benjamin,"Greg from the office recommended his CPA, Lisa Wong.He said she is great at handling freelance income and deductions.Lisa's office number: +1-403-555-0145She offers a free 30-minute consultation for new clients.Need to call her front desk to book an appointment for late February.Bring last year's return and all the 1099 forms.",38,Male,en_US,Architect,contact,,,,,,
10,HUNGNV5,,MinhBH,reject,Trùng format,ok,,2026.03.07,0,Note,Logan,"Met a really cool guy at the vintage guitar shop today.His name is Arthur and he restores old tube amplifiers.My Fender Twin Reverb has been buzzing for months, which driving me crazy.He said it probably just needs new capacitors and a re-tube.He works out of his garage on the east side of town.Phone: +1-555-014-6621 (he prefers calls, not good with texting).I should bring the amp over to him this Saturday morning.He quoted me around $150 for labor plus parts, which is super fair.",45,Male,en_US,High School Teacher,contact,,,,,,
11,Nganp1,,HAINV2,reject,ok,ok,,2026.03.07,0,Note,Marcus Hill,"Plumbing contact – Mike. Saved this after the pipe leak in the kitchen last winter.Mike was the plumber the neighbor recommended.He came the same day and fixed the sink pretty quickly.
Phone: +1 415 682 9033
Works mostly around the Oakland / Berkeley area.Good guy, explained what caused the pipe crack.Call him if the bathroom drain keeps making that gurgling sound again.Also said he can install the new garbage disposal if I decide to buy one.Try weekdays before 4pm because he said evenings get busy.Remember to ask about the estimate before scheduling.",39,Male,en_US,Warehouse Supervisor,contact,,,,,,
12,Nganp1,rework done,HAINV2,reject,"Trùng format
8 dòng",ok,,2026.03.07,0,Note,Danielle Brooks,"Dog sitter contact
Name: Rachel Kim
Phone: +1 310 778 4521
Met her at the dog park near Maple Street.She offered to watch Luna when I travel for work.She has two golden retrievers and seems really responsible.Lives about 10 minutes away so drop-offs should be easy.Rates were around $35 per day if overnight.Need to text her at least a week before trips.She prefers communication by text instead of calls.Good backup sitter if my sister isn’t available.",28,Female,en_US,Graphic Designer,contact,,,,,,
13,Nganp1,rework done,HAINV2,reject,"- Trùng format
- Trùng số dòng
9 dòng",ok,,2026.03.07,15,Note,Aaron Patel,"Car mechanic recommendation
I met him through a colleague when myHonda started making a clicking noise. Its a small shop, but he's very knowledgeable about Hondas. It's located somewhere near the Tempe industrial area. He replaced my brake pads last spring. The price was much cheaper than the dealer's quote. If the engine fault light comes on again, call him first. He's usually open Monday to Saturday mornings. Bring cash because he'll give you a small discount.
Joe Ramirez – independent mechanic
Phone number: +1 602 901 7745",34,Male,en_US,IT Support Specialist,contact,,,,,,
14,Nganp1,rework done,HAINV2,reject,"Trùng format
8 dòng",ok,,2026.03.07,22,Note,Lauren Whitfield,"Piano Teacher Emma

Mrs. Katherine Doyle

Phone n: +1 617 540 2884

Another parent at emma’s school suggested it
Studio Near Brookline Library
type: Beginner piano lessons for kidddd🎹
Schedule Tuesday afternoons
Payment: not sure",41,Female,en_US,Elementary School Teacher,contact,,,,,,
15,Nganp1,rework done,HAINV2,reject,"Trùng format
8 dòng",ok,,2026.03.07,45,Note,Tyler Jensen,"Moving company contact note
BrightWay Movers – spoke with a guy named Kevin.
Direct phone: +1 720 311 6840
Got this number when we moved apartments last year.They handled the couch and bed frame without scratching anything.Kevin said to text photos of large furniture beforehand.Based in Denver but covers nearby suburbs too.If we move again next summer call them early.Weekends book out fast.Rates were hourly plus truck fee.Save this in case friends ask for a mover recommendation.",30,Male,en_US,Real Estate Assistant,contact,,,,,,
16,Nganp1,rework done,HAINV2,reject,"- Trùng format
- Trùng số dòng
6 dòng",ok,,2026.03.07,0,Note,Sabrina Lopez,"Hair stylist info - Alicia Torres

Met her at the salon downtown Miami.She did the layered haircut as I like last October.Specializes in curly hair which is hard to find.Appointments usually fill up two weeks ahead.She prefers clients to text instead of calling.Works Wednesday through Sunday.If I want color done she said book a longer session.Keep this number for next haircut around April. Her Phone: +1 305 422 9517",26,Female,en_US,Retail Store Manager,contact,,,,,,
17,Nganp1,rework done,HAINV2,reject,"- Trùng format
- Trùng số dòng",ok,,2026.03.07,25,Note,Gregory Shaw,"**Tax Accountant – Note**
* **Name:** David Klein, CPA
* **Phone:** +1 212 889 4076
* **Referred by:** My cousin during tax season
* **Office location:** Somewhere near Midtown Manhattan
**Notes:
* Helped file last year’s freelance income properlyy
* Very patient when explaining deductions
* Email was mentioned, but phone is faster for appointments
* Plan to call again around late February
* Bring receipts and 1099 forms when meeting
* Good contact to keep if finances get complicated againn
",45,Male,en_US,Freelance Photographer,contact,,,,,,
18,Nganp1,rework done,HAINV2,reject,"Trùng format
8 dòng",ok,,2026.03.07,0,Note,Nicole Harding,"Babysitter contact saved after PTA meeting
Name: Chloe Bennett
High school senior who babysits in the neighborhood.Several parents recommended her.Watched the kids once during our anniversary dinner.Very polite and kept the house tidy.Charges about $15 per hour.Lives three blocks away so she can come quickly.Text her a day ahead if we need help.Save this for occasional weekend evenings.
Phone: +1 503 733 1940",37,Female,en_US,Dental Hygienist,contact,,,,,,
19,Nganp1,rework done,HAINV2,reject,Trùng format,ok,,2026.03.07,4,Note,Brandon Cole,  ,33,Male,en_US,Bartender,contact,,,,,,
20,Nganp1,,HAINV2,reject,ok,ok,,2026.03.07,0,Note,Heather McMillan,"Local gardener contact
Name: Peter Walsh
Phone: +1 408 915 3722
Met him when he was landscaping the neighbor’s yard.Asked about help with trimming the big hedges.He said spring is the best time for shaping them.Works mostly around San Jose area.Friendly older guy who’s been gardening for years.Need to call him before April if I want the yard cleaned up.He also mentioned installing drip irrigation.Keep number saved for seasonal yard work.",44,Female,en_US,Librarian,contact,,,,,,
21,NhiNX,,DuongTC,reject,ok,ok,,2026.03.07,0,Note,Aaron T.,"Derek Collins: plumber contact saved after pipe issue
phone: +1 513-555-2784

February kitchen sink pipe burst: landlord called Derek
Derek suggested keeping number for future plumbing issues

notes:
- building plumbing old
- fragile pipes
- hot water pressure fluctuates
- if leak happens: shut off valve under sink first
text Derek early if drainage slows: avoid bigger problems",32,Male,en_US,Delivery Dispatcher,contact,,,,,,
22,NhiNX,,DuongTC,reject,ok,ok,,2026.03.07,0,Note,Lauren P.,"babysitter contact: after visiting sister

Megan Foster
+1 720-555-9137

sister recommended Megan: watched nephew several times
Megan studies early childhood education
babysits part time: evenings: weekends

met Megan briefly last sunday
seemed patient: brought small games for kids

possible reason to call:
company dinner next month

ask Megan: watch two kids at once
texting works best: Megan in classes during day",30,Female,en_US,Dental Hygienist,contact,,,,,,
23,NhiNX,,DuongTC,reject,- Trùng format,ok,,2026.03.07,0,Note,Kyle B.,"Tony Alvarez: mechanic found during road issue
phone: +1 915-555-6671

stopped at Tony’s small garage: outside El Paso
truck making grinding sound

Tony inspected brakes: pads worn
not dangerous yet: need replacement soon

Tony recommended: return in few weeks
shop opens early: around 7am most days
garage location: near highway exit

if noise gets louder: call Tony immediately
fix before driving long distances: save number: Tony mechanic",44,Male,en_US,Construction Worker,contact,,,,,,
24,NhiNX,,DuongTC,reject,- Trùng format,ok,,2026.03.07,14,Note,Danielle S.,"hair stylist recommendation from Nina: work

Rachel Kim
phone: +1 323-555-4821

Nina trusts Rachel: color treatments: natural highlights
salon location: Silver Lake neighborhood
changing hair color: this summer

before scheduling: ask Rachel:

- consultation appointment required first

- price: color: trim

- weekend time slots available

Nina said Rachel books quickly: reach out couple weeks ahead",27,Female,en_US,Social Media Manager,contact,,,,,,
25,NhiNX,,DuongTC,reject,ok,ok,,2026.03.07,7,Note,Gregory W.,"BrightCare Dental scheduling number

appointment line
+1 317-555-8056

receptionist gave number: last cleaning visit
fastest way: change: book appointments

Dr. Patel handled cleaning earlier: everything went smoothly

next routine checkup: around November

when calling: remember:

- confirm insurance on file

- ask: early morning slots available

office downtown: near courthouse building
parking garage attached: makes visits easier",51,Male,en_US,High School Teacher,contact,,,,,,
26,NhiNX,,DuongTC,reject,Trùng format,ok,,2026.03.07,8,Note,Maria C.,"building maintenance supervisor contact

Luis Ramirez
phone: +1 305-555-4490

Luis repaired air conditioning: hot week in July
unit stopped working: apartment warm quickly

fixed issue thirty minutes
explained filter needed cleaning: adjustment

if anything breaks: contact Luis first

ask Luis check later:

- balcony door lock sticking

- water pressure shower inconsistent

Luis works mornings in building: keep number saved",38,Female,en_US,Travel Agent,contact,,,,,,
27,NhiNX,,DuongTC,reject,Trùng format,ok,,2026.03.07,16,Note,Patrick L.,"gym trainer after class

Jordan Mills
phone: +1 646-555-3379

met Jordan after strength training: last week
asked Jordan: improving squat form

Jordan offers private coaching sessions: help technique: structured workout plans
gym location: downtown Manhattan: near office

ask Jordan:

- price: training sessions

- custom programs

- early morning workouts available

Jordan mentioned texting works best: between clients
booking before fall training season",34,Male,en_US,Financial Analyst,contact,,,,,,
28,NhiNX,,DuongTC,reject,Trùng format,ok,,2026.03.07,5,Note,Sophie R.,"photographer: farmers market event

Caleb Turner
+1 206-555-6183

photographing food vendor: market
talked briefly: covers private events

work looked good: natural candid style: not overly posed

possible use:
Emma’s graduation celebration next summer

questions for Caleb:

-availability in June

-rates: two: three hours coverage

-typical turnaround time: edited photos

replies to texts within day",31,Female,en_US,Elementary School Teacher,contact,,,,,,
29,NhiNX,,DuongTC,reject,ok,ok,,2026.03.07,15,Note,Brian K.,"It support contact: coworking space

Samir Shah
phone number : +1 408-555-5922

laptop suddenly refused connection: shared Wi-Fi
Samir helped: checked network settings: solved problem quickly
router conflict caused disconnects

works independently: tech consultant

call later: upgrade home internet system
installs mesh Wi-Fi networks: apartments

send message first before contacting: describe issue: Samir knows tools needed",40,Male,en_US,Product Manager,contact,,,,,,
30,NhiNX,,DuongTC,reject,ok,ok,,2026.03.07,3,Note,Emily J.,"moving truck driver: last apartment move

Tom Rivera
phone:
+1 281-555-7234

drove moving truck: Dallas to Houston last year
handled furniture carefully: labeled boxes: made unpacking easier

contact Tom directly if moving again: lease ends next spring

before booking: ask Tom:

- still works with same moving company

- availability: weekend moves

save number: avoid searching for movers later",36,Female,en_US,HR Specialist,contact,,,,,,
31,HungLD,,MinhBH,reject,ok,ok,,2026.03.07,13,Note,Brandon H.,"Roof repair contact – keep this handy for when you need it.
Name: Mike Carter
Phone: +1 312-555-7841
Company Carter Roofing Services

I met Mike last fall when he came to check Tom’s roof after the big storm.
He mentioned that he’s often working around our neighborhood too.
I need to call him about the small leak over the garage.
The best time to call him is on weekday mornings before 10am, as noted on his card.
He said they usually set up inspections within two or three days.
Also, ask him about the warranty on shingle replacement.
Tom mentioned that his pricing was fair when compared to the other contractors.
If he doesn’t pick up, just leave a voicemail with the address and say that Tom sent me.",41,Male,en_US,Real Estate Agent,contact,,,,,,
32,HungLD,,,reject,Trùng format,ok,,2026.03.07,0,Note,Melissa R.,"Here is the dog sitter contact information.
Emily Watkins
Phone: +1 415-555-2098

Emily Watkins took care of our dog Daisy while we were in Seattle last summer.
Was really good with Daisy.
She lives just three blocks away, near Pine Street.
Emily is great with dogs that get nervous.
She shares photo updates every evening to keep us posted on how our dog is doing.
We should ask Emily if she’s available to watch our dog during the weekend in May.
She usually charges us for every night she watches our dog.
She offered us a little discount the last time we worked with her.
If you want to reach Emily, it's best to text her first before calling.
Emily mentioned that she prefers to talk about scheduling between 8 and 10 in the morning.
We should check with Emily to see if she’s still hosting stays at her place.
We should probably check with her to see if she can water our plants, just like she did when she looked after our dog.
It's a good idea to have Emily's phone number saved because finding a good dog sitter like her isn't easy.",29,Female,en_US,Graphic Designer,contact,,,,,,
33,HungLD,,MinhBH,reject,Trùng format,ok,,2026.03.07,0,Note,Daniel P.,"I bumped into Carlos Mendoza, a freelance electrician, while he was working on the lighting in our office building lobby.He’s a good guy who explained everything to me in a way that was easy to understand.I saved his phone number, +1 602-555-6634, because I’m considering changing the lighting in my kitchen.Carlos said he used to work for a company, but now he works for himself.Carlos typically spends his weekends working on houses.I need to speak with Carlos about putting in dimmer switches and some new outlets.Hementioned that getting pictures of what needs to be done gives him a better idea of how much it will cost.Carlos lives in Phoenix.He travels around the city to finish his work.Carlos  said he has a license and insurance.I should remember to call Carlos before I begin the renovation project.",37,Male,en_US,Restaurant Manager,contact,,,,,,
34,HungLD,,,reject,Trùng format,ok,,2026.03.07,0,Note,Rachel K.,"I want to get in touch with a piano teacher.
The piano teacher I found is Linda Greer.
Her phone number is +1 718-555-1489.
I saw Linda's information on the community center bulletin board.
Teaches piano lessons to beginners and people who are a little more advanced.
I am thinking about signing my daughter Lily up for piano lessons with Linda this fall.
She said that kids usually start out with piano lessons that are thirty minutes long once a week.
Linda has a studio where she teaches piano lessons.It is located in Brooklyn near Prospect Park.
I need to ask Linda if she has any time on Saturday mornings for piano lessons.
Linda mentioned that she usually has a recital for her students in December.
I should call Linda after I finish work this week.
When I call Linda I will also ask her what books my daughter Lily should get before her piano lesson with Linda .
I am going to save this information because good piano teachers, like Linda tend to fill up.",35,Female,en_US,Elementary School Teacher,contact,,,,,,
35,HungLD,,,reject,Trùng format,ok,,2026.03.07,30.8,Note,Marcus D.,"My coworker suggested a mechanic.
Name: Tony Alvarez
Phone: +1 210-555-9352
My colleague Josh really likes Tony. He says Tony is the mechanic in San Antonio.
He said Tony managed to fix his truck in just one afternoon. The dealer said it would take three days.
The shop could be named Alvarez Auto Garage.
I need to give Tony a call about the noise my Civic is making.
Josh told me Tony’s a straightforward guy who won’t try to sell me stuff I don’t actually need.
It's a good idea to call early in the morning since the shop gets really busy.
If my schedule lines up, I’ll bring the car in on Friday.
I should probably ask him to check the brakes while it’s there.
It's handy to have a mechanics contact saved.
I need to remember to mention to Tony that Josh Martinez was the one who referred me.",44,Male,en_US,Warehouse Supervisor,contact,,,,,,
36,HungLD,,,reject,Trùng format,ok,,2026.03.07,0,Note,Olivia S.,"Local photographer contact
Name: Sarah Lin
Phone: +1 503-555-4077
I met Sarah at te farmers market weekend.
She was taking pictures for a vendor booth.
She showed me her work.
I am thinking about hiring her for family photos in the fall.
Sarah specializes in natural-light portraits.
She said the best time for photos is around sunset.
Her studio is in Portland. She goes to nearby parks.
I need to send her a message, about her prices.
She likes it if you text her first because she is often taking pictures.
I also want to ask if she offers photo shoots.
I will keep her info here so I do not lose her number.",32,Female,en_US,Marketing Coordinator,contact,,,,,,
37,HungLD,,,reject,Trùng format,ok,,2026.03.07,0,Note,Tyler B.,"Kayak rental guide contact
Name: Greg Hollis
Phone: +1 904-555-5226
Met Greg during the kayaking tour near Jacksonville beach.
He mentioned he also organizes small group trips on weekends.
Thinking about booking another outing with a few friends.
Greg knows a lot about the coastal marsh areas.
He said spring is the best time to see dolphins out there.
Usually answers texts quicker than calls.
Need to ask him about pricing for a group of four people.
Also check what equipment we need to bring ourselves.
He told me they launch near the public marina.
Save this number so I can plan another trip later.",,Male,en_US,Fitness Trainer,contact,,,,,,
38,HungLD,,MinhBH,reject,2 câu liên tiếp AI,ok,,2026.03.07,0,Note,Kevin M.,"Plumber contact. Keep this for house repairs

* Name: Jason Miller

* Phone: +1 614-555-9283

Got Jasons number from our neighbor Mark. Marks basement pipe burst in winter. He said Jason helped fix their water heater the day they called.

I talked to Jason when he came to check the leak in our room. He seemed professional. He explained the issue without rushing.

I need to call Jason about the drain in the upstairs bathroom sink. He said sending photos first helps him understand the problem quicker.

Jason is usually available, on weekday afternoons. Sometimes he works on Saturdays too.

Reminder: I need to ask Jason about the cost to replace pipes. I also want to check if he installs water filtration systems.

Keep this saved so I don't lose Jasons contact. He seems like a plumber.",45,Male,en_US,Insurance Adjuster,contact,,,,,,
39,HungLD,,,reject,Trùng format,ok,,2026.03.07,2.8,Note,Natalie S.,"Freelance computer repair guy

Name: Ethan Brooks

Phone: +1 720-555-8164

I met Ethan year through a coworker. My laptop had stopped booting. He fixed the problem in one evening. He recovered most of my files.

Ethan handles computer repair and tech troubleshooting on his own. I saved his number. I might need help with my desktop.

He mentioned home Wi-Fi networks and routers. He helps people set them up.

The best way to reach him is to send a text before calling. He usually gets back to you within a hours. Unless he is busy with a job.

I should ask him about upgrading my storage drive. I also wonder if he builds custom PCs for gaming.

It's an idea to keep tech contacts, like Ethan saved in your notes.",34,Female,en_US,Dental Hygienist,contact,,,,,,
40,HungLD,,MinhBH,reject,câu cuối bị liên tiếp,ok,,2026.03.07,0,Note,Trevor L.,"I know a guy named Ethan Brooks who does Freelance Computer Repair Service. He is really good at fixing computers.

I met Ethan Brooks at the office a year ago. My laptop was not working. It would not turn on. Ethan was able to fix it in one evening and he even got most of my files back.

Ethan does his computer repair work and he is also good at figuring out what is wrong with computers.

Ethan is the person to go to when you have computer problems.

I have Ethan's phone number, which's +1 720-555-8164 written down somewhere so I can call him if my desktop computer breaks.

I think Ethan can also help you set up your home Wi-Fi network and router.

If you want to call Ethan Brooks you should text him first so he knows you are going to call.

He will usually call you back in an hour unless Ethan Brooks is busy fixing someone Computer.

I need to make him a call because I wanna ask about getting a storage drive for my computer.

I am also wondering if Ethan Brooks builds custom gaming computers.

It is an idea to write down the phone numbers of people like Ethan who are good, at fixing computers so you can find them easily when you need them.",28,Male,en_US,Logistics Coordinator,contact,,,,,,
41,PhucVQ,,MinhBH,reject,ok,ok,,2026.03.07,7.3,Note,Daniel Harper,"Plumber contact – Mike (called him when the kitchen pipe burst last winter)                                
Name: Mike Rodriguez – local plumber recommended by neighbor Tom                                        
Phone: +1 415 672 9033                                        
Works mostly around San Mateo and Redwood City                                        
Very responsive when I texted late evening                                        
Charged fairly but bring cash just in case                                        
Said he can usually come same day for emergencies                                        
Need to call him again about the slow leak under the bathroom sink                                        
Also ask about replacing old water heater soon                                        
Best time to reach him is mornings before 10                                        
Remember he prefers texts first before calling                                        
Saved because trustworthy tradespeople are hard to find",41,Male,en_US,Insurance Adjuster,contact,,,,,,
42,PhucVQ,,,reject,Trùng format,ok,,2026.03.07,8.2,Note,Rachel Kim,"Contact: Dr. Amanda Lee (family dentist)                                
Office phone: +1 617 555 9033                                        
Clinic is called ""Harbor Dental"" in Cambridge                                        
I started going there after Emily recommended her                                        
Very patient with nervous patients which helps a lot                                        
Last cleaning was back in October                                        
Need to schedule another checkup sometime next month                                        
They usually send reminder texts but I like keeping this here                                        
Parking behind the building is limited                                        
Call early in the day for appointments                                        
Receptionist name is Carla                                        
Remember to ask about whitening options",29,Female,en_US,Marketing Coordinator,contact,,,,,,
43,PhucVQ,,,reject,Trùng format,ok,,2026.03.07,2.7,Note,Kevin Boyd,"Electrician info – Trevor                                
Trevor Liu                                        
Phone: +1 646 288 4471                                        
Met him when he fixed the hallway lighting in the building                                        
Landlord recommended him for apartment wiring issues                                        
Really quick job replacing two broken outlets in the kitchen                                        
Explained what caused the short circuit which was helpful                                        
Said to call if breaker keeps tripping again                                        
I should schedule him to check the old fuse box soon                                        
He usually works in Manhattan and Brooklyn                                        
Text him photos of the issue before scheduling                                        
Rates seemed reasonable compared to others                                        
Remember to ask about installing a ceiling fan in bedroom",29,Male,en_US,Graphic Designer,contact,,,,,,
44,PhucVQ,,,reject,Trùng format,ok ,,2026.03.07,2.69,Note,Olivia Sanders,"Linda Torres – dog sitter                                
Mobile: +1 503 441 2782                                        
Found her through the local neighborhood Facebook group                                        
She watched Milo for 3 days when I going to Seattle                                        
Sent photo updates every morning which was nice                                        
Lives about two streets away so pickup is easy                                        
Charges $35 per day for boarding                                        
Also does short notice walks sometimes                                        
Need to text her for the trip in August                                        
Milo seemed really comfortable around her                                        
She has a golden retriever named Daisy                                        
Probably best sitter I've used so far                                        
Remember to bring Milo's food when dropping him off                                        
Backup contact if Rover app sitters cancel",32,Female,en_US,Elementary School Teacher,contact,,,,,,
45,PhucVQ,,,reject,Trùng format,ok,,2026.03.07,0,Note,Aaron Lewis,"Carl Henderson – plumber				
Phone: +1 720 908 1452					
Referred by the property manager for the condo					
Fixed the kitchen sink leak back in February					
Showed up on time which is rare for contractors					
Left his card stuck to the fridge actually					
Said he covers most of Denver metro					
If the bathroom pipe keeps rattling I should call him					
Pretty friendly guy, talked about fishing a lot					
Rates seemed normal for plumbing work					
Save this number in case of emergency leaks",41,Male,en_US,Insurance Adjuster,contact,,,,,,
46,PhucVQ,,,reject,Trùng format,ok,,2026.03.07,2.8,Note,Olivia Turner,"Accountant contact for tax help                                
Name: Rachel Kim                                        
Phone: +1 212 730 1189                                        
Friend Lily referred me to her during last tax season                                        
She specializes in freelance and small business taxes                                        
Very patient explaining deductions for contract work                                        
Office is somewhere near Midtown but meetings can be virtual                                        
Need to schedule early next year before April rush                                        
Send her last year’s documents ahead of time                                        
She mentioned she also helps with quarterly estimates                                        
Email is best but phone works if urgent                                        
Saved here so I don’t lose her contact again                                        
Definitely using her next filing season",37,Female,en_US,Interior Designer,contact,,,,,,
47,PhucVQ,,,reject,detector 24%,ok,,2026.03.07,3.3,Note,Jessica Miller,"Maria Gutierrez – tailor who altered my work suits				
Contact number: +1 213 667 5201					
Shop is a tiny place near 3rd Street in LA					
Found her after reading Yelp reviews					
She shortened two blazers and fixed the lining					
Really precise stitching, everything fits better now					
Turnaround time was about four days					
She prefers calls instead of texts					
Might bring my navy dress there next week					
Also does wedding dress alterations apparently					
Very sweet older lady running the shop					
Keep this contact for future clothing fixes",27,Female,en_US,HR Specialist,contact,,,,,,
48,PhucVQ,,,reject,Trùng format,ok,,2026.03.07,4,Note,Melissa Grant,"Dog sitter contact – Jenna                                
Jenna Walsh                                        
Phone: +1 303 555 9184                                        
Met her through the neighborhood Facebook group last summer                                        
She watched Cooper for three days while we went to Aspen                                        
Super responsible and sent daily photo updates                                        
Lives only a few blocks away near Maple Street                                        
Charges about $25 per walk or overnight stay                                        
Need to check if she’s available for our July vacation                                        
Also ask if she still boards dogs at her house                                        
Text first rather than call (she mentioned she works shifts)                                        
Keep her number handy because holiday weeks fill up fast                                        
Definitely my first choice for dog sitting",34,Female,en_US,Marketing Manager,contact,,,,,,
49,PhucVQ,,,reject,Trùng format,ok,,2026.03.07,2.8,Note,Tyler Bennett,"Coach Ryan Miller – local running group organizer                                
Phone: +1 646 389 7754                                        
Met him during the Saturday Central Park run club                                        
Leads the 10K training group every weekend                                        
Pretty motivating coach without being intense                                        
Mentioned he also does personalized training plans                                        
Thinking about signing up for the fall half marathon program                                        
He said texting works best during the day                                        
Group meets near the Columbus Circle entrance                                        
Usually around 8am Saturdays                                        
Need to confirm next week's route with him                                        
Friendly guy, used to run college track                                        
Saved his number so I don't lose it",36,Male,en_US,Financial Analyst,contact,,,,,,
50,PhucVQ,,,reject,Trùng format,ok,,2026.03.07,0,Note,Brandon Scott,"Nate Collins – auto mechanic				
Cell: +1 602 701 9985					
Works at Desert Ridge Auto Repair					
My coworker Luis recommended him last year					
He replaced the brake pads on my Honda					
Didn't try to upsell anything which I appreciated					
Explained what needed fixing and what could wait					
Said I should come back around 5k miles later					
Shop opens early around 7am					
Call ahead because they get busy					
Solid mechanic, keeping his contact here",38,Male,en_US,Warehouse Supervisor,contact,,,,,,
51,DuongTC,,,reject,"- Trùng format
- my detector 40%",ok,,2026.03.07,8.4,Note,Alicia,"Call regarding apartment plumbing repair
Contact: Mike Reynolds - the plumber who fixed the kitchen leak last year.
Phone: +1 415-982-4471
Met him through the landlord during emergency pipe issue.
They were pretty reliable and even arrived early, which was nice.
I need to ask if he can check the drip in the bathroom sink as well.
Make sure to ask about the cost estimate before setting up an appointment.
He sometimes works on weekends.
Best time to call is after 9am.
Hold onto his number just in case the heater starts acting up again.
Make sure to include the building address on Pine St.",34,Male,en_US,Marketing Coordinator,contact,,,,,,
52,DuongTC,,,reject,ok,ok,,2026.03.07,6.9,Note,Alisha,"Vet contact for Luna, my golden retriever.
Dr. Karen Patel - Riverside Animal Clinic.
Phone: +1 312-555-9082
Saved after Luna’s vaccination appointment in February.
The clinic was really patient with nervous dogs.
Need to call next month to schedule for flea treatment.
I also want to ask about switching to a different food brand.
Parking behind the clinic is limited, need to arrive early.
They send reminders but I like to confirm myself.
Receptionist name might be Julia.
Keep the number handy in case Luna eats something weird again.
Open Monday through Saturday",27,Female,en_US,Dental Assistant,contact,,,,,,
53,DuongTC,,,reject,Trùng format,ok,,2026.03.07,3.4,Note,Trevor,"IT help contact from old job.
Name: Alex Gutierrez
Phone: +1 646-203-7789
Worked with in a system upgrade project on 2022.
Really good with network troubleshooting.
Saved number because he offered freelance help if needed.
If my home server keeps dropping connection I might text him.
He prefers text first instead of random calls.
Lives somewhere in Queens now I think.
Also builds custom PCs on the side.
Could ask him for advice about new graphics card.
A chill guy, easy to talk to.
Met originally through coworker Daniel.",39,Male,en_US,Warehouse Supervisor,contact,,,,,,
54,DuongTC,,,reject,Trùng format,ok,,2026.03.07,0,Note,Megan,"Wedding photographer lead
Name: Olivia Chen Photography
Phone: +1 917-440-2216
Found through Instagram portfolio.
Her style is very natural lighting and outdoor shots.
Thinking about booking for October wedding.
Need to ask about half-day vs full-day package.
Also check if she travels to Vermont venues.
Her website said dates fill quickly.
Email was slow last time so maybe call directly.
Budget target around $2500 if possible.
Save sample gallery she sent.
Reminder to talk with Ryan before confirming date.
Ask about engagement photo session option.
Also check contract deposit rules.",31,Female,en_US,Event Planner,contact,,,,,,
55,DuongTC,,,reject,Trùng format,ok,,2026.03.07,0,Note,Derek,"Auto repair recommendation.
Samir Khan - an independent mechanic.
Phone: +1 408-771-5632
Mark suggested when the Honda had a brake noise.
Apparently he used to work at a dealership.
Charges less but still uses good parts.
Need to call before next oil change.
Ask him if he can inspect the suspension too.
Shop is somewhere near Santa Clara industrial area.
Open early mornings according to Mark.
Would rather call midweek than Monday.
Keep contact saved for emergencies on road trips.
Also ask about tire rotation price.",42,Male,en_US,Delivery Driver,contact,,,,,,
56,DuongTC,,,reject,ok,ok,,2026.03.07,7.3,Note,Hannah,"Piano teacher option for weekend lessons.
Name: Mrs. Laura Bennett.
Phone: +1 503-602-1148
Got her number from the community center bulletin board.
She teaches beginner to intermediate adults.
I'm thinking about restarting practice this year.
Need to ask if Saturday afternoon slot is open.
Lesson price listed around $40 per hour.
She mentioned flexible scheduling during the summer.
Studio located near Hawthorne area.
Maybe ask if trial lesson is possible.
If I go, I'll bring the old sheet music.
Also curious if she teaches music theory basics.
Remember to call after work hours.
Lessons can start sometime in April maybe.
Very excited but also nervous to play again.",29,Female,en_US,Librarian,contact,,,,,,
57,DuongTC,,,reject,Trùng format,ok,,2026.03.07,2.8,Note,Marcus,"Realtor contact from open house visit
Name: Daniel Brooks
Phone: +1 720 884 3329
Met him at a townhouse showing last Sunday.
He seemed knowledgeable about Denver neighborhoods.
Saved number in case we decide to seriously start house hunting.
Need to ask about listings under 450k.
Also want info on first-time buyer programs.
He offered to send new listings by text.
His card mentioned 12 years experience.
Call sometime this week after work.
Emily wants a place with small yard.
Ask about commute distance to downtown.
Remember to compare mortgage estimates first.
Don’t rush decision though.
Still just researching right now.
But good to have a contact ready.",37,Male,en_US,High School Teacher,contact,,,,,,
58,DuongTC,,,reject,Trùng format,ok,,2026.03.07,3,Note,Olivia,"Hair stylist recommendation
Name: Natalie Ross
Phone: +1 214 555 6721
Chloe recommends her for layered cuts.
Works at a salon in uptown Dallas.
Thinking about trying something shorter for summer.
Need to call and ask about consultation appointment.
Apparently she books weeks ahead.
Also does color treatments but those cost extra.
Look at the photos Chloe sent again.
Ask about maintenance for bangs.
Parking around the salon might be tricky.
Prefer weekday evening appointment.
Save number to not lose it again.
Could be a good regular stylist if it works out.
Remember to mention Chloe referred me.
Bring hairstyle reference pictures.",26,Female,en_US,Marketing Coordinator,contact,,,,,,
59,DuongTC,,,reject,Trùng format,ok,,2026.03.07,3,Note,Ethan,"Guitar repair shop contact
Tom Alvarez - local luthier
Phone: +1 602 993 4184
Met him at the music store.
He adjusted the neck on the acoustic once.
Did a really careful job and explained everything.
Need to ask if he replaces pickups on electric guitars.
My Strat has buzzing issues lately.
He said texting photos helps diagnose faster.
The shop usually closed Sundays.
Might stop by next week after work.
Also curious about restringing service price.
Keep contact saved for future guitar maintenance.
He mentioned he’s been repairing instruments for 25+ years.",33,Male,en_US,Audio Technician,contact,,,,,,
60,DuongTC,,,reject,Trùng format,ok,,2026.03.07,4.8,Note,Rachel,"Babysitter recommendation from coworker.
Name: Emily Carter
Phone: +1 617 731 5095
Sarah from office used her for date nights.
Apparently great with toddlers and very responsible.
Thinking about asking her to watch Noah occasionally.
Need to text first and introduce myself.
Ask about weekend availability.
Also confirm hourly rate before scheduling.
Sarah said she brings small games for kids.
Lives not too far from our neighborhood.
Would feel better meeting her once beforehand.
Maybe invite for quick coffee chat.
Keep note so I remember where contact came from.
Important backup option when parents can’t help.",35,Female,en_US,HR Specialist,contact,,,,,,
61,HAINV2,rework done,Nganp1,reject,"
- Trùng format",ok,,2026.03.08,0,Note,Ethan,"Contact record – flooring materials supplier.
Name: Chris Dalton.
Company role: flooring material distributor.
Met while checking vinyl plank prices.
Location: construction warehouse on West Street.
Possible contractor discount mentioned.
Condition: order above 50 boxes.
Could help with apartment remodel project next month.
Preferred contact time: morning hours.
Reason: afternoons busy with deliveries.
Phone: +1-555-018-6421.
Reminder: confirm oak color series availability.
Also check delivery fees and warehouse stock.",37,Male,en_US,Carpenter,contact,,,,,,
62,HAINV2,rework done,Nganp1,reject,ok,ok,,2026.03.08,0,Note,Madison,"• Contact saved from small business expo.
• Supplier name: Olivia Parker.
• Works with specialty chocolate ingredients.
• Distributes baking supplies to cafés.
• Might help with seasonal menu desserts.
• Mentioned wholesale ordering options.
• Best time to call: late morning.
• Avoid lunch rush hours.
• Phone: +1-555-017-2034.
• Email: olivia.parker.bakery@demo-mail.com
.
• Need bulk dark chocolate pricing.
• Ask about minimum order quantities.
• Potential supplier for holiday menu items.",30,Female,en_US,Café Manager,contact,,,,,,
63,HAINV2,rework done,Nganp1,reject,"- Trùng format
50%AI",ok,,2026.03.08,0,Note,Brandon,"CONTACT NOTE
- Technician name: Alan Rivera
- Field: computer repair and small office networks
- Recommended by coworker
- Issue: desktop computer running slowly
- May need system diagnostics soon
- Possible service: remote troubleshooting
- Contact method suggested: text first
- Phone: +1-555-016-5578
- Ask about system cleaning service
- Ask about hard drive health check
- Confirm hourly service rate
- Check availability tomorrow afternoon",28,Male,en_US,Marketing Assistant,contact,,,,,,
64,HAINV2,rework done,Nganp1,reject,"- Trùng format
50%AI
7 dòng",ok,,2026.03.08,0,Note,Lauren,"Garden contact entry
Person: Teresa Hill
Business: organic vegetable seedlings
Source: community center gardening workshop
Greenhouse located outside the city
Useful for backyard garden planning
Season: spring planting period
Suggested contact time: early April
Phone number: +1-555-014-7729
Preferred call time: after 6 PM evenings
She also sends availability updates via text
Need to check tomato seedlings
Also ask about pepper plants and herbs",42,Female,en_US,Librarian,contact,,,,,,
65,HAINV2,rework done,Nganp1,reject,"Trùng format
9 dòng",ok,,2026.03.08,7,Note,Tyler,"Kevin Marshall – mobile detailing contact.
Met while fueling truck at gas station.
He noticed scratches on door panel.
Suggested polishing could remove swirl marks.
Runs independent mobile detailing service.
Works from a van and visits customers.
Convenient since I don't need to drive anywhere.
Truck needs cleaning before listing online sale.
Preferred contact method: text message.
Phone: +1-555-019-6645.
Questions: full interior detailing price.
Ask about scratch removal package.
Check if weekend appointments are available.",39,Male,en_US,Delivery Driver,contact,,,,,,
66,HAINV2,rework done,Nganp1,reject,"Trùng format
6 dòng",ok,,2026.03.08,0,Note,Chloe,"Yoga studio contact list entry
Instructor name – Megan Foster
Teaches small group yoga classes
Class frequency – three sessions weekly
Attended evening class today
Considering monthly membership plan
Suggested contact through text message
Phone – +1-555-015-9322
Morning replies usually faster
Need beginner class schedule
Ask about membership price
Check if trial class options exist
Possible weekly routine activity",24,Female,en_US,College Student,contact,,,,,,
67,HAINV2,rework done,Nganp1,reject,"6 dòng 
",ok,,2026.03.08,15,Note,Nathan,"Service contact saved today:
Technician: Robert Klein.
Specialty: appliance repair.
Recommended by neighbor nearby.
Reason: washing machine making loud noise.
Reported to fix most appliance brands.
Offers home visit service.
Plan: call tomorrow morning.
Phone contact: +1-555-018-4476.
Morning calls easier before appointments.
Need to describe spinning noise issue.
Ask about inspection service fee.
Check if parts replacement included.",46,Male,en_US,Insurance Agent,contact,,,,,,
68,HAINV2,rework done,Nganp1,reject,"Trùng format
50% AI
6 dòng",ok,,2026.03.08,0,Note,Avery,"ART SUPPLY CONTACT
Store manager: Daniel Wright
Location: downtown art supply shop
Discussed watercolor paper stock
Possible bulk ordering available
Helpful for professional illustration work
Paper type needed: Arches cold press
Suggested communication: send text with brand name
Phone: +1-555-012-6884
Bulk orders may receive discount
Need to confirm stock availability
Check delivery timeline
Verify bulk purchase pricing",33,Female,en_US,Illustrator,contact,,,,,,
69,HAINV2,rework done,Nganp1,reject,"Trùng format
48% AI
8 dòng",ok,,2026.03.08,0,Note,Dylan,"Guitar repair contact log
Technician name: Victor Lopez
Workplace: small music shop near station
Issue discussed: acoustic guitar buzzing sound
Possible cause: neck adjustment needed
Also suggested replacing strings
Plan to bring guitar before next practice
Preferred visiting time: afternoon hours
Phone: +1-555-017-1149
Need to ask about setup cost
Check turnaround repair time
May also buy new guitar strap there
Keep contact for future maintenance",27,Male,en_US,Music Teacher,contact,,,,,,
70,HAINV2,rework done,Nganp1,reject,"Trùng format
48% AI
","

ok",,2026.03.08,7,Note,Samantha,"Cleaning service reference note
Owner: Julia Bennett
Service type: residential home cleaning
Team handles full house cleanups
Preparing house before next month guests
Recommendation from acquaintance
Suggested first contact midweek
Morning calls work best
Phone number: +1-555-016-3907
Need estimate for full house cleaning
Ask about kitchen appliance cleaning
Check if bathroom floor detailing included
Confirm scheduling availability",35,Female,en_US,Music Teacher,contact,,,,,,
71,HAINV2,,Nganp1,reject,ok,,,2026.03.08,0,Note,Wesker,Wrote this down after stopping by the building supply place on the north side of Columbus. Guy behind the counter introduced himself as Robert Jenkins. We ended up talking about drywall prices and he mentioned their warehouse sometimes gives small contractors a better deal if we call ahead. Might need that soon because the basement job on Riverside Drive is starting in a couple weeks. Robert said mornings are easier for him before deliveries start coming in. Need to ring him sometime Monday and ask about moisture resistant boards and insulation rolls. He also mentioned they sometimes have leftover materials from big site orders that get discounted. Could be worth checking before buying retail. Phone: +1-614-555-2471 Office: +1-614-555-2420 Email: rjenkins.buildsupply@demo-mail.com,37,Male,en_US,Carpenter,contact,,,,,,
72,HAINV2,rework done,Nganp1,reject,"Trùng form 
46% AI",ok,,2026.03.08,11,Note,Harper,"Yoga instructor contact entry
Name: Hannah Clarke
Studio location near Capitol Hill, Denver
Attended beginner yoga session Saturday
Class style manageable and well paced
Instructor limits class size intentionally
Helps students learn movements properly
Considering Tuesday evening classes
Messages usually answered quickly
Phone: +1-303-555-1982
Email: hannahclarkeyoga@studio-demo.org

Five-session package discussed
May be cheaper than drop-in classes
Need to reserve spot early",29,Female,en_US,Graphic Designer,contact,,,,,,
73,HAINV2,rework done,Nganp1,reject,Trùng format ,ok,,2026.03.08,10,Note,Caleb,"SERVICE CONTACT – AUTO REPAIR
Name: Daniel Ortega
Profession: mechanic specializing in older pickup trucks
Met at an auto parts store in Phoenix while buying oil and filters
Conversation started about shifting issues in my Ford truck
He said he runs a small garage near the west side industrial area
Apparently he has dealt with similar transmission problems before
Suggested calling ahead before bringing the truck in
Reason: he can check if parts are available first
Planning to bring the truck next week if the noise continues
Mornings are quieter at his shop for inspections
Phone: +1-602-555-7341
Shop line: +1-602-555-7342
Email: ortegagarage@autodemo.com",41,Male,en_US,Delivery Driver,contact,,,,,,
74,HAINV2,rework done,Nganp1,reject,12% sau khi sửa lại,"Eric said they usually need at least a day notice for larger orders. I should call him once we know the exact date of the event.
AI 5%  sau khi sửa lại",,2026.03.08,5,Note,Madison jr.,"• Catering backup option saved for work lunch
• Business: Green Market Kitchen
• Contact person: Eric Dawson (Manager)
• Location mentioned during walk through Portland
• Small deli offering packed meals for office workers
• Could help if our usual bakery is unavailable
• Might be useful for next week’s office lunch event
• Bulk orders typically require one day notice
• Need to check vegetarian meal options for the group
• Could work as backup catering solution
• Phone: +1-503-555-2744
• Store: +1-503-555-2748
• Email: eric.dawson@greenmarketdemo.com",33,Female,en_US,Office Administrator,contact,,,,,,
75,HAINV2,rework done,Nganp1,reject,my detective 45%,AI 8%  sau khi sửa lại,,2026.03.08,15,Note,Logan,"CONTACT RECORD
- Name: Steven Patel
- Position: flooring warehouse representative
- Location: Tampa flooring warehouse
- Called earlier this week to discuss flooring materials
- Talked about laminate vs vinyl performance in humid environments
- Moisture resistance was a key topic in the discussion
- Steven suggested bulk purchases could reduce costs
- Especially useful for upcoming condo renovation project
- Waterproof vinyl planks recommended for kitchens
- Need measurements from worksite first
- Then follow up with Steven later next week
- Phone: +1-813-555-4429
- Warehouse: +1-813-555-4431
- Email: spatel.flooring@demo-supply.com",45,Male,en_US,Construction Contractor,contact,,,,,,
76,HAINV2,,Nganp1,reject,"
Trùng format",ok,,2026.03.08,0,Note,Jasmine ,Another contact related to dog training that I should keep saved. A friend at the park mentioned a trainer named Brian Keller who sometimes works with larger breeds around the Denver area. I haven’t met him yet but Megan said he helps with more advanced behavior training if basic classes are not enough. Might be useful later if Cooper still ignores commands after the beginner course. Brian apparently does home visits sometimes which could make training easier. I should call first and ask what his schedule looks like next month. Also want to ask about his pricing before committing to anything. Phone: +1-720-555-4472 Email: briankellertraining@demo-mail.com,27,Female,en_US,Veterinary Assistant,contact,,,,,,
77,HAINV2,rework done,Nganp1,reject,"Trùng format 
AI 100%",ok,,2026.03.08,4,Note,Cameron,"Contact log entry – engineering consultation
Met Kevin Huang during a meetup in Austin
Profession: backend engineer
Conversation about system performance and server strain
Mentioned experience helping startup teams troubleshoot infrastructure
Could be useful for diagnosing our recent app slowdowns
Sometimes helps smaller teams review system architecture
Evening communication works best for him
Suggested sending a message first with context
Include expected user traffic numbers
Phone: +1-512-555-6824
Email: kevinhuang.dev@techdemo.io

Possible technical advisor contact",31,Male,en_US,IT Support Specialist,contact,,,,,,
78,HAINV2,rework done,Nganp1,reject,"Trùng format
 8 dòng
50% AI",ok,,2026.03.08,9,Note,Grace,"POTTERY STUDIO CONTACT
Instructor: Daniel Reyes
Location: pottery workshop in Santa Fe
Met during weekend ceramics workshop
Learned glazing techniques during class
Interested in attending longer courses
Studio offers beginner programs every few months
Returning students can access studio hours
Planning to ask about next course session
Call sometime next week for details
Phone: +1-505-555-2904
Studio: +1-505-555-2905
Email: danielreyesceramics@artdemo.org",36,Female,en_US,Librarian,contact,,,,,,
79,HAINV2,,Nganp1,reject,ok,ok,,2026.03.08,15,Note,Nolan ,"That backyard corner stays thirsty, still. Sipping lattes by the curb one Tuesday past, someone two driveways down brought up Anthony Brooks - fella wiring drip lines through half of Sacramento lawns. Talk wandered toward uneven soak spots behind my shed. His take? Today's timers hum along with forecasts, pausing mid-cycle when skies open. Later on, heat spikes make things tough around here. Maybe that thought could actually work out. He shows up one night, takes a look at the space outside, gives numbers after. Calling during the week fits better, just after I leave the workplace. How long setup takes? Good thing to bring up too. You get me directly through +1-916-555-7059 if needed. Ring us anytime on 1-916-555-7060 when you prefer talking. Should words work better, drop a note instead - anthonybrooksirrigation@demo-mail.com catches every message. While phones ring, email stays quiet till opened",42,Male,en_US,Landscape Technician,contact,,,,,,
80,HAINV2,rework done,Nganp1,reject,"Trùng format
100%AI",,,2026.03.08,5,Note,Chloe ,"Photographer contact from local art event
Name: Rachel Simmons
Met at lakefront art fair in Chicago
She was displaying outdoor portrait photography
Style looked natural and relaxed
Mentioned parents’ anniversary photo idea
She offers casual family photo sessions
Often shoots in parks around the city
Suggested contacting two weeks before event date
Need to confirm schedule with family first
Phone: +1-312-555-5913
Email: rachelsimmonsphoto@demo-studio.com

Possible photographer for family event",28,Female,en_US,Marketing Coordinator,contact,,,,,,
81,HungLD,,MinhBH,reject,ok,ok,,2026.03.08,13,Note,Ryan Caldwell,"Need to remember this contact                                
Marcus Lee – phone: +1 312 555 6402                                        
Met him during the Chicago small business networking night last October                                        
He runs a printing shop that does quick turnaround banners and flyers                                        
Could be useful for the marketing materials for the spring sale                                        
He said texting works better than calling because he’s usually in the workshop                                        
His shop is somewhere near West Loop, need to double check address later                                        
Plan: reach out early next week about price quotes                                        
Also ask about bulk discounts if we print more than 200 posters                                        
Don’t forget to mention that Olivia from the event introduced us                                        
He seemed friendly and open to new clients",36,Male,en_US,retail store manager,contact,,,,,,
82,HungLD,,Nganp1,reject,ok,ok,,2026.03.08,18,Note,Aaron Whitaker,"HVAC repair contact I should keep                                
Last winter the heater stopped working during that cold snap                                        
Neighbor recommended a technician named Paul Denton                                        
Number saved here: +1 816 555 7420                                        
He came out the same day and fixed the thermostat wiring
Really reasonable price too
If the AC struggles this summer I should call him again
He said older systems like mine sometimes need capacitor replacement
Remember:
Call earlier in the day because afternoons get booked fast
Lives somewhere on the north side but services the whole area",42,Male,en_US,warehouse manager,contact,,,,,,
83,HungLD,,Nganp1,reject,ok,ok,,2026.03.08,12,Note,Megan Hart,"Auto body shop lead
Funny thing happened midday. Mike at the office mentioned someone he knows. This person knocks out car dents fast. Costs way less than you’d think. Got it done last week himself. Said it took under an hour flat
Tony Alvarez
+1 480 555 1298
Funny thing is, runs operations from a tiny store tucked behind the gas spot close to Tempe
A small fix might take care of the deep mark near the right window
Funny thing Mike mentioned - Tony likes getting pictures through texts before anything else. Seems he wants proof upfront, sent straight to his phone
Note to self
Tomorrow morning, snap a photo of the door. Capture it when light is soft. Aim before sunrise if possible. Frame the shot with care. Let the moment settle first. Wait until everything feels still. Then press the button gently
Drop it over, then request a ballpark figure",38,Male,en_US,construction supervisor,contact,,,,,,
84,HungLD,,,reject,Trùng format,đã sửa lại,,2026.03.08,12,Note,Tyler Benson,"Photographer contact from Emma’s birthday party
Her name was Danielle Brooks
Phone number: +1 917 555 6011
Mom and Dad's Anniversary October
Maybe she'd suit Mom and Dad's anniversary just right. Given that her nights often involve photographing events, starting the chat by text or email might work better.
Questions you might want to bring up when talking to her
How free is she during October?
How much does she charge for three hours?
Her fee - does it cover photo edits, or only raw images? Still wondering if touch-ups are part of the deal. What exactly comes when payment clears: adjusted shots or unedited ones straight from the camera?",34,Female,en_US,event planner,contact,,,,,,
85,HungLD,,MinhBH,reject,ok,,,2026.03.08,13,Note,Danielle Price,"Bike repair help
A friend from the group ride mentioned:
Chris Dalton
Call me anytime on my phone at +1 303 555 4837
Apparently he does independent repairs from his garage
Might come in handy because the back derailleur on my bike won’t stay in gear
Things he said he’s good at
– tune ups
– brake adjustments
– replacing worn chains
Last time, he made it clear - reach out first if you plan to come by
Funny how it might need another look by Saturday, should the bicycle keep misbehaving. Could be worth a try sometime Sunday instead, depending on how things go. The timing often shifts when glitches stick around too long. Worth keeping an eye open later in the week, just in case nothing settles down",25,Male,en_US,graduate student,contact,,,,,,
86,HungLD,,,reject,Trùng format,đã sửa lại,,2026.03.08,7,Note,Justin Reed,"Note from the community gardening group
Contact Person: Linda Torres
That's her phone line: +1 505 555 7791.
It is her handling the planning of when volunteers tend to each garden section
Getting more involved is something I’ve been thinking about lately. When it comes to securing a spot for next season, she said timing matters - early spring is when messages should go out. Her notes include the days compost gets delivered, so that detail isn’t missing.
Last thing - maybe drop her a message around then, just to see whether spots might still be free.",40,Female,en_US,librarian,contact,,,,,,
87,HungLD,,,reject,Trùng format,đã sửa lại,,2026.03.08,9,Note,Katie Vaughn,"Financial advisor someone recommended
Name written down during dinner with my cousin
Gregory Mills
+1 212 555 9572
Apparently he helps with retirement planning and investment basics
Not urgent but I've been meaning to look at my 401k situation
Questions for him
fees for consultation
whether he works with small portfolios
Cousin said Greg explains things in plain English
Maybe call after tax season is over",46,Male,en_US,restaurant owner,contact,,,,,,
88,HungLD,,,reject,Trùng format,đã ghi lại % AI,,2026.03.08,15,Note,Laura McKenzie,"Babysitter possibility from church group
Alyssa Parker
Contact by phone at +1 615 555 3340
College student studying education
Weekends find her watching kids for neighbors who trust her with their little ones
Finding a sitter could make evenings easier once in a while, especially when it's just me and Mark planning to leave the house after dark
Before scheduling anything I should
meet her first
let the kids get comfortable
Check the cost per hour too
Most moms and dads figure texting works best",29,Male,en_US,coffee shop manager,contact,,,,,,
89,HungLD,,,reject,ok,đã ghi lại % AI,,2026.03.08,8,Note,Maria Carrey,"Local handyman contact
Saw a recommendation in the neighborhood Facebook group
People said he’s great with small household fixes
My to-do list currently:
loose kitchen cabinet hinge
bathroom towel rack falling off
screen door that won’t slide properly
Instead of hiring separate services maybe he can handle everything
Eric Lawson
+1 704 555 4482
Plan
send him a message with the list and see if he’s available next week",51,Female,en_US,real estate agent,contact,,,,,,
90,HungLD,,,reject,ok,đã ghi lại % AI,,2026.03.08,18,Note,Patrick Doyle,"Dog sitting option
Name: Rachel Kim
Phone: +1 206 555 3389
Met her at the park when our dogs started playing together
She mentioned she sometimes boards dogs for neighbors
Things to ask her next time:
– overnight rate
– if she has a fenced yard
– whether she takes multiple dogs at once
Trip to Portland in July is when I’d probably need help
Better message her a few weeks ahead
She seemed really calm with animals which is reassuring",27,Female,en_US,florist,contact,,,,,,
91,NhiNX,,DuongTC,reject,Trùng format,ok,,2026.03.08,33,Note,Emma,"rachel turner realtor contact
met during oak street condo open house sunday
said call early if want private viewing listings
phone +1 415 882 1094
works skyline realty san jose
note ask about 2bed near train station
she mentioned spring market very competitive
possible off market condo soon
text morning better she said
remember bring budget notes
maybe coffee chat next week discuss options",31,female,en_US,graphic designer,contact,,,,,,
92,NhiNX,,DuongTC,reject,ok,ok,,2026.03.08,18,Note,Marcus,"mike dalton mechanic contact
friend jared recommendation after brake noise
garage near sunset blvd los angeles
number +1 323 771 6408
helped diagnose grinding rear wheel
said pads worn almost metal
good reviews neighborhood forum
call morning schedule repair
maybe check tires same visit
remember ask hybrid battery inspection
keep contact future car trouble
trusted shop option",44,male,en_US,sales manager,contact,,,,,,
93,NhiNX,,DuongTC,reject,Trùng format,ok,,2026.03.08,0,Note,Olivia,"dr lisa grant dentist chicago downtown
clinic bright smile dental center
met during emergency tooth pain appointment
phone +1 312 555 7486
assistant maria manages calendar bookings
recommended cleaning twice yearly
possible whitening consult summer
parking garage alley behind clinic
note bring insurance card next time
call before june vacation trip
friendly staff good equipment
keep contact dental care",28,female,en_US,barista,contact,,,,,,
94,NhiNX,rework done,DuongTC,reject,Trùng format,2 dòng liên tiếp,,2026.03.08,0,Note,Daniel,"kevin patel photographer seattle
met wedding expo convention center hall b
portfolio strong natural light photos
contact +1 206 993 4410
thinking engagement shoot october

he suggested golden hour discovery park
instagram gallery helpful reference
note check pricing packages
possible travel fee mount rainier shoot

text easier than email he said
review portfolio later tonight",35,male,en_US,product manager,contact,,,,,,
95,NhiNX,,DuongTC,reject,Trùng format,ok,,2026.03.08,0,Note,Hannah,"angela morris dog trainer
met zilker park dog area austin
rocky barking leash chaos moment
she stepped in calm guidance
phone +1 512 804 3391
runs weekend obedience sessions
recommended 4 week training cycle
bring treats leash favorite toy
rocky smart just distracted she said
message friday reserve class spot
training field near soccer grass area
maybe private lesson later too
keep number dog behavior help
save contact pet training",26,female,en_US,graduate student,contact,,,,,,
96,NhiNX,,DuongTC,reject,Trùng format,ok,,2026.03.08,0,Note,Ryan,"daniel cho recruiter tech industry
met startup networking meetup palo alto hub
discussion backend roles silicon valley
mobile +1 650 441 7703
works venturehire recruiting firm
focus early stage startups hiring engineers
said several teams scaling infrastructure
reminder update resume before call
possible coffee intro meeting downtown
linkedin profile active check later
maybe send portfolio links
good contact career transition planning
follow up next week maybe
store number professional network
note keep updated resume ready",39,male,en_US,software engineer,contact,,,,,,
97,NhiNX,,DuongTC,reject,Trùng format,ok,,2026.03.08,0,Note,Sophia,"emily sanders yoga instructor denver
met saturday vinyasa class downtown studio
flow session challenging but great
contact number +1 720 661 9082
teaches tue thu early morning classes
studio name mile high yoga loft
said text if want private mobility lesson
note ask stretching routine shoulders
possible membership discount mention
bring mat towel water bottle next time
class playlist calming ambient music
maybe invite sarah join session
good instructor patient style
save contact class schedule updates
remember book spot before weekend",33,female,en_US,marketing specialist,contact,,,,,,
98,NhiNX,,DuongTC,reject,Trùng format,ok,,2026.03.08,6,Note,Aaron,"Mark Henderson plumber neighbor recommendation
fixed burst pipe kitchen last winter storm
arrived late night still helped
charge fair not crazy emergency price
San Jose area service
remember he mentioned installing new water heater systems too
call if basement leak shows again
saved number somewhere here +1 415 772 9043
Mark Henderson reliable guy
maybe tell Tom about him
good local contact",37,male,en_US,delivery driver,contact,,,,,,
99,NhiNX,,DuongTC,reject,ok,ok,,2026.03.08,6,Note,Natalie,"met Jessica Wu small creator meetup Seattle waterfront
photography style very natural not heavy editing
thinking headshots for portfolio site soon
she said weekday mornings studio quieter
also offered outdoor shoot Gas Works Park option
Jessica Wu photographer
note number here before losing card
+1 206 889 5417
maybe schedule April if weather decent
check budget first
nice energy easy talk",26,female,en_US,graphic designer,contact,,,,,,
100,NhiNX,,DuongTC,reject,Trùng format,ok,,2026.03.08,28,Note,Marcus,"roadside tire problem outside Denver night drive ski trip
small shop helped even near closing time
Carlos Rivera mechanic there
looked over brakes quickly too
said road salt destroys rotors fast Colorado winters
Rocky Mountain Auto shop
number saved after service receipt
call ahead next time passing through
+1 720 664 3382
Carlos Rivera honest mechanic vibe
keep contact for future road trips
maybe send thanks message sometime",44,male,en_US,regional sales manager,contact,,,,,,
101,Nganp1,rework done,HAINV2,reject,"my detective 45%
Detect AI các câu liên tiếp",,,2026.03.08,33,Note,Trevor Lang,"Dustin Weber is available to contact.
Telephone:+1 3037714482
Water pooled under the washer that morning, so I asked around in the hallway. A neighbor mentioned a guy named Dustinnn - said he handles broken machines. By afternoon, he showed up with a bag of tools, took one look, fixed the loose hose fast. His voice stayed calm while he worked, explaining how old parts click together easier than new ones jammed with circuits. The whole thing felt quiet, almost ordinary, just someone turning chaos into stillness.
If that dryer starts thumping again, I’ll ring him right away. First thing - call him before anything else. Should it kick up noise, my move is clear: phone in hand. The moment those heavy bumps return? His number gets dialed. Loud thumps mean one path - hear them, call him. When the machine rumbles too hard, reaching out comes first. That sound returns - the next step won’t wait. Banging resumes? Contact happens immediately. Next loud shake - and he's getting called. Noise shows up again - it leads straight to a call.
Fridges can be checked by him, so he mentioned.",38,male,en_US,Apartment Maintenance Technician,contact,,,,,,
102,Nganp1,rework done,HAINV2,reject,,"AI: 4%
bỏ ngoặc {} trông sẽ tự nhiên giống ng viết hơn",,2026.03.08,18,Note,Holly Sanderson,"Writing this down before I forget the number again.
I met a freelance photographer during a small art event downtown. Her work was really natural looking, not overly edited like a lot of stuff online <3. I might want some casual portraits done later this year.

Name: Claire Donnelly
Phone: +1 720 998 2651

She said weekends book up quickly so it’s better to message a couple weeks ahead. Might reach out around fall when the trees change color.",29,female,en_US,marketing specialist,contact,,,,,,
103,Nganp1,,HAINV2,reject,ok,AI: 6%,,2026.03.08,12.9,Note,Leonard Pike,"Garage door technician contact — keep this somewhere safe.

Guy named Victor Moreno came by after the garage door got stuck halfway open last winter. Turned out the spring was worn out. He replaced it and showed me how to do basic maintenance.

Phone: +1 602 881 6409

Things to remember:
he prefers calls in the morning
works mostly around the Phoenix area
charges a basic inspection fee but it’s reasonable ",51,male,en_US,Construction Estimator,contact,,,,,,
104,Nganp1,rework done,HAINV2,reject,Trùng format,"AI: 5%
bỏ ngoặc {} trông sẽ tự nhiên giống ng viết hơn 
trông format giống 101",,2026.03.08,6,Note,Cassandra Holt,"**Dog Trainer Contact Card**

**Name:** Melissa Grant
**Phone:** +1 503 447 9158

**Notes:**
Found Melissa through a local pet group online. She helped with training sessions when my dog was having issues barking at strangers. The training was really helpful and she explained the behavior side in a very simple way. Sessions usually take place at a nearby park so the dog can practice around other people. Might book another session if the leash pulling starts again.
",33,female,en_US,Freelancer,contact,,,,,,
105,Nganp1,rework done,HAINV2,reject,Trùng format,AI: 12%,,2026.03.08,5.1,Note,Arnold Greene,"Storms here can be rather severe, therefore I should maintain the contact information for the man who fixed the roof last summer. He was employed by a tiny local roofing crew under the name Patrick Doyle.in comparison to other quotations I received, the cost was reasonable, and they completed the repair in a single day.

I should get in touch with him again the next time I require gutter cleaning or a roof inspection

Patrick Doyle
Phone: +1 412 556 7394",58,male,en_US,Insurance Adjuster,contact,,,,,,
106,Nganp1,,HAINV2,reject,ok,ok,,2026.03.08,8,Note,Marissa Tate,"Pediatric tutor info for my nephew.

Name: Daniel Cho
Phone: +1 650 772 1984 renggg

My sister asked if I knew anyone who helps kids with math homework and a coworker recommended Daniel. Apparentlyy he used to be a middle school teacher and now does tutoring sessions after school hours.could be useful if my nephew keeps struggling with algebra this semester.

Remember: he said texting first works best.",34,female,en_US,Financial Assistant,contact,,,,,,
107,Nganp1,rework done,HAINV2,reject,Trùng format,ok,,2026.03.08,3.9,Note,Ethan Crowley,"Random note about a mechanic someone recommended to me. The guy works at a smaller auto shop outside town and supposedly knows a lot about older trucks. I haven’t gone there yet but a coworker swears by him and says he doesn’t overcharge like the dealership places do.

Contact info before I lose it:
Raymond Torres – mechanic
Phone: +1 915 664 5207

If the engine light comes back on, maybe try this place first.",44,male,en_US,Delivery Route Manager,contact,,,,,,
108,Nganp1,rework done,HAINV2,reject,Trùng format,ok,,2026.03.08,7.9,Note,Paige Larkin,"**Yoga Instructor Note**

* **Instructor:** Naomi Fletcher
* **Phone:** +1 818 337 9045
* Met her during a weekend wellness workshop
* Teaching style is calm and very beginner-friendly
* Helpful since I'm still fairly new to yoga
* Focuses a lot on breathing rather than complicated poses
* Classes usually happen on Tuesday evenings
* Might attend a few more sessions once my schedule clears up
",27,female,en_US,Event Coordinator,contact,,,,,,
109,Nganp1,rework done,HAINV2,reject,Trùng format,ok,,2026.03.08,0,Note,Ronald Beckett,"I saved the electrician's number after they did some work in the neighborhood.Carl Jennings, his number is 901-733-6159.Carl put the outdoor lights near the driveway.He really knew what he was talking about. He showed me how the wiring worked, and it was so clear that I feel like I could fix it myself if something came up.After he finished, everything has been running smoothly.Do you want to make your yard brighter later on?time to call him againI heard he also checks electrical panels=)))",49,male,en_US,Warehouse Operations Manager,contact,,,,,,
110,Nganp1,,HAINV2,reject,ok,,,2026.03.08,0,Note,Tessa Wilcox,"I was chatting with a coworker about travel plans and she mentioned a small independent travel planner she used for a trip last year. Apparently he helped arrange flights and hotel bookings without the usual stress of comparing dozens of websites. Might be useful when I finally plan that Europe vacation I've been thinking about.

{Travel planner: Adrian Keller}
{Phone: +1 646 938 2741}

She said he's good at finding cheaper flight combinations.",31,female,en_US,Marketing Specialist,contact,,,,,,
111,DuongTC,,,reject,ok,,,2026.03.08,7.1,Note,Daniel Harper,"Mike – auto repair guy on 3rd Street.
Phone Number: +1 415 555 0187.
Met him when my car died last winter.
He helped jump the car and didn’t charge me anything.
Runs a small garage called Harbor Auto.
Call him whenever the Honda starts making weird noises.
Said he’s best available early mornings before 9am.
Also good person to ask about used tires.
Remember to schedule oil change next month with him.
Friendly guy, talks a lot about classic Mustangs.
Lives somewhere near Daly City I think.
If the engine light comes on again, should call Mike first.
And also ask him about brake pads price.
Save this so I don’t lose his number again
",34,Male,en_US,Delivery Driver,contact,,,,,,
112,DuongTC,,,reject,Trùng format,,,2026.03.08,5.7,Note,Melissa Vaughn,"Carla Jennings (freelance graphic designer).
Phone: +1 303-555-6621.
Met at the Denver startup meetup last fall.
She offered help designing the cafe logo.
Really good with branding and packaging ideas.
Said texting works better than calling.
Usually responds in the evenings after 6pm.
Lives somewhere in Lakewood area.
Need to send her inspiration photos for the menu board.
Might hire her later for social media graphics too.
Very energetic personality, big coffee fan.
Mentioned she gives discounts to small businesses.
Keep contact for future marketing projects.
Reminder: ask about timeline and pricing.",29,Female,en_US,Café Owner,contact,,,,,,
113,DuongTC,,,reject,Trùng format,,,2026.03.08,0,Note,Trevor Simmons,"Coach Ramirez – local boxing trainer.
Met him at the community gym in Queens.
Runs early morning boxing conditioning classes.
Thinking about joining his training program.
He said beginners are welcome.
The classes usually start at 6:30am weekdays.
Saturday sparring sessions sometimes.
Very strict but motivating coach.
Call before showing up for the first session.
Gym address somewhere near Roosevelt Ave.
Need to buy hand wraps before first class.
He also trains amateur fighters occasionally.
Could help with improving stamina.
Keep number in case I decide to start next month.
Phone: +1 917 555 2408.",41,Male,en_US,Security Guard,contact,,,,,,
114,DuongTC,,,reject,Trùng format,,,2026.03.08,6.6,Note,Rachel McMillan,"Dr. Patel (a dentist recommended by coworker Jenna).
Mobile: +1 650 555 9044.
Office called Bay Smile Dental.
Located somewhere in downtown Palo Alto.
Need to schedule cleaning and checkup.
Last appointment was over a year ago.
They accept my insurance apparently.
Receptionist said mornings fill up quickly.
Call at least two weeks in advance.
Dr. Patel known for being gentle with nervous patients.
Good option for teeth whitening later maybe.
Write down questions about gum sensitivity.
Parking garage nearby according to Jenna.
Office hours Monday through Friday mostly.
Remember to bring insurance card.
Might also ask about night guard for grinding teeth.
Save number so I can book after next paycheck.
Don’t forget to confirm appointment day before",37,Female,en_US,HR Specialist,contact,,,,,,
115,DuongTC,,,reject,Trùng format,,,2026.03.08,0,Note,Anthony Delgado,"Luis – Apartment maintenance contact.
Phone: +1 702-555-3180.
Works for the building management office.
Handles plumbing and electrical issues.
Met him when the kitchen sink leaked.
Very quick fixing things around the unit.
Usually around the complex in the mornings.
Text him first before calling.
Need him to check the hallway light again.
Also ask about the noisy bathroom fan.
Super friendly, always wearing a baseball cap.
Office number never answers so better to reach Luis.
Lives nearby according to neighbors.
Important contact for emergencies.
Save this in case heater stops working.
Could also ask him about replacing shower head",45,Male,en_US,Warehouse Supervisor,contact,,,,,,
116,DuongTC,,,reject,ok,,,2026.03.08,6.5,Note,Olivia Turner,"Hannah – dog sitter from the neighborhood group.
Found her through the local Facebook pet group.
She watched Luna once during my Austin trip.
Very reliable and sent photo updates.
Lives about 10 minutes away.
Best to contact her at least a week early.
Charges per day but reasonable price.
Might need her again for July travel plans.
She also does dog walking during weekdays.
Remember that Luna likes her treats.
Mobile: +1 512-555-7316.",31,Female,en_US,Elementary School Teacher,contact,,,,,,
117,DuongTC,,,reject,Trùng format,,,2026.03.08,2.5,Note,Marcus Lee,"Ethan Park – freelance IT support.
Helped setting up the router and the network.
Met through a coworker recommendation.
Really good with troubleshooting slow internet.
Works mostly around Seattle area.
Said weekends are usually open for small jobs.
Call him if the server backup fails again.
Also knows a lot about security cameras.
Might ask him to upgrade the office WiFi.
Telephone: +1 206-555-4479",38,Male,en_US,Real Estate Agent,contact,,,,,,
118,DuongTC,,,reject,Trùng format,,,2026.03.08,9,Note,Stephanie Brooks,"Natalie – wedding photographer contact.
Phone: +1 404 555 5591.
Met her at my cousin’s wedding last summer.
Her photos looked amazing and very natural.
Thinking about booking her for our ceremony.
She travels around Georgia for events.
Said spring dates get booked quickly.
Need to ask about package prices.
She also offers engagement photo sessions.
Prefer communication through text.
Check availability for October weekend.
Very calm personality which is nice for big events.
Look up her portfolio online again.
Save this contact for planning binder.
Maybe schedule a quick call next week.
Reminder: ask about editing turnaround time",33,Female,en_US,Event Planner,contact,,,,,,
119,DuongTC,,,reject,Trùng format,,,2026.03.08,4.8,Note,Brian Coleman,"Tom Gallagher – neighbor who lends tools.
Phone: +1 734-555-2988.
Lives two houses down on Maple Street.
Met him while fixing the fence last spring.
Has tons of tools in his garage workshop.
Borrowed his power drill once.
Told me to call anytime before stopping by.
Usually home after 5pm weekdays.
Retired mechanic so knows a lot about repairs.
Might ask him about fixing the lawn mower.
Also mentioned he has a ladder I could borrow.
Good guy to know in the neighborhood.
Bring back his wrench set next time.
Should invite him for a barbecue next time.
Save number so I don’t knock randomly.
Helpful contact for house projects.
Could ask advice about replacing porch light.
Keep this saved for future fixes.",52,Male,en_US,Insurance Adjuster,contact,,,,,,
120,DuongTC,,,reject,Trùng format,,,2026.03.08,8.1,Note,Lauren Mitchell,"Kayla - hair stylist, I really like in the salon downtown.
Phone: +1 323-555-6402.
My hair cut by her last month.
Super friendly and easy to talk to.
Really understood the layered style I wanted.
Works at Sunset Glow Salon in LA.
Appointments usually booked a week ahead.
Best to text her for scheduling.
Thinking about highlights next visit.
She recommended coming back every eight weeks.
Parking at the salon is tricky so needs to arrive early.
Ask her about hair care products she mentioned.
Save this so I always book with the same stylist.
Next haircut probably sometime mid-April.",27,Female,en_US,Retail Store Manager,contact,,,,,,
121,HUNGNV5,,,reject,ok,,,2026.03.08,,Note,Alex,"my amp blew up during practice tonight.
jason said he knows a guy who fixes vintage fenders.
i need to text him tomorrow before noon bc he gets busy.
the number is +1-555-019-2234
don't forget to ask if he has the specific 6L6 tubes in stock.


if he doesn't, i have to order them online.


ugh this is gonna cost me at least 200 bucks.


gonna have to borrow Dave's spare amp for the gig on friday.


so annoying, right before the biggest show of the month.
",28,Male,en_US,Musician,contact,,,,,,
122,HUNGNV5,,,reject,ok,,,2026.03.08,,Note,Brenda,"[Vendor Update - Floral Arrangements]Current status: Awaiting final quote.The previous florist bailed on us, total disaster.Found a new local shop: ""Petals & Stems""Owner is Maria. She seems super sweet and actually listened to the bride's weird color palette.Action item: Send her the Pinterest board link ASAP.Her direct cell for weekend emergencies: +1-555-014-9901Note: DO NOT call the shop number, she said the receptionist is new and messes up messages.Need to confirm if she includes vase rentals or if we need to source those separately.Follow up by Thursday 4PM.Budget limit is $1500! Cannot go over this!",42,Female,en_US,Event Planner,contact,,,,,,
123,HUNGNV5,,,reject,Trùng format,,,2026.03.08,,Note,Chris,"Things to do before the semester starts:- Finish the syllabus for Bio 101- Buy more whiteboard markers (the good ones)- Email the department head about the lab equipment budget- Call the IT helpdesk guy about my projector.His name is Kevin from tech support.Extension is usually useless, try his mobile: +1-555-017-8821He told me to text him the serial number of the projector.- Print the student rosters- Setup the online grading portal- Get a haircut (seriously looking homeless rn)Gotta get all this done by Monday.I am not ready for summer to be over.",35,Male,en_US,Teacher,contact,,,,,,
124,HUNGNV5,,,reject,Trùng format,,,2026.03.08,,Note,Diana,"Honestly today was so overwhelming.Moved into the new dorm and my roommate is already driving me crazy.She plays her music so loud and it's only day one.I tried to study in the library but forgot my laptop charger.Ended up talking to a girl in the study lounge named Sophie.She is in my advanced calculus class!Thank god, I really needed a study buddy.She understood the professor's weird grading curve way better than I did.We agreed to meet up on Wednesdays to go over the problem sets.Her whatsapp is +1-555-011-3349.I need to message her to see what time works best.Maybe college won't be so bad if I actually make friends.",22,Female,en_US,Student,contact,,,,,,
125,HUNGNV5,,,reject,Trùng format,,,2026.03.08,,Note,Ethan,Prep for call with the new tax accountant.Who: Lisa Chen (recommended by the Chamber of Commerce).Contact: +1-555-018-7742Questions to ask her:1. Do you handle multi-state sales tax?2. What is your hourly rate vs flat retainer?3. Can you help me migrate from Quickbooks desktop to online?Make sure to mention I have W2 employees AND 1099 contractors.She needs to know about the new warehouse lease.Reminder to self: Be polite but firm about the budget.Last guy overcharged us massively.Call her on Tuesday at 10 AM.Have the 2024 P&L statement open on my screen during the call.,50,Male,en_US,Small Business Owner,contact,,,,,,
126,HUNGNV5,,,reject,ok,,,2026.03.08,,Note,Fiona,"Trying to decide on a dog trainer for Buster.Option A is too expensive.Option B is ""The Canine Coach"" (Dave).Pros:- Uses positive reinforcement only.- Will come to my apartment for the sessions.Cons:- Only available on weekday mornings.I think I'll go with Dave. His reviews on Google are amazing.He specifically works with rescue pitbulls with separation anxiety.Text him at +1-555-012-9988 to book the consultation.Ask if he needs me to buy a specific harness before the first lesson.Really hope he can get Buster to stop chewing the baseboards.",31,Female,en_US,Architect,contact,,,,,,
127,HUNGNV5,,,reject,Trùng format,,,2026.03.08,,Note,George,"Details for the hiking trip next month.Trail: Routeburn Track.Weather can change instantly, pack the heavy rain gear.Need to leave a copy of the itinerary with someone local.Talked to the guy at the gear rental shop, his name is Sam.He said he knows the trail like the back of his hand.Gave me his satellite phone number just in case we get into trouble.+1-555-016-5544 (add to the Garmin InReach contacts tonight).He said to text him if we get delayed at the Harris Saddle hut.Don't forget to pay him for the extra fuel canisters when we return the packs.Really looking forward to this.Just hope my knees hold up for the steep sections.",60,Male,en_US,Retired,contact,,,,,,
128,HUNGNV5,,,reject,Trùng format,,,2026.03.08,,Note,Hannah,"Notes from the Q3 Onboarding Review meeting.Attendees: Me, Sarah, John.The catering for new hire orientation has been terrible lately.Sandwiches were stale last week.John suggested using a food truck instead.He knows the owner of ""Taco Fiesta"".Owner is Miguel.John says Miguel can do a flat rate for 50 people.I need to call him to negotiate the menu options (must have vegan).Phone: +1-555-013-1122Tell him John from TechCorp sent me.Follow up by Friday so we can lock it in for the August cohort.",28,Female,en_US,HR Generalist,contact,,,,,,
129,HUNGNV5,,,reject,Trùng format,,,2026.03.08,,Note,Ian,"+1-555-019-8877 <- DO NOT LOSE THIS NUMBERIt's for the only guy in town who fixes these old risograph printers.His name is Mr. Henderson.I have a huge zine order due on Monday and the drum is completely jammed.I am literally panicking right now.He closes at 5 PM today so I need to call him on my lunch break.If he can't fix it, I'll have to refund like 20 people on Etsy.Which will ruin my shop rating.Note: he is kinda grumpy so be super nice.Offer to pay the rush fee.I really need to invest in a backup machine next year.",38,Male,en_US,Graphic Designer,contact,,,,,,
130,HUNGNV5,,,reject,Trùng format,,,2026.03.08,,Note,Julia,"finally got a lead on a literary agent!!!emily was at the networking mixer and gave me a direct contact.agent: Marcus Vance at Sterling Lit.he is actively looking for sci-fi manuscripts.this is my chance.number to his direct desk: +1-555-015-4433- don't call until the query letter is PERFECT.- edit chapter 1 tonight.- cut the boring prologue completely.she said he hates long phone calls, so keep the pitch under 2 mins.if i land him, i am buying emily the biggest bottle of wine.deep breaths. you got this.",25,Female,en_US,Freelance Writer,contact,,,,,,
131,HUNGNV5,,,reject,ok,,,2026.03.08,,Note,Sam,"omfg the airconisbroken again and its literally 90 degrees outim sweatingtodeath in this stupid carasked the uber guy who picked me up yestreday for a mechaniche reccomended his brother in law, tonysupposedly very fair prices and doesnt scam peoplehis shop is down by the old mall+1-555-019-2834 is his directcellneedto call him asap tomorow morningask if he takes walk-ins or if i need an appti swear if it costs more than 500 dollars im just riding the busso sick of this honda civic ugh",25,Female,en_US,Retail Worker,contact,,,,,,
132,HUNGNV5,,,reject,Trùng format,,,2026.03.08,,Note,Ben,"met a super cool girl at starbucks today while waiting for my coffeename is Maya, she does freelance brand designsaw her working on her ipad and her art style is awsomeexactly what we need for the new packaging projectshe gave me her bussiness card but im totally gonna lose it so writing it herenumber: +1-555-012-4499she said text is better bc she hates phone calls lol sameneedto check out her portofolio link later tonightask her what her hourly rate is and if she has time next monthhope my boss actually approves the budget for thisim so tired of using basic canva templates",31,Male,en_US,Marketing Exec,contact,,,,,,
133,HUNGNV5,,,reject,Trùng format,,,2026.03.08,,Note,Rachel,panic mode rn bc our regular babysiter sudenly cancelled for thursdaynightasked the moms group on facebook for a lifelinekaren from pta suggested a college student named chloekaren says chloe is super responsible and even knows cprliterally a lifesaver if shes freeher digits: +1-555-017-8822gonna text her immediatly to see her availabilitygotta ask if she is ok with dogs bc buster jumps a lotoffer her 20/hr to sweeten the deal so she says yesreally need this date night with markwe havent been out alone in like 4 months tbh,34,Female,en_US,Nurse,contact,,,,,,
134,HUNGNV5,,,reject,Trùng format,,,2026.03.08,,Note,Greg,"need to sort out my freelancetaxes before i get audited or somethingmy shoebox full of reciepts is giving me severe anxietyjohn told me to use his accountant, mr. wilsonhe specializes in gig economy workers and small bizznumber to his front desk: +1-555-014-9911need to call them during my lunchbreak to make an apointment- ask what documents i need to bring to the first meeting- do i bring all the 1099s printed out or just email them a pdf??i hope he can find some good deductions for my home officehonestly i hate math so much just take my money and fix itplz dont let me owe the irs thousands",42,Male,en_US,Graphic Designer,contact,,,,,,
135,HUNGNV5,,,reject,Trùng format,,,2026.03.08,,Note,Jess,"finally doing it!!! getting the floral sleeve tatoofound this amazing artist on insta, her name is leahshe does that fine line blackwork style i love so muchher books open on the 1st of next monthshe doesnt check igdm so i have to text her booking phone+1-555-011-3355draft the text now so i can just copy paste it at midnight""hi leah, looking to comission a half sleeve with peonies...""definitly need to ask about her day rateprobably gonna be crazy expensive but whatever its on my body foreverso freakin excited ahhhhh",27,Female,en_US,Barista,contact,,,,,,
136,HUNGNV5,,,reject,ok,,,2026.03.08,,Note,Mike,literally crying rn there is water dripping from the celing in the bathroomtried calling my useless landlrd 5 times and he sent me to voicemailthe upstairs neighbor gave me the number for an emergency 24hr plumberguys name is Hector from RapidRooter or something+1-555-018-7711calling him immediatley before my apartment floods completelyim sending the bill straight to the property management companyask hector to document all the waterdamage for my renters insurancei cant believe im dealing with this at 11pm on a tuesdaygonna break my lease i swear to godthis building is falling apart,29,Male,en_US,Software Engineer,contact,,,,,,
137,HUNGNV5,,,reject,Trùng format,,,2026.03.08,,Note,Lily,"ok so i really need to start taking my mentalhealth seriously this yearmy anxity is out of control latelysarah gave me the info for her therpist, dr. evansshe said dr evans does emdr and is super validatingim so tired of talking to ppl who just nod and say how does that make u feelher intake coordinator's direct line is +1-555-013-6644gotta call tmrw morning to see if they have any evening slots avaliablecheck if they take my cigna insurance bc paying out of pocket is not happeningit always feels so awkward calling these placesbut i cant keep ignoring itjust do it just pick up the phone and call",33,Female,en_US,HR Specialist,contact,,,,,,
138,HUNGNV5,,,reject,Trùng format,,,2026.03.08,,Note,Tom,"found my dream stratocaster on fb markteplace for a steal!!!the guy selling it is named Gary, says he's downsizing his collectionit looks mint condition in the photos but u never knowhe said no emails, calls or texts only+1-555-015-8899texting him rn to see if i can come check it out this saturdayneed to ask if the neck is straight and if the frets have wearbring my own mini amp to test the pickups just in casegonna try to negotate down to $450 if i bring cashhope it's not a scketchy neighborhoodmaybe i'll make my roommate come with me so i don't get robbed lol",24,Male,en_US,College Student,contact,,,,,,
139,HUNGNV5,,,reject,Trùng format,,,2026.03.08,,Note,Ava,im so done with having a stomachache every time i eat breadmy gym coach told me to go see a sports nutritonisthe reccomend a lady named julia who has a clinic downtownshe apparently fixed his ibs issues last yearher clinic phone is +1-555-016-1122ill ring them on my way to work tmrw- need to ask what the initial consultation fee is- do they need me to do bloodwork first??- ask if she can make me a custom meal plan that isnt just chicken and ricei miss eating pizza so muchhope she can actually figure out whats wrong with my gut,30,Female,en_US,Fitness Instructor,contact,,,,,,
140,HUNGNV5,,,reject,Trùng format,,,2026.03.08,,Note,Dan,"okay only 4 months left till the wedidng and we STILL dont have a djthe one i wanted is completely booked out for the whole yearbut he gave me his friend's number who does weddings tooDJ Marcus (aka DJ SpinRight lol what a name)cell: +1-555-012-7755gotta call him asap to see if he's availble on oct 12thwe need to make sure he doesn't just play cheesy 80s music all nightask him if he takes a ""do not play"" list bc i swear if i hear the chicken dance...also confirm if he brings his own lighting setup or if we need to rent itplease god let him be in our budgetim so stressed i just want this party to be fun",38,Male,en_US,Project Manager,contact,,,,,,
141,HUNGNV5,,,reject,Trùng format,,,2026.03.08,,Note,Sarah,⚠️ Emergency Plumber Needed 🔽 I need ⬇️ serious help. My kitchen sink is clogged & smells disgusting 🤢💀 I need help fast and asked the neighborhood group on FB. Someone gave me a recommendation for a guy named Roberto. His number is +1-555-019-3822. He said to text him pictures of the pipes before he comes 📸. I mean I don’t even know if he charges extra for the weekend 😤. I don’t even know if he uses Venmo or CashApp to be honest 💸. I’m just so annoyed! Why is growing up just about spending money to fix things? I’m trying to keep this man’s tip at $20 if he can actually fix this today.,26,Female,en_US,Graphic Designer,contact,,,,,,
142,HUNGNV5,,,reject,ok,,,2026.03.08,,Note,Mike,"🎶 DJ FOR THE PARTY 🎶finally found someone who won't charge an arm & a leg!Name: DJ Marcus (spins at the downtown club) 🎧🔥Contact info ➡️ +1-555-012-4455Need to ring him tmrw at noon 🕛Q's to ask:❓ do u bring ur own speakers & lights?? 💡🔉❓ can we give u a ""DO NOT PLAY"" list? (no ed sheeran plz 🙅‍♂️)❓ how much is the deposit to lock in the date? 💳hope he plays good hiphop and not just radio garbage 🎵if this works out the party is gonna be insane 🕺💃gonna share his number with dave too.",34,Male,en_US,Bartender,contact,,,,,,
143,HUNGNV5,,,reject,Trùng format,,,2026.03.08,,Note,Emily,[ VET CLINIC / DOG BEHAVIORIST ] 🐶🧠buster's separation anxiety is getting way too extreme 😥he literally chewed through the drywall today wtf 🏚️my regular vet recommended ✨ Dr. Sarah Jenkins ✨she specializes in anxious rescues 🐾☎️ Call: +1-555-014-8831- their office hours are weird (only open tues-fri) 🗓️- ask about the consultation fee... probably gonna be like $200 💸- see if she does home visits?? 🏡i really hope we don't have to put him on prozac 💊im just so stressed leaving him alone now 😔💔,29,Female,en_US,Teacher,contact,,,,,,
144,HUNGNV5,,,reject,Trùng format,,,2026.03.08,,Note,Dave,">>> BOAT REPAIR GUY <<< 🚤🔧the outboard motor is completely shot. wont even turn over 🤬met a dude at the marina who does side jobsName = ""Cap'n Dan"" (lol whatever) ⚓Cell 📱: +1-555-017-9911he said he can come look at it this weekend !!* gotta run to the ATM bc he's cash only 💵🏦* ask if he can also check the steering cable while he's at it ⚙️pray it's just the spark plugs and not a blown head gasket 🙏summer is almost over and i want to get back on the water 🌊🎣fingers crossed it's a cheap fix 🤞",41,Male,en_US,Electrician,contact,,,,,,
145,HUNGNV5,,,reject,Trùng format,,,2026.03.08,,Note,Chloe,"💅✨ NAIL TECH FIND ✨💅my current girl moved away and my acrylics are lifting SO BAD 😭found @NailsByLexi on insta and her line work is crazy good 🖌️🌸she doesn't use dm's for booking 🚫have to text her assistant to get an appt 📲: +1-555-011-3388- draft message: ""hi! looking for a full set with french tip & charms 🎀""- ask if she includes cuticle care in the base price 💰she's located in that pink building on 4th street 🏢hope she has an opening before my birthday next week 🎂🥺im literally wearing bandaids on my fingers rn to hide the mess lol 🩹",22,Female,en_US,Student,contact,,,,,,
146,HUNGNV5,,,reject,ok,,,2026.03.08,,Note,Sam,💻 DATA RECOVERY CONTACT 💻I am having a massive panic attack rn 😱spilled iced coffee all over my macbook and it wont turn on ☕💻☠️apple store said it's fried but john knows a guy who does micro-solderingName: Kevin (works out of a shop called ByteFix) 🛠️Number: +1-555-018-7744 📞>> call him FIRST THING at 9am << ⏰i have all my project files on there and NO BACKUP im so stupid 🤦‍♂️ask if he does emergency 24hr rush jobs 🏃‍♂️💨i will pay whatever he wants just please save my hard drive 💸🙏never drinking near my laptop again i swear to god 🙅‍♂️,30,Male,en_US,Software Dev,contact,,,,,,
147,HUNGNV5,,,reject,Trùng format,,,2026.03.08,,Note,Jessica,"CATERING FOR THE GALA 🥂🍽️the last vendor flaked on us. absolute nightmare. 😡found a replacement: ""Elegant Bites Catering"" 🍤🥗Chef's name is Marcus 👨‍🍳Direct line ➡️ +1-555-013-1122Need to finalize this by EOD tomorrow ⏳✅ Confirm if they can do vegan/gluten-free options 🌱✅ Ask if they provide the waitstaff or just drop off the food 🤵‍♀️✅ Negotiate the price down if we pay upfront in full 💳he sounded super professional on the voicemail 🎙️pls let the salmon be good 🙏🐟so much stress planning this event omg 🤯",35,Female,en_US,Marketing Dir,contact,,,,,,
148,HUNGNV5,,,reject,Trùng format,,,2026.03.08,,Note,Ben,📸 STUDIO RENTAL HUSTLE 📸Need a space for the fashion shoot next month 👗✨that warehouse loft on east side is perfectOwner is Mr. Henderson 🏢hit him up at +1-555-019-5566 📱* Questions to ask him:-- does the space have natural light in the afternoon?? ☀️🪟-- is the freight elevator working?? (carrying gear up 3 flights = NO 🙅‍♂️)-- what's the hourly rate vs full day rate? 💵🕰️he prefers calls over texts bc he's old school 📞👴gotta secure this location or the client will be pissed 😤calling him after i finish editing these photos 💻🎨,27,Male,en_US,Photographer,contact,,,,,,
149,HUNGNV5,,,reject,Trùng format,,,2026.03.08,,Note,Olivia,🏡 ROOFING CONTRACTOR 🏡the inspection report on the smith house came back horrible 📉🏚️needs a total tear off before closing in 3 weeks ⏳my usual guy is booked out till november ugh 😩called my broker and she gave me Jimmy's info 🔨👷‍♂️📞 +1-555-015-4422 (Jimmy Cell)* ask if he can do a free estimate this saturday morning 📋* see if he pulls the city permits or if i have to 📝🏢* need him to match the shingle color of the garage 🏠🎨if he can pull this off he's getting all my future business 🤝💯praying it doesnt rain next week 🌧️🙏,45,Female,en_US,Real Estate Agent,contact,,,,,,
150,HUNGNV5,,,reject,Trùng format,,,2026.03.08,,Note,Ryan,🎮 CUSTOM ARCADE BUILDER 🎮want to get my brother a custom fighting stick for his bday 🕹️🎁found a dude on reddit who builds them locally!!User is 'ArcadeNinja' but real name is Alex 🥷🔧Text him here 👉 +1-555-016-8833Specs i want:🕹️ Sanwa joystick (red)🔴 8 button layout (clicky ones)💻 needs to work on PC and PS5gotta ask what his turnaround time is... bday is in 3 weeks 🎂⏰he uses custom acrylic art covers too which is sick 🎨🔥hope it's under $250 total 💸im so hyped to give this to him 😁🎮,24,Male,en_US,Retail Worker,contact,,,,,,
151,PhucVQ,,,reject,Trùng format,,,2026.03.08,15,Note,Alice Patricia,"Mike Reynolds – plumber recommended by my neighbor after the pipe leak in the kitchen last winter
Phone: +1 312 555 4821
Based in Chicago, works mostly on residential repairs
Came over on short notice when the sink pipe burst
Charged a fair price and explained what went wrong
Mentioned he also installs water heaters and sump pumps
Good guy to call if anything breaks in the basement again
Try weekday mornings since he said weekends fill up fast
I still need to ask him about the slow drain in the upstairs bathroom
Might schedule something early next month
Keep this number handy in case the pipe leaks again",36,Female,en_US,Insurance Claims Adjuster,contact,,,,,,
152,PhucVQ,,,reject,ok,,,2026.03.08,15,Note,Dana Lin Thomas,"Mike – neighborhood electrician
+1 415 772 9034

Met him when the kitchen lights kept flickering last fall.
Lives a few streets over, really friendly guy.
Said I can text anytime if something electrical acts weird again.

Notes to remember:
- prefers text before calling
- works mostly mornings but returns calls in afternoon
- helped install the new ceiling fan in living room
- charged a fair price compared to the other quote
- might ask him about installing outdoor patio lights next month
- remind him I’m the blue house on Cedar Ave",29,Female,en_US,Product Manager,contact,,,,,,
153,PhucVQ,,MinhBH,reject,ok,,,2026.03.08,11.4,Note,Andrew Collins,"New contact from the farmers market last Saturday:
Jamie Brooks – sells homemade hot sauces and BBQ rubs.
Phone number he gave me for orders: +1 512 555 7749
Apparently he does small batch sauces out of Austin.
I tried the smoked habanero one and it was amazing on tacos.
He said texting works best if I want to order bottles.
Might grab a few as gifts for the guys at work.
He also mentioned a seasonal peach-chipotle sauce coming in July.
Should check with him before the next backyard cookout.
Save his contact under “Jamie – Hot Sauce Guy”.
Remember he sometimes delivers locally if the order is big enough.
Could be good for the neighborhood BBQ event too.",37,male,en_US,Landscape Designer,contact,,,,,,
154,PhucVQ,,,reject,ok,,,2026.03.08,14.2,Note,Ethan W.,"Saturday networking notes – contact to keep

I met someone named Julia Park during the community marketing workshop downtown. She mentioned she consults small startups on branding and digital campaigns.

Her phone number: +1 646-555-3928

We talked for almost twenty minutes about helping my cousin’s bakery with social media promotion.
She suggested starting with short Instagram videos and seasonal promotions.

Things to remember if I reach out:
• send her the bakery website first
• ask about her hourly consulting rate
• mention we met near the registration desk

She said texting works better than calling.
Apparently she travels often between NYC and Boston.

Possible collaboration later this summer if the bakery actually wants marketing help.
Need to follow up before I forget.",34,male,en_US,Sales Representative,contact,,,,,,
155,PhucVQ,,,reject,ok,,,2026.03.08,9.4,Note,Rachel Mitchell,"Grocery store recommendation contact
- name: Ben Carter
- phone: +1 214-555-7713
- works as independent refrigerator repair tech

Saved this after he fixed the cooling issue at the store last month.
Arrived pretty fast (same afternoon call).

Notes:
- usually works across Dallas suburbs
- charges diagnostic fee first
- accepts Venmo or cash

Possible reasons to call him again
- if the freezer unit starts making that loud buzzing sound again
- for yearly maintenance before summer

He mentioned Mondays are his busiest day.
Better chance reaching him Tuesday morning.",39,female,en_US,Grocery Store Manager,contact,,,,,,
156,PhucVQ,,,reject,ok,,,2026.03.08,16,Note,Tyle G.,"Olivia Chen
• phone: +1 917 445 2081
• Met her during the digital marketing workshop in Brooklyn last fall
• Works as a freelance brand strategist
• Said she’s open to collaborating on small business campaigns
• I should call her sometime next week about the bakery project
• Best hours: weekday afternoons
• Mentioned she hates early morning calls lol
• Also runs a small newsletter about marketing trends
• Might invite her to speak at the local meetup group
• Note to self: text first before pitching anything",31,male,en_US,Delivery Driver,contact,,,,,,
157,PhucVQ,,,reject,ok,,,2026.03.08,16,Note,Kayla Turner,"Contact to keep: Sarah Whitfield
+1 720 663 4109


Met during the community volunteer cleanup at Sloan’s Lake.
She coordinates weekend volunteer groups sometimes.


Things about Sarah so I remember later:
- works for the city parks department
- said they often organize trail restoration days
- invited me to join the next event in April
- easiest way to reach her is texting
- she usually sends details a few days before events
- might also know about kayak rentals around the lake
- seemed really organized and friendly
- follow up if I want to volunteer again this spring",24,female,en_US,Finance Student,contact,,,,,,
158,PhucVQ,,MinhBH,reject,liên tiếp > 2 câu detect AI,,,2026.03.08,0,Note,Robert Alvarez,"Got to write this down before I forget. That day at the travel shop, Linda Harper handed me her card - she works with groups, sorts out flight plans. Ring her place by dialing +1 602-555-7716 if you're arranging something big. Turns out, booking early, like four weeks ahead, helps her track cheaper options. Waiting too long makes it tougher, she mentioned. Desert Sky Travel runs the office. Besides flights, hotel deals come up often in their work. When summer plans begin, a word with her could help. Quick things go better by phone, she said, though emails still do fine. Patience shows when walking through choices.Friendly talk makes it easier.Filing this away just in case future trips need sorting. Might come in handy knowing who stepped in last time.",52,male,en_US,Auto Mechanic,contact,,,,,,
159,PhucVQ,,MinhBH,reject,liên tiếp 2 câu detect AI,,,2026.03.08,,Note,Daniel U. Harper,"Quick note so I don’t lose this contact again.
I met Dr. Patel at the community health fair downtown last spring.
She ran a small dental clinic and gave me her direct line in case I needed a cleaning.
Her phone number was: +1 415 555 9023
Her office is somewhere near Mission District but she said calling is easier than booking online.
She seemed really patient explaining insurance options.
Might call her next week to ask about teeth whitening too.
I remember she said Tuesday afternoons are usually quieter.
Also check if they accept Delta Dental before booking.
If it works out maybe switch to her clinic permanently.
Don’t forget to mention the coupon from the fair.
Save this contact under “Patel Dental” later.",41,male,en_US,Ínurance Broker,contact,,,,,,
160,PhucVQ,,MinhBH,reject,ok,,,2026.03.08,13,Note,Melissa Grant,"""Quick note so I don’t lose this number again

Name first: Marcus Hill
Phone: +1 702-555-2870

Met him through a coworker after my laptop screen cracked during the move.
Apparently he runs a small side business fixing electronics from home.

Stuff I remember from chatting with him:
• fixes phones, tablets, laptops
• cheaper than most repair shops
• usually done within 1–2 days

Need to message him if the screen flickering gets worse.
He asked me to send a photo of the model number first.

Lives somewhere near Henderson.
Evening texts are best because he works a day job.

Could also ask if he upgrades laptop batteries.""",29,female,en_US,Bakery Owner,contact,,,,,,
161,NhiNX,,DuongTC,reject,ok,,,2026.03.08,3,Note,Marcus,"contact +1 206 889 5417
Daniel Cho plumber
met Seattle condo leak issue
bathroom pipe under sink
neighbor Olivia gave number
came same evening surprisingly fast
things to ask next time
- water heater age check
- quote for kitchen faucet change
Daniel Cho Seattle plumber again if pipes act up
text better in mornings",37,male,en_US,insurance adjuster,contact,,,,,,
162,NhiNX,,DuongTC,reject,Trùng format,,,2026.03.08,2.2,Note,Ashley,"Jordan Patel realtor Austin
met open house South Lamar area
looking small starter house maybe next year
seemed honest not pushy
Jordan Patel real estate contact
notes
- ask about property tax estimate
- check school district info
+1 512 664 2198
office near Zilker Park
Olivia from work mentioned him too
follow up after bonus season",28,female,en_US,graphic designer,contact,,,,,,
163,NhiNX,,DuongTC,reject,Trùng format,,,2026.03.08,10,Note,Trevor,"Mike Dalton brake repair mechanic
met Denver roadtrip last winter
brakes grinding near Boulder highway
shop Rocky Mountain Auto
fixed same afternoon thankfully
Marcus recommended actually
remember winter tire advice he gave
good with Subarus apparently
things later
- alignment check
- brake pad warranty
call Mike Dalton if noise comes back
+1 720 664 3382",44,male,en_US,logistics manager,contact,,,,,,
164,HungLD,,,reject,ok,,,2026.03.08,14,Note,Brandon Miller,"Contact to keep – electrician who helped last fall
Name: Carlos Ramirez
Phone: +1 512 903 7741
I got his number after the power went out in the garage and half the outlets stopped working. Neighbor Lisa recommended him.
He came by the next morning and figured out the breaker issue pretty fast.
Things I remember:
- works mostly around Austin area
- prefers calls instead of long texts
- mornings before 9 are easiest for him
Need to call him again when I finally redo the kitchen lighting.
He also mentioned he installs ceiling fans and outdoor lights.
Price seemed fair compared to other quotes I got.
Save this so I don't lose his contact again.",39,Male,en_US,Delivery Driver,contact,,,,,,
165,HungLD,,,reject,ok,,,2026.03.08,8,Note,Hannah Pierce,Jenna Cole – dog sitter I used during my Chicago trip last summer. Her number is +1 773 555 2810 and I wrote it here so I don’t lose it again. I found her through the Rover app but we switched to texting directly after the first booking. She watched my golden retriever Milo for four days and sent updates every morning. Super responsible and Milo seemed to really like her. If I travel again for work I should message her at least a week ahead because she said weekends fill up fast. She usually responds pretty quickly in the evenings. Also remember she lives only about 10 minutes from my apartment which makes drop-off easy. She mentioned she sometimes does overnight house sitting too. Might ask her about that option next time. Keeping this note because the app chat history disappears sometimes.,28,Female,en_US,Graphic Designer,contact,,,,,,
166,HungLD,,,reject,ok,,,2026.03.08,13,Note,Derek Lawson,"Garage door repair contact
+1 602 441 9872
Tommy Alvarez
Met him when the garage door jammed halfway open during that storm.
Details to remember:
- works with “Valley Garage Repair”
- came out same day which saved me
- replaced the broken spring
He said if the door starts making grinding noises again I should call before it snaps.
Best time to reach him: weekday afternoons.
Usually answers the phone himself.
Might ask him later about installing a quieter opener.
Also does maintenance checks once a year.
Keep his number saved for neighbors too.
Reliable guy and explained everything clearly.
Note to self: garage model is Chamberlain.
Call Tommy if anything weird happens again.",45,Male,en_US,Insurance Adjuster,contact,,,,,,
167,HungLD,,,reject,ok,,,2026.03.08,13,Note,Karen Douglas,"Important contact for apartment maintenance stuff
• Tony Alvarez
• phone +1 305 771 4425
• building maintenance supervisor for our condo complex
Met him during the elevator inspection last month.
He said residents can message him directly for smaller issues instead of filing a full request.
Things he told me he handles:
• plumbing leaks
• AC filter replacements
• hallway lighting problems
Best time to call is weekday mornings.
He’s usually doing rounds around the building though.
If urgent just text and include apartment number.
Remember: unit 8C when contacting him.
Pretty friendly guy.
Saved so I don’t keep asking the front desk every time something breaks.",31,Female,en_US,Interior Decorator,contact,,,,,,
168,HungLD,,,reject,ok,,,2026.03.08,9,Note,Aaron Mitchell,"Random but useful contact from the farmers market today.
I talked to a honey vendor who sells local raw honey and bee pollen.
His name is Greg Lawson.
Number he wrote down for custom orders: +1 541 884 7320
Runs a small family apiary outside Eugene.
Said people can text him if they want larger jars or seasonal batches.
He mentioned blackberry blossom honey coming later this summer.
Could be nice for baking or gifts.
Usually checks messages in the evening after market hours.
Stall name was something like Lawson Valley Honey.
Next Saturday market he’ll be there again.
Might order two jars if the price is good.
Saving this so I don’t forget where that great honey came from.
Call or text Greg if I want another batch.",27,Male,en_US,Personal Trainer,contact,,,,,,
211,DuongTC,rework done,,reject,2 dong,,,2026.03.09,7,Note,Marcus Thorne,"(Contractor: David ""Davy"" Miller).
Context: This guy was the lead carpenter for the Johnson's deck renovation. 


Current Project Ideas:
● Need a quote for the built-in bookshelves in the study.
● Might ask him about the rotting trim on the garage door.
● He does minor plumbing if it's part of bigger remodel.


Mobile: +1 915-555-8840.
Keep this saved so not lose his number like last time.
Important Details:
1- He is usually booked out at least two months in advance.
2- Prefer phone call over a text for the initial consultation.
3- He brings his own crew and handles all the debris removal.
4- Can source reclaimed wood if I want.
He's a retired vet.
Straightforward about pricing.
Call him after the tax refund hits in April.
He mentioned he doesn't work on Sundays at all.",45,Male,en_US,High School Principal,contact,,,,,,
225,DuongTC,rework done,NhiNX,reject,2 dong,ok,,2026.03.09,21,Note,Felicity Wu,"Dentist: Dr. Aris & Office Mgr Kim.
Met them at a local health fair near the park.
Why change?: My current dentist is too far and always overbooks.


1- Kim said they have late evening appts on Wednesdays.
2- They take my insurance plan without any extra copay.
Dr. Aris is great in anxiety-free dentistry (huge plus).
+ The office is only 3 blocks from my apartment.


Dr. Aris (Direct): +1 312-555-2009.
Kim (Appts): +1 312-555-2010.
I gotta call Kim to transfer my records from the old place.
Need a checkup before the end of this month.",44,Female,en_US,HR Manager,contact,,,,,,
227,DuongTC,,,reject,2 dong,ok,,2026.03.09,9.1,Note,Victor Hugo,"Tiler: Jorge Silva & Assistant Luis.
Jorge was doing the renovation for the house across the street.
His tile work on their backsplash looks absolutly perfect and clean.
Luis is the one who handles the scheduling and material pickups.
1. They specialize in porcelain and natural stone floors.
2. I want them to redo the master bathroom floor next month.
3. Jorge said he can get a discount on tiles at the local depot.
4. They are available to start new projects in late April.
5. Luis suggested I buy the grout myself to save some money.
6. They dont have a website so you have to call them directly.
7. Very old-school but the craftsmenship is top-tier stuff.
8. They quoted me a price per sq ft that was very fair.
9. Reminded me to check the subfloor for any water damage first.
10. I'll give Luis a call once I pick out the marble tiles.
11. Jorge is a perfectionist, the job shouldn't be rushed.
12. Make sure that there is a parking space cleared.
13. They like to begin the job around 7:30am, to avoid the heat.
14. A contract will be requested after the start date has been determined.
15. Saving this for the big bathroom remodel project.
16. Hope they are still free when the tiles finally arrive.
17. Luis said he'd send over some more photos of their work.
Jorge: +1 602-555-0091.
Luis (texts): +1 602-555-0088.",48,Male,en_US,Contractor,contact,,,,,,
267,NhiNX,,DuongTC,reject,ngan,ok,,2026.03.09,,Note,Gregory L.,"contact for laptop repair in case my computer acts weird again. the tech's name is Aaron Patel and his number is +1 408 555 7342. Shop is called Silicon Fix Lab in San Jose. i went there when my laptop screen kept flickering randomly and it was driving me nuts, honestly thought it was toast. Aaron Patel figured out it was just a display cable issue and fixed it in like 40 mins which was way faster than i expected.Seemed honest. basically explained the problem in normal words not tech jargon.he said if it starts doing that again just call or text him.also mentioned they can swap batteries or upgrade to bigger SSDs if i ever wanna do that.",46,Male,en_US,Mechanical Engineer,contact,,,,,,
286,NhiNX,,DuongTC,reject,ngan,AI > 25,,2026.03.09,2.2,Note,Jasmine L.,contact from a cooking class I randomly joined a few weeks ago. The instructor’s name was Marco Ruiz and his number is +1 213 555 6402. The class was about homemade pasta and it was honestly way more fun than I expected. He walked everyone through mixing the dough and rolling it out by hand. At the end we actually cooked the pasta with a simple tomato sauce. Marco said he runs other weekend classes too like sauces and bread baking. If I want the schedule I can just text him directly. Might take another class later this year because learning to cook a few real dishes would be useful.,28,Female,en_US,Fashion Retail Associate,contact,,,,,,
290,NhiNX,,DuongTC,reject,ngan,ok,,2026.03.09,0,Note,Robert C.,"car detailing contact I used once but prob useful later

name: Andre Phillips
mobile: +1 702 555 5612

he runs a mobile detailing service and came to my driveway last summer. The inside of my car had coffee stains and dust everywhere after a long road trip. Somehow he cleaned the seats and carpets really well. Took about two hours but the car looked almost new again. If I plan another long drive it might be worth booking him again beforehand so the car starts clean. He told me texting works best for scheduling.",44,Male,en_US,Construction Foreman,contact,,,,,,
292,NhiNX,rework done,DuongTC,reject,ngan,ok,,2026.03.09,0,Note,Brian T.,"locksmith contact i prob shouldnt forget again :)) guy name harold finch phone +1 704 555 1932. called him after locking myself out apartment one evening which was honestly embarrasing 🔑


showed up about 25 min opened door without damaging lock :))) suggested replacing old deadbolt since it sticks sometimes. decent guy didnt charge anything crazy


if lock jams again or i lose keys again (hope not lol) should just txt him. said he checks msgs faster than voicemail :))",42,Male,en_US,Warehouse Supervisor,contact,,,,,,
293,NhiNX,rework done,DuongTC,reject,ngan,ok,,2026.03.09,9,Note,Lauren P.,"nail salon contact i actually liked :))

place blossom nail lounge phone +1 646 555 8041 💅

went before friends birthday dinner. tech named kim did manicure lasted way longer than usual which surprised me :)))

salon pretty clean not super noisy either. said weekday afternoons quieter if i wanna book again. might go back before holiday party work :))

need remember number cause i keep forgetting which salon it was :))",29,Female,en_US,Digital Marketing Assistant,contact,,,,,,
295,NhiNX,rework done,DuongTC,reject,ngan,ok,,2026.03.09,0,Note,Tara S.,"local tailor contact

▲ shop: Midtown Alterations
▲ tailor: Nina Park
▲ phone: +1 213 555 6670

▲ she shortened a pair of work pants for me
▲ stitching looked really neat
▲ finished the job in two days

▲ might bring a jacket there later
▲ she said appointments arent always needed",35,Female,en_US,Accountant,contact,,,,,,
296,NhiNX,,DuongTC,reject,ngan,ok,,2026.03.09,5,Note,Andrea L.,contact from pottery workshop I tried recently. The instructor’s name was Dana Hill and her number is +1 520 555 4118. The class was a beginner wheel throwing session and honestly I was terrible at first but she helped everyone step by step. At the end we made small bowls and she said they would be fired in the kiln next week. Dana mentioned she runs monthly classes and sometimes open studio hours where people can come practice. If I decide to keep learning pottery I should message her about the next schedule.,32,Female,en_US,Graphic Artist,contact,,,,,,
297,NhiNX,,DuongTC,reject,ngan,ok,,2026.03.09,0,Note,Marcus J.,"pest control company contact

service: EcoGuard Pest Solutions
phone: +1 702 555 3379
called them after noticing ants near the kitchen window. The technician sprayed around the outside walls and checked for entry points. He explained the ants usually come inside when the weather gets hot. After the treatment they mostly disappeared within a few days. Good to remember this company if bugs show up again later in the summer",47,Male,en_US,HVAC Technician,contact,,,,,,
307,NhiNX,rework done,DuongTC,reject,ngan,ok,,2026.03.09,9,Note,Michelle R.,"contacts from volunteer animal sehlter
• shelter manager: tina morales – +1 915 555 7002
• adoption desk: +1 915 555 7005
• vet tech: daniel price – +1 915 555 7011
i visited shelter last sudnay thinking abt volunteering few hours each month tina explained how orientation works and gave me adoption desk number too daniel is vet tech who checks new animals when they arrive everyone seemed really friendly adn place lookde well organized might call tina next week 2 ask abt next volunteer orientation day 🛠️",29,Female,en_US,Veterinary Assistant,contact,,,,,,
309,NhiNX,,DuongTC,reject,AI detect >25%,ok,,2026.03.09,83,Note,Kelly S.,"babysitter contacts from the neighborhood group
Name: Chloe Daniels  +1 704 555 8103
Name: Hannah Price +1 704 555 8122

both were recommended by two different parents on the street. Chloe usually helps families during weekdays after school. Hannah mostly does weekend evenings. Havent hired either yet but several neighbors said they were reliable. Might reach out to Chloe first if I need help on a work night. Good to keep both numbers saved just in case plans change suddenly.",33,Female,en_US,Bank Teller,contact,,,,,,
311,NhiNX,,DuongTC,reject,AI detect >25%,ok,,2026.03.09,42,Note,Laura N.,"random contacts from the apartment building maintenance list I wrote down after talking with the manager. 
Maintenance supervisor:
Greg Allen and his phone is +1 212 555 6090. 
For plumbing issues they usually call a contractor named Victor Salas
+1 212 555 6104. 

The front office desk number is +1 212 555 6001 

if something breaks after hours. Greg told me tenants should text him first before calling the contractors directly so he can track the issue. Probably smart to keep all these numbers saved somewhere instead of digging through emails later.",36,Female,en_US,Interior Decorator,contact,,,,,,
312,NhiNX,,DuongTC,reject,ngan,ok,,2026.03.09,17.6,Note,Garrett L.,"phone contact from the kayak rental place at the lake last weekend. 
guy running the dock was named Ben Torres,he told me to text him directly if I wanna reserve a kayak next time. 
His number +1 541 555 9183. he also mentioned his coworker Lily handles weekday rentals at +1 541 555 9197. They keep a small list for regulars so calling early morning helps. I should reach out a few days before any trip because weekends fill up fast during summer. Would be fun to go again once the weather warms up.",33,Male,en_US,Outdoor Gear Sales Associate,contact,,,,,,
323,NhiNX,,DuongTC,reject,ngan,ok,,2026.03.09,0,Note,Andrea P.,"wrote these down after chatting w ppl at the community dance studio

studio desk → +1 323 555 4410
hip-hop teacher: Malik Reed – +1 323 555 4418
latin dance coach: Sofia Cruz – +1 323 555 4424

went there just to watch a class but Malik convinced me to try a short warm-up. Way harder than it looks lol. Sofia runs salsa nights every Thurs evening. Desk lady said texting the instructors works better than email. Might sign up for beginner salsa soon if my schedule allows.",28,Female,en_US,Makeup Artist,contact,,,,,,
329,NhiNX,,DuongTC,reject,ngan,ok,,2026.03.09,0,Note,Olivia D.,"travel meetup contacts I got while planning a backpack trip

→ group organizer: Martin Shaw – +1 720 555 5570
→ hostel contact he suggested: Pine Ridge Hostel desk +1 720 555 5500
→ hiking guide: Carla Mendes – +1 720 555 5589

Martin runs a small travel meetup where ppl share trip ideas. Carla leads guided hikes near the mountains. Hostel desk handles cheap overnight rooms if hikers stay late. Martin said best way to ask questions is texting since he replies faster there.",31,Female,en_US,Bar Manager,contact,,,,,,
331,NhiNX,,DuongTC,reject,ngan,,,2026.03.09,0,Note,Natalie F.,"contacts from volunteering at a local community radio station

* station manager: Kevin Wu – +1 415 555 6721
* tech support: Brianna Cole – +1 415 555 6740
* recording studio desk – +1 415 555 6700

Kevin showed me how they schedule weekend shows. Brianna handles equipment setups and microphones. Desk line is for booking studio time if volunteers want to record segments. Pretty cool place honestly… might help produce a small podcast there if I get time.",29,Female,en_US,Library Assistant,contact,,,,,,
334,HUNGNV5,,,reject,ngan,ok,,2026.03.09,0,Note,Marcus,"Who am I calling? A plumber named Mario.

Why am I calling him? The kitchen sink is all clogged up. It smells really bad.

Contact info: +1-555-019-3388

When to call: On my lunch break at 12:30 PM.

What to ask: Does he charge just to come take a look, at it?

If it costs than 200 bucks I am just going to watch youtube and do it myself.",35,Male,en_US,Store Manager,contact,,,,,,
336,HUNGNV5,,MinhBH,reject,2 dong,ok,,2026.03.09,12,Note,Evan,"I went to the marketing meetup night and I met a freelance copywriter who does email funnels. The freelance copywriter I met is Sarah. Sarah is a freelance copywriter and her portfolio is really good. We need someone, like Sarah to help us with Q4 sales.
There are a things I need to do now.
* I have to send Sarah our brand guidelines.
* I need to ask Sarah about her rate and her project rate.
* I want to know if Sarah can start working with us week.
Sarahs phone number is +1-555-017-2266. Sarah said I can call her after 2pm. I will try to call Sarah on Thursday. If we can work with Sarah that will be great. I am having a time doing these newsletters by myself. Working with Sarah will make my life easier because Sarah is a freelance copywriter who specializes in email funnels.",29,Male,en_US,Marketing,contact,,,,,,
352,HUNGNV5,,NhiNX,reject,2 dong,liên tiếp > 2 câu detect AI,,2026.03.09,11,Note,Liam,"I really cannot deal with the heat now. He said he uses Travis from Chill Air Services because Travis from Chill Air Services does not overcharge. The name of this guy is Travis from Chill Air Services. His cell phone number is +1-555-019-2244. I am going to call Travis from Chill Air Services tomorrow morning before I go to the office.
I have some questions to ask Travis from Chill Air Services:
* Does Travis from Chill Air Services give estimates for the air conditioning unit?
* How soon can Travis from Chill Air Services come out to my place?
* Can Travis from Chill Air Services also check the thermostat wiring because it is really old?
I hope Travis from Chill Air Services can fix the air conditioning unit easily and it is not the compressor that needs to be replaced. I really hope Travis, from Chill Air Services does not charge me a thousand bucks to fix the air conditioning unit.",31,Male,en_US,Graphic Designer,contact,,,,,,
357,HUNGNV5,,NhiNX,reject,2 dong,liên tiếp > 2 câu detect AI,,2026.03.09,17,Note,Nina,"my wisdom tooth is legit killing me today, it hurts so bad like actually can't deal. my dentist told me to see this surgeon downtown named Dr. Alan Vance and his number is +1-555-026-9911. i need to call them like right now to get an emergency extraction or whatever it's called.

Things to remember for the call:
* i gotta ask if they even take Blue Cross insurance.
* wanna know if they do IV sedation because honestly i'm so scared of needles i might cry.
* have to ask what the copay is gonna be basically.
* need to know if someone has to drive me home after.

basically just eating soup and taking Motrin just to get by right now, honestly so tired. if they cant fit me in this week i'm literally gonna lose it, tooth pain is the worst thing i've ever felt. my life is miserable. just want it out so i can feel normal again.",27,Female,en_US,Nurse,contact,,,,,,
375,HUNGNV5,,NhiNX,reject,"2 dong, AI detect >25%",Ai detector 32%,,2026.03.09,32,Note,Sarah,"trying to figure out which realtor to use for my moms house, it's honestly kinda a lot.
i have two options.
* Option 1 is a corporate agency but they are basically way too expensive.
* Option 2 is David Wu from Local Homes Realty. His phone number is +1-555-018-4422.
i like David Wu for a few reasons, like my coworker actually used him and he sold their place in just one week which is crazy fast.
he basically knows this neighborhood really well.
his commission rate is a little lower than what other realtors charge, which is nice.
got some questions for David Wu that i need to ask him tomorrow.
wanna know if he pays for the staging and professional photos.
this is basically a dealbreaker for me so i really need to confirm this.
also want to know if he will have open houses every weekend.
prob call his office line during my lunch break.
need to get my moms house listed soon because the market might slow down soon and i dont wanna deal with that.
wanna get this done before it happens so i'll call David Wu tomorrow.
David Wu from Local Homes Realty seems like a good choice so i hope he can help me sell my moms house.
just need to ask him these questions then i'll know for sure.
David Wu is the choice right now and i hope he sells my moms house quickly, honestly im so tired of this.",42,Female,en_US,Retail Worker,contact,,,,,,
377,HUNGNV5,,NhiNX,reject,"2 dong, AI detect >25%",Ai detector 27%,,2026.03.09,27,Note,Nina,"My wisdom tooth is really hurting me today. I am in a lot of pain. My regular dentist sent me to see a surgeon. His name is Dr. Alan Vance. His office number is +1-555-016-9911. I need to call them soon as possible to get an emergency extraction, for my wisdom tooth.
There are a things I want to ask when I call Dr. Alan Vances office.
* I want to know if they accept my Blue Cross insurance for my wisdom tooth extraction.
* I want to know if they offer IV sedation because I am really scared of needles.
* I want to know how much I will have to pay for the wisdom tooth extraction.
* I want to know if I will need someone to drive me home after the procedure.
Now I am eating soup and taking Motrin to try and feel a little better. My wisdom tooth is causing me much pain. If Dr. Alan Vances office cannot see me this week I will be really upset. I think dental pain is one of the things I have ever felt. My wisdom tooth is making my life very difficult.",27,Female,en_US,Nurse,contact,,,,,,
380,HUNGNV5,,NhiNX,reject,AI detect >25%,Ai detector 51%,,2026.03.09,51,Note,Leo,"I am really worried about my freelance taxes this year. The thing that is stressing me out is that I have a lot of 1099 forms to deal with. I do not think I can use TurboTax anymore because of this.
I found a person who can help me with my taxes. Her name is Lisa Chen. She is a CPA. Her phone number is +1-555-017-8822.
There are some things about hiring Lisa Chen. For example she specializes in freelance taxes and taxes for contractors. My friend also said that she found a lot of deductions for his business.
I have some questions for Lisa Chen when we talk tomorrow. I want to know what she charges for a persons taxes. I also want to know if I need to organize all my receipts before I give them to her. Another thing I want to know is if she can help me set up an LLC for year.
I will call her office at 10am to set up a time to meet with her.
Doing my taxes is a problem, for me. I really hope I do not owe the IRS a lot of money. Freelance taxes are really giving me a headache. I am hoping that Lisa Chen can help me with my freelance taxes.",29,Male,en_US,Electrician,contact,,,,,,
381,HUNGNV5,,NhiNX,reject,,Ai detector 87%,,2026.03.09,87,Note,Zoe,"The backyard is looking like a mess right now. I got a warning letter from the homeowners association, about the weeds yesterday. So I asked the neighborhood group if they know of a landscaping service. Someone told me about a guy named Miguel. His cell phone number is +1-555-011-6655. I am going to send him a message to see if he can come and do a cleanup. I need him to mow the lawn and trim the hedges and use a weed whacker. I will also ask him if he takes away the yard waste or leaves it in bags. Hopefully he is available this weekend before I get fined. I really hate doing yard work. It is so exhausting. I am definitely willing to pay Miguel an extra if he does the job quickly. The backyard needs a lot of work. I just want it to look nice again. I do not want to deal with the hassle of yard work. Miguel is my bet right now.",38,Female,en_US,Store Manager,contact,,,,,,
389,HUNGNV5,,NhiNX,reject,ngan,Ai detector 27%,,2026.03.09,9,Note,Natalie Brooks,"I found this wedding photographer named Chloe Bennett her number is +1 503 618 4412.
The price might be around $2500, which's a bit high.
Then there is Mark Feldman his number is +1 503 709 5514.
My cousin Rachel recommended Mark Feldman to me.
I need to check if Chloe Bennett or Mark Feldman are free on our wedding date.
We are planning to get married at the Portland Garden Hall.
I also want to ask Chloe Bennett and Mark Feldman about their engagement photo packages.
I should not wait long to contact Chloe Bennett and Mark Feldman because their dates might fill up fast.
I will show these wedding photographer options to Aaron tonight.
",32,Female,en_US,Event Planner,contact,,,,,,
390,HUNGNV5,,NhiNX,reject,,Ai detector 35%,,2026.03.09,0,Note,Marcus Hill,"I met a trainer from the gym week. His name is Chris Dalton. You can reach him at +1 602 445 1183. I met him at IronCore Fitness.
He helped me fix my form because it was really bad. I mean it was bad. Chris Dalton offers beginner strength training plans.
His rates are sixty dollars, per hour. Chris Dalton usually works in the mornings.
If I want a trial session I just need to text Chris Dalton. My goal is to stay consistent before summer.
I also want to ask Chris Dalton about nutrition tips. I think Chris Dalton can help me with that.",40,Male,en_US,Warehouse Manager,contact,,,,,,
392,HAINV2,rework done,NhiNX,reject,2 dong,"Ai detector 50%
sđt phải là dãy số và bắt đầu bằng +1",,2026.03.09,17,Note,Lisa Jackson,"HOME SERVICE CONTACT
Plumber name: Mark
Recommended by neighbor nearby
Phone number: +1-415-903-2284
Originally saved after a leak under the kitchen sink last winter
Water slowly spread across the floor overnight
Cold air also came through the kitchen window that same week
Used a wrench that was already out for another repair
Mark arrived later that same day to help
He worked quickly and kept the repair simple
Known for avoiding unnecessary extra fixes
Also handles small home maintenance tasks
Possible plan: replace bathroom fixture in early June
Might also check water pressure during visit
Believed to live somewhere around Oakland
Most afternoons available for appointments
Send a message first before calling",34,Female,en_US,Web Developer,contact,,,,,,
393,HAINV2,rework done,NhiNX,reject,AI detect >25%,zero 36%,,2026.03.09,14,Note,Christopher Lewis,"CONTACT NOTE – TRANSPORT SERVICE
Driver name: Mike Patterson
Phone: +1-646-778-3319
Met him after a hospital shift when I needed a ride home late at night
Arrived in under ten minutes that evening
Drives a dark blue Toyota Camry
Works mainly in Manhattan and Brooklyn areas
Suggested calling him when ride-share surge prices get too high
Could be helpful after late hospital shifts
Especially useful on Fridays when subway delays happen
Might arrange airport transportation with him next month
He confirmed early morning pickups are possible
Prefers phone calls rather than text messages
Friendly and easy to talk with
Reliable backup taxi contact",32,Male,en_US,Nurse,contact,,,,,,
395,HAINV2,rework done,NhiNX,hold,"Ai detector 49%
sđt phải là dãy số và bắt đầu bằng +1",ok,,2026.03.09,20,Note,Carol Rodriguez,"Contact Entry School Admin Support
Name: Daniel Brooks
Role: manages substitute teacher coverage list
Phone: +1-312-661-4455
Works with multiple schools arranging class coverage
Early morning calls recommended before 8:30 AM
Schedule often fills with meetings afterward
A substitute showed up just after someone made a call. Two hours was all it took for everything to fall into place instead of waiting longer
Useful contact during hectic school terms
Could help find tutors or academic support contacts
Office located inside the district building downtown
A structure stands past the central open space. Nearby paths lead toward its entrance. The location feels separate yet close. Light falls across its walls in late afternoon. Windows face the gathering spot people use most
Phone calls usually faster than email contact
Keep saved for future school scheduling needs",20,Male,en_US,Teacher,contact,,,,,,
396,HAINV2,rework done,NhiNX,hold ,"
sđt phải là dãy số và bắt đầu bằng +1",ok,,2026.03.09,18,Note,Thomas Brown,"Personal reminder – dental clinic
Doctor name: Kelly Harper
Contact phone: +1-503-222-1194
Last visit was last summer for dental cleaning
Followed by quick checkup exam
Clinic environment quiet and relaxed
Staff took time with each patient
Next cleaning could be scheduled in about five months
Better to call and schedule instead of waiting for notice
Office close to Pine Street area
Easy route from work location
Parking located behind the clinic building
Call earlier in the day during weekdays
Check whether insurance plan is accepted",24,Female,en_US,Teacher,contact,,,,,,
397,HAINV2,rework done,NhiNX,hold,Ai detector 31%,ok,,2026.03.09,13,Note,David Johnson,"TECH SERVICE CONTACT NOTE
Technician: Jason Miller
Profession: freelance computer repair specialist
Phone: +1-720-449-0031
Met at coworking space during laptop issue
Fixed SSD problem within about thirty minutes
Offers general PC troubleshooting services
Also helps with custom PC builds
Can assist with home WiFi setup
Lives near the Denver Tech Center area
Usually responds faster through text messages
Good contact for future hardware upgrades
Save this number for later tech support",25,Female,en_US,Teacher,contact,,,,,,
398,HAINV2,rework done,NhiNX,hold,Ai detector 29%,ok,,2026.03.09,6,Note,Donna Sanchez,"ELECTRICAL SUPPLY CONTACT LOG
Store manager: Greg Walters
Phone: +1-602-881-7743
Location: Phoenix electrical supply branch
Called previously for wiring materials needed on a job site
He kept the parts reserved until pickup
Store opens at 7:00 AM on weekdays
Reliable place when other suppliers run out of stock
Contractors can reserve equipment by phone
Occasionally offers discounts for repeat customers
Need to mention previous order when calling back
Also sells breaker panels and related hardware
Useful contact for upcoming electrical projects
Always confirm stock availability before driving over",24,Male,en_US,Electrician,contact,,,,,,
399,HAINV2,rework done,NhiNX,hold,Ai detector 32%,ok,,2026.03.09,25,Note,Amanda Williams,"Professional networking note – pharmacy research
Contact name: Dr. Andrew Cole
Phone: +1-617-944-8201
Met at Boston regional pharmacist conference
Works in clinical drug research field
Very knowledgeable about medication trials
Offered help answering research-related questions
Possible mentor for career development
Spoke about a research fellowship program
Need to check the application deadline later
Best time to call: early evening hours
Avoid calling weekday mornings
Prefers quick phone conversations instead of long discussions
Occasionally shares interesting medical articles",20,Female,en_US,Pharmacist,contact,,,,,,
400,HAINV2,rework done,NhiNX,hold,sđt phải là dãy số và bắt đầu bằng +1,ok,,2026.03.09,13,Note,Susan Jones,"Quick note about mechanic contact
Ryan Lopez
Phone number: +1-501-333-0000
Last year he replaced the brake pads on my car
Repair shop located near Central Avenue
Prices seemed fair compared with nearby garages
Recommended contacting him if engine warning light returns
Shop handles oil changes and tire rotations too
Usually closed on Sundays
Better to phone before heading to the shop
Often busy during the week
Reliable local mechanic to keep in contacts
Useful if future car problems come up",49,Male,en_US,Customer Service Representative,contact,,,,,,
402,HAINV2,rework done,NhiNX,hold,"Trùng format
sđt phải bắt đầu bằng +1",ok,,2026.03.09,11,Note,Paul Gonzalez,"Garage equipment technician contact
Technician name – Rick Dalton
Phone number – +1-408-667-9203
Met while discussing hydraulic machine repairs
Works around industrial workshops near San Jose
Experienced with press machines and compressors
Suggested calling if the press machine fails again
Morning hours usually quieter for calls
Flexible with scheduling depending on work sites
Known for staying calm during complicated repairs
Reminder to ask about replacement seals next time
Routine maintenance checks recommended
Good person to call if workshop equipment breaks",51,Male,en_US,Mechanical Engineer,contact,,,,,,
403,HAINV2,rework done,NhiNX,hold,Ai detector 37%,ok,,2026.03.09,15,Note,Thomas Rodriguez,"Contact saved for tutoring support
Linda Barrett
Phone number +1 305 551 8820
I met her at a teacher training seminar in Miami.
She helps middle school students with tutoring after school.
Really good at keeping things organized and patient when working with kids.
Could you recommend some of my students who need math help?
She mentioned that calling in the evenings works best.
I’m usually free after 5 PM.
Also offers small summer classes
Remember to check the schedule later this year.
Hold onto this contact in case parents ask about tutors.",59,Female,en_US,Teacher,contact,,,,,,
404,HAINV2,rework done,NhiNX,hold,Ai detector 38%,ok,,2026.03.09,14,Note,Melissa Smith,"Tech contact saved from coworking space
Eric Kim – infrastructure engineer
Mobile number: +1-206-774-1184
Helped fix a deployment issue once
Problem turned out to be container memory limits
Experienced with backend troubleshooting
Works with Kubernetes clusters and scaling systems
Prefers receiving a text message first
Usually responds within the same day
Lives near downtown Seattle area
Might collaborate on infrastructure projects later
Reminder to keep his GitHub profile bookmarked
Good technical contact for server problems",37,Male,en_US,Web Developer,contact,,,,,,
405,HAINV2,rework done,NhiNX,hold,"
sđt phải bắt đầu bằng +1",ok,,2026.03.09,5,Note,Charles Clark,"Printing vendor reminder
BrightInk Printing company
Main contact: Maria Lopez
Phone: +1-323-780-9922
Used their shop once to print a poster
Color output quality was very accurate
Maria adjusted the paper type for better results
They also print business cards and flyers
Located somewhere in East Los Angeles
Walk-in service usually available on weekdays
Better to call before sending large design files
Closed most weekends
Could use them again for client design projects",41,Male,en_US,Graphic Designer,contact,,,,,,
406,HAINV2,rework done,NhiNX,hold,sđt phải bắt đầu bằng +1,ok,,2026.03.09,15,Note,Charles Rodriguez,"Dental laboratory contact record
Technician: David Harper
Phone contact: +1-718-665-4109
Professional dental lab specialist working with ceramic crowns
Previously collaborated on crown fabrication cases
Known for precision when shaping ceramic materials
Laboratory located in the Queens area
Typical turnaround time around seventy-two hours
Handles complex cosmetic dental restorations
Sometimes available for urgent repair work
Prefers speaking by phone rather than messaging
Reminder to ask about the newer zirconia material next time
Check whether the lab has recently upgraded equipment
Reliable partner when the clinic requires laboratory support",56,Female,en_US,Dentist,contact,,,,,,
408,HAINV2,rework done,NhiNX,hold,sđt phải là dãy số và bắt đầu bằng +1,ok,,2026.03.09,19,Note,Joshua Robinson,"Field survey contact
Name: Kevin Brooks
Give a call at +1 919 480 6022
Out of nowhere, he appeared while I stood by the river taking notes. Not long after beginning site checks, there he was. Plans for the bridge made our paths cross without warning. Mapping out the land is what got us face to face at last. Right when we laid down markers, he walked into view
Experienced with drone mapping equipment
Just then, as time hit, out came the height figures - no waiting. Numbers appeared the second it mattered. When the instant arrived, up went the measurements, fast. The second passed, and there they were - the elevations, delivered. It happened right on time: data released without pause
Mainly Active in North Carolina
Funny how things like that can turn useful later - especially once the job of drawing maps shows up
Hold off on calling. Send a note instead - sometimes that gets a faster reply. Silence before speaking can help
Every day it sits outside, soaking in daylight whenever the sky stays clear
Late that night, a reply finally comes through
Very practical and efficient
Last thing - remember to bring up the new drone software when you talk to him
He mentioned new mapping accuracy improvements
Keep this digit close if you ever want to check the spot again",56,Female,en_US,Civil Engineer,contact,,,,,,
409,HAINV2,rework done,NhiNX,hold,sđt phải là dãy số và bắt đầu bằng +1,ok,,2026.03.09,5,Note,Carol Moore,"Electrical inspection contact
Inspector: Brian Keller
Start dialing +1 702 814 6671. That number connects straight through when you pick up the phone. Reaching out begins by pressing each digit in order. Try it anytime the need comes up. The line opens once those numbers are entered fully
A flicker dodged when the electrician came by that May. With wires looked over, risks faded. Problems halted on arrival
He reviewed the panel installation at the office building project
Though packed with specifics, it keeps things balanced when reviewing code
Helpful explaining what needed correction
Works with the city permit department
When doubts pop about fresh wiring standards, get in touch through his channel. Questions surface now and then - his inbox handles those. The moment confusion hits on current codes, slide into his messages. New regulations drop regularly; he clears the fog fast. Hit a snag with modern circuit laws? His contact sorts it quick
Last he's around? Try after lunch, closer to evening. Might catch him then
Most times when people return from checking locations
When the date shifts, people notice fresh rules appearing. These start right past twelve on January first. Everyone must follow - no exceptions once they’re in place
Reminder to ask about updated grounding requirements
Besides handling permits, it also sorts out misunderstandings along the way
Might trim time afterward if inspections loop once more
Always include a phone number when listing contractor details
Professional and straightforward
Finding errors early makes everything smoother. After that, pick a day to look closer
Useful contact for compliance questions
One day down the line, keep a saved version of that message - just to be safe. Stick with it past the point where you believe everything’s settled
Good person to ask about tricky installations",51,Female,en_US,Electrician,contact,,,,,,
495,Nganp1,rework done,NhiNX,hold,AI detector 25%,ok,,2026.03.09,20,Note,Brandon Shaw,"Victor Alvarez 
He's a car detailer who does mobile cleaning around the area.
He drives a van with all his gear 😮
+1 2135554492
A neighbor said he did an awesome job cleaning their SUV inside.
I'm thinking of calling him before our road trip next month.
It's best to text him photos of your car first.
He usually replies in the afternoon.
Keeping his info here so I don't lose it!
haha",37,Male,en_US,Security Guard,contact,,,,,,
528,Nganp1,rework done,HAINV2,reject,"8 dòng
41% AI",ok,,2026.03.09,0,Note,Teresa,"Not sure why I keep forgetting useful contacts so writing this down immediately. 
While browsing an art fair downtown I met a woman who restores old paintings and frames. 
We talked for almost ten minutes about antique art and she mentioned she sometimes helps people repair damaged canvases. 
That reminded me of the old landscape painting at home that has a small tear in the corner.
Her name: Diana Wescott
Phone: +1 617 773 9024
Text first she said.
Works around Boston.",42,Female,en_US,Museum Curator,contact,,,,,,
537,Nganp1,,HAINV2,reject,"29% AI
ngắn",ok,,2026.03.09,,Note,Malcolm,"Talked with a kayak rental owner near the river trail this morning.
I was asking about places to paddle during summer and he mentioned he also organizes short guided trips for beginners. Might actually be fun to try one weekend when the weather gets warmer.

His name is Colin Dorsey.
Phone number: +1 843 774 5518.
He said texting works better.
Based around Charleston.
Remember to ask about sunrise tours.",38,Male,en_US,Landscape Architect,contact,,,,,,
540,Nganp1,,HAINV2,reject,"ngắn
44% AI",ok,,2026.03.09,,Note,Isabel,"I ran into a small bakery owner while waiting for coffee earlier and we started talking about desserts. She mentioned she sometimes makes custom birthday cakes for small parties. That reminded me that Mom’s birthday is coming up soon so this might actually be perfect. If I decide to order one, I should message her first because she said she books orders a few days in advance.

Her name is Clarissa Vaughn and her number is +1 408 771 6643.",35,Female,en_US,Nutritionist,contact,,,,,,
543,Nganp1,rework done,NhiNX,hold,"9 dòng
19.8 % AI",ok,,2026.03.09,,Note,Max,"Met a vintage typewriter repair guy at a flea market this afternoon. I was just browsing and he noticed me looking at an old Remington machine and started explaining how he restores them. That reminded me about the dusty typewriter sitting in my apartment closet. 
Might actually get it fixed one day instead of letting it rust there.

His name is Bernard Talbot.
Phone: +1 718 664 5512.
He said texting works easier because he works alone in his workshop most of the time.
Need to send him a photo of the machine first.",36,Male,en_US,Journalist,contact,,,,,,
547,Nganp1,,HAINV2,reject,"cần đa dạng số dòng
42.3% AI",ok,,2026.03.09,,Note,Nick,"Earlier today at the skate park I met someone who repairs electric scooters. My scooter battery has been draining really fast lately so this might actually help. He showed me a few photos of previous repairs and seemed to know what he was doing.

Name: Curtis Lang
Phone: +1 213 661 9044

Text before bringing the scooter.
Works around Los Angeles.
Remember to mention battery issue.",27,Male,en_US,Delivery Courier,contact,,,,,,
550,Nganp1,,HAINV2,reject,"quá ngắn
54% AI
bị detect quá 2 câu liên tiếp",ok,,2026.03.09,,Note,Donal,"Met a sailing instructor while walking along the harbor earlier. We started talking about boats and he mentioned he sometimes teaches short sailing lessons for beginners. I’ve always wanted to learn but never knew where to start.
His name: Gregory Shaw
Phone: +1 617 774 1194",48,Male,en_US,Harbor Maintenance Supervisor,contact,,,,,,
554,Nganp1,,HAINV2,reject,"ngắn
100% AI",ok,,2026.03.09,,Note,Yara,I was waiting for my sandwich at a small deli earlier today and ended up talking with a guy who roasts specialty coffee beans. He said he sometimes sells small batches directly to people who want fresher beans than what grocery stores offer. That might actually be interesting because I’ve been trying to improve my morning coffee routine. His name is Samuel Ortega and the number he gave me is +1 503 661 2248.,30,Female,en_US,Nutrition Coach,contact,,,,,,
556,Nganp1,,HAINV2,reject,"quá ngắn
56.4% AI
bị detect quá 2 câu liên tiếp",ok,,2026.03.09,,Note,Vanessa,Talked with a glass artist at a craft market this afternoon. She mentioned she sometimes repairs broken decorative glass pieces and even redesigns them if the damage is too big. That reminded me of the cracked vase in the kitchen cabinet. If I ever decide to fix it I should text Amelia Rhodes at +1 415 662 4410 because she said she usually answers messages faster than phone calls.,35,Female,en_US,Art Gallery Manager,contact,,,,,,
558,Nganp1,,HAINV2,reject,"ngắn
100% AI
bị detect quá 2 câu liên tiếp",ok,,2026.03.09,,Note,Delaney,Met someone interesting during the photography walk downtown tonight. We were talking about lighting setups and he mentioned he rents portable studio lights to freelancers. That could be useful for small portrait shoots. If needed I should text Adrian Holt (+1 503 661 7784) since he said that’s the easiest way to reach him when he’s out working events.,32,Female,en_US,Freelance Photographer,contact,,,,,,
560,Nganp1,,HAINV2,reject,"ngắn
100 % AI
bị detect quá 2 câu liên tiếp",ok,,2026.03.09,,Note,Maribel,I met a guy selling handmade leather belts at a small street market earlier today. We talked about leather crafting for a few minutes and he mentioned he also repairs worn belts and wallets. That reminded me about my old brown belt that’s cracking near the buckle. His name is Victor Armand and the phone he gave me is +1 504 771 9920 so I should text him first and ask if it’s repairable.,34,Female,en_US,Boutique Owner,contact,,,,,,
561,Nganp1,,HAINV2,reject,"ngắn
50% AI",ok,,2026.03.09,,Note,Roland,"Two contacts from today’s cycling meetup because both might be useful later.

Bike fitting specialist — Daniel Kruger — +1 503 664 8821
Wheel builder — Isaac Moreno — +1 503 664 5532

Both based in Portland.
They said texting works better than calling.",46,Male,en_US,Physical Therapist,contact,,,,,,
563,Nganp1,,HAINV2,reject,"ngắn
50.1% AI
bị detect quá 2 câu liên tiếp",ok,,2026.03.09,,Note,Elliot,Met a guy repairing old fountain pens at a small antique stall today. I was just browsing but he started explaining how he replaces nibs and cleans ink systems. It reminded me of the pen my grandfather gave me years ago that stopped working. Instead of letting it sit in a drawer I might actually ask him if it can be restored. His name is Gabriel Finch and his number is +1 646 664 8814. He told me texting works better since he spends most of the day working with tools and doesn’t always hear calls.,42,Male,en_US,Historian,contact,,,,,,
564,Nganp1,,HAINV2,reject,"cần đa dạng số dòng và format
ngắn
",ok,,2026.03.09,8,Note,Marissa,"Contact from today’s farmers market

Oliver Grant
+1 503 661 3398

he sells homemade hot sauces
mentioned he also teaches small chili-making workshops
might actually try one lol
said texting works best
remember to ask about next class",30,Female,en_US,Nutrition Blogger,contact,,,,,,
565,Nganp1,,HAINV2,reject,"ngắn
100% AI
bị detect quá 2 câu liên tiếp",ok,,2026.03.09,,Note,Terrence,I was chatting with someone at the marina earlier who builds custom fishing rods. Apparently he handcrafts them for people who want lighter gear for river fishing. That actually sounded pretty cool because my current rod feels way too heavy for long trips. If I ever decide to upgrade I should text Marcus Bell at +1 843 774 2210 because he said he usually replies pretty quickly in the evenings.,45,Male,en_US,Fishing Guide,contact,,,,,,
568,Nganp1,,HAINV2,reject,"ngắn
50% AI",ok,,2026.03.09,,Note,Sienna,"Ran into someone selling handmade candles at a small craft fair earlier. We talked about scents for a while and she mentioned she sometimes makes custom candle batches for events or gifts. That might actually be useful around the holidays. If needed I should message her — name is Elise Carver, phone +1 415 771 5530 — she said texting works better because she’s often pouring wax and doesn’t answer calls quickly.",31,Female,en_US,Interior Decorator,contact,,,,,,
569,Nganp1,,HAINV2,reject,ngắn,ok,,2026.03.09,8,Note,Julian,"Two contacts from the tech meetup tonight:

Drone videography — Lucas Kramer — +1 720 661 8870
Audio recording — Mateo Sinclair — +1 720 661 9942

Both freelancers working around Denver.
They said texting works easier than calls.
Might collaborate on video project later.",36,Male,en_US,Video Editor,contact,,,,,,
570,Nganp1,,HAINV2,reject,"ngắn
53% AI
bị detect quá 2 câu liên tiếp",ok,,2026.03.09,,Note,Colette,Random note before I forget. Talked with a baker at a street market who specializes in sourdough bread and apparently teaches small weekend baking classes. I’ve been wanting to learn how to bake proper sourdough for ages so this might be worth trying. Her name is Harriet Vaughn and the number she wrote down is +1 503 774 4421. She said just text if I want the class schedule.,34,Female,en_US,Culinary Writer,contact,,,,,,
572,Nganp1,,HAINV2,reject,"ngắn
40% AI",ok,,,,Note,Giselle,Wrote this down after talking with someone at a weekend art workshop. He restores old wooden picture frames and even builds custom frames for paintings. That reminded me about the landscape painting sitting in my hallway without a proper frame. His name is Arthur Molina and his phone is +1 408 661 9926. He told me to text him a photo of the painting first so he can estimate the size.,37,Female,en_US,Gallery Curator,contact,,,,,,
573,,,PhucVQ,,,,,,,Note,,"Tom Willis – electrician guy my cousin recommended.
Phone: +1 206 555 0143


Met him last fall when the kitchen lights kept flickering and I thought the wiring was gonna fry the breaker again. He came over same evening and fixed it pretty quick.


Said if anything weird happens with the panel again I should text first because he’s usually driving between jobs.


Pretty chill dude, didnt try to upsell stuff like the last repair company did.


Also mentioned he installs those newer smart breakers if I ever redo the electrical panel.


Need to remember to call him sometime before winter cause the garage outlets still spark a bit.




Tom Willis
+1 206 555 0143


dont lose this number again, seriously.",,,en_US,Warehouse Supervisor,contact,,,,,,
585,HAINV2,rework done,NhiNX,hold,sđt phải là dãy số và bắt đầu bằng +1,ok,,2026.03.09,15,Note,Jessica Moore,"Random but useful contact
Name Saved Carla Benson
Call it +1 407 662 5530 📞
Fridge stopped last year - no more cool air at all - yet somehow a fix showed up when everything had halted
Faster than anyone thought, the fix showed up before breakfast. Right away, they took care of the busted compressor
Very friendly person, explained what went wrong
If the washing machine acts up, there could be a phone call. When the dryer halts during a spin, contact may come through
Out of nowhere, a message arrived from her - needed to confirm it wasn't spam sneaking into my stream
Faster than most when answering
Orlando service region
One day, this number might matter. Tuck it away where your fingers find it fast. Perhaps tomorrow, maybe next week - hard to tell when things shift. A quiet backup for moments that surprise you. Closer than you think could be enough
Mending small kitchen tools happens more often than you'd think",52,Female,en_US,Customer Service Representative,contact,,,,,,
586,HAINV2,rework done,NhiNX,hold,54% mydetect,ok,,2026.03.09,22,Note,Michael Robinson,"Call reminder – research contact
Person to reach: Dr. Andrew Patel
Contact phone: +1 312 890 4477
Met during a pharmacy research meeting downtown
Later talked again near the coffee machine after the session ended
He works with hospital clinical research teams
Interested in new drug delivery technology studies
Offered to answer questions about lab procedures
Could be useful when preparing for research work
Reminder that he prefers short phone calls
Usually available after 6 PM
Daytime schedules often busy at the hospital
Ask about the symposium planned for next year
Keep this contact saved for professional advice later",32,Male,en_US,Pharmacist,contact,,,,,,
589,HAINV2,rework done,NhiNX,hold,Ai detect 31%,ok,,2026.03.09,16,Note,James Harris,"Industrial supplier contact record
Supplier representative: Leo Martinez
Phone contact: +1-734-668-2249
Met during an industrial parts exhibition in Detroit
Works with a company that distributes bearings and drive components
Has experience sourcing parts for older milling machines
Sometimes able to locate discontinued mechanical parts
Suggested contacting him before searching other suppliers
Often travels to trade shows across different cities
Recommended sending a text message before calling
Need to ask about possible bulk pricing for maintenance orders
Could become a useful supplier during equipment repair cycles
Keep his number saved in the engineering supplier list",32,Female,en_US,Mechanical Engineer,contact,,,,,,
595,HAINV2,rework done,NhiNX,hold,Ai detect 41%,ok,,2026.03.09,17,Note,Donald Miller,"Service contact reminder – appliance warranty support
Customer service contact: warranty claims department
Direct phone line: +1-415-602-8893
Reached this representative during a repair claim call last week
Helped process the paperwork quickly for a broken appliance
Claim handling was faster than expected
Mentioned that direct calls work better than the main hotline
Recommended calling earlier in the morning
Usually reachable before 11 AM
Need to confirm whether the replacement machine has shipped
Also verify if the warranty includes installation costs
Prepare receipt photo before contacting again
Keep the previous message thread saved for reference",60,Male,en_US,Customer Service Representative,contact,,,,,,
598,HAINV2,rework done,NhiNX,hold,AI detector 53%,ok,,2026.03.09,13,Note,Kimberly Sanchez,"Recruiting contact follow-up note
HR manager: Kimberly Sanchez
Phone number: +1-720-884-2917
Met during a recruiting fair event recently
Conversation lasted several minutes about open positions
She reviewed some roles that might match my background
Suggested sending a resume directly by email
Explained that application systems sometimes miss submissions
Prefers receiving emails early in the day
If something urgent comes up, a phone call is acceptable
Late morning is usually the easiest time to reach her
Need to ask about hybrid work options
Also ask how long responses normally take after applying
Reminder to contact her early next week before noon",36,Male,en_US,HR Manager,contact,,,,,,
602,HAINV2,rework done,NhiNX,hold,Ai detector 27%,ok,,2026.03.09,18,Note,Emily White,"Dental appointment reminder contact
Dentist: Dr. Emily White
Office phone: +1-312-455-8822
Visited clinic last summer for routine cleaning
She mentioned a molar could weaken in the future
Recommended scheduling another check-up during the fall
The dental assistant said mornings are less crowded
Clinic located near Oak Street area
Need to ask about teeth whitening options and pricing
Confirm insurance coverage before scheduling
Better to call the office before visiting the clinic
Staff members were friendly and professional
Keep this contact saved for future dental appointments",54,Male,en_US,Dentist,contact,,,,,,
605,HAINV2,rework done,NhiNX,hold,Ai detector 46%,ok,,2026.03.09,14,Note,Anthony Lopez,"Medication support contact entry
Pharmacist contact: Anthony Lopez
CVS Pharmacy – downtown branch
Phone contact: +1 347 882 6142
Spoke with him during a prescription pickup in June
Helped clarify how allergy medications work differently
Provided simple explanations about treatment choices
Handles busy pharmacy lines calmly
Usually scheduled for later shifts in the evening
Best approach is to call first before going to the store
Possible questions: generic alternatives and refill policy
Useful contact for quick medication guidance
Keep saved in pharmacy contact list for future needs",41,Female,en_US,Pharmacist,contact,,,,,,
613,HAINV2,rework done,NhiNX,hold,Ai detector 27%,ok,,2026.03.09,17,Note,Paul Martin,"Professional contact reference
Name: Paul Martin
Role: Business Analyst
Phone: +1-720-331-7802
Met after an analytics presentation last week
He explained several approaches to forecasting data trends
Very clear when discussing predictive analysis ideas
Suggested that dashboards are useful for tracking metrics
Could discuss data visualization methods next time
Usually open to conversations later in the day
May respond quickly to messages
Reminder to review meeting notes before contacting
Start the conversation with a work-related topic
Keep this contact saved for analytics advice",57,Female,en_US,Business Analyst,contact,,,,,,
616,HAINV2,rework done,NhiNX,hold,Ai detector 43%,ok,,2026.03.09,8,Note,Joseph Smith,"Developer networking contact note
Name: Joseph Smith
Occupation: Software Engineer
Phone contact: +1-646-991-4807
Met at a coding meetup recently
Conversation focused on debugging tools
Also discussed automated testing practices
He recommended trying a specific development tool
Plan to send him a short update after testing it
Prefers quick messages instead of long explanations
Best to contact later in the day
Avoid reaching out around midday
Review notes from the meetup before messaging him
Remember to thank him for the helpful suggestions",24,Female,en_US,Software Engineer,contact,,,,,,
617,HAINV2,rework done,NhiNX,hold,Ai detector 32%,ok,,2026.03.09,24,Note,Karen Anderson,"Marketing contact follow-up note
Contact person: Karen Anderson
Occupation: Marketing Specialist
Phone number: +1-415-804-2273
Met at a small branding talk downtown
She works on outreach campaigns for local businesses
Focuses on digital promotion strategies
Has experience helping independent shops grow visibility
Suggested texting before making a call
Prepare a short summary before reaching out
Possible topic: discuss a marketing project plan
Ask what tools she uses for targeting audiences
Friendly and approachable during conversation
Save this contact for future collaboration ideas",46,Female,en_US,Marketing Specialist,contact,,,,,,
619,HAINV2,rework done,NhiNX,hold,Ai detector 41%,ok,,2026.03.09,11.26,Note,Donald Davis,"Technical support contact record
Name: Donald Davis
Role: Customer Service Representative
Direct line: +1-503-662-1182
Spoke with him while resolving an internet connection problem
Helped walk through restarting the modem step by step
Stayed on the call until the connection worked again
Very patient during troubleshooting process
Suggested contacting him again if issues return
Usually available on weekday mornings
Have account details ready before calling
Remember to keep the reference code from his message
Reliable support contact for future network problems
Keep his number saved in the service contacts list",34,Male,en_US,Customer Service Representative,contact,,,,,,
621,HAINV2,rework done,NhiNX,hold,AI detector 38%,ok,,2026.03.09,22,Note,Jennifer Moore,"Data strategy networking contact
Contact name: Jennifer Moore
Profession: Business Analyst
Phone: +1-720-551-9034
Met after a talk about data strategy and reporting
Discussed improving reporting dashboards
She works with companies on data clarity projects
Explains complex analytics ideas in simple terms
Text messages are acceptable for first contact
Evening calls may be easier for longer discussions
Prepare questions about analytics workflows
Could ask about tools she recommends for reporting
Her advice might help improve current data planning
Keep this contact saved for future analytics guidance",49,Female,en_US,Business Analyst,contact,,,,,,
622,HAINV2,rework done,NhiNX,hold,AI detector 26%,ok,,2026.03.09,9,Note,Kenneth Williams,"Sales partnership contact entry
Contact: Kenneth Williams
Role: Sales Manager
Phone number: +1-602-772-4109
Met during a regional business expo
Discussed potential distribution partnerships
Has experience advising companies on product selection
Prefers short phone calls rather than emails
Later afternoon tends to be a good time to call
Possible discussion: expansion into new markets
Review expo notes before reaching out
Introduce myself again when starting the conversation
Useful contact for sales strategy advice
Save number in business contacts list",53,Female,en_US,Sales Manager,contact,,,,,,
624,HAINV2,rework done,NhiNX,hold,mydetect 36%,ok,,2026.03.09,11,Note,Kenneth Johnson,"Field contact memo – sales network
Person noted: Kenneth Johnson
Role observed: Sales Manager
Contact line: +1 274 554 6710
Location where conversation happened: industry trade show floor
Initial topic: supplier partnership possibilities
He showed curiosity about our product offerings
Suggested exchanging more information after the event
Text communication acceptable during working hours
Voice calls recommended after meetings end
Follow-up expected sometime next month
Preparation needed: send product brochure first
Attach pricing sheet when contacting
Worth keeping as a potential business connection",56,Male,en_US,Sales Manager,contact,,,,,,
626,HAINV2,rework done,NhiNX,hold,AI detector 28%,ok,,2026.03.09,12,Note,Paul Lewis,"Clinic contact reference sheet
Dental professional: Dr. Paul Lewis
Practice location: Oak Street Dental Clinic
Main phone: +1 503 882 3361
Previous visit earlier this year for standard cleaning
Dentist advised another checkup in the near future
Clinic reception noted mornings are quieter
Plan to phone the office for appointment booking
Question to raise: whitening treatment options
Confirm insurance coverage before scheduling
Bring insurance card to appointment
Staff members were helpful during last visit
Keep this contact available for routine dental care",59,Female,en_US,Dentist,contact,,,,,,
627,HAINV2,,NhiNX,hold ,AI detector 38%,ok,,2026.03.09,19,Note,Edward Lewis,"Community health event contact note
Name recorded: Edward Lewis
Profession: Nurse
Phone saved: +1 646 334 7712
Met during a neighborhood health awareness event
He answered questions about basic health habits
Explained wellness topics in simple language
Audience responded well to his advice
Sending a short text message works best for contact
Phone calls possible after initial message
Possible topic next time: fitness and daily health routines
Might ask about future community workshops
Helpful person for general health guidance
Keep number stored for reference later",59,Female,en_US,Nurse,contact,,,,,,
630,HAINV2,rework done,NhiNX,hold,4 câu đỏ,ok,,2026.03.09,20,Note,Patricia Sanchez,"Learning center contact record
Teacher: Patricia Sanchez
Community education program instructor
Phone contact: +1 408 771 5518
First conversation happened near registration desk
Topic discussed: evening learning courses
Class sessions normally scheduled Tuesday evenings
Typical start time mentioned: 6 PM
Registration deadlines sometimes close quickly
Messaging works better while classes are active
Need to ask about required course materials
Confirm official course start date later
Interested in attending when schedule allows
Save contact for future enrollment questions",40,Male,en_US,Teacher,contact,,,,,,
632,HAINV2,rework done,NhiNX,hold,Ai detector 65%,ok,,2026.03.09,5,Note,William Brown,"Service technician reference card
Name: William Brown
Trade: Electrician
Direct phone contact: +1 415 728 9042
Email listed: william.brown.elec@mailbox.com

Met while he was repairing office wiring recently
Handles electrical faults and maintenance tasks
Works primarily around the San Francisco area
Possible contact if lighting or wiring problems occur
Evening text messages usually acceptable
Phone call recommended before scheduling work
Keep his details in building maintenance contacts
Could assist with future electrical repairs",28,Male,en_US,Electrician,contact,,,,,,
636,HUNGNV5,,NhiNX,hold,zero 45%,ok,,2026.03.09,15,Note,Jason Miller,"plumber contact – keep this in case pipes act up again
Mike Donnelly
+1 214 662 9184
He came over when my kitchen sink wouldn't drain all.
It turned out there was a clog in the pipe.
He fixed it in like 40 minutes, which was really impressive.
He said to call him if my bathroom sink starts gurgling
He usually works in the mornings.
The best way to reach him is, by calling, not texting.
He also installs water heaters apparently.
I'm saving this so I don't have to search messages.
Reminder: I need to ask him about replacing my faucet next time I talk to him.",44,Male,en_US,Construction Supervisor,contact,,,,,,
638,HUNGNV5,,NhiNX,hold,AI detector 29%,ok,,2026.03.09,8,Note,Trevor Lawson,"I found a guy who fixes garage doors his name is Chris Bennett.
He can be reached on his cell at +1 480 664 3117.
I came across him through our Facebook neighborhood group.
My garage door would not close all the way.
Chris Bennett came over the afternoon, which was really great.
It turned out that the sensor on my garage door was misaligned.
Chris Bennett fixed the problem quickly. It was still really helpful that he did.
He charged a service fee, for the work he did.
Chris Bennett told me that if my garage door starts making squeak sounds I should call him.
Chris Bennett mostly works around the Phoenix area.
He prefers to get phone calls during the daytime.
I am keeping his number here in case I need it again.
Garage door stuff always seems to break at times, which is really frustrating.",39,Male,en_US,IT Technician,contact,,,,,,
642,HUNGNV5,,NhiNX,hold,nên đổi vị trí sđt,ok,,2026.03.09,12,Note,Derek Coleman,"bike repair shop contact
Samir Khan
+1 415 664 1188
Works at Golden Wheel Bike Shop.
I went to Golden Wheel Bike Shop when my rear brake stopped working.
Samir Khan helped fix it quick.
He also adjusted the gears on my bike.
The shop is located somewhere near Market St.
Samir Khan said to come if my chain keeps slipping.
I am thinking about getting a tune-up for my bike soon.
He recommended doing that every 6 months, for my bike.
Golden Wheel Bike Shop is usually open afternoon.
It is best to call Golden Wheel Bike Shop before stopping
I am saving this so I remember where to go to get my bike fixed at Golden Wheel Bike Shop.",34,Male,en_US,Courier,contact,,,,,,
648,HUNGNV5,,NhiNX,hold ,AI detector 43%,ok,,2026.03.09,4,Note,Marcus,"I really need to hire a cleaning service before my parents visit month.
The whole apartment is a mess and I just do not have the energy to clean it now.
My neighbor uses a cleaning company and she says they are very good.
The owner of the company is Maria and her phone number is +1-555-011-8844.
My neighbor Sarah said that the cleaning company does a deep clean for a fixed price which is great.
I should call Maria tomorrow when I am on my lunch break to get a quote from the cleaning company.
I have to make sure that the cleaning company is okay with cats because I have two cats.
I hope Maria can fit me in on a Saturday morning before the 15th.
If not I do not know what I am going to do.
My mom will be very upset if she sees this mess.
I definitely need to get this sorted out soon, as possible.
I want my parents to see an apartment when they visit next month.
I will try to call the cleaning company if Maria does not answer my call tomorrow.
I really need the cleaning service to come before my parents arrive.",35,Male,en_US,Store Manager,contact,,,,,,
649,HUNGNV5,,NhiNX,hold ,"AI detector 54%
zero 43.4%",ok,,2026.03.09,5,Note,Sarah,"
- Drywall repair guy
- Name: Gary from Quick Patch
- Number: +1-555-016-5533
My landlord will be really mad if he sees it during the inspection.
I found Gary on the community Facebook page where lots of people said things about him.
He works fast. Does a great job matching the paint.
I will call him tomorrow morning.
I need to send him a picture of the hole so he can give me an estimate.
I also need to ask if he takes Zelle or Cash App.
I'm hoping he can come over this weekend.
If not I will lose my security deposit for sure.
Drywall repair is what I need. ",42,Female,en_US,Retail Worker,contact,,,,,,
650,HUNGNV5,,NhiNX,hold ,zero 25.1%,ok,,2026.03.09,6,Note,Evan,"I am finally getting serious about finding a wedding florist.
The last quote we got was absolutely crazy.
My friend Emily told me about a flower shop down the street.
The shop is called Petals and Stems.
The owner of Petals and Stems is Jessica Wu.
Her phone number is +1-555-012-7711.
I am going to call Jessica Wu on Friday to set up a meeting with her.
I need to ask Jessica Wu if she can get peonies in October.
I really hope Jessica Wu is actually in our budget.
Wedding flowers are literally the waste of money in the wedding industry.
I am so stressed, about wedding flowers now.
If Jessica Wu is too expensive I might just use flowers to be honest.",29,Male,en_US,IT Support,contact,,,,,,
651,HUNGNV5,,NhiNX,hold ,zerro 24.8%,ok,,2026.03.09,13,Note,Nina,"My car insurance premium just went up again for no reason.
I am really tired of Geico taking advantage of me.
My dad said I should call his insurance broker.
He told me that the broker found him a policy for half the price he was paying.
The brokers name is David Chen.
You can reach him at +1-555-017-9955.
Things I want to ask David Chen when I call him tomorrow:
> Can David Chen bundle my car insurance and renters insurance
> Does David Chen work with Progressive or State Farm?
> What is David Chens fee for his services?
I need to have my current insurance papers ready to send to David Chen.
I have to find the vin number for my Honda.
I will do this during my coffee break, at 10am.
I really hope I can switch to an insurance policy before the next time I get a bill.
Paying 200 dollars a month for a car that's 10 years old is too much.
I am so done with this situation.",27,Female,en_US,Nurse,contact,,,,,,
658,HAINV2,rework done,NhiNX,hold ,"48% zero
8 dòng",,,2026.03.09,17.5,Note,Mark Lopez,"Volunteer Contact Reminder — Mark Lopez. I first met him during the orientation session for the weekend tutoring program where new volunteers gathered to learn about the after-school support activities. He works as a teacher and seemed responsible for coordinating some of the volunteer communication. Contact phone saved: +1 312-772-9915. He mentioned that additional volunteers are sometimes needed when the number of students increases. If I decide to help next semester, I should reach out and ask what subjects need the most assistance. He recommended calling in the early evening because that is when he usually finishes teaching duties. However, he also suggested sending a quick text first so he knows who is contacting him. Another thing to clarify later is what materials volunteers should bring and how the tutoring schedule is arranged each week. Keeping this record so I remember where to reach him if I want to participate.",49,Male,en_US,Teacher,contact,,,,,,
659,HAINV2,rework done,NhiNX,hold ,9 dòng,,,2026.03.09,19.9,Note,Kenneth Hernandez,"CONTACT CARD

Name: Kenneth Hernandez
Role: Project Manager
Phone: +1 720-664-3901

Background: Met at the office during a renovation planning meeting where he explained the project schedule and coordination with contractors.
Availability: Usually reachable after the morning meetings finish.

Notes to remember:
• Contact him for timeline updates on the renovation.
• Confirm the equipment delivery date.
• Ask about the latest version of the project plan.

Reason saved: Main contact for renovation progress and scheduling details.",60,Female,en_US,Project Manager,contact,,,,,,
660,HAINV2,rework done,NhiNX,hold ,39% detect,,,2026.03.09,7.3,Note,Michelle Lopez,"NUMBERED NOTE

1.Dentist: Dr. Michelle Lopez

2.Contact phone: +1 415-882-4473

3.Met during a clinic visit earlier this spring

4.She pointed out a small crack on a back tooth

5.Recommendation: monitor the tooth for discomfort

6.Possible follow-up visit later if sensitivity appears

7.She mentioned calling ahead before visiting the clinic

8.Morning appointments are usually quieter

9.Next time ask if insurance covers cleaning or whitening

10.Save this note so the contact information stays easy to find",34,Male,en_US,Dentist,contact,,,,,,
661,HAINV2,rework done,NhiNX,hold ,9 dòng,,,2026.03.09,9,Note,Andrew Lee,"Name: Andrew Lee
Occupation: Data Analyst
Phone: +1 503-991-6204

• Met at a technology meetup discussing data dashboards
• Talked about visualization libraries and reporting tools
• Suggested exploring different data analysis workflows
• Mentioned that texting is preferred over calling
• Could ask him questions about dataset cleaning later
• Useful contact for analytics advice
• Personal reminder: review my project data before reaching out",24,Female,en_US,Data Analyst,contact,,,,,,
663,HAINV2,,NhiNX,hold ,38% detect,,,2026.03.09,0,Note,Joseph Martin,"Joseph Martin – teacher I met at the weekend learning center orientation.
Phone: +1 602-771-4883
He was explaining the adult evening classes they run there.
I asked a few questions about the schedule and registration.
He said I could contact him if I needed more details later.
Texting first is easier during school days.
He mentioned new classes might open next month.
Need to ask about the beginner level course again.
Also curious if they offer online sessions.
He seemed pretty friendly and helpful.
Dont forget to introduce myself again when messaging.
Keeping his contact saved here.",27,Female,en_US,Teacher,contact,,,,,,
664,HAINV2,,NhiNX,hold ,50% detect,,,2026.03.09,0,Note,Barbara Lewis,"She builds programs. Met her when we talked about code one evening. Her name is Barbara Lewis.
Phone: +1 408-770-9216
Later that day we covered how to spot errors plus ways to manage code changes.
One thing she mentioned was keeping files named clearly. Another point came up - grouping related scripts together helps later. A folder for tests makes sense, said she. Sometimes comments explain why a choice matters most. Her last thought: check tools that sort imports automatically.
Kept it close, since her words meant I might come back when things got tough.
Prefers tapping out messages to having drawn-out chats on the line.
Might find more time after dark to talk things through.
Better sort out my code first thing. Before I go any further.
Curious what she had in mind when mentioning that framework.
Finding her way through backend setups looked natural, almost like second nature. A quiet confidence showed each time she tackled a new problem.
This way stays clear when things get busy again. Later thoughts need that bit of help sometimes.",26,Female,en_US,Software Engineer,contact,,,,,,
665,HungLD,,NhiNX,hold ,3 câu liên tiếp,ok,,2026.03.09,19,Note,Lebron James,"Met a locksmith named Aaron Delgado after a small disaster with my front door lock.                                
Happened last month when the deadbolt suddenly jammed late at night.                                        
I couldn’t get the key to turn and thought I was going to be stuck outside for hours.                                        
My neighbor recommended this guy because he had helped her before.                                        
His number is +1 415 555 0284 so saving it here too.                                        
Works as an independent mobile locksmith and drives around the city.                                        
Showed up in about twenty minutes which honestly surprised me.                                        
Pretty chill guy and didn’t make the situation feel stressful.                                        
Said most of his work is emergency lockouts and broken key extractions.                                        
Also installs newer smart lock systems if someone wants to upgrade.                                        
Mentioned prices go up pretty late at night so earlier calls are better.                                        
If this ever happens again I should call before midnight if possible.                                        
He told me texting first is fine because he’s often on another job.                                        
Lives somewhere near Daly City but works all around the area.                                        
Drives a white van with a small locksmith logo on the side.                                        
Gave me a tip about using graphite powder instead of oil in locks.                                        
Might ask him to change the back door lock sometime this fall.                                        
Especially before leaving town for holidays.                                        
Name saved in phone as “Aaron Locksmith”.                                        
Do not lose this number again.                                        
Could also recommend him to the landlord if building locks fail.                                        
Definitely a useful contact to keep around.",34,Male,en_US,Football player,contact,,,,,,
668,HungLD,,NhiNX,hold ,Liên tiếp > 2 câu,ok,,2026.03.09,17,Note,Tyler M.,"Need to keep this plumber’s contact somewhere because the sink issue will probably happen again.
His name is Aaron Delgado and he came by when the kitchen pipe burst last winter.
Pretty chill guy and didn’t make the repair sound more dramatic than it was.
Wrote his number down here so I don’t lose it again: +1 415 555 0183.
My neighbor from downstairs recommended him after I asked around in the building group chat.
Apparently he works a lot of older apartment buildings in this area.
He said texting first works better because he’s usually driving between jobs.
Also told me he does quick inspections if pipes start making weird knocking sounds.
Might ask him about replacing the bathroom faucet soon.
He mentioned he gives small discounts for repeat customers.
The company name he works under is Delgado Home Plumbing.
Not a huge company, mostly just him and another technician.
When he fixed the sink he finished the job in under an hour.
He even showed me how to shut the valve under the cabinet in case it happens again.
Should remember to call him before the winter freeze season.
Last time the issue started after a really cold night.
Also asked if he installs water filters under sinks.
Said yes but I’d need to buy the filter kit first.
Good to keep this number saved somewhere outside my phone too.
If the landlord drags their feet again I can just contact him directly.
Friendly dude overall and seemed honest about pricing.
Definitely the plumber I’ll call next time something leaks.",34,Male,en_US,Warehouse Supervisor,contact,,,,,,
700,HUNGNV5,,,,,,,2026.03.10,16,Note,Jessica Lee,"dog sitter contact from the vet's office bulletin board. thank god, need this sooo bad.
 Name: Lisa Rodriguez
 Phone: +1 617-555-0144

 
 notes for lisa:
 - luna needs her seizure meds twice a day (8am & 8pm) - very important!
 - she only eats royal canin, no other food or treats.
 - needs two walks a day, 30 mins each, no dog parks.
 - her favorite toy is teh red squeaky ball.
 - also, can she send me daily photo updates? i get so worried.
 probly schedule a meet & greet for luna and lisa soon. before my trip next month. wanna make sure they get along. she mentioned she also does overnight stays, which is perfect for my weekend shifts. she has good reviews online too. this is a lifesaver honestly.",,,en_US,Nurse,contact,,,,,,
701,HUNGNV5,,,,,,,2026.03.10,,Note,Robert Green,"Financial Advisor Contact: Sarah Chen
 Firm: 'Prosperity Partners'
 Phone: +1 312-555-0160
 
 i got her info from my colleague, mark. he said she's excellent with retirement planning and investment strategies. my current portfolio feels a bit stagnant, and i definately need to start thinking seriously about long-term goals. especially with the kids' college coming up.
 
 things to discuss with sarah:
  1. review my existing 401k and IRA accounts.
  2. discuss options for a Roth conversion.
  3. explore low-risk investment opportunities for college savings.
  4. potential strategies for early retirement planning.
  5. what are her fees? flat fee or percentage?
  6. does she work with tax planning too? or should i keep that seperate.
  7. her availability for an initial consultation, i prefer tuesday afternoons.
 
 i need to send her my current financial statements before our first meeting. mark also said she hosts free webinars on market trends. might be useful. i should try to schedule something for next month, before things get too busy at work. wanna make sure im on track.",,,en_US,Accountant,contact,,,,,,
702,HUNGNV5,,,,,,,2026.03.10,,Note,Chloe Davis,"new hair stylist contact!!! omg so excited for a new look
 her name is tina reyes and she works at 'the cutting edge' salon
 phone: +1 929-555-0199
 
 met her at the mall, she had the coolest purple highlights ever. asked her who did it and she said she did it herself! so talented. i need a complete hair transformation, my current style is just so boring, like literally so over it.
 
 stuff i wanna ask tina:
 * can i get balayage with a caramel tone?
 - maybe some curtain bangs? idk, kinda nervous.
 • what's her availability next week? friday would be ideal.
 - how much for a full color and cut?
 * does she do olaplex treatments? my hair is so dry.
 
 she said she posts her work on instagram, gotta follow her. she seemed super friendly and realy understood my vibe. my friend jess also needs a haircut, maybe we can go together? get a discount probly? lol. anyway, gonna call her tomorrow morning. hope she has openings soon. dont wanna wait too long for this change.",,,en_US,Retail Associate,contact,,,,,,
703,HUNGNV5,,,,,,,2026.03.10,,Note,Sarah Miller,"new tutor contact for statistics!! omg i realy need this
 her name is jessica green. she was recomend by prof davis. +1 917-555-0187
 she helped my friend mark pass his exam last semester so she's good
 super patient and explains things in a way that actually makes sense (unlike teh textbook lol)
 
 notes for scheduling:
  • she charges $50 an hour for undergrads
  - available tuesday and thursday evenings
  • offers online sessions too which is perf for me
  - need to email her my syllabus and problem sets before our first session
 also ask her if she has any tips for excel integration with stats.
 she said she has alot of study guides too.
 should i ask for a group rate if lisa joins? or is it better one-on-one?
 probly one-on-one for this class cuz its so hard. Ugh.
 anyway, gotta reach out to her by friday or i'll forget.
 i heard she also tutors calculus but i dont need that (thank god).",,,en_US,Student,contact,,,,,,
704,HUNGNV5,,,,,,,2026.03.10,,Note,Ben Carter,"hvac specialist referral from gary at work
 name: tom green
 company: 'green climate solutions'
 phone: +1 404-555-0101
 
 gary said he's super reliable and fair priced
 my AC system has been acting up, making weird noises, not cooling properly
 
 things to check:
 * is it just teh filter?
 * or maybe a refrigerant leak?
 * could it be teh condenser coil?
 
 tom fixed gary's furnace last winter, said he was quick
 he works mon-fri, usually busy mornings
 best to call him after 2pm mayb
 i gotta fix this before summer hits for real
 probly need a full system check, its been a while.
 wanna ask if he does duct cleaning too.",,,US,Electrician,contact,,,,,,
705,HUNGNV5,,,,,,,,,Note,,,,,en_US,,contact,,,,,,
706,HUNGNV5,,,,,,,,,Note,,,,,en_US,,contact,,,,,,
707,HUNGNV5,,,,,,,,,Note,,,,,en_US,,contact,,,,,,
708,HUNGNV5,,,,,,,,,Note,,,,,en_US,,contact,,,,,,
709,HUNGNV5,,,,,,,,,Note,,,,,en_US,,contact,,,,,,
710,HUNGNV5,,,,,,,,,Note,,,,,en_US,,contact,,,,,,
711,HUNGNV5,,,,,,,,,Note,,,,,en_US,,contact,,,,,,
712,HUNGNV5,,,,,,,,,Note,,,,,en_US,,contact,,,,,,
713,HUNGNV5,,,,,,,,,Note,,,52,Male,en_US,,contact,,,,,,
714,HUNGNV5,,,,,,,,,Note,,,27,female,en_US,,contact,,,,,,
715,HUNGNV5,,,,,,,,,Note,,,31,Male,en_US,,contact,,,,,,
716,HUNGNV5,,,,,,,,,Note,,,44,female,en_US,,contact,,,,,,
717,HUNGNV5,,,,,,,,,Note,,,36,Male,en_US,,contact,,,,,,
718,HUNGNV5,,,,,,,,,Note,,,34,Male,en_US,,contact,,,,,,
719,HUNGNV5,,,,,,,,,Note,,,29,female,en_US,,contact,,,,,,
720,HUNGNV5,,,,,,,,,Note,,,41,Male,en_US,,contact,,,,,,
721,HUNGNV5,,,,,,,,,Note,,,37,female,en_US,,contact,,,,,,
722,HUNGNV5,,,,,,,,,Note,,,46,Male,en_US,,contact,,,,,,
723,HUNGNV5,,,,,,,,,Note,,,25,Male,en_US,,contact,,,,,,
747,,,PhucVQ,reject,,,,,9,Note,Lauren,"Need to keep this so I dont lose his number again.

Marcus Reed - plumber my sister used last fall
said he was fast + didnt overcharge

+1 312-555-0847

Call him about kitchen sink leak + the weird drip behind wall
best time to try: weekday after 6pm
he usually texts back first if he's on a job

ask if he also does garbage disposal installs
and if he can check the low water pressure in apt 2B

Met him once at Jess's place in Oak Park
super chill, talked a lot but knew his stuff

dont forget to mention Jess Martinez referred me
might help w/ price maybe lol

backup num from his card maybe still works:
shop line +1 708-555-2196

Call before Friday cuz landlord keeps nagging me abt it",34,Female,en_US,Elementary school teacher,contact,,,,,,
748,,,PhucVQ,reject,,,,,9,Note,Megan,"Met Jenna from the apt leasing office, not personal friend
need to call her tmrw abt the parking sticker mess
she said mornings are better before 11

Jenna - leasing desk
+1 312 555 0847

ask her:
- guest parking rule for mom this weekend
- did they ever fix mailbox key issue in bldg C
- pet fee thing bc website looked diff from the paper form

also maybe text first? she said calls are fine but i always forget lol
met her last Thurs when i was signing the renewel stuff
super nice, talked fast, kinda hard to hear in lobby

backup number from office line in case cell goes to vm:
+1 312 555 0196

dont call during lunch, she said 12:30ish is bad
if no answer try Friday
for ref: brunette, glasses, had the blue folder w my lease papers",29,Female,en_US,Graphic designer,contact,,,,,,
749,,,PhucVQ,reject,,,,,9,Note,Megan,"Need to call Jenna from Lakeside Apt office tmrw abt the parking pass mess.
Jenna said she can maybe fix the guest tag fee if I call before lunch.
+1 312-555-0186
Don't forget she was the one helping when my mail key got lost last month.
best time: like 9:15 to 11ish, not after that bc she said meetings start.
Ask her if lease copy can be emailed too, mine is probly in old inbox.
also check if storage locker 14B is still under my name or if they mixed it up agian.
If no answer, leave vm w unit number 3C and say ""red Honda issue"" so she remembers.
might also need to ask abt adding Eric to the gate list for friday night.
she was nice, just talks fast lol
backup number from the front desk if Jenna's out:
+1 312-555-0114
don't call during lunch, she literally wrote ""pls not 12-1""
remember: be polite, last time I sounded annoyed and that prob didn't help",29,Female,en_US,Graphic designer,contact,,,,,,
750,,,PhucVQ,reject,,,,,18,Note,Ava,"Jenna florist from Maya's wedding
+1 312-555-0184
saved her bc she said she can do small dinner party flowers w short notice
call after 10am, she sounded rushed in the mornng

also ask if she still has those white + peach table pieces
need rough price before friday
don't forget to mention it's for mom's 60th, not a huge event

backup contact maybe her shop line too
Bloom Room in Oak Park
think she said text is better first

Tom - building handyman
leaky sink in guest bath from last month
+1 708-555-0116
only call weekdays, he hates weekend calls lol
owes me quote for the cabinet door too
met him thru neighbor Elise upstairs
if no answer, leave apt number slowly bc last time he wrote it down wrong",29,Female,en_US,Elementary teacher,contact,,,,,,
751,,,PhucVQ,reject,,,,,9,Note,Lauren,"Call Maya from Austin realtor open house, she said late afternoon is best bc mornings are chaos.
+1 512-830-4417
ask again about the 2 bed place near South Lamar, the one w/ tiny yard for Bean.
she mentioned pet fee might be lower if lease is 15 mo not 12, need to confirm that.
also ask if washer/dryer is actually in unit, listing was kinda vague.
if she doesnt pick up, text first dont just ring again.
remember I met her last Sat after the rain, super fast talker but nice.
check whether parking is covered or just off street.
need move-in timing for end of June, not July.
maybe ask if she knows any quieter buildings, last place was sooo loud.
do not forget budget cap, max 1850 even if place is cute.
if this falls thru, ask her for 2 more leads in same area.
backup contact she gave me was Jen in leasing but I only wanna use that if Maya ghosts.
prob call on lunch break tmrw around 1:15.
dont sound desperate lol",29,Female,en_US,Graphic designer,contact,,,,,,
752,,,PhucVQ,reject,,,,,8,Note,Darius,"1) Uncle Rob from church mens group — said he still knows a guy at the union shop.
2) Call after 6 pm bc he’s on the floor most of the day.
3) +1 313-555-9024
4) Ask if apprenticeships are open this spring or if I missed the window again.
5) He told me not to email, says he never checks it anyway.
6) Mention mom’s name so he remembers which Darius I am.
7) Also thank him for the generator advice from last winter, that convo helped a lot.
8) If he answers, keep it short and not all rambly.
9) Need to ask what certs I should get first, OSHA? forklift? somethin else?
10) He said there might be night shift work first before day shift.
11) write down any names he gives me, I always forget right after the call.
12) maybe ask if steel-toe req is company specific or everywhere.
13) dont call Sunday morning.
14) if no answer by Tues, leave voicemail.
15) IMPORTANT: he’s doing me a favor, be normal, no begging tone.",34,Male,en_US,Delivery driver,contact,,,,,,
753,,,PhucVQ,reject,,,,,14,Note,Priya,"Nina - neighbor from apt 4B, dog sitter option if I have to fly out for the Seattle training.
She said texting is better than calling, but keep number here anyway so I dont lose it.
Usually free before 7 am and after work.
Her phone: +1 646-238-7781

Need to ask if she can do Fri night to Sun afternoon next month.
She already met Mochi twice in the hallway and said he’s chill once he stops barking.
Remind her where the extra treats are, top kitchen drawer not the pantry.
Also tell her about the weird lock on my front door, it sticks unless you pull in a bit.

She grew up with pugs, which makes me feel better tbh.
Need to ask her rate again because I forgot and dont wanna assume.
Could also see if she waters plants while she’s here, esp the sad fern.
Leave Wi-Fi pw on sticky note if she agrees.
Dont forget to mention Mochi’s dinner is half scoop only, not full.
Maybe offer to return the favor when she visits her sister in Boston.
She seems nice, just a little quiet, maybe I was awkward too lol.
send message this week, not last minute like always.
backup plan is Rover but $$$.",31,Female,en_US,UX researcher,contact,,,,,,
754,,,PhucVQ,reject,,,,,9,Note,Alyssa,"Met Jenna from the dog park in Austin last Sunday, she said to txt before calling bc she works late a lot.
Jenna maybe knows a good pet sitter for Maple.
+1 512-440-7831
Call her after 6:30 pm, not during school pickup.
Her husband does fence repair too, could ask abt the back gate.
don’t forget she has the brown lab, Rosie.
She offered that vet rec near South Lamar.
Might also ask if the Saturday market is still happening.
If no answer, wait til Tues night.
Saved this bc I always lose numbers on scraps of paper lol.
Be normal on the phone, don’t ramble.
Also ask how much they paid for the pet sitting last summer.",29,Female,en_US,Graphic Designer,contact,,,,,,
755,HungLD,,,,,,,2026.03.10,5,Note,Amelia Clark,"New client prospect: Ryan 'Ry' Sanchez
Got his deets from the networking event last Tuesday. He's looking for a graphic designer for his new startup, like, a sustainable fashion sorta brand? Sounds cool. We chatted a bit about branding vibes you know and he seemed really into my portfolio stuff.?
His phone is +1 646-555-0103. He said to call him sometime after 2 you know PM, before 6 PM, cause mornings are usually crazy for him with supplier meetings. 
I sorta guess I'll send an email with my full rate card and then follow up with a quick call.
He seemed pretty chill, not super corporate, which is a relief. Really kinda wanna get kinda this gig, could be a big step for me. Gotta make sure kinda I highlight the eco-friendly projects I've done before. Um, he also mentioned he needs a logo redesign and maybe some social media templates. Don't forget to ask about his budget range before I put together a formal proposal. He's based in Brooklyn, so maybe sorta we could meet for coffee next week if things progress.
Remind myself to google his company, 'GreenThread Apparel'.",28,Female,en_US,Graphic Designer,contact,,,,,,
756,HungLD,,,,,,,2026.03.10,16,Note,Sarah Kim,"Tutor for Liam:
 • Name: Ms. Evelyn Reed (she prefers Evelyn)
 • Specialist in middle school math and science
 • Met her at the school's parent-teacher conference
 • She sounded really patient and good with kids
 • Liam's grades have been slipping a bit in algebra?
 • She offers sessions after school, usually from 4 PM to 6 PM!
 • She said her rates are $50/hour, which seems reasonable
 • Also asked about group sessions if other parents are interested
 • Will text her by Friday to set up a trial session
 • She mentioned she has a waiting list, so better be quick
 • Her number is +1 206-555-0115.!
 • She sends weekly progress reports which is nice.
 • I just hope Liam doesn't fight me on this one. He's so stubborn.",34,Female,en_US,Teacher,contact,,,,,,
757,HungLD,,,,,,,2026.03.10,11,Note,Michael Brown,"Auto Mechanic: Tony's Garage
 Tony Moretti
 +1 702-555-0145
 
 Car started making that weird grinding noise again, prob the brakes. Ugh.
 Need to call Tony soon to get it checked out before it gets worse. He's usually pretty booked so better call sorta like first thing Monday.
 
 Notes from last time:
 * He fixed the rattling sound in the exhaust system quickly.
 * He's honest, tells you exactly what needs fixing, no upsells.
 * Reminded me about an oil change due soon, might as well do it now.
 * He only works weekdays, closes kinda early, like 5 PM.
 * He said to text him first if I wanna drop off the car early.
 * He's super good with German cars, which is why I like him for my BMW.
",52,Male,en_US,Financial Advisor,contact,,,,,,
764,,,PhucVQ,reject,,,,,6,Note,Marcus T.,"1. Call Mr. Alvarez about the used Corolla for Jamie.
2. +1 646-555-0217 office line, maybe still good.
3. Met him through my old coworker Dev at the Queens shop.
4. He said the blue car had new brakes + decent tires.
5. Need to ask mileage again bc I wrote it on scrap paper and lost it.
6. Also ask if title is clean, no salvage stuff.
7. Don’t bring up final budget right away.
8. Better time to call: lunch break or after 5:30.
9. If no answer, text first and say “Marcus from Dev’s job.”
10. He talks kinda blunt lol, not rude just busy.
11. Might know another seller if this one falls thru.
12. Reminder: Jamie wants backup cam if possible, but not a dealbreaker.
13. Probly set up viewing for Sat morning.
14. Write down VIN this time, seriously.",41,Male,en_US,Warehouse supervisor,contact,,,,,,
765,,,PhucVQ,reject,,,,,7.6,Note,Priya R.,"landlord note before I forget

Mrs. Keene from apt office helped when the sink leaked in Feb.
said to contact her direct for renewl questions, not the front desk bc they mess it up sometimes.

Name: Mrs. Keene
extension was weirdly hard to hear on voicemail
main cell: +1 404-555-0136
backup office: +1 404-555-0102

Call her Tues or Wed, mornings are better.
Need to ask about parking pass, rent jump, and if storage locker opens next month.
She remembers me as “unit 3B with the noisy ceiling fan.”
Be nice but firm abt the water stain in hallway.
Also ask if I can switch to month-to-month for a bit.",34,Female,en_US,Dental hygienist,contact,,,,,,
766,,,PhucVQ,reject,,,,,5.7,Note,Priya,"Saved this so I stop digging through old messages for Jenna's info.

Jenna Morales, wedding florist from my coworker Elise's ceremony last fall.
Her cell is +1 503-555-0162 and she said texting is way better than email.
I liked her bc she didn't make every bouquet look the same cookie-cutter thing.

Need to reach out next week, maybe Tuesday night, about flowers for Nia's engagement dinner.
Not a huge event, more like family + close friends, so keep the order simple.
Ask about loose stems for the entry table, not just centerpieces.
She also knew a candle rental person, maybe still has that contact.

Things to mention:
- dinner is in Portland, east side, not at a formal venue
- color idea is cream, soft orange, a little green, nothing too pink pls
- budget needs to stay sane, under 400 if possble
- tell her Nia is alergic to super strong floral smells
- ask whether she delivers or if pickup is easier

Jenna answered me once from another number too: +1 971-555-0138.
I think that's her work phone? not 100% sure.
She was warm, organized, tiny bit scatterbrained but in a good way.
Do not contact on Sunday morning, she said that's market day and she's swamped.
Maybe ask if she can send a few pics from past small dinners, not giant weddings.
Remember: this is for Nia, not for my own party stuff, dont mix up the dates again.",34,Female,en_US,Product Manager,contact,,,,,,
767,,,PhucVQ,reject,,,,,13,Note,Lauren,"Call Megan from the dog park lady
+1 312-555-8041
met her last Sat when Benny got loose again lol
she said her brother does cheap fence repairs on the side
ask if he can look at the back gate before friday
also Megan knows that groomer in Oak Park
I keep forgeting the name, sounded like ""Paws & Co"" maybe
best time to call = after 6:30 pm
dont call during her lunch, she works at a dental office
mention the black lab / tennis ball thing so she remembers me
if no answer, text first not too formal
need this fixed before mom visits
backup note: she said texting is easier than voicemail most days",34,Female,en_US,Elementary teacher,contact,,,,,,
768,,,PhucVQ,reject,,,,,19,Note,Darnell,"1. Jerome Carter - old auto shop contact from when the Civic died on I-55
2. +1 773-555-2196
3. prob still at South Loop Garage, not 100% sure tho
4. Call him about brake noise on the truck, kinda grinding again
5. He was straight w me last time, didnt overcharge
6. Ask if he does Saturday mornin slots
7. If he doesn't pick up, try cousin's guy later and compare price
8. Dont forget to mention silver Ford F-150, 2018
9. Also ask if he can check the tire sensor light while its there
10. maybe ask for rough estimate first so I dont get surprised
11. he said ""text pics if needed"" but I never saved that thread right
12. call before 11 am, after that shop gets busy
13. if booked out too far, ask for a rec instead
14. sounds silly but write down quote this time
15. Jerome seemed chill, just talks fast",41,Male,en_US,Delivery supervisor,contact,,,,,,
769,,,PhucVQ,reject,,,,,3.2,Note,Priya,"Need to keep this contact bc apartment stuff always turns into a mess.

Rosa - building manager's assistant, the one who actually answers and gets things done.
She helped when the package room lock jammed and when the upstairs leak thing happened, so def better to reach her first before the main office.

Her number is +1 646-555-4827

Things to ask next time:
- when pest control is coming back to unit 4B hallway
- if they can resend the parking permit form bc mine vanished from email somehow
- whether guests can use the side entrance on weekends

Best time is early, like around 8ish or a little after.
She told me afternoons are chaos and she misses calls.

Say I'm ""Priya from 4B with the blue bike by the stairwell"" so she knows who I am.
Text is prob fine, but keep it short bc she writes super brief.
Dont ramble. Ask one thing at a time.",29,Female,en_US,UX designer,contact,,,,,,
770,,,PhucVQ,reject,,,,,10,Note,Travis,"1) Jorge Ramirez - old apartment plumber guy
helped fix the kitchen leak last winter, not cheap but came same day
2) +1 602-555-0144
3) call only after lunch, he said mornings are chaos bc school dropoff
4) ask abt the weird rattling behind the guest bathroom wall
5) maybe also ask if he still knows an electrician, mine ghosted me again
6) saved this bc landlord takes forever and Jorge at least shows up
7) speaks english + spanish, super fast talker lol
8) mention ""unit B by the laundry room"" so he remembers
9) dont schedule for tues, im at clinic all day
10) cash was fine last time but I think he does Zelle now
11) he wore a navy cap w ""AZ"" on it, just in case I mix him up w another guy
12) if no answer, text first, way better odds
13) need this sorted before mom visits next month",41,Male,en_US,Respiratory therapist,contact,,,,,,
771,,,PhucVQ,reject,,,,,18,Note,Alina,"Call Mia Chen tmrw maybe around 6:30, not during her shift
she's the event florist my cousin used for the tiny backyard wedding
+1 917-555-0126 is her cell I think
- ask if she can do simple white tulips + eucalyptus, nothing too fancy
- budget needs to stay under 400 bc everything is already running high ugh
she told me once spring weekends fill up crazy fast
best to remind her I'm Nina's cousin from Queens
* if she answers, ask about delivery to Hoboken too
* if not, send pics later and keep it short
I liked her bc she wasnt pushy and actually listened
saved her contact after that coffee chat near 8th st
note to self: dont call on sunday morning, she said family time
also check whether the number ends in 26 or 28 before sending deposit, pretty sure 26 tho
tiny spelling in her insta handle was weird, ""petalsbymia"" maybe??",34,Female,en_US,Product manager,contact,,,,,,
772,,,PhucVQ,reject,,,,,9,Note,Marcus Reed,"Need this guy for the apartment leak issue — Trevor, plumber my upstairs neighbor swears by.
Neighbor said he actually shows up, which already makes him better than the last dude.

Name: Trevor Haines
works mostly north side / older buildings
said he can do evenings if it's urgent

• +1 617-555-0229
• call after 5 bc he's on jobs all day
• mention ""unit 3B sink + wall stain""

I met him for like 2 mins in the hallway last winter. nice enough, boots all muddy.
He told me to take pics before the drywall gets worse.

Checklist for call:
1) ask service fee first
2) ask if he patches wall too or just pipe
3) see if Sat morning is open
4) dont forget to ask about invoice for landlord

backup if Trevor flakes: ask Nina for the other number again
seriosuly need this fixed before it starts smelling weird",41,Male,en_US,Restaurant Manager,contact,,,,,,
773,,,PhucVQ,reject,,,,,11,Note,Daniel Brooks,"random but keep this contact bc Coach Lena knows the rec league schedule and the better gym rental ppl.
Met her after Tyler's Thursday basketball run, she was the one with the clipboard and neon green water bottle.

Best contact first: text
+1 702-555-0191

Why I saved it:
- might join the Sunday league in summer
- she said they need one more guard sometimes
- also knows cheap refs for weekend games

Lena Morris
usually replies at night
dont message during school pickup hrs, she mentioned kids

Need to ask:
1. team fee
2. jersey color
3. if they play at Henderson or downtown

note to self: be normal, don't write a whole paragraph lol
just say Tyler gave me her number and I'm intrested in subbing first
if that works out, ask later about open gym times too",26,Male,en_US,Graphic Designer,contact,,,,,,
774,,,PhucVQ,reject,,,,,5.4,Note,Emily Carter,"Met someone today at the dog park and prob should keep her info here so I dont forget.

Her name is Melissa Grant.
She has that golden retriever named Toby that Daisy kept chasing around lol.

She mentioned a pet-sitting service she runs part time.

Phone number: +1 303 771 9824

If we travel this summer she might watch Daisy.

Quick notes about her:
- lives two streets over on Maple Ave
- works remote in marketing
- usually at the park around 6:30pm

She also gave me her sister’s contact in case of bigger boarding jobs.
Jessica Grant — +1 303 771 4450

Need to text Melissa next week about availability in July.

Remember to ask price per night and if she does weekend drop-ins.

Also she said texting works best bc she hates answering unknown calls.

Daisy liked her a lot which is kinda important honestly.

Maybe invite her for coffee sometime since we live close.

dont lose this number again like last time.",29,Female,en_US,Graphic Designer,contact,,,,,,
775,,,PhucVQ,reject,,,,,8.4,Note,Marcus Thompson,"Contacts from the contractor situation at the apartment building.

I keep mixing them up so writing everything clearly.

• David Larkin – electrician
Phone: +1 617 445 3321
Met him when the hallway lights kept flickering.

He said to call if the breaker trips again.

• Sandra Cho – building maintenance supervisor
+1 617 998 7102
She manages the repair schedule for the property.

Important stuff:
1. David prefers calls before 4pm
2. Sandra answers texts quicker
3. Both already know unit 3B has wiring issues

Also David mentioned another guy for emergency work:
Tom (backup electrician) +1 617 332 6640

Write down why I might call:
- bathroom outlet still loose
- hallway switch buzzing sound
- maybe upgrade old breaker panel

Need to follow up Tuesday morning.

Try David first before contacting Sandra again.

dont forget to describe the flickering exactly like last time.

Also ask rough estimate cost before they come out.

Leaving this note here so I stop digging through old texts.",44,Male,en_US,Property Manager,contact,,,,,,
776,,,PhucVQ,reject,,,,,7,Note,Hannah Brooks,"Random but important contacts from the pottery class at community center.

I always forget who offered help with the kiln situation.

First person:
Laura Chen – ceramic artist who teaches Saturdays.
Phone +1 415 772 9065

She said I can text if I want advice about glazing colors.

Another contact from class:
- Derek Walsh
- runs a small pottery supply store
- number: +1 415 665 1182

Why keeping these numbers:
1. Laura offered to check my bowl design next week
2. Derek gives student discount sometimes
3. both seem nice and patient with beginners like me

Reminder for myself:
bring the blue clay bowl to show Laura.

Also ask Derek about cheaper clay bags (the ones at studio kinda pricey).

Call Derek if studio runs out again.

Laura said texting photos works too.

Dont message too late tho — she said evenings are family time.

really hope I dont mess up the glaze again lol.

Saving here so I actually keep in touch.",33,Female,en_US,Elementary School Teacher,contact,,,,,,
777,,,NhiNX,hold ,,trùng sđt,,,10,Note,Lauren,"Met Rosa from the apt leasing office when the pkg room key stopped working again.
Need to call her before Friday so they don't charge me for that dumb replacement.
+1 312-555-0184
She said mornings are better, like before 10:30 if possible.
Ask about unit 4B parking waitlist too.
I think her ext was 6? maybe just ask front desk if she doesnt pick up.
Also mention the hallway light by laundry has been flickering for 2 wks.
Don't forget she was actually nice last time, so be polite lol.
Could ask if they still have that shorter lease option.
If voicemail, leave name + apt 2C clearly bc last time I mumbled.
Rosa said texting is slower, call is better.
Need this done before rent hits next week.
Backup office line was +1 312-555-0119 but only use if main one fails.
saved this here bc I keep losing the little sticky note.
bring up water bill thing too if there's time.
not urgent-urgent, but kinda is.",29,Female,en_US,Graphic Designer,contact,,,,,,
778,,,NhiNX,hold ,,trùng sđt,,,9,Note,Lauren,"Met Ava from the dog park on Sunday, she said her brother does cheap fence fixes too.
Need to call her after 6 bc she teaches all day.
+1 312-555-0184
Ask if she still has that pet sitter rec for June.
She has the golden retriever, Milo, super friendly.
Prob spell her last name Benton? maybe Bentin.
Don't text too late, she said her phone stays on loud for school alerts.
Also ask about the extra house key thing.
If she doesnt pick up, leave voicemail, not a long one tho.
Mention I was the one with the beagle that kept eating leaves lol.
Could be useful for neighborhood yard sale contact list too.
Lives two streets over near the blue mailbox.
Said weekends are easier unless there's a soccer game.
Her brother's number might be seperate, ask for it.
Need this sorted before next friday.
Remind myself: be normal, not too rambly.",29,Female,en_US,Graphic Designer,contact,,,,,,
779,,,NhiNX,hold ,,trùng sđt,,,12,Note,Ashley M.,"Met Nina from the dog park by the river last Sunday.
She said her brother does cheap fence fixes if ours keeps leaning.
+1 312-555-0184
Don’t call too early, she works night shift at the hotel.
Best time maybe after 1 pm or around 7 ish.
Ask about the cedar panels, not vinyl.
She also knows a pet sitter in case we travel in June.
Her dog is the tiny brown one, Mochi I think.
I said I’d text pics of the backyard but still forgot.
Need to mention the loose gate latch too.
If she doesn’t answer, leave voicemail bc she said unknown nums get ignored.
Pretty nice, kinda fast talker, but helpful.",29,Female,en_US,Graphic designer,contact,,,,,,
780,,,NhiNX,hold ,,trùng sđt,,,,Note,Aaron,"1) Rob - old HVAC guy from the condo board list, actually pretty nice
2) +1 312-555-0114
3) call him if the hallway vent keeps making that clunk clunk sound again
4) not for emergencies after midnight, he said use office line then
5) came by last winter and fixed the heat in like 20 mins
6) owes me estimate for the upstairs unit filter replacemt
7) ask whether the rattling means dirty motor or just loose panel
8) he said Fridays are packed, Mon afternoon better shot
9) wife’s name maybe Denise? dont mix that up on the phone
10) mention unit 4B so he remembers which building
11) if no answer, text first w/ “from Maple building”
12) also maybe ask if he still does small side jobs or only company calls now
13) backup note: there was another number in email but this one worked last time
14) dont wait till it gets worse again
15) seriously call before summer hits",41,Male,en_US,Restaurant manager,contact,,,,,,
781,,,NhiNX,hold ,,trùng sđt,,,,Note,Ava,"1) Marisol from dog park - golden retriever lady, said her brother does cheap fence repair
2) call after 6:30 pm bc she works front desk all day
3) +1 312-555-0186
4) lives near Oak St, blue bungalow w/ the tiny cactus pots
5) ask about fixing back gate latch + maybe side panel too
6) don't forget she said ""text first pls"" bc random calls get ignored
7) met her Sunday when Benny slipped his leash again, super nice abt it
8) might also know a pet sitter if I'm out of town next month
9) husband maybe named Rick? not 100% sure
10) mention Benny is the jumpy beagle so she remembers me
11) price she guessed was prob less than Home Depot ppl
12) if no answer, try around lunch Fri maybe she checks phone then
13) also maybe save her neighbor's num later if this works out
14) need fence done before HOA starts nagging agian",29,Female,en_US,Graphic designer,contact,,,,,,
782,,,NhiNX,hold ,,trùng sđt,,,,Note,Devin,"1. Carla from the old dental office, front desk not the dentist
2. +1 312-555-0114
3. saved bc she said she can still email me the tax receipt from last year
4. call during lunch break only, like 12:15 or 12:30
5. do not forget to ask for itemized copy too
6. she remembered me as ""the guy who lost his hoodie"" lol
7. might also know if Dr. P is taking new patients again
8. if she sounds rushed, just text after
9. texting is okay but keep it short
10. mention date of last cleaning so she can find file faster
11. possible alt number from card: +1 773-555-0149
12. pretty sure second number is billing desk, not Carla direct
13. check spelling of her last name, maybe Mendez or Menedez",41,Male,en_US,Warehouse Supervisor,contact,,,,,,
783,,,NhiNX,hold ,,trùng sđt,,,3,Note,Maya,"• Aaron from the old apartment building
• +1 312-555-0184
• maintenance guy, helped me get back in when I locked myself out last winter
• said to text first, he hates random calls
• mostly useful if I need the paint color code or landlord history
• knows where the extra mail key ended up
• call after 6 pm, not during his shift
• remind him I was in unit 3B with the noisy heater
• owes me the name of that cheap plumber he mentioned
• maybe ask if his cousin still does small drywall jobs
• dont forget he talks fast, write stuff down
• if no answer, wait a day, dont spam
• also ask abt the bike rack fee thing
• nice guy, just kinda scatter brained",29,Female,en_US,Graphic Designer,contact,,,,,,
784,,,NhiNX,hold ,,2 dòng liên tiếp,,,10,Note,Priya,"Need to keep this straight before I forget.

Auntie's friend Nora works at the community college advising office, and she said I can reach out if Malik wants info on late enrollment. I saved her after the family bbq bc she was weirdly helpful and wrote everythng down on a napkin.

Nora Jenkins
prefers text first, then call
says mornings are calmer for her
+1 404-555-0442

Things to ask her:
- deadline for summer classes
- whether financial aid forms can still be fixed
- if evening classes fill up fast
- parking pass cost maybe?

Context so I remember:
she met Malik once when he was talking abt going back to school
said not to feel embarassed abt being older than other students
super warm, little fast-talker, but knows her stuff

If she doesn't reply in 2 days, try the desk line she mentioned: +1 404-555-0489
Don't call Friday after lunch, she said that's advising rush time.
Also mention Aunt Denise sent me so she knows I'm not random spam.",29,Female,en_US,Graphic designer,contact,,,,,,
785,,,NhiNX,hold ,,Trùng sđt,,,3,Note,Megan,"Sarah from the dog groomer
+1 415-555-0187
met her at Paws & Bubbles on 4th ave when Milo freaked out during nail trim
she said txt is better than calling before 9am
ask if she still does house calls on saturdays

also maybe ask abt that calming shampoo she mentioned
kinda urgent before next weekend trip
she was super nice, blond pixie cut, had the green apron
I told her Milo is the beagle mix w the bad ear scratching thing

if she doesnt pick up, leave vm w my name only
need price for bath + nails + de-shed
dont forget to ask if she takes Venmo now
backup note: she said her sister sometimes helps if she's booked",29,Female,en_US,Graphic designer,contact,,,,,,
786,,,NhiNX,hold ,,trùng sđt,,,2.3,Note,Ava Miller,"Jenna florist from Mia's wedding stuff. need to call her back tmrw, not too early.

Met her at the venue open house in March and she said she can still do small custom orders if I text first. saved this bc I always forget who had the peony samples.

+1 312-555-0184
best time: after 10:30 am
Chicago shop, near Wicker Park i think

- ask about white ranunculus + eucalyptus
- see if she still has the dusty pink ribbon option
- remind her I'm Mia's cousin, not the bride

1. don't call on Sunday, she said church/family day
2. text first if I'm running late
3. get rough price before sending inspo pics

also maybe ask if she knows a cheap candle person bc the last one ghosted me lol
her voice was super nice, kinda fast tho
if no answer, leave msg with my name slowly",29,Female,en_US,Elementary Teacher,contact,,,,,,
787,,,NhiNX,hold ,,2 dòng liên tiếp,,,9,Note,Priya Thompson,"Dad's old Army friend maybe helpful for used car shipping, writing it all here before I lose the sticky note again.

Ralph Benton
+1 904-555-0176
Jacksonville area

Dad said Ralph did transport/logistics forever and still knows people at the port. not selling me anything, just advice maybe, so don't sound pushy when I call.

Call script kinda:
- say I'm David Thompson's daughter
- ask about moving the Subaru from FL to Austin
- check if enclosed shipping is worth it or overkill

He prefers calls, not long texts.
late afternoon is better bc mornings he golfs apparantly.

Things to ask:
1. avg price rn
2. how much lead time
3. any company names to avoid
4. if pickup from aunt's house costs extra

He sounded funny on speakerphone, kept saying ""don't let em scam ya.""
remember to thank him for helping dad years ago
if he doesn't answer, wait a day before trying again",34,Female,en_US,UX Designer,contact,,,,,,
788,,,NhiNX,hold ,,2 câu liên tiếp,,,14.8,Note,Jason Miller,"Need to remember this contact from last weekend's car repair mess. The guy was super helpful even tho I called late.

His name is Ray Gutierrez – runs a small auto shop outside Austin.

Phone: +1 512 389 4421

I met him when my truck battery died in the grocery parking lot. He jump started it and told me to call if it happens again.

Things to remember before calling:
1. Usually works mornings only
2. Closed Sundays (he mentioned church thing)
3. Might give a small discount since he already looked at the truck

Also saved another number he scribbled down for parts:
- Mike (auto parts supplier) +1 512 903 7714
- might be cheaper than AutoZone

Call Ray sometime this week about that weird rattling noise from engine.

Dont forget to ask if he can check brakes too.

Ray said texting is fine but he answers calls faster.

Note: super friendly guy, kinda quiet but knows trucks well.

keep this contact — prob gonna need him again.",36,Male,en_US,Delivery Driver,contact,,,,,,
812,,,NhiNX,hold ,,trùng sđt với sheet 11/03/2026,,,0,Note,,"=+1 312-555-4819 Ryan Patel - not family, this is the freelance electrician Luis recomended after the breaker thing last month.
 Saved him bc he actually answered on a Sunday, which basically nobody did.
 
 Need to call before 8pm, he said after that he mutes unknown numbers and prob wont see it till next day.
 Ask if he can come by the condo Wed or Fri, preferably after 4:30 when I’m home from school.
 
 * also ask what he charges just to inspect old wiring in kitchen
 * mention the outlet by the coffe maker sparked once, then acted normal, super weird
 * tell him parking in back alley is easier than front street
 
 Second number from his invoice might be office line: +1 773-904-6620
 not 100% sure tho, my handwriting was trash that day.
 
 1) Ryan said text pics first
 2) dont forget unit 3B + gate code 1942
 3) if he cant do it, ask who else he trusts in Logan Sq area
 
 Email maybe for estimates: rpatel.electric@gmail.com
 
 He seemed straightfwd, a little rushed, but decent and not salesy.",41,Male,,High School Teacher,contact,,,,,,
813,,,NhiNX,hold ,,2 dòng liên tiếp,,,12,Note,,"Auto body note bc I keep misplacing the card.
 Met Luis after the tiny fender bender near the Target parking lot.
 He said to reach him direct at lunch break, not during pickup jobs.
 Luis Ortega
 email: luis.ortega.paintshop@yahoo.com
 
 Usually best time = 12:30ish or after 6.
 
 * +1 702-554-1189
 * shop is over on East Charleston, same block as that tire place
 * ask abt buffing out the passenger door scratch too
 
 He also mentioned his cousin does windshield chips.
 Cousin's name maybe Devin? I wrote it messy.
 +1 725-440-6621
 
 Need estimate before Friday bc insurance lady keeps nagging me.
 Don't sound confused when I call lol.
 Say silver Honda Civic, 2018, side scuff and cracked rear light.
 If Luis doesn't pick up, leave short voicemail only.",29,Male,,Delivery Driver,contact,,,,,,
814,,,NhiNX,hold ,,trùng sđt,,,1,Note,,"Need to call Carla from the old apt building abt the package that got left in my lobby again.
 She said evenings are better bc she's at the salon all day.
 
 +1 312-555-1846
 Carla Mendez
 
 - met her when I moved out of Oakview last summer
 - super nice, helped w the spare key mess
 - ask if she can also text me a pic of the label
 
 Email maybe: carla.mendez.chi@gmail.com
 
 
 1) call after 6:30, not during lunch rush
 2) mention the blue Nike box + maybe one white envelope too
 3) if no answer, leave vm slow bc last time I rambled lol
 
 also check if her brother Luis still has my plant stand.
 dont forget to say thx for holding stuff, been way too scatterbrained lately.",29,Female,,Graphic designer,contact,,,,,,
815,,,NhiNX,hold ,,2 dòng liên tiếp,,,6,Note,,"=+1 415-682-9047
 Marvin Lee - hvac guy from bldg 3, front desk gave me his # after the AC kept making that rattly sound
 came by last Thurs, seemed nice, said text is better than calling before 8am
 Need to ask if he can check the guest room vent too bc it still smells dusty.
 1) ask abt weekend rate
 2) send him pic of the hallway unit label
 3) remind him gate code is 1942
 also maybe ask if he knows a cheap electrician, he mentioned his cousin does side jobs.
 Email he wrote on the reciept: marvin.lee.service@gmail.com
 
 dont call during his son's baseball game on Wed nights, he literally said pls not then lol
 If no reply by Fri, try around lunch.
 He parked the white Ford van near the mailboxes last time.
 - says he works mostly north side of town
 - cash or Zelle both ok
 - owes me quote for filter replacment
 Backup note: contact was saved bc landlord never answers fast enough and summer is starting again.
 if I text, start w/ “hi Marvin this is Alyssa from Maple Ct” so he knows who I am",29,Female,,Elementary teacher,contact,,,,,,
816,,,NhiNX,hold ,,2 dòng liên tiếp,,,14,Note,,"Notes for contacts from the apt building + that dog sitter lady
 Ms. Eleanor Briggs, downstairs neighbor, retired nurse, knows everyone and somehow always has the right phone numbr.
 She told me to call only in the evening bc she naps after lunch.
 email: eleanorbriggs62@yahoo.com
 
 I saved her bc she offered to water plants when I visit Austin in April.
 Need to confirm if she still wants spare key or just building fob.
 +1 646-807-3312
 Paragraph so I remember the vibe: very kind, talks a lot, maybe bring her banana bread tin back bc she lent it in Dec and I STILL have it. kinda embarassing.
 - ask if she can also grab mail on Sat
 - tell her monstera only needs water once
 - leave emergency contact on fridge maybe
 2nd contact in same note: Rachel Kim, dog sitter from Rover-ish app, watched Mochi once and sent lots of pics which I loved.
 +1 917-430-6628
 text first, never call late, she said her phone is on do-not-disturb after 9.
 1) ask rate for Apr 12-14
 2) mention Mochi is scared of loud trucks
 3) check if she still does morning walks in Brooklyn Heights
 saved both here bc my contacts app got messy after the last phone update ugh",34,Female,,Product manager,contact,,,,,,
817,,,,,,,,,,Note,,,,,,,contact,,,,,,
818,,,,,,,,,,Note,,,,,,,contact,,,,,,
819,,,,,,,,,,Note,,,,,,,contact,,,,,,
820,,,,,,,,,,Note,,,,,,,contact,,,,,,
821,,,,,,,,,,Note,,,,,,,contact,,,,,,
822,,,,,,,,,,Note,,,,,,,contact,,,,,,
823,,,,,,,,,,Note,,,,,,,contact,,,,,,
824,,,,,,,,,,Note,,,,,,,contact,,,,,,
825,,,,,,,,,,Note,,,,,,,contact,,,,,,
826,,,,,,,,,,Note,,,,,,,contact,,,,,,
827,,,,,,,,,,Note,,,,,,,contact,,,,,,
828,,,,,,,,,,Note,,,,,,,contact,,,,,,
829,,,,,,,,,,Note,,,,,,,contact,,,,,,
830,,,,,,,,,,Note,,,,,,,contact,,,,,,
831,,,,,,,,,,Note,,,,,,,contact,,,,,,
832,,,,,,,,,,Note,,,,,,,contact,,,,,,
833,,,,,,,,,,Note,,,,,,,contact,,,,,,
834,,,,,,,,,,Note,,,,,,,contact,,,,,,
835,,,,,,,,,,Note,,,,,,,contact,,,,,,
836,,,,,,,,,,Note,,,,,,,contact,,,,,,
837,,,,,,,,,,Note,,,,,,,contact,,,,,,
838,,,,,,,,,,Note,,,,,,,contact,,,,,,
839,,,,,,,,,,Note,,,,,,,contact,,,,,,
840,,,,,,,,,,Note,,,,,,,contact,,,,,,
841,,,,,,,,,,Note,,,,,,,contact,,,,,,
842,,,,,,,,,,Note,,,,,,,contact,,,,,,
843,,,,,,,,,,Note,,,,,,,contact,,,,,,
844,,,,,,,,,,Note,,,,,,,contact,,,,,,
845,,,,,,,,,,Note,,,,,,,contact,,,,,,
846,,,,,,,,,,Note,,,,,,,contact,,,,,,
847,,,,,,,,,,Note,,,,,,,contact,,,,,,
848,,,,,,,,,,Note,,,,,,,contact,,,,,,
849,,,,,,,,,,Note,,,,,,,contact,,,,,,
850,,,,,,,,,,Note,,,,,,,contact,,,,,,
851,,,,,,,,,,Note,,,,,,,contact,,,,,,
852,,,,,,,,,,Note,,,,,,,contact,,,,,,
853,,,,,,,,,,Note,,,,,,,contact,,,,,,
854,,,,,,,,,,Note,,,,,,,contact,,,,,,
855,,,,,,,,,,Note,,,,,,,contact,,,,,,
856,,,,,,,,,,Note,,,,,,,contact,,,,,,
857,,,,,,,,,,Note,,,,,,,contact,,,,,,
858,,,,,,,,,,Note,,,,,,,contact,,,,,,
859,,,,,,,,,,Note,,,,,,,contact,,,,,,
860,,,,,,,,,,Note,,,,,,,contact,,,,,,
861,,,,,,,,,,Note,,,,,,,contact,,,,,,
862,,,,,,,,,,Note,,,,,,,contact,,,,,,
863,,,,,,,,,,Note,,,,,,,contact,,,,,,
864,,,,,,,,,,Note,,,,,,,contact,,,,,,
865,,,,,,,,,,Note,,,,,,,contact,,,,,,
866,,,,,,,,,,Note,,,,,,,contact,,,,,,
867,,,,,,,,,,Note,,,,,,,contact,,,,,,
868,,,,,,,,,,Note,,,,,,,contact,,,,,,
869,,,,,,,,,,Note,,,,,,,contact,,,,,,
870,,,,,,,,,,Note,,,,,,,contact,,,,,,
871,,,,,,,,,,Note,,,,,,,contact,,,,,,
872,,,,,,,,,,Note,,,,,,,contact,,,,,,
873,,,,,,,,,,Note,,,,,,,contact,,,,,,
874,,,,,,,,,,Note,,,,,,,contact,,,,,,
875,,,,,,,,,,Note,,,,,,,contact,,,,,,
876,,,,,,,,,,Note,,,,,,,contact,,,,,,
877,,,,,,,,,,Note,,,,,,,contact,,,,,,
878,,,,,,,,,,Note,,,,,,,contact,,,,,,
879,,,,,,,,,,Note,,,,,,,contact,,,,,,
880,,,,,,,,,,Note,,,,,,,contact,,,,,,
881,,,,,,,,,,Note,,,,,,,contact,,,,,,
882,,,,,,,,,,Note,,,,,,,contact,,,,,,
883,,,,,,,,,,Note,,,,,,,contact,,,,,,
884,,,,,,,,,,Note,,,,,,,contact,,,,,,
885,,,,,,,,,,Note,,,,,,,contact,,,,,,
886,,,,,,,,,,Note,,,,,,,contact,,,,,,
887,,,,,,,,,,Note,,,,,,,contact,,,,,,
888,,,,,,,,,,Note,,,,,,,contact,,,,,,
889,,,,,,,,,,Note,,,,,,,contact,,,,,,
890,,,,,,,,,,Note,,,,,,,contact,,,,,,
891,,,,,,,,,,Note,,,,,,,contact,,,,,,
892,,,,,,,,,,Note,,,,,,,contact,,,,,,
893,,,,,,,,,,Note,,,,,,,contact,,,,,,
894,,,,,,,,,,Note,,,,,,,contact,,,,,,
895,,,,,,,,,,Note,,,,,,,contact,,,,,,
896,,,,,,,,,,Note,,,,,,,contact,,,,,,
897,,,,,,,,,,Note,,,,,,,contact,,,,,,
898,,,,,,,,,,Note,,,,,,,contact,,,,,,
899,,,,,,,,,,Note,,,,,,,contact,,,,,,
900,,,,,,,,,,Note,,,,,,,contact,,,,,,
901,,,,,,,,,,Note,,,,,,,contact,,,,,,
902,,,,,,,,,,Note,,,,,,,contact,,,,,,
903,,,,,,,,,,Note,,,,,,,contact,,,,,,
904,,,,,,,,,,Note,,,,,,,contact,,,,,,
905,,,,,,,,,,Note,,,,,,,contact,,,,,,
906,,,,,,,,,,Note,,,,,,,contact,,,,,,
907,,,,,,,,,,Note,,,,,,,contact,,,,,,
908,,,,,,,,,,Note,,,,,,,contact,,,,,,
934,,,NhiNX,hold ,,trùng kịch bản,,2026.03.10,,Note,Ava,"Met Jenna from the apt leasing office after the pipe leak thing in bldg C. Need to keep her # bc she actually answers.

Jenna Ruiz
+1 312 555 0487

Call her tmrw after 10am, not earlier, she said mornings are chaos.
Ask if maintenance ever fixed the hallway light by 3C.
Also ask abt the package room code bc mine still wont work.

If no answer, text first dont just ring again.
She said texting is better when she's in meetings.

mention the damp wall near kitchen window
and the weird paint smell still there.

Alt contact maybe front desk if Jenna out, but start w her.
Saved this bc I always forget names.
Nice girl, curly hair, had blue clipboard.
Met on Thurs after work around 6-ish.
Dont lose this one.",29,Female,US,Graphic designer,contact,,,,,,
935,,,NhiNX,hold ,,trùng kịch bản,,2026.03.10,,Note,Ava,"Met Jenna from the apt leasing office after the pipe leak thing in bldg C. Need to keep her # bc she actually answers.

Jenna Ruiz
+1 312 555 0487

Call her tmrw after 10am, not earlier, she said mornings are chaos.
Ask if maintenance ever fixed the hallway light by 3C.
Also ask abt the package room code bc mine still wont work.

If no answer, text first dont just ring again.
She said texting is better when she's in meetings.

mention the damp wall near kitchen window
and the weird paint smell still there.

Alt contact maybe front desk if Jenna out, but start w her.
Saved this bc I always forget names.
Nice girl, curly hair, had blue clipboard.
Met on Thurs after work around 6-ish.
Dont lose this one.",29,Female,US,Graphic designer,contact,,,,,,
936,,,NhiNX,hold ,,trùng kịch bản,,2026.03.10,,Note,Marcus,"1) Call Rico about the used Honda parts he mentioned from his cousin's shop.
2) Number is +1 713 555 6621 and he said weekends are best.
3) Met him at the gas station on Fulton, he drives the gray Tacoma.
4) He knows somebody who can find a cheap alternator.
5) Need to ask if its for 2014 or 2015 Civic bc I probly said the year wrong.
6) Dont talk too long, he works nights and gets cranky lol.
7) Also ask if he still has that mechanic's number.
8) Might be Manny? or maybe Martin, not sure.
9) If Rico doesnt pick up, wait a few hrs before trying again.
10) Mention cash only, no card.
11) He told me ""after lunch is good.""
12) Could help Dad too if his battery issue comes back.
13) Save under Rico parts guy so I can find it fast.
14) Call before Saturday if possble.
15) He seemed solid, just talks fast.",41,Male,US,Warehouse supervisor,contact,,,,,,
937,,,NhiNX,hold ,,trùng kịch bản,,2026.03.10,,Note,Ava,"Met Jenna from the apt leasing office after the pipe leak thing in bldg C. Need to keep her # bc she actually answers.

Jenna Ruiz
+1 312 555 0487

Call her tmrw after 10am, not earlier, she said mornings are chaos.
Ask if maintenance ever fixed the hallway light by 3C.
Also ask abt the package room code bc mine still wont work.

If no answer, text first dont just ring again.
She said texting is better when she's in meetings.

mention the damp wall near kitchen window
and the weird paint smell still there.

Alt contact maybe front desk if Jenna out, but start w her.
Saved this bc I always forget names.
Nice girl, curly hair, had blue clipboard.
Met on Thurs after work around 6-ish.
Dont lose this one.",29,Female,US,Graphic designer,contact,,,,,,
938,,,NhiNX,hold ,,trùng kịch bản,,2026.03.10,,Note,Marcus,"1) Call Rico about the used Honda parts he mentioned from his cousin's shop.
2) Number is +1 713 555 6621 and he said weekends are best.
3) Met him at the gas station on Fulton, he drives the gray Tacoma.
4) He knows somebody who can find a cheap alternator.
5) Need to ask if its for 2014 or 2015 Civic bc I probly said the year wrong.
6) Dont talk too long, he works nights and gets cranky lol.
7) Also ask if he still has that mechanic's number.
8) Might be Manny? or maybe Martin, not sure.
9) If Rico doesnt pick up, wait a few hrs before trying again.
10) Mention cash only, no card.
11) He told me ""after lunch is good.""
12) Could help Dad too if his battery issue comes back.
13) Save under Rico parts guy so I can find it fast.
14) Call before Saturday if possble.
15) He seemed solid, just talks fast.",41,Male,US,Warehouse supervisor,contact,,,,,,
939,,,NhiNX,hold ,,trùng kịch bản,,2026.03.10,,Note,Nina,"bride florist note before I forget
- Talia Brooks, floral designer from Mia's engagement dinner
- +1 646 555 9034
- insta was prob @taliabloom but check that spelling

- call next week, Tues or Wed around 1pm
- ask if she does smaller weddings, around 70 ppl not huge huge
- need quote for bouquets, loose table flowers, maybe some candles too
- told her I liked the white ranunculus + the messy garden look
- she said avoid peonies in late summer bc price goes nuts

- mention venue is in Red Hook, Brooklyn
- date still not final but likely Sept 12
- ask if delivery + setup are seperate charges
- she was super calm, short blond bob, had a green notebook
- met through cousin Leah, so say Leah sent me
- if budget sounds wild, ask for a trimmed down version first
- dont chicken out, just call
- she seemed really nice, not pushy at all
- keep this note till deposit is done",33,Female,US,Elementary school teacher,contact,,,,,,
940,,,NhiNX,hold ,,trùng kịch bản,,2026.03.10,,Note,Ava,"Met Jenna from the apt leasing office after the pipe leak thing in bldg C. Need to keep her # bc she actually answers.

Jenna Ruiz
+1 312 555 0487

Call her tmrw after 10am, not earlier, she said mornings are chaos.
Ask if maintenance ever fixed the hallway light by 3C.
Also ask abt the package room code bc mine still wont work.

If no answer, text first dont just ring again.
She said texting is better when she's in meetings.

mention the damp wall near kitchen window
and the weird paint smell still there.

Alt contact maybe front desk if Jenna out, but start w her.
Saved this bc I always forget names.
Nice girl, curly hair, had blue clipboard.
Met on Thurs after work around 6-ish.
Dont lose this one.",29,Female,US,Graphic designer,contact,,,,,,
941,,,NhiNX,hold ,,trùng kịch bản,,2026.03.10,,Note,Marcus,"1) Call Rico about the used Honda parts he mentioned from his cousin's shop.
2) Number is +1 713 555 6621 and he said weekends are best.
3) Met him at the gas station on Fulton, he drives the gray Tacoma.
4) He knows somebody who can find a cheap alternator.
5) Need to ask if its for 2014 or 2015 Civic bc I probly said the year wrong.
6) Dont talk too long, he works nights and gets cranky lol.
7) Also ask if he still has that mechanic's number.
8) Might be Manny? or maybe Martin, not sure.
9) If Rico doesnt pick up, wait a few hrs before trying again.
10) Mention cash only, no card.
11) He told me ""after lunch is good.""
12) Could help Dad too if his battery issue comes back.
13) Save under Rico parts guy so I can find it fast.
14) Call before Saturday if possble.
15) He seemed solid, just talks fast.",41,Male,US,Warehouse supervisor,contact,,,,,,
942,,,NhiNX,hold ,,trùng kịch bản,,2026.03.10,,Note,Nina,"bride florist note before I forget
- Talia Brooks, floral designer from Mia's engagement dinner
- +1 646 555 9034
- insta was prob @taliabloom but check that spelling

- call next week, Tues or Wed around 1pm
- ask if she does smaller weddings, around 70 ppl not huge huge
- need quote for bouquets, loose table flowers, maybe some candles too
- told her I liked the white ranunculus + the messy garden look
- she said avoid peonies in late summer bc price goes nuts

- mention venue is in Red Hook, Brooklyn
- date still not final but likely Sept 12
- ask if delivery + setup are seperate charges
- she was super calm, short blond bob, had a green notebook
- met through cousin Leah, so say Leah sent me
- if budget sounds wild, ask for a trimmed down version first
- dont chicken out, just call
- she seemed really nice, not pushy at all
- keep this note till deposit is done",33,Female,US,Elementary school teacher,contact,,,,,,
943,,,NhiNX,hold ,,trùng kịch bản,,2026.03.10,,Note,Ethan,"=+1 404 555 1182
Devon Pike
met him during the community cleanup by the river trail.
He runs that volunteer garden behind the library.
Said to reach out if I still want a weekend plot.

I should call in the evening, after 5:30.
He teaches during the day so daytime = bad idea.
Need to ask whether there's still space for tomatoes + herbs.
Also if tools are shared or I bring my own.

He mentioned a waitlist, maybe only 2 ppl ahead.
Nice dude, tall, big laugh, had dirt all over his sneakers.
Could be good to know more neighbors this year.
Maybe ask abt compost pickup too.
Dont forget to thank him for the extra basil starts.
Saved bc I already lost the scrap paper once.",26,Male,US,Barista,contact,,,,,,
944,,,NhiNX,hold ,,trùng kịch bản,,2026.03.10,,Note,Ava,"Met Jenna from the dog park by the river last Sunday.
super nice, has the brown lab named Moose.
said she knows a good pet sitter if I need one.
Jenna cell +1 415-638-2049
lives over on Maple Ave I think, blue townhouse maybe 3rd one.
call her after 6pm, not during school pickup.
also ask abt that flea shampoo brand she mentioned.
if Winston keeps scratching, text first so I dont bug her at work.
she said weekends are easier.
husband maybe works nights, so dont ring late.
note to self: she offered the backup dog walker too.
maybe save her under Jenna dog park?
dont forget to thank her for the extra waste bags lol
ask if Moose still does training at the rec field
prob a good contact in the neighborhood tbh
if no answer, try again Sat morning",29,Female,US,Graphic designer,contact,,,,,,
945,,,NhiNX,hold ,,trùng kịch bản,,2026.03.10,,Note,Ava,"Met Jenna from the dog park by the river last Sunday.
super nice, has the brown lab named Moose.
said she knows a good pet sitter if I need one.
Jenna cell +1 415-638-2049
lives over on Maple Ave I think, blue townhouse maybe 3rd one.
call her after 6pm, not during school pickup.
also ask abt that flea shampoo brand she mentioned.
if Winston keeps scratching, text first so I dont bug her at work.
she said weekends are easier.
husband maybe works nights, so dont ring late.
note to self: she offered the backup dog walker too.
maybe save her under Jenna dog park?
dont forget to thank her for the extra waste bags lol
ask if Moose still does training at the rec field
prob a good contact in the neighborhood tbh
if no answer, try again Sat morning",29,Female,US,Graphic designer,contact,,,,,,
946,,,NhiNX,hold ,,trùng kịch bản,,2026.03.10,,Note,Marcus,"1. Auto glass guy from Tony's shop — Raul
2. Need him if windshield chip gets worse before road trip
3. Best number: +1 602-771-4816
4. He said text pics first, dont just call outta nowhere
5. Usually at the garage near 7th St and Camelback
6. Mention Tony sent me so maybe he'll cut the price a bit
7. Could also ask abt passenger window rattle while I'm at it
8. not open Sundays, pretty sure
9. weekday mornings are less busy
10. Raul talks fast lol, write stuff down
11. if chip starts spreading after heat wave, book same day
12. he said around 40 min for small repair
13. dont forget insurance card maybe needed
14. alt contact at shop desk was something like Maria but no num saved
15. check w him before driving to Tucson
16. saved rec because neighbor swore by him
17. decent dude, didnt try to upsell last time
18. call before lunch",41,Male,US,Delivery supervisor,contact,,,,,,
947,,,NhiNX,hold ,,trùng kịch bản,,2026.03.10,,Note,Ava,"Met Jenna from the dog park by the river last Sunday.
super nice, has the brown lab named Moose.
said she knows a good pet sitter if I need one.
Jenna cell +1 415-638-2049
lives over on Maple Ave I think, blue townhouse maybe 3rd one.
call her after 6pm, not during school pickup.
also ask abt that flea shampoo brand she mentioned.
if Winston keeps scratching, text first so I dont bug her at work.
she said weekends are easier.
husband maybe works nights, so dont ring late.
note to self: she offered the backup dog walker too.
maybe save her under Jenna dog park?
dont forget to thank her for the extra waste bags lol
ask if Moose still does training at the rec field
prob a good contact in the neighborhood tbh
if no answer, try again Sat morning",29,Female,US,Graphic designer,contact,,,,,,
948,,,NhiNX,hold ,,trùng kịch bản,,2026.03.10,,Note,Marcus,"1. Auto glass guy from Tony's shop — Raul
2. Need him if windshield chip gets worse before road trip
3. Best number: +1 602-771-4816
4. He said text pics first, dont just call outta nowhere
5. Usually at the garage near 7th St and Camelback
6. Mention Tony sent me so maybe he'll cut the price a bit
7. Could also ask abt passenger window rattle while I'm at it
8. not open Sundays, pretty sure
9. weekday mornings are less busy
10. Raul talks fast lol, write stuff down
11. if chip starts spreading after heat wave, book same day
12. he said around 40 min for small repair
13. dont forget insurance card maybe needed
14. alt contact at shop desk was something like Maria but no num saved
15. check w him before driving to Tucson
16. saved rec because neighbor swore by him
17. decent dude, didnt try to upsell last time
18. call before lunch",41,Male,US,Delivery supervisor,contact,,,,,,
949,,,NhiNX,hold ,,trùng kịch bản,,2026.03.10,,Note,Priya,"Need to keep these bakery contacts straight before the community fundraiser.

Mrs. Ellen Ward is the one from church who said she can do two trays of lemon bars if I give her a heads up by Thursday. Her number is +1 312-884-1907. She prefers calls, not long texts, and she goes to bed crazy early.

Samir at the small cafe on Oak might donate coffee urns again. I scribbled his number here: +1 773-440-5621. Last year he said yes after I reminded him we were raising money for the school library. Need to mention that again.

Call Ellen first, ask how many servings per tray, and whether she still needs me to bring foil pans. She was nice but I kept forgetting details.

Then message Samir in the afternoon, around 2ish, because mornings are his rush. Ask if pickup would be Friday night or super early Saturday.

Also maybe ask if he still knows that florist lady from next door. Could be useful for centerpieces if budget isnt awful.

Reminder: dont mix up Ellen with Elaine. Different person totally. Elaine is the choir one.

if one of them cant help, ask politely and move on, no guilt tripy vibe.

both were helpful before, send thank-you note after event this time for real",34,Female,US,Elementary school teacher,contact,,,,,,
950,,,NhiNX,hold ,,trùng kịch bản,,2026.03.10,,Note,Ava,"Met Jenna from the dog park by the river last Sunday.
super nice, has the brown lab named Moose.
said she knows a good pet sitter if I need one.
Jenna cell +1 415-638-2049
lives over on Maple Ave I think, blue townhouse maybe 3rd one.
call her after 6pm, not during school pickup.
also ask abt that flea shampoo brand she mentioned.
if Winston keeps scratching, text first so I dont bug her at work.
she said weekends are easier.
husband maybe works nights, so dont ring late.
note to self: she offered the backup dog walker too.
maybe save her under Jenna dog park?
dont forget to thank her for the extra waste bags lol
ask if Moose still does training at the rec field
prob a good contact in the neighborhood tbh
if no answer, try again Sat morning",29,Female,US,Graphic designer,contact,,,,,,
951,,,NhiNX,hold ,,trùng kịch bản,,2026.03.10,,Note,Marcus,"1. Auto glass guy from Tony's shop — Raul
2. Need him if windshield chip gets worse before road trip
3. Best number: +1 602-771-4816
4. He said text pics first, dont just call outta nowhere
5. Usually at the garage near 7th St and Camelback
6. Mention Tony sent me so maybe he'll cut the price a bit
7. Could also ask abt passenger window rattle while I'm at it
8. not open Sundays, pretty sure
9. weekday mornings are less busy
10. Raul talks fast lol, write stuff down
11. if chip starts spreading after heat wave, book same day
12. he said around 40 min for small repair
13. dont forget insurance card maybe needed
14. alt contact at shop desk was something like Maria but no num saved
15. check w him before driving to Tucson
16. saved rec because neighbor swore by him
17. decent dude, didnt try to upsell last time
18. call before lunch",41,Male,US,Delivery supervisor,contact,,,,,,
952,,,NhiNX,hold ,,trùng kịch bản,,2026.03.10,,Note,Priya,"Need to keep these bakery contacts straight before the community fundraiser.

Mrs. Ellen Ward is the one from church who said she can do two trays of lemon bars if I give her a heads up by Thursday. Her number is +1 312-884-1907. She prefers calls, not long texts, and she goes to bed crazy early.

Samir at the small cafe on Oak might donate coffee urns again. I scribbled his number here: +1 773-440-5621. Last year he said yes after I reminded him we were raising money for the school library. Need to mention that again.

Call Ellen first, ask how many servings per tray, and whether she still needs me to bring foil pans. She was nice but I kept forgetting details.

Then message Samir in the afternoon, around 2ish, because mornings are his rush. Ask if pickup would be Friday night or super early Saturday.

Also maybe ask if he still knows that florist lady from next door. Could be useful for centerpieces if budget isnt awful.

Reminder: dont mix up Ellen with Elaine. Different person totally. Elaine is the choir one.

if one of them cant help, ask politely and move on, no guilt tripy vibe.

both were helpful before, send thank-you note after event this time for real",34,Female,US,Elementary school teacher,contact,,,,,,
953,,,NhiNX,hold ,,trùng kịch bản,,2026.03.10,,Note,Jordan,"Nate - old roommate from Denver, now does freelance IT
+1 720-593-1184
helped me fix the laptop fan last fall
ask him which cheap docking station he bought
dont call before noon, dude is never awake
maybe text first: ""hey man got a quick tech q""
he also knows a moving guy maybe useful later
note: still owes me recipe for that weird spicy chili
if he answers, ask abt the monitor flicker issue too
sometimes he takes forever to reply, not personal
met up w him in Jan when I was in Denver
solid guy, just scatterbrained lol
save new email next time if he sends invoice info
maybe check in on his dog, Pepper",27,Male,US,Barista,contact,,,,,,
954,,,NhiNX,hold ,,trùng kịch bản,,2026.03.10,,Note,Alyssa,"Met Jordan from the building HOA thing last month.
+1 404-555-1938
He said to txt before calling bc he's usualy in meetings.
Works w/ the contractor crew that fixes leaks + hallway lights.
Need to ask him about the weird water stain by kitchen vent.
Also ask if he still has the locksmith contact from unit 3B.
Best time to reach him = after 6:15 pm.
Don't call during lunch, he said his phone stays in truck.
Jordan Miller
saved as ""Jordan HOA / maint""
Met in lobby near package room, super tall guy in navy cap.
He remembers me as ""girl w/ the beagle"" lol.
If no reply, try again Thurs eve.
Might also know painter for the ceiling patch.",29,Female,US,Graphic Designer,contact,,,,,,
955,,,NhiNX,hold ,,trùng kịch bản,,2026.03.10,,Note,Alyssa,"Met Jordan from the building HOA thing last month.
+1 404-555-1938
He said to txt before calling bc he's usualy in meetings.
Works w/ the contractor crew that fixes leaks + hallway lights.
Need to ask him about the weird water stain by kitchen vent.
Also ask if he still has the locksmith contact from unit 3B.
Best time to reach him = after 6:15 pm.
Don't call during lunch, he said his phone stays in truck.
Jordan Miller
saved as ""Jordan HOA / maint""
Met in lobby near package room, super tall guy in navy cap.
He remembers me as ""girl w/ the beagle"" lol.
If no reply, try again Thurs eve.
Might also know painter for the ceiling patch.",29,Female,US,Graphic Designer,contact,,,,,,
956,,,NhiNX,hold ,,trùng kịch bản,,2026.03.10,,Note,Marcus,"Call Nina about mom's insurance papers
Her cell is +1 312-555-4471
She's my cousin, lives out by Oak Park now
Only call after her shift, around 7ish
Ask if she still has Aunt Denise's old fax number
Need the spelling of the attorney name too, I wrote it down wrong
Nina said she can explain what forms got mailed already
Don't forget she hates long voicemails
Better to text first saying ""got a sec?""
She mentioned her son has soccer Tues + Sat
So Wed night might be easiest
If she doesn't answer, email maybe but phone is faster
Important bc deadline is coming up kinda fast",41,Male,US,Warehouse Supervisor,contact,,,,,,
957,,,NhiNX,hold ,,trùng kịch bản,,2026.03.10,,Note,Alyssa,"Met Jordan from the building HOA thing last month.
+1 404-555-1938
He said to txt before calling bc he's usualy in meetings.
Works w/ the contractor crew that fixes leaks + hallway lights.
Need to ask him about the weird water stain by kitchen vent.
Also ask if he still has the locksmith contact from unit 3B.
Best time to reach him = after 6:15 pm.
Don't call during lunch, he said his phone stays in truck.
Jordan Miller
saved as ""Jordan HOA / maint""
Met in lobby near package room, super tall guy in navy cap.
He remembers me as ""girl w/ the beagle"" lol.
If no reply, try again Thurs eve.
Might also know painter for the ceiling patch.",29,Female,US,Graphic Designer,contact,,,,,,
958,,,NhiNX,hold ,,trùng kịch bản,,2026.03.10,,Note,Marcus,"Call Nina about mom's insurance papers
Her cell is +1 312-555-4471
She's my cousin, lives out by Oak Park now
Only call after her shift, around 7ish
Ask if she still has Aunt Denise's old fax number
Need the spelling of the attorney name too, I wrote it down wrong
Nina said she can explain what forms got mailed already
Don't forget she hates long voicemails
Better to text first saying ""got a sec?""
She mentioned her son has soccer Tues + Sat
So Wed night might be easiest
If she doesn't answer, email maybe but phone is faster
Important bc deadline is coming up kinda fast",41,Male,US,Warehouse Supervisor,contact,,,,,,
959,,,NhiNX,hold ,,trùng kịch bản,,2026.03.10,,Note,Priya,"1) Rosa from church kitchen team - +1 210-555-9082
2) Call her about volunteers for the food drive nxt Sunday
3) She said early mornings are fine, but not Fri bc grandkids there
4) Rosa knows who has the folding tables + coffee urn key
5) Need to ask how many boxes got dropped off already
6) Also maybe borrow her big cooler if weather gets hot again
7) She met me at the pantry signup desk, very chatty, red glasses
8) Save under ""Rosa pantry"" so I can find it quick
9) She prefers calls over text, said texting is ""too tiny"" haha
10) Remind her I’m the one bringing cornbread mix
11) If no answer, leave short msg only
12) Might have brother's truck contact too if we need extra pickup",35,Female,US,Elementary School Teacher,contact,,,,,,
960,,,NhiNX,hold ,,trùng kịch bản,,2026.03.10,,Note,Alyssa,"Met Jordan from the building HOA thing last month.
+1 404-555-1938
He said to txt before calling bc he's usualy in meetings.
Works w/ the contractor crew that fixes leaks + hallway lights.
Need to ask him about the weird water stain by kitchen vent.
Also ask if he still has the locksmith contact from unit 3B.
Best time to reach him = after 6:15 pm.
Don't call during lunch, he said his phone stays in truck.
Jordan Miller
saved as ""Jordan HOA / maint""
Met in lobby near package room, super tall guy in navy cap.
He remembers me as ""girl w/ the beagle"" lol.
If no reply, try again Thurs eve.
Might also know painter for the ceiling patch.",29,Female,US,Graphic Designer,contact,,,,,,
961,,,NhiNX,hold ,,trùng kịch bản,,2026.03.10,,Note,Marcus,"Call Nina about mom's insurance papers
Her cell is +1 312-555-4471
She's my cousin, lives out by Oak Park now
Only call after her shift, around 7ish
Ask if she still has Aunt Denise's old fax number
Need the spelling of the attorney name too, I wrote it down wrong
Nina said she can explain what forms got mailed already
Don't forget she hates long voicemails
Better to text first saying ""got a sec?""
She mentioned her son has soccer Tues + Sat
So Wed night might be easiest
If she doesn't answer, email maybe but phone is faster
Important bc deadline is coming up kinda fast",41,Male,US,Warehouse Supervisor,contact,,,,,,
962,,,NhiNX,hold ,,trùng kịch bản,,2026.03.10,,Note,Priya,"1) Rosa from church kitchen team - +1 210-555-9082
2) Call her about volunteers for the food drive nxt Sunday
3) She said early mornings are fine, but not Fri bc grandkids there
4) Rosa knows who has the folding tables + coffee urn key
5) Need to ask how many boxes got dropped off already
6) Also maybe borrow her big cooler if weather gets hot again
7) She met me at the pantry signup desk, very chatty, red glasses
8) Save under ""Rosa pantry"" so I can find it quick
9) She prefers calls over text, said texting is ""too tiny"" haha
10) Remind her I’m the one bringing cornbread mix
11) If no answer, leave short msg only
12) Might have brother's truck contact too if we need extra pickup",35,Female,US,Elementary School Teacher,contact,,,,,,
963,,,NhiNX,hold ,,trùng kịch bản,,2026.03.10,,Note,Devin,"Dentist rec from Hannah at work — Dr. Leon's front desk, Maria, was the one who actually got me squeezed in last fall.
Need to keep her number bc she said to call direct if crown feels loose again: +1 617-555-2664.
She's not family or anything, just super helpful and remembers patients somehow.
Best to call before 3 pm since after that the phones get ""crazy busy"" per her.

I still owe them updated insurance info and maybe need the billing email.
Maria told me Mondays are worst, so try Tues or Thurs.
Ask if Dr. Leon does the early 7:30 slots still.
Office is near Back Bay stop, same building as the little coffee place.
Don't panic if she sounds rushed, that's just how she talks lol.
Saved as Maria dentist desk.
Also ask whether they ever found my navy umbrella from Nov.
Could mention Hannah Rivera referred me again.",27,Male,US,Software QA Analyst,contact,,,,,,
964,,,NhiNX,hold ,,trùng kịch bản,,2026.03.10,,Note,Megan,"Aaron from the building office, saved bc he helped when my package got sent to the wrong unit.
+1 415-555-0187
Only call on weekdays after 9:30, he said mornings are nuts.
Ask him about the mailbox key copy for apt 3B.

Also mention the water shutoff notice from last Thurs.
He said he can prob re-send it by text if I lose the paper again.
Do not call during lunch, around 12 to 1ish.
I always forget his ext so just use cell first.

If no answer, leave vm w my apt number + last name.
He remembers me as “the one with the blue bike” lol.
Need to ask if guest parking pass can be extended for Mom this weekend.
He was nice last time, just sounded rushed.
Try Tues or Wed, not Fri.
Double check if he still works front desk some evenings.

backup note:
Said texting is fine for non-urgent stuff.
Maybe ask if he knows a local plumber too.
dont ramble.
say thanks for helping w the leak thing.
keep it short this time.",29,Female,US,Graphic designer,contact,,,,,,
965,,,NhiNX,hold ,,trùng kịch bản,,2026.03.10,,Note,Megan,"Aaron from the building office, saved bc he helped when my package got sent to the wrong unit.
+1 415-555-0187
Only call on weekdays after 9:30, he said mornings are nuts.
Ask him about the mailbox key copy for apt 3B.

Also mention the water shutoff notice from last Thurs.
He said he can prob re-send it by text if I lose the paper again.
Do not call during lunch, around 12 to 1ish.
I always forget his ext so just use cell first.

If no answer, leave vm w my apt number + last name.
He remembers me as “the one with the blue bike” lol.
Need to ask if guest parking pass can be extended for Mom this weekend.
He was nice last time, just sounded rushed.
Try Tues or Wed, not Fri.
Double check if he still works front desk some evenings.

backup note:
Said texting is fine for non-urgent stuff.
Maybe ask if he knows a local plumber too.
dont ramble.
say thanks for helping w the leak thing.
keep it short this time.",29,Female,US,Graphic designer,contact,,,,,,
966,,,NhiNX,hold ,,trùng kịch bản,,2026.03.10,,Note,Brandon,"=+1 646-555-0124 Samira catering lady from Jen's engagement dinner.
Need to ask if she still does small orders.
She said min 12 ppl but maybe she'd bend it for 10.
Best time to call is after 2 pm.
Don't call Monday, that's her market day.
She also answers faster on WhatsApp, ask first tho.
Remember she has the vegan pasta trays everybody liked.
Need a price for April 18 office lunch.
Ask if delivery to Midtown is extra.
Her cousin did desserts, maybe she has that contact too.
Be nice, she remembered my name somehow.
I still owe her a pic from the setup, send it maybe.
Spelled her name Samira or Sameera? check that.
She talks quick so write stuff down.
If she can't do it, ask for another caterer rec.
don't forget headcount might jump to 14.",41,Male,Canada,Sales supervisor,contact,,,,,,
967,,,NhiNX,hold ,,trùng kịch bản,,2026.03.10,,Note,Megan,"Aaron from the building office, saved bc he helped when my package got sent to the wrong unit.
+1 415-555-0187
Only call on weekdays after 9:30, he said mornings are nuts.
Ask him about the mailbox key copy for apt 3B.

Also mention the water shutoff notice from last Thurs.
He said he can prob re-send it by text if I lose the paper again.
Do not call during lunch, around 12 to 1ish.
I always forget his ext so just use cell first.

If no answer, leave vm w my apt number + last name.
He remembers me as “the one with the blue bike” lol.
Need to ask if guest parking pass can be extended for Mom this weekend.
He was nice last time, just sounded rushed.
Try Tues or Wed, not Fri.
Double check if he still works front desk some evenings.

backup note:
Said texting is fine for non-urgent stuff.
Maybe ask if he knows a local plumber too.
dont ramble.
say thanks for helping w the leak thing.
keep it short this time.",29,Female,US,Graphic designer,contact,,,,,,
968,,,NhiNX,hold ,,trùng kịch bản,,2026.03.10,,Note,Brandon,"=+1 646-555-0124 Samira catering lady from Jen's engagement dinner.
Need to ask if she still does small orders.
She said min 12 ppl but maybe she'd bend it for 10.
Best time to call is after 2 pm.
Don't call Monday, that's her market day.
She also answers faster on WhatsApp, ask first tho.
Remember she has the vegan pasta trays everybody liked.
Need a price for April 18 office lunch.
Ask if delivery to Midtown is extra.
Her cousin did desserts, maybe she has that contact too.
Be nice, she remembered my name somehow.
I still owe her a pic from the setup, send it maybe.
Spelled her name Samira or Sameera? check that.
She talks quick so write stuff down.
If she can't do it, ask for another caterer rec.
don't forget headcount might jump to 14.",41,Male,Canada,Sales supervisor,contact,,,,,,
969,,,NhiNX,hold ,,trùng kịch bản,,2026.03.10,,Note,Talia,"- Dentist referral from Priya at work
- Dr. Lenora Cho
- office: +1 312-555-0173
- saved bc I need a cleaning and maybe a night guard, jaw's been tight again
- call early evening, around 5:15, receptionist usually still there
- ask if they take Delta Dental PPO
- location should be somewhere near South Loop, confirm exact street
- Priya said parking is annoying so maybe just Uber
- mention I was referred by her, maybe that helps w new patient slot
- DO NOT book Wed morning, team standup mess
- if they answer weirdly quiet, it's prob the older front desk lady, speak up lol
- ask for first available after March 22
- also ask cost if insurance is being dumb again
- backup number maybe? +1 872-555-0149 (not sure if this is text line or office alt)
- she said text reminders are automatic, which I need bc I always forget
- note to self: bring old retainer if I end up going
- maybe ask about whitening later, not priority rn
- Priya said doc is gentle, thank god
- don't schedule during lunch break or I'll rush",34,Female,UK,HR coordinator,contact,,,,,,
970,,,NhiNX,hold ,,trùng kịch bản,,2026.03.10,,Note,Megan,"Aaron from the building office, saved bc he helped when my package got sent to the wrong unit.
+1 415-555-0187
Only call on weekdays after 9:30, he said mornings are nuts.
Ask him about the mailbox key copy for apt 3B.

Also mention the water shutoff notice from last Thurs.
He said he can prob re-send it by text if I lose the paper again.
Do not call during lunch, around 12 to 1ish.
I always forget his ext so just use cell first.

If no answer, leave vm w my apt number + last name.
He remembers me as “the one with the blue bike” lol.
Need to ask if guest parking pass can be extended for Mom this weekend.
He was nice last time, just sounded rushed.
Try Tues or Wed, not Fri.
Double check if he still works front desk some evenings.

backup note:
Said texting is fine for non-urgent stuff.
Maybe ask if he knows a local plumber too.
dont ramble.
say thanks for helping w the leak thing.
keep it short this time.",29,Female,US,Graphic designer,contact,,,,,,
971,,,NhiNX,hold ,,trùng kịch bản,,2026.03.10,,Note,Brandon,"=+1 646-555-0124 Samira catering lady from Jen's engagement dinner.
Need to ask if she still does small orders.
She said min 12 ppl but maybe she'd bend it for 10.
Best time to call is after 2 pm.
Don't call Monday, that's her market day.
She also answers faster on WhatsApp, ask first tho.
Remember she has the vegan pasta trays everybody liked.
Need a price for April 18 office lunch.
Ask if delivery to Midtown is extra.
Her cousin did desserts, maybe she has that contact too.
Be nice, she remembered my name somehow.
I still owe her a pic from the setup, send it maybe.
Spelled her name Samira or Sameera? check that.
She talks quick so write stuff down.
If she can't do it, ask for another caterer rec.
don't forget headcount might jump to 14.",41,Male,Canada,Sales supervisor,contact,,,,,,
972,,,NhiNX,hold ,,trùng kịch bản,,2026.03.10,,Note,Talia,"- Dentist referral from Priya at work
- Dr. Lenora Cho
- office: +1 312-555-0173
- saved bc I need a cleaning and maybe a night guard, jaw's been tight again
- call early evening, around 5:15, receptionist usually still there
- ask if they take Delta Dental PPO
- location should be somewhere near South Loop, confirm exact street
- Priya said parking is annoying so maybe just Uber
- mention I was referred by her, maybe that helps w new patient slot
- DO NOT book Wed morning, team standup mess
- if they answer weirdly quiet, it's prob the older front desk lady, speak up lol
- ask for first available after March 22
- also ask cost if insurance is being dumb again
- backup number maybe? +1 872-555-0149 (not sure if this is text line or office alt)
- she said text reminders are automatic, which I need bc I always forget
- note to self: bring old retainer if I end up going
- maybe ask about whitening later, not priority rn
- Priya said doc is gentle, thank god
- don't schedule during lunch break or I'll rush",34,Female,UK,HR coordinator,contact,,,,,,
973,,,NhiNX,hold ,,trùng kịch bản,,2026.03.10,,Note,Luis,"1. Mr. Holloway - old auto shop owner Dad used for years.
2. +1 480-555-0118
3. Saved this bc I need somebody honest to look at the Corolla before summer road trip.
4. He mostly does Toyotas + Hondas, not fancy euro cars.
5. Call Sat morning before 11 if possible.
6. Ask about brake check and weird rattling on startup.
7. Dad said mention his name so I don't get quoted some wild price.
8. Shop is kinda out by Mesa, verify address first.
9. He doesn't love texting, prefers calls.
10. If voicemail picks up, leave car year/model right away.
11. Need to ask whether he does same-day oil change too.
12. Might also know a cheap tire place nearby.
13. Last time I met him he wore a Suns cap, very talkative guy.
14. Remember to ask if cash discount is real or just Dad talkin.",27,Male,Australia,Warehouse coordinator,contact,,,,,,
974,,,NhiNX,hold ,,trùng kịch bản,,2026.03.10,,Note,Megan,"Aaron from the building office, saved bc he helped when my package got sent to the wrong unit.
+1 415-555-0187
Only call on weekdays after 9:30, he said mornings are nuts.
Ask him about the mailbox key copy for apt 3B.

Also mention the water shutoff notice from last Thurs.
He said he can prob re-send it by text if I lose the paper again.
Do not call during lunch, around 12 to 1ish.
I always forget his ext so just use cell first.

If no answer, leave vm w my apt number + last name.
He remembers me as “the one with the blue bike” lol.
Need to ask if guest parking pass can be extended for Mom this weekend.
He was nice last time, just sounded rushed.
Try Tues or Wed, not Fri.
Double check if he still works front desk some evenings.

backup note:
Said texting is fine for non-urgent stuff.
Maybe ask if he knows a local plumber too.
dont ramble.
say thanks for helping w the leak thing.
keep it short this time.",29,Female,US,Graphic designer,contact,,,,,,
975,,,NhiNX,hold ,,trùng kịch bản,,2026.03.10,,Note,Brandon,"=+1 646-555-0124 Samira catering lady from Jen's engagement dinner.
Need to ask if she still does small orders.
She said min 12 ppl but maybe she'd bend it for 10.
Best time to call is after 2 pm.
Don't call Monday, that's her market day.
She also answers faster on WhatsApp, ask first tho.
Remember she has the vegan pasta trays everybody liked.
Need a price for April 18 office lunch.
Ask if delivery to Midtown is extra.
Her cousin did desserts, maybe she has that contact too.
Be nice, she remembered my name somehow.
I still owe her a pic from the setup, send it maybe.
Spelled her name Samira or Sameera? check that.
She talks quick so write stuff down.
If she can't do it, ask for another caterer rec.
don't forget headcount might jump to 14.",41,Male,Canada,Sales supervisor,contact,,,,,,
976,,,NhiNX,hold ,,trùng kịch bản,,2026.03.10,,Note,Talia,"- Dentist referral from Priya at work
- Dr. Lenora Cho
- office: +1 312-555-0173
- saved bc I need a cleaning and maybe a night guard, jaw's been tight again
- call early evening, around 5:15, receptionist usually still there
- ask if they take Delta Dental PPO
- location should be somewhere near South Loop, confirm exact street
- Priya said parking is annoying so maybe just Uber
- mention I was referred by her, maybe that helps w new patient slot
- DO NOT book Wed morning, team standup mess
- if they answer weirdly quiet, it's prob the older front desk lady, speak up lol
- ask for first available after March 22
- also ask cost if insurance is being dumb again
- backup number maybe? +1 872-555-0149 (not sure if this is text line or office alt)
- she said text reminders are automatic, which I need bc I always forget
- note to self: bring old retainer if I end up going
- maybe ask about whitening later, not priority rn
- Priya said doc is gentle, thank god
- don't schedule during lunch break or I'll rush",34,Female,UK,HR coordinator,contact,,,,,,
977,,,NhiNX,hold ,,trùng kịch bản,,2026.03.10,,Note,Luis,"1. Mr. Holloway - old auto shop owner Dad used for years.
2. +1 480-555-0118
3. Saved this bc I need somebody honest to look at the Corolla before summer road trip.
4. He mostly does Toyotas + Hondas, not fancy euro cars.
5. Call Sat morning before 11 if possible.
6. Ask about brake check and weird rattling on startup.
7. Dad said mention his name so I don't get quoted some wild price.
8. Shop is kinda out by Mesa, verify address first.
9. He doesn't love texting, prefers calls.
10. If voicemail picks up, leave car year/model right away.
11. Need to ask whether he does same-day oil change too.
12. Might also know a cheap tire place nearby.
13. Last time I met him he wore a Suns cap, very talkative guy.
14. Remember to ask if cash discount is real or just Dad talkin.",27,Male,Australia,Warehouse coordinator,contact,,,,,,
978,,,NhiNX,hold ,,trùng kịch bản,,2026.03.10,,Note,Chloe,"Nora - neighbor's sister, works w senior home placements I think.
Been meaning to keep this better organized bc Aunt Elise may need help soon.
Not emergency rn, just gathering info before Mom spirals.

Contact stuff:
cell +1 720-555-0196
email maybe nora.m.help@gmail.com

met her after church potluck, very calm, not pushy at all

Ask her:
* what the diff is between assisted living vs independent, in plain English pls
* avg monthly cost near Denver suburbs
* whether short-term respite exists for just a few weeks
* if places let cats come too bc Aunt Elise will NOT leave Muffin, no chance

When to reach out:
- evenings after 6 are better
- not Sunday morning
- maybe text first so she knows who I am

Things to mention:
we spoke near the coffee table by dessert lol
she said she used to be a social worker
tell her this is for my aunt, not my grandma (I mixed that up once already)
Mom's worried abt stairs and meds getting skipped
I mostly need a starting point, not a sales pitch

Don't forget:
write down names of places she reccomends
ask if she knows which ones smell weird / are actually nice
thank her for being kind that day
follow up before the end of the month",38,Female,New Zealand,Elementary school teacher,contact,,,,,,
1017,,,ThanhDQ,accepted,,,2026.03.12,2026.03.13,21,Note,Marcus,"call re: used car title stuff
1) Tanya at DMV help desk - went over forms with me once, pretty patient tbh
2) +1 404 555 0136
3) ask abt transfer fee + if odometer form is still needed in person

backup contact from the lot:
- Luis
- sales office line was +1 470 555 0161
- he told me weekday mornings are less hectic

dont forget to mention silver Civic, bought in Feb
paperwork might be under old apt address, ugh

maybe call Tanya first bc she seemed less annoyed than everyone else
if no answer by 11, try after 2:30
need this done before insurance sends another email",41,Male,,Auto mechanic,contact,,,,,,
1018,,,ThanhDQ,accepted,,,2026.03.12,2026.03.13,9,Note,Priya,"Dentist referral from Nina at work
she wrote it on a sticky note and I almost lost it again

Dr. Elaine Mercer
Brightview Dental, downtown near the little Target
+1 617 555 0112

Nina said they were gentle w/ her kid and also took late appts
might call for cleaning and ask abt night guard too

remember: mention I was referred by Nina P from the clinic
they maybe give priority for cancelation list? not sure

call on Wed, not Mon
front desk aparently slammed on Mondays

if this place is full, Nina also said her cousin liked Park Street Dental
but she didnt have that number on hand
main reason I saved this: need somewhere closer than my old dentist in Quincy",34,Female,,Nurse,contact,,,,,,
1019,,,ThanhDQ,accepted,,,2026.03.12,2026.03.13,14,Note,Lauren,"Met Maya from the dog park in Austin, she has the calm golden retriver and said her groomer is actually good.
Need to call her before Fri if I want the intro to that pet sitter.
+1 512-555-0184

She also mentioned her brother does small fence fixes, maybe ask abt the loose gate in back.
Best time to call = after 6:15 pm, not during lunch bc she said work gets nuts.

Things to ask so I dont blank again:
- pet sitter rate for weekends
- groomer name + where exactly
- if her brother still does side jobs

Maya lives near South Lamar I think, blue bungalow w/ cactus out front.
Don’t text super late, she said her phone is on loud bc of her kids.
If no answer leave voicemail, she forgets unknown nums.
Maybe mention “Lauren from Cedar Park dog park” so she knows who it is.
Also ask if Saturday coffee still stands or if I imagined that lol",29,Female,,Graphic Designer,contact,,,,,,
1020,,,ThanhDQ,accepted,,,2026.03.12,2026.03.13,6.5,Note,Derrick,"Need this note bc I keep mixing up who fixed what at the apartment.
Mr. Alvarez is the maintenance guy the landlord trusts most, not the front office dude.
Called him once when the kitchen sink backed up and he actually showed up same day.

His number: +1 773-555-0249

Use him for stuff that matters:
leak under sink
heater making that clunk noise again
window latch in bedroom stuck half-open

Don’t call before 8am, he sounded annoyed last time and honestly fair.
Usually better around 4-ish after his other jobs.
Lives out in Cicero maybe, but comes into the city all the time.

If he doesn’t answer, text name + unit number first.
Say “Derrick in 3B, landlord said to reach out.”
He likes photos of the problem so send those right away.
Remember he prefers cash for tiny repairs, kinda old school.
Ask if he still knows an electrician too, may need that next month.",41,Male,,High School Teacher,contact,,,,,,
1021,,,ThanhDQ,accepted,,,2026.03.12,2026.03.13,6.5,Note,Nina,"1. Save this right: Tasha from the wedding venue, not my cousin Tasha.
2. +1 404-555-0317
3. She helped when we toured the place in Marietta and said one October date might open up if a hold falls thru.
4. Need to ring her on Tuesday morning, she said thats when cancellations usually get updated.
5. Ask abt guest cap again bc I wrote down 120 then 125 and one of those is prob wrong.
6. Also parking situation for grandma + uncle Ray, need easy walk-in.
7. She was nice, a little fast talker, sounded rushed but not rude.
8. Mention I’m Nina, fiance is Marcus, we looked at the ballroom with the brick wall.
9. If she picks up, ask whether outside catering is still a no-go.
10. If voicemail: leave callback and ask for the “fall Sat opening” thing.
11. Don’t forget pricing sheet, mine is missing page 2 somehow.
12. She said email is better for contracts, but phone is quicker for holds.
13. Maybe ask if the deposit can be split, even a little bit helps tbh.
14. This is the venue contact I actually need, stop calling the florist by accident.",33,Female,,Dental Hygienist,contact,,,,,,
1022,,,ThanhDQ,accepted,,,2026.03.12,2026.03.13,6,Note,Megan,"Call Lena from dog park about that pet-sitting swap.
Her number is +1 415-555-0186.
Met her last Sat when Bean slipped his leash and ran to her corgi lol.
She said she does weekend check-ins if I’m out of town.
Need to ask if she’s free the 14th or 15th.

Also save her backup work line maybe:
+1 628-555-0441.
Think she said text first bc she’s usually in meetings.
She works near Mission Bay, so evenings are better.

Ask what she charges per visit.
See if she can do meds too, not just feeding.
Remind her Bean is friendly but gets weird around scooters.
Don’t forget to send the pic of my apt key tag.
I almost typed her name as Leana? verify spelling.
Nice person, kinda chatty, prob worth keeping as contact.
Maybe invite her to next dog meetup if this works out.",29,Female,,Graphic Designer,contact,,,,,,
1023,,,ThanhDQ,,,,2026.03.12,2026.03.13,15.6,Note,Noelle,"Bria maybe new realtor contact?
+1 214-555-0927

Met her at the open house on Cedar Elm, the one w/ the tiny blue kitchen and weird backyard slope.
She wasnt pushy, which I liked, and she actually listened when I said I need a quiet street bc of my night shifts.

Things to ask next time I call:
- does she know any condos under my max budget
- HOA fees that arent ridiculous
- safer area for late walk from car to door
- if she can send comps before Sunday

Her assistant might also reach out:
Marisol
+1 469-555-0148
Texting is prob easiest, Bria said she’s in and out of showings all day.

I should mention I got her name from Kevin at work, not Zillow, so maybe that helps jog memory.
Call after 4 pm.
Not during lunch bc I’ll forget half my questions.

Also ask if the seller on that Oakview place ever fixed the roof thing.
I keep mixing Oakview and Parkview, ugh.
Anyway keep both nums here so I dont lose them again.
Bria had short red nails + green notebook, easy to remember.
Seemed sharp, maybe actually helpful.",34,Female,,Respiratory Therapist,contact,,,,,,
1024,,,ThanhDQ,accepted,,,2026.03.12,2026.03.13,10.71,Note,Alyssa,"Mia from the dog groomer on Maple, saved her bc she squeezed in Pepper last min when he got all muddy.
+1 312-555-4819
Call her Tues or Wed after 10, not super early bc she said mornings are chaos there.
Ask if she still does the nail trim + ear cleaning combo.
Need to mention Pepper hates the loud dryer, she wrote that down before.
She also knew a pet sitter, maybe ask again if she remembers the name.
Paid cash last time, I think it was 48 or 50, forgot exact amt.
Don’t text late at night, she said she misses msgs after work.
If no answer, leave vm with my name + Pepper’s name.
Prob mention the coupon from the neighborhood mailer.
Nice lady, talks fast but helpful.
Also ask if they do Saturday dropoff still.
Backup note: if she moved locations I need the new adress.
Not for emergency stuff obv, just grooming.
Remember she spelled it M-e-a, not Maya lol.
Could ask abt deshedding too before summer.",29,Female,,Elementary teacher,contact,,,,,,
1025,,,ThanhDQ,accepted,,,2026.03.12,2026.03.13,13,Note,Brandon,"1) Raul - fence repair guy my coworker Devin used after the storm knocked panels down
2) +1 210-555-6734
3) Call after lunch, he said he’s usu. on job sites in the morning
4) Need quote for back fence on left side, around 3 broken sections maybe 4
5) He does cedar and cheaper basic planks, ask for both prices
6) Mention the gate sticks when it rains, maybe he can fix that too
7) He came out to Devin’s place same week, so maybe he’s pretty quick
8) Don’t forget to ask if haul-away is included bc I dont wanna deal with old boards
9) If voicemail, say “neighbor from Oakview” since he works that area alot
10) Might also know somebody for gutter patching, ask while I’ve got him
11) Wife said check if he takes Zelle or only checks
12) Write down est. timing bc HOA keeps sending annoying reminders
13) He sounded chill on the phone, slight accent, easy enough to understand
14) If he’s booked, ask who he reccomends instead",41,Male,,Auto parts supervisor,contact,,,,,,
1026,,,ThanhDQ,accepted,,,2026.03.12,2026.03.13,3,Note,Naomi,"Need to keep this one bc I always lose contractor numbers.

Jenna — florist from my cousin’s engagement dinner, the small studio near downtown.
She was sweet and didn’t push the pricey stuff, which I appreciated.

Best number: +1 646-555-9082

Text first, don’t just call out of nowhere.
She answers faster in the evening, like after 6ish.
Ask if she can do loose wildflower style, not those super stiff centerpieces.
Need rough pricing for 6 table pieces + 1 entry arrangment.
Tell her it’s for Mom’s 60th, maybe in late April, still picking exact date.
She mentioned she delivers to Brooklyn for a fee, gotta ask how much again.
Also ask what flowers are in season bc I keep forgetting peonies are prob too expensive.

Second number she gave me once for shop landline: +1 718-555-2241
Use that only if cell is dead or she doesnt reply in a day or two.

Important: she remembers me as “the one asking for yellow ranunculus” lol.
Need to confirm if candles/pots are included or rental seperate.
Don’t wait till last min this time.",34,Female,,Product manager,contact,,,,,,
1027,,,ThanhDQ,accepted,,,2026.03.12,2026.03.13,5,Note,Ava,"Marisol from dog grooming place, saved this so I stop digging thru old texts
- +1 312-555-0184
- met her at Bark Bath on Ashland, she squeezed in Pepper last min before Thanksgiving
- call her on Tues or Wed only, she said mornings are less crazy
- ask if she still does nail trim + de-shed combo
- dont forget Pepper hates the loud dryer, remind her pls
- backup number for the shop I scribbled weird last time: +1 312-555-0199
- maybe ask about the oatmeal shampoo thing, his skin got kinda itchy after snow walk
- she also mentioned a mobile visit, not sure if that was $15 extra or $50 lol
- if no answer, leave vm with my name + Pepper the tan beagle
- NOT for boarding, only grooming
- nice lady, talks fast, wore green clogs I think",29,Female,,Graphic designer,contact,,,,,,
1028,,,ThanhDQ,accepted,,,2026.03.12,2026.03.13,11.8,Note,Marcus,"Script note for calling people about the apartment stuff.
Landlord is Ben Harper and his cell is +1 646-555-0137.
Don’t call before 9 because he sounded annoyed last time when I rang too early.
Need to ask him about the leaky sink under kitchen, still drips even with bucket there.
Super’s number might actually be faster: +1 646-555-0162, name is Julio or maybe Julian, need to double check.
Met him in the lobby when the fire alarm went off for no reason.
He said text pics first so he knows what tools to bring.
Also keep Sarah’s number here, neighbor in 5B, +1 917-555-0148.
She offered me her plumber guy if building keeps dragging feet.
Sarah mostly works nights so better text, not call.
Ben asked for unit number every single time, so write it here: 4C.
Would be good to handle this by Friday before my sister visits.
Reminder to sound calm, not grumpy, even tho this has been going on forever.",41,Male,,High school teacher,contact,,,,,,
1029,,,ThanhDQ,accepted,,,2026.03.12,2026.03.13,9,Note,Naomi,"Maya wedding weekend contacts / dont lose again

1) Cousin Jen - rides from airport maybe
+1 404-555-0126
she said text first bc random calls = she ignores em lol

2) florist guy, Derek from Peachtree Blooms
I met him during menu tasting somehow, very chatty
need to confirm the white ranunculus thing on Thurs night
phone: +1 678-555-0171

3) hotel desk at the Midtown Inn
+1 404-555-0110
ask abt early check-in for mom, her knee gets cranky if she has to wait around

extra note:
Jen knows Maya from college, so if bridal party gets confsed, just put them in touch
Derek said after 5 pm is best, before that he’s out doing setups
dont forget to ask hotel for 2 extra pillows + maybe quiet room away from elevator",33,Female,,Dental hygienist,contact,,,,,,
1030,,,ThanhDQ,accepted,,,2026.03.12,2026.03.13,11,Note,Maya,"Jenna dog sitter from Brookside
+1 415-662-9034
met her thru Aly on saturday at the park, golden retriever named Moose liked her right away
she said weekday evenings are best, not super early tho
ask if she can do next Thurs after 6:30
rates were around 25ish for a walk, I think
also does overnight but need to ask if she stays the whole time or drops in
text first, dont just call out of nowhere
mention Moose pulls on leash at first then calms down
she has a beagle named Poppy I think? maybe Pippa, check that lol
backup number from her card maybe old: +1 415-555-1842
if no reply by Wed, try again around lunch break
need to ask abt holiday weekend avail too
save this better later bc her last name is smudged in my bag notes",29,Female,,Graphic designer,contact,,,,,,
1052,,,Nganp1,reject,,,,2026.03.11,2,Note,Alyssa, ,29,Female,,Retail supervisor,contact,,,,,,
1058,,,Nganp1,reject,,Trùng nội dung 1055,,2026.03.11,,Note,Megan,"Tara from the dog park last sunday
+1 415 782 9044
golden retriever named Maple, super sweet
she said text before calling bc she's in grooming appts a lot
wanted her contact in case I need a dog sitter for June trip
lives near the blue apartments off King St I think
prefers mornings, not too early tho
mentioned her brother also does pet boarding sometimes
ask her what she charges for overnite
don't forget Maple is scared of vacuums lol
met her by the water fountain, red baseball cap
maybe call Thurs after 10
if no answer, send short text first
note to self: her name might be Tera? double check",31,Female,,Graphic designer,contact,,,,,,
1070,,,NhiNX,reject,trung 1066,,,2026.03.11,,Note,DeShawn,"1) Mr. Eli Turner - neighbor's cousin, does weekend car fixes out of his garage.
2) +1 404-555-0119
3) Call Sat morning only, like 8-11, he said afternoons get crazy.
4) Need him to look at the Honda bc the brakes are doing that squeek thing again.
5) He helped me once in Feb and didn't overcharge, so keep his number.
6) Cash prob easier. ask before going if he takes Zelle now.
7) Address was somewhere off Glenwood, not writing that here till he confirms.
8) Mention Andre sent me, otherwise he may not rember who I am.
9) Don't forget to ask about oil leak too, not just brakes.
10) If he can't do it, he said his brother knows a cheap tow guy.
11) Maybe send pic of dashboard light first.
12) secondary number from old text thread might still work: +1 470-555-0137
13) but try the 404 one first bc that's the newer phone",41,Male,,Warehouse Supervisor,contact,,,,,,
1072,,,NhiNX,reject,2 cau lien tiep,,,2026.03.11,,Note,Avery,"Met Jordan from the church yard sale last spring
+1 312 555 0841
good guy for random house repair stuff, esp leaky sink
said to text first, hates unknown calls lol
works nights sometimes so best call after 10am
check if he still does small jobs on weekends
owe him the pic of the broken cabinet hinge
his wife mentioned they also fix fence gates maybe
don’t forget to ask abt price before he comes over
he lives over by Maple Ave, blue truck
last time he helped Mrs. Kent two doors down
might know somebody for cheap mulch too
Jordan H. not Jordan from work
if no answer, try again Friday afternoon
remember: be clear it’s the upstairs bathroom sink
saved this bc I keep losing the paper he wrote it on",34,Female,,Elementary teacher,contact,,,,,,
1083,,,ThanhDQ,accepted,,,2026.03.12,2026.03.13,8.4,Note,Priya,"Need to keep this contact bc I always forget where I met her.

Nina Patel, the freelance math tutor from the library parent board.
Her number is +1 917-555-2461 and she said texting is better than calling out of nowhere.

She helped Maya's friend before finals and supposedly explained algebra without making kids cry, which honestly sounds ideal.
I wanna ask if she can do 2 evenings a week, maybe Tue + Sun.
Best time to reach her was ""after school rush,"" so around 7ish.

Things to ask:
- does she work with 8th grade only or high school too
- online option if weather gets gross
- rate per hour, bc I forgot right after she told me
- if she gives tiny practice sheets or just homework help

Important: mention Maya gets shy w/ new ppl at first.
Also tell Nina we were the ones asking about the science magnet app deadline.
She had a green notebook and said she used to teach full time in Queens.

If no reply by Friday, try one more text, dont keep pestering.
This is for spring semester catch-up, not summer yet.
save as Nina tutor maybe?? not ""library lady"" omg",36,Female,,Insurance Coordinator,contact,,,,,,
1084,,,ThanhDQ,accepted,,,2026.03.12,2026.03.13,9,Note,Megan,"Jenna from apt leasing office
Need to call about the parking pass mess
+1 312-555-0184
met her last Thurs when I signed the renewal stuff
she said mornings are better before 11
ask if guest parking can be extended for Mom this wknd
also need the code for the storage room again bc I lost the paper
pretty sure she said Bldg 2 office, not 3
dont ramble, just ask direct
mention the extra fee showed up twice on portal
if no answer, leave unit # 5C and callback num
seems nice, just talks fast lol
backup: email after call if she doesnt pick up",29,Female,,Graphic Designer,contact,,,,,,
1085,,,ThanhDQ,accepted,,,2026.03.12,2026.03.13,11,Note,Travis,"1. Ray Molina - old furnace guy from Carla's recomndation
2. Came by in January, knew exactly why the heat kept cutting out
3. +1 614-555-0271
4. Call him after work, like 5:30ish, not during school pickup
5. Ask if he also does water heater checks or just HVAC
6. He said cash is fine but maybe takes Zelle too, need to confirm
7. lives somewhere near Dublin I think
8. saved him bc winter is basically not over yet and the rattling sound is back
9. remind him it's the yellow brick house on Palmer St
10. dont forget to ask abt the filter size this time
11. last convo was short, he sounded kinda busy but helpful
12. if he cant come, ask who else he trusts
13. maybe text first so I dont catch him on a job",41,Male,,High School Teacher,contact,,,,,,
1086,,,ThanhDQ,accepted,,,2026.03.12,2026.03.13,18,Note,Alicia,"Need this contact saved better before I forget.
Marisol from the community garden, the one who offered extra tomato starts.
I ran into her at the Saturday market and she said to reach out before planting weekend.
Best number: +1 917-555-0146
She prefers texts first bc she works early shifts.
Ask if she still has the blue watering key for plot row C.
Also ask what time folks are meeting Sunday morn.
I think she mentioned 8:30, but not 100% sure.
super important: thank her for the basil cuttings, I never did properly.
Her dad also fixes bikes sometimes, maybe ask later, not same msg tho.
If she doesnt reply by Friday, call in the evening.
Dont send a giant text wall, keep it short n normal.
Possible opener: hey Marisol, it's Alicia from plot 18.
Need soil rec too, mine keeps drying out way too fast.",34,Female,,Dental Assistant,contact,,,,,,
1087,,,ThanhDQ,accepted,,,2026.03.12,2026.03.13,10,Note,Ava,"Met Carla from the apartment office after the water leak thing last month.
+1 312-555-0184
She said text first if it's not urgent bc she's usally running between buildings.

Need to ask her about the package room key fob.
I still never got the replacment one.

Also ask if guest parking pass can be overnight on Fri.
Carla knows my unit is 5B, dont forget that.
Best time to call = after 10:30 am, not super early.
She mentioned her lunch break is around 1ish.

If she doesnt answer, leave vm with name + apt # only.
Don't ramble lol.
Saved her bc maintenence keeps bouncing me around.
Pretty helpful tbh, just talks fast.
Maybe ask her for the plumber guy's direct number too.",29,Female,,Graphic Designer,contact,,,,,,
1088,,,ThanhDQ,accepted,,,2026.03.12,2026.03.13,13,Note,Marcus,"1) Theo - guy from rec softball league, works at the sporting goods place
2) +1 415-555-0276
3) Ask him abt the extra catcher glove he said I could borrow
4) good to call after work, like 6:15 or later
5) do NOT call during his shift, he said his mgr hates phones out
6) met him after the Thursday game when my old glove split open
7) he also knows a cheap place for bat re-grip stuff
8) remind him I'm the lefty from the blue team
9) if he doesn't pick up, just send a short text
10) ""hey it's Marcus from River Park league""
11) maybe ask whether signup for fall season already opened
12) he mentioned his sister might need 1 more sub player too
13) prob save his store name next to contact later so I remember
14) seemed nice, just kinda scatterbrained
15) dont forget this before Saturday practice",38,Male,,Auto Claims Adjuster,contact,,,,,,
1089,,,ThanhDQ,accepted,,,2026.03.12,2026.03.13,6,Note,Nina,"emergency-ish backup contact for wedding cake mess
Pastry Elena
met her at Jessa's engagement dinner, she bailed us out w/ mini desserts once before
call first, text second
best # +1 646-555-0139
shop line maybe slower so skip that for now
Need to ask if she can do a small tasting box next week
also whether she delivers to Jersey City or only pickup
she said Tues morning is easiest
I wrote ""Elaina"" before but I think it's Elena?? check that
mention Jessa Rivera when calling so she remembers the event
budget has to stay under 450 if possble
ask for vanilla + lemon, no almond bc of cousin allergy
she was super calm last time, thank god
if no answer by noon, try again around 4:30
dont leave a giant voicemail, just name + wedding date
might need her as backup vendor if Marlowe Bakery keeps ghosting me",34,Female,,Elementary School Teacher,contact,,,,,,
1090,,,ThanhDQ,accepted,,,2026.03.12,2026.03.13,3,Note,Alyssa,"Met Jenna from the dog park last Sunday, her beagle Milo kept stealing Rusty’s ball.
Need to call her about that pet sitter rec before next wk.
Jenna cell: +1 415 882 7614

She said don’t ring during school pickup, better after 6:15 pm.
Lives over on Maple Ridge a few streets down, blue townhouse I think.
Works nights sometimes so text first if it’s late.

- ask which sitter she used for holiday weekend
- also ask if she still has that extra crate she mentioned
- maybe invite her/Milo for Sat morning walk if weather not gross

Important: she’s the one w/ curly red hair, not Jen from pilates lol.
Saved this bc I always mix up the 2 Jens.
If no answer, try again Thursday eve.
She was super nice, kinda fast talker, note to self write stuff down next time.",29,Female,,Graphic designer,contact,,,,,,
1091,,,ThanhDQ,reject,,,2026.03.12,2026.03.13,,Note,Marcus,"=+1 303 555 9148 — Theo from the apartment maint crew.
Don’t call crazy early, he said 8:30ish or lunch break works.
He fixed the kitchen sink leak in unit 4B back in Feb.
Need him again bc the bathroom fan is making that rattly noise.
He told me texting is easier if it’s just a small repair thing.
Remember he has a pickup, maybe ask if he still hauls old shelves for extra cash.
I owe him the brand name of the lightbulb from hallway fixture.
He mentioned his supervisor is slow, so better contact him direct first.
Say “Marcus from 4B” or he prob won’t remember right away.
Don’t forget to ask what day he’s already in the building.
Not weekend unless urgent, his exact words were “pls no Sunday”.
Might also ask about mailbox key issue if he sounds not too busy.
Met him near laundry room, decent guy, talks kinda quiet.
Keep this here so I quit searching thru old texts.",41,Male,,High school counselor,contact,,,,,,
1092,,,ThanhDQ,accepted,,5,2026.03.12,2026.03.13,,Note,Priya,"Backup contacts for mom’s moving day stuff next month:

1) Rosa - church friend who offered boxes + tape
phone: +1 214 667 2031
best time to reach her is after 7 pm, she babysits in afternoons
met her at mom’s choir lunch, very sweet but I forgot her last name again ugh
ask if she still has the small dolly/cart thing

2. Kevin from the storage office
He’s the one who explained the gate code and weird insurance form.
Call if mom can’t get into Unit C14.
+1 214 390 1186
weekday mornings only, he sounded annoyed when ppl call near closing.

* Rosa = personal help, boxes, maybe extra blankets
* Kevin = storage access, payment qs, lock issue
* don’t mix them up like last time
* save these better later, this note is messy but works for now",34,Female,,Payroll specialist,contact,,,,,,
1093,,,ThanhDQ,accepted,,2,2026.03.12,2026.03.13,,Note,Megan,"Kevin from old apt building super
+1 347-555-0186
text first, dont just call outta nowhere
helped me when the bathroom ceiling leaked last winter
still said he knows a cheap plumber if pipes act up again
best time to reach him = after 6pm, not during morn rounds
owe him pics of the weird water stain near the sink
said his cousin Marco also does patch work, ask if needed
if I call, mention unit 4B in Queens so he remembers me fast
not family, just super nice and practical guy
maybe ask about replacing the hallway bulb too
he talks kinda fast, write down estimate right away
backup note: if Kevin doesnt answer by Thurs, try landlord office instead
dont forget this is the guy w/ the tiny dog named Beans
saved bc I never rember plumber names when stuff breaks",31,Female,,Graphic Designer,contact,,,,,,
1094,,,ThanhDQ,accepted,,4,2026.03.12,2026.03.13,,Note,Travis,"1. Call Nina Alvarez before Friday lunch
2. +1 206-555-0149
3. met her at the community garden seed swap in April
4. she offered extra tomato starts + knew a place hiring part-time for weekend setup
5. not a close friend, more like useful local contact but she was genuinly nice
6. ask whether the garden plot fee is still $40 or if it went up again
7. also ask if her brother still fixes bikes on the side
8. she said evenings are easier, around 7-ish, bc mornings are chaos w/ kids
9. if voicemail, keep it short bc she prob wont listen to a long ramble
10. mention the striped heirloom tomatoes so she knows it’s me
11. maybe invite her to the Sunday market if convo isnt awkward
12. do not confuse her number w/ Nina from work, that one ends in 63
13. she spells Alvarez w/ a z, not s
14. saved this bc scraps of paper keep dissapearing in my truck
15. follow up before planting season gets too far gone
16. if no reply, text once and leave it there",44,Male,,Delivery Driver,contact,,,,,,
1095,,,ThanhDQ,accepted,,3,2026.03.12,2026.03.13,,Note,Alina,"Dr. not doctor-doctor, Danielle from the alumni mentor thing — career contact, not medical lol
I keep forgetting where I saved her, so leaving all of it here.
She works in HR consulting and said she’d look over my resume after I clean it up.
Call or text: +1 917-555-0127
Met her at the Baruch networking breakfast, near the back table by coffee.
Super sharp, talked fast, purple notebook, remembered my capstone somehow.
Need to reach out next Tues night, not during business hrs bc she travels a lot.
Main reason I saved her: possible intro to somebody hiring junior ops ppl.
Ask her if “follow back in May” still stands or if timing changed.
Also thank her for the tip about fixing the first bullet on my resume.
Dont sound desperate, just normal + thankful.
If she doesnt answer, send short text first and wait a day.
Could also ask whether she knows if the Midtown workshop is worth going to.
Not a friend exactly, more mentor-ish but very easy to talk to.
Remember: she said no calls before 8am, she hates early phone stuff.
Maybe mention I finally took that Excel cert class.
Her assistant might pick up sometimes, so say my full name clearly.
Old note said “Danella” but I’m pretty sure it’s Danielle.
Keep this contact bc she actually followed through once already.
Way better lead than random LinkedIn cold msgs tbh",24,Female,,Operations Coordinator,contact,,,,,,
1096,,,ThanhDQ,accepted,,8,2026.03.12,2026.03.13,,Note,Lauren,"Met Rosa from the Austin pet adoption fair last Sat
+1 512-555-0184
she runs the foster network for shy dogs
text, dont call super early bc she does school dropoff first
said after 9:30am is better
ask her about the brown terrier mix, name might be Benny or Benji, I forgot
she also knows a low cost vet on the east side
mention I was the one in the green rain jacket w/ my sister
if she doesnt reply by Wed, try again Fri lunchtime
backup email maybe in old thread but phone is prob easiest
Rosa mentioned adoption paperwork takes like 2 days max
need to ask if they allow trial weekend
also ask what food the dog is already on so tummy doesnt get weird
very nice, talked fast, kind of chaotic but helpful
her daughter was handing out flyers by the gate
saved bc I do not wanna lose this number again
maybe send pics of backyard fence so she knows it's enclosed
dont ramble on text lol keep it short
important: ask if dog is ok w/ cats
and if neutered already
if all good, call Thurs after work
DO NOT mix her up w/ Rosalie from groomer place",29,Female,,Elementary teacher,contact,,,,,,
1097,,,ThanhDQ,accepted,,9,2026.03.12,2026.03.13,,Note,Marcus,"1) Derek Hill, contractor from church reno crew
2) call him re: fixing the back steps before mom visits
3) +1 404-555-0112
4) best time was ""after 6 ish"" bc he's on job sites all day
5) he looked at the place in Feb and said wood rot is only on 2 boards, not the whole stair
6) ask for rough quote first, dont auto say yes
7) remember he said cash discount maybe, but get reciept either way
8) if no answer, leave voicemail with address and say Marcus from DeShawn's recommendation
9) also ask if he does handrail tightening
10) kinda quiet guy, not rude, just brief
11) his wife may answer from the same phone sometimes
12) saved him bc the other handyman flaked twice
13) dont schedule for Tues morning, got warehouse shift
14) maybe see if Sat is open
15) if price sounds wild, ask for labor/material split
16) need this done before the 18th
17) note to self: check if HOA needs heads-up first",41,Male,,Warehouse supervisor,contact,,,,,,
1098,,,ThanhDQ,accepted,,8,2026.03.12,2026.03.13,,Note,Priya,"Nina from the old coworking spot — wedding planner side hustle, not her full time job.
I kept her number bc she said she has a solid florist + makeup contact and doesnt overcharge like the big agencies.

Use this when Kayla finally picks a date.
Maybe call in the evening, she said daytime gets messy with client meetings.

name: Nina Alvarez
for calling: +1 773-555-0136
met her when the espresso machine broke and we ended up chatting for like 40 mins lol

- ask if she still does partial planning, not just full package
- ask about small wedding, around 55 people max
- tell her venue prob somewhere near Oak Park or west side, not downtown if possible
- check if she can share sample budget sheet
- maybe ask for her fav florist, I wrote ""Bloom Room?"" but that might be wrong

she was super organized, had everything in color folders, kinda intense but in a good way
don't text too late, she said her phone is on DND after 10
important bc Kayla gets stressed and I need someone calm-ish to deal w family drama
if no response by Mon, send a followup, short + polite
keep this note bc I always lose numbers when I acctually need them
also ask whether she travels to Naperville or charges extra for that",34,Female,,Product manager,contact,,,,,,
1099,,,ThanhDQ,accepted,,11,2026.03.12,2026.03.13,,Note,Megan,"Need to call Elena from the dog park abt the beagle sitter thing.
Met her last Sat morning while Bean was losing his mind near the small dog gate.
She said her sister sometimes does last-min pet sitting, esp weekends.
I wrote this down fast so dont forget again.
Elena has the blue Subaru, curly hair, laughed when Bean stole the tennis ball.
Best time to ring her is after 6 bc she works front desk somewhere downtown.
+1 312-555-0184
Ask if her sister is free for Apr 12-14.
Also ask what she charged for overnights bc I forgot.
Dont call during lunch, she said phones are chaos then.
If no answer, leave vm saying “Megan from Wicker Park dog run.”
Need to mention Bean is good w people, kinda weird w huskies tho.
Could also ask if she knows a backup walker nearby.
She mentioned living off Damen, maybe easier for key drop.
Text first maybe better? not sure.
Remember to sound normal, not desperate lol.",29,Female,,Graphic Designer,contact,,,,,,
1100,,,ThanhDQ,accepted,,19,2026.03.12,2026.03.13,,Note,Travis,"1. Nate from old apt building — plumbing side jobs, not full company guy
2. saved his number bc kitchen sink keeps making that gross glug-glug sound again
3. +1 646-555-0127
4. usually answers early, like before 8:30 am
5. said texting works better than calls if he's on a job
6. dont forget he already came once in Nov and tightened the under-sink pipe
7. still owes me the pic of the valve he told me to buy lol
8. backup contact: Marisol, building manager
9. +1 646-555-0199
10. only use her if Nate ghosts me or if leak gets worse
11. tell Nate apt 4C, buzzer is broken so he has to text when outside
12. maybe ask rough price first this time, I got caught off guard before
13. Marisol knows the door sticks, push hard then pull
14. dont schedule Wed night, league bowling
15. if fixed cheap, leave cash in envelope by the coffee tin
16. if not, call landlord right away no more waiting
17. write back here what he says cuz I keep forgetting",41,Male,,Warehouse Supervisor,contact,,,,,,
1101,,,ThanhDQ,accepted,,5,2026.03.12,2026.03.13,,Note,Priya,"=+1 415-555-0173 — Jordan from the volunteer center

Need to keep this one bc he actually follows up, which almost nobody does.
Met him after the shoreline cleanup in October when we were sorting gloves + broken plastic bits.
He said to reach out if I still wanted to help with the teen saturday garden program.

Things I should remember:
- Jordan is the tall guy with the faded Giants cap, super easygoing
- works part-time at the rec center, so afternoons are hit or miss
- best window to call is Thurs eve or Sun after 11
- if texting, mention “Priya from Bayside cleanup” so he knows who I am
- ask whether volunteers need background form done first
- also ask if they still need rides for donated soil bags

I think he mentioned his coworker Tessa too, but dont have her number yet.
Not urgent urgent, but I keep meaning to do this before spring starts.
He said the kids are planting tomatoes first, which sounds kinda fun honestly.
Dont ramble on the phone.
Just ask about orientation, next date, and where to park.
If he doesnt answer, wait a day before trying again.
Might be a good contact for Maya too since she wants service hrs.
double check if this is still his number before sending her info around.
Last thing: thank him for remembering my name, that was nice.",34,Female,,High School Counselor,contact,,,,,,
1102,,,ThanhDQ,accepted,,8,2026.03.12,2026.03.13,,Note,Avery,"Call Maya R. about the dog sitting thing before Fri
- +1 312-555-0184
met her at Jen’s cookout in June, she said she still does weekend pet help
golden retriever named Sunny, good w/ bigger dogs apperently
prefers texts first, dont just call out of nowhere

Ask:
• if she can do Aug 14-16
• overnight or just drop-ins
• price for 2 walks + feeding
• can she also bring in packages

Need to mention Sunny gets weird w/ vacuums lol
and he takes the blue treat jar, not the new food bag

backup person if Maya says no:
Trevor from downstairs
+1 773-555-4409
not ideal bc he forgot the leash once, but still maybe ok in emergency

best time to reach Maya = lunch break, like 12:15ish
dont forget to save her under “Maya dog help” not just Maya",29,Female,,Graphic Designer,contact,,,,,,
1103,,,ThanhDQ,accepted,,2,2026.03.12,2026.03.13,,Note,Nolan,"=+1 646-555-9031 — Mr. Ellis / Honda guy
I need to ring him back next week, prob Tues morning

He fixed the accord after that weird rattling sound by the front tire
works out of a small shop in Queens, honest dude, not pushy
said if the check engine light pops on again he’ll scan it for free

Things to ask when I call:
1. can he order the left mirror cover in silver
2. rough cost for brake pads before road trip
3. is he open Sat or nah

His nephew answers sometimes so say I’m the one with the gray 2018 Accord

shop note to myself:
near the deli w/ the red awning
I parked on the side street last time bc front spots were full

dont call too late, he sounded slammed after 4pm
also maybe ask if he knows a tire place nearby
saved this bc I always lose buisness cards",41,Male,,Sales Representative,contact,,,,,,
1104,,,ThanhDQ,accepted,,11,2026.03.12,2026.03.13,,Note,Camille,"emergency-ish contacts for apartment stuff bc I never remember where I put them

Leah - next door neighbor, has spare key only for real emergencies pls
+1 415-555-2677
works from home most days, usually around after 3
helped when the smoke alarm kept chirpping at 11pm, total lifesaver

Building super: Oscar Velez
text first if it’s not urgent
said phone calls are fine only if water leak / lockout / heater dead
+1 415-555-6110
tiny office by the mailboxes, kinda hidden behind the vending machine

Need to remember:
- Oscar likes unit # first in the text: “4C sink leak”
- he asked for photos if there’s ceiling stains again
- dont message him on Sunday unless it’s bad bad

Leah note:
brought over candles during the outage last winter
owes me 1 glass container from the soup lol
if I’m out of town, tell her about plant on kitchen sill

maybe add one more contact later for a plumber rec
but for now these 2 are the important ones
rename this note someday bc title “people??” is dumb",34,Female,,Elementary School Teacher,contact,,,,,,
1105,,,ThanhDQ,accepted,,7,2026.03.12,2026.03.13,,Note,Avery,"Met Marisol thru Jenna at the apartment viewing last month
+1 312 555 0846
text first, she hates random calls lol
works w/ leasing office on Oak Terrace bldg
ask abt parking pass situation + pet fee
said she can maybe get the application fee waived
best time to reach her: weekday after 4ish
remind her I'm the one w/ the gray cat, Nori
also ask if unit 3B still has the bigger closet
she mentioned move-in could be pushed to the 18th
dont forget to ask what internet ppl use there
if no reply by Thurs, call once in the evening
super nice but talks fast so write stuff down
Jenna said Marisol is reliable, just kinda swamped rn
save her as “Marisol leasing maybe” til deal is done
if this place falls thru, still keep number for future openings",29,Female,,Graphic Designer,contact,,,,,,
1106,,,ThanhDQ,accepted,,7,2026.03.12,2026.03.13,,Note,Caleb,"1) Mr. Ron Patel - fence guy my neighbor used
2) came by after the wind storm, looked at the back panel that fell over
3) quote seemed decent, maybe not cheapest tho
4) +1 614 555 9031 office
5) his cell might be diff, ask before sending pics
6) call Sat morning, not too early bc he does weekend jobs
7) need to ask if he can match the older wood stain
8) mention the gate latch is weird too, not just the fence boards
9) he said he also fixes small deck steps if already onsite
10) prob tell him Buddy the dog is in the yard sometimes
11) neighbor Lisa said he showed up on time which is rare honestly
12) if he sounds booked out, ask for the other contact he mentioned
13) dont forget measurements: about 11 ft section busted
14) maybe ask for cash vs card price
15) write down warrenty info this time, always forget that stuff",41,Male,,Auto Parts Manager,contact,,,,,,
1107,,,ThanhDQ,accepted,,16,2026.03.12,2026.03.13,,Note,Naomi,"Need to keep this one bc I always lose contractor numbers.
Trevor Nguyen helped at the school fundraiser, not a close friend, more like a parent volunteer who “knows a guy for everything.”
His number: +1 503 555 4278 and he said it's okay to text after work.
He has a cousin who does cheap printing for banners/signs, which could help for spring carnival.
Call him next week, maybe Tuesday night.
Ask where he ordered those folding tables from.
Also ask if the sound system he borrowed was rented or owned.
He mentioned his wife handles bake sale signup sheets, so maybe she has the PTA email list cleaned up.
Dont ramble when calling — just say I’m Naomi from Lincoln Elem.
He remembered my kid from the spelling bee, so that helps.
Need to ask if he still has the contact for the face painter lady.
He talks kinda quietly on the phone, so be somewhere not noisy.
If he doesn’t answer, leave voicemail once only, no repeat calling.
Good backup person for event stuff, seems organized even if a bit scatterd in person.
Maybe save under “Trevor PTA / event help” so I can find it fast later.
Also maybe thank him again for hauling the drink coolers, that saved us big time.
Check if he prefers text over voicemail bc I honestly do too.
Do not mix him up with Travis from band parents.",36,Female,,Elementary School Teacher,contact,,,,,,
1108,,,ThanhDQ,accepted,,12,2026.03.12,2026.03.13,,Note,Ava,"Call list for stuff I keep forgeting
- Nina Patel
- met her at the community garden swap in Oak Cliff
- said she still has those extra tomato cages
- text first, dont just ring her during class hrs
- best time is after 4:30 pm
- +1 214-555-0186
- ask if she can also bring the small herb markers
- she mentioned her dad welds, maybe ask abt fixing the bent trellis later
- owes me nothing, so keep it short + polite
- if no reply by Thurs, try once more Sat morning
- also save her alt contact maybe not needed tho
- she drives the blue Subaru, helps me remmeber who she is
- we talked near the seed table, super nice but talks fast
- DO NOT mix her up w/ Neha from yoga
- mention I’m the one who traded basil starts
- maybe offer coffee as thank-you",29,Female,,Graphic Designer,contact,,,,,,
1109,,,ThanhDQ,accepted,,3,2026.03.12,2026.03.13,,Note,Marcus,"Ron Alvarez from the old apartment building
Need to call him abt the mailbox key mess before I totally lose track again.
He was the maintenance guy, not the landlord, but he usually knew who had copies.
I bumped into him last month at the laundromat and he said “just ring me, easier that way.”
Best time is early, like before his second shift starts.
He hates late calls, said his phone wakes the baby.
Ask whether unit 3B ever turned in the spare.
Also ask if he still knows that locksmith on Belmont.
+1 773-555-0124
If he doesnt answer, leave voicemail w/ my name slowly.
Say I used to live in 2A w/ the loud ceiling fan lol.
Might also ask about the bike lock I left in storage, long shot tho.
Do not call on Sunday.
Text could work but he answers calls more often.
He’s a decent guy, just kinda scattered.
Need this sorted before lease papers go in Friday.
Maybe write down locksmith name right away so I dont blank again.
seriously dont procrastnate this one",41,Male,,Transit Supervisor,contact,,,,,,
1110,,,ThanhDQ,accepted,,15,2026.03.12,2026.03.13,,Note,Jenna,"1) Harper Reed — wedding florist rec from Elise
2) met her briefly after the tasting, she said she does smaller events too, not just huge fancy ones
3) I liked the loose white roses + eucalyptus setup in her pics
4) ask if she can do May 16 and maybe a tiny brunch setup next morning too
5) dont forget budget cap, keep it under 1.8k if possble
6) call later in the day, she said mornings are all deliveries
7) if she sounds rushed, just text the inspo photos after
8) +1 615-555-0179
9) mention I’m Elise’s cousin, not bride from the Barnett event haha
10) check whether she travels to Franklin or charges extra
11) also ask if she rents candles or only florals
12) she had a calm voice, prob easier to work with than the other vendor
13) backup note: her assistant might answer first, name might be Tori? or Kory? need to verify
14) if no availability, ask for one recomendation, spelled that wrong last time lol
15) save sample color idea: cream, dusty green, soft peach
16) not urgent tonight but do it by Wed
17) maybe ask for mockup photo before sending deposit
18) remember to compare w/ Lark Flowers before deciding
19) last thing — be normal, dont ramble",34,Female,,Elementary School Teacher,contact,,,,,,
1111,,,ThanhDQ,accepted,,14,2026.03.12,2026.03.13,,Note,Amber,"Met Maya from the dog park on Sunday, super nice and said her brother does cheap fence fixes.
+1 415-908-6624
Need to call her after 6 bc she works front desk till late.
Ask if her brother can look at the loose gate latch.
She has the golden retriever named Buscuit, not Biscuit lol.
Don't forget to mention my place is the blue duplex on King St.
Maybe also ask about her pet sitter rec.
She said texting is better first, calling out of nowhere feels weird.
Saved this bc I already lost the paper once.
If she doesnt reply by Thurs, try again Sat morning.
Also ask where she got those cheap flea meds.
Might invite her to the neighborhood cleanup if convo goes ok.
IMPORTANT: say ""Amber from the park near Maple"" so she remembers.
Her laugh was loud, easy to remember.
Could be useful contact for dog walking backup too.
Not urgent urgent, but fix gate before Coco slips out again.
Maybe spell my street name for her.
Do not text too late.",31,Female,,Bakery manager,contact,,,,,,
1112,,,ThanhDQ,accepted,,10,2026.03.12,2026.03.13,,Note,Trevor,"1) Keith Ramirez - plumber my landlord used last winter
2) came fast when the kitchen pipe burst, so keep his number here
3) +1 773-441-2908
4) call weekday mornings if the shower drain backs up again
5) he said texts are okay but he misses some of them
6) charges a service fee first, kinda steep but he actually shows up
7) mention apartment 2B and that Mrs. Collins referred me
8) also ask if he does water heater flushing
9) not for eletrical stuff, only plumbing obviously
10) second contact just in case: Lina at building office
11) +1 312-555-8046
12) she knows which vendors are approved
13) dont call during lunch, around 12:30 she never answers
14) if both fail, email landlord and attach sink pic
15) keep this note pinned bc I always scramble when somethings leaking
16) Keith wore a Bears cap, same guy as last Jan I think
17) ask for rough price before he comes over",28,Male,,Graphic designer,contact,,,,,,
1113,,,ThanhDQ,accepted,,12,2026.03.12,2026.03.13,,Note,Denise,"Need to keep a few parent contacts straight before spring recital week.
Ms. Corinne Blake, Ava's mom, said to reach out if Ava needs a ride from rehearsal.
Her number: +1 206-774-1931
Best time is after 7:15 pm once she is home from the hospital shift.

Then there's Jordan's dad, Marcus.
I scribbled his info on the back of sheet music and almost tossed it.
+1 425-663-5088 is his cell.
Text first bc he is usually in meetings and hates random calls.
He offered to bring extra folding chairs if we do the mini performance outside.

Need to remember who is who:
- Corinne = tall, red coat, always early
- Marcus = glasses, asks lots of q's but helpful
- both said they can help if rehearsal runs late

Ask Corinne about snack allergy list before Friday.
Ask Marcus whether he still has the portable speaker.
Do not mix up the kids names again, that was emberassing.
Keeping all this here so I stop flipping thru paper notes.
If weather gets bad, message both by noon.",44,Female,,Music teacher,contact,,,,,,
1114,,,ThanhDQ,accepted,,10,2026.03.12,2026.03.13,,Note,Megan,"Need to call Carla Nguyen abt the daycare waitlist
+1 312-555-0184
met her after the open house on Sat, she said to ring before lunch bc naps start around 1ish
ask if they still have a Tues/Thurs spot for Noah
also ask what the reg fee was, I wrote it down somewhere and lost it again
she mentioned there might be a sibling discount later, prob not now tho
don’t forget to say we toured the Oak St location, not the Lincoln one
if she doesnt pick up, leave vm with my name slowwwly
Carla was nice, kinda rushed, but helpful
best time to try: tomorrow morning
backup email maybe in my inbox, gotta check
save this bc I keep mixing her up w the preschool lady",34,Female,,Dental Assistant,contact,,,,,,
1115,,,ThanhDQ,accepted,,12,2026.03.12,2026.03.13,,Note,Jordan,"1) Nate from the old apartment building
2) +1 646-555-0279
3) text first, don’t just call out of nowhere
4) he fixes small stuff on the side — shelves, loose cabinet doors, drywall patch jobs
5) want him to look at the hallway closet before mom visits next month
6) he came recommended by Tasha, said he’s cheap but solid
7) remind him it’s the 3rd floor walkup, no parking out front really
8) ask if he still works weekends cuz weekdays are a mess for me rn
9) maybe send pics of the cracked hinge and that weird wall dent
10) last time he answered late at night, so dont panic if no reply right away
11) if Nate cant do it, ask who his cousin was that does painting too
12) note to self: not “Nick” — I always write the wrong name ugh
13) call after 6:30 pm",29,Male,,Warehouse Supervisor,contact,,,,,,
1116,,,ThanhDQ,accepted,,0,2026.03.12,2026.03.13,,Note,Priya,"Sofia from the community garden said I could reach out if I still wanted tomato seedlings.
I put her number here so I stop digging thru texts: +1 415-555-0146.
She wears the green sun hat, super chatty, lives near the west gate entrance.
Met her two Sundays ago when I was asking abt compost bins.
She told me Wednesdays are better bc she’s actually there after work.
Need to ask if the heirloom ones are the sweet kind or the more tart ones.
Also ask whether she still has extra basil starts, she said “maybe a few” but I forgot to follow up.
Bring cash if buying any extras, pretty sure she said no Venmo, or maybe her signal is bad there lol.
Don’t call too early, she said mornings are hectic with her dad’s appointments.
Maybe just send a short text first saying this is Priya from plot 18.
Important: thank her again for showing me how to pinch off the dead leaves.
I was half asleep that day and prob sounded rude, not on purpose.
If she doesn’t answer this week, try again Sat afternoon when the plant swap starts.
garden contact, not work Sofia!! keep that straight",41,Female,,High School Counselor,contact,,,,,,
1117,,,ThanhDQ,accepted,,16,2026.03.12,2026.03.13,,Note,Jenna,"Met Rosa from the landlord office
+1 312-555-0184
call her about the lease copy I never got
best time is lunch hr, she said 12:30ish
works fast if I text first
ask abt parking spot waitlist too
she remembered me from the broken heater thing
dont call super early, she sounded annoyed last time lol
backup number from her card maybe old:
+1 773-555-0149
if no answer, leave apt # 4C and building name
need to confirm if pet fee was already paid
also ask where to send the renters insurence proof
very slight accent, nice but kinda rushed
said “Monday is crazy” so try Tues instead
saved this bc I keep losing the sticky note
text: “hi Rosa, this is Jenna from 4C” first
remember to be polite, she helped with the lockout once",29,Female,,Dental assistant,contact,,,,,,
1118,,,ThanhDQ,accepted,,13,2026.03.12,2026.03.13,,Note,Marcus,"1. Nate from the used car lot - helped me look at the blue Civic
2. +1 614-555-0127
3. call after 5pm, not during the day bc he’s usually on the floor
4. ask if financing quote he mentioned is still good this week
5. he said he might knock off a few hunderd if I come back Sat
6. dont forget to ask about the tire tread + weird scratch on rear door
7. met him last Thurs, seemed straight fwd not too pushy
8. if he doesnt pick up, try the office line
9. +1 614-555-0191
10. tell him I was the one w/ my brother, comparing Civic and Corolla
11. also ask if they found the 2nd key fob
12. maybe see if he can send pics again bc mine got deleted
13. note to self: not commiting yet, just getting numbers
14. he wrote “ask for Nate H.” on his card
15. decent guy, but still double check everythng
16. maybe bring dad on the call if price starts sounding weird",34,Male,,Warehouse supervisor,contact,,,,,,
1119,,,ThanhDQ,accepted,,7,2026.03.12,2026.03.13,,Note,Alina,"Kayla - dog sitter from Maya’s recomendation.
Met her at the park by accident first, then Maya sent the real contact.
Said she mostly does evenings + weekend overnights.
Need her for the Chicago trip next month if flights dont get moved again.

Her number: +1 917-555-0166
Alt bc she sometimes leaves the work phone in her bag: +1 646-555-0132

- ask if she can handle two walks a day for Benny
- remind her Benny hates loud vacuums, gets all shakey
- she already knows how to give the green chew treat after dinner
- check rate for Fri night thru Mon morning
- ask if she can water the tiny plants too, just the kitchen ones

She seemed calm, soft spoken, maybe early 20s?
Lives somewhere in Astoria I think, not far.
Call in the evening, around 7ish was when she texted back fast.
Don’t forget to mention Benny pulls hard at first then settles down.
Maya said Kayla is reliable, just a little forgetful with pics.
Would rather text first so she knows who I am.
If she can’t do it, ask whether her roomate still pet sits.
saving this here bc I keep mixing her up w/ the groomer contact
send intro text: “Hi Kayla, this is Alina, Maya’s friend w/ Benny.”",26,Female,,Graphic designer,contact,,,,,,
1120,,,ThanhDQ,accepted,,16,2026.03.12,2026.03.13,,Note,Melissa,"Tara from the dog groomer, saved bc she squeezed in Milo last min last spring.
+1 614-555-0187
Call her Tue after 10, she hates super early calls.
Ask if she still does nail trim only visits.
Milo got nervouse last time so remind her he needs a min to settle.
She mentioned a mobile service too, maybe ask price.
Her shop is near the old bakery on King Ave.
Don't forget she knows my sister Jamie from church.
If no answer, leave vmail slow bc she said reception is bad in back room.
Need to ask abt Saturday openings before Mom comes over.
Could also text pics of Milo's fur getting matted.
Prob mention coupon she gave me in May, maybe still works?
She was really nice, talked a lot but did good work.
Backup note: if she's booked, ask who she reccomends nearby.",34,Female,,Elementary school teacher,contact,,,,,,
1121,,,ThanhDQ,accepted,,12,2026.03.12,2026.03.13,,Note,Darren,"1) Leo Martinez - plumber my landlord used before, not cheap but actually shows up
2) best number: +1 915-555-0274
3) call in the evening, around 6ish, he said daytime is chaos
4) need him for kitchen sink leak + weak water pressure in shower
5) he came by once in August to check the water heater
6) knows the building layout already, which helps
7) mention Apt 3B and that the pipe under sink rattles now
8) if he doesn't pick up, text first, no long paragraph
9) his wife sometimes answers from same phone I think
10) ask for rough estimate before he comes, learned that the hard way lol
11) don't schedule Wed morning bc I have shift
12) neighbor Rosa said he also fixes garbage disposals
13) write down if he says bring cash or card
14) maybe ask if he can look at bathroom vent too
15) not urgent-urgent, but leak is getting worse
16) he spelled martinez w/ a z, not s
17) backup contact from his van card: office maybe +1 915-555-0316",41,Male,,Warehouse supervisor,contact,,,,,,
1122,,,ThanhDQ,accepted,,6,2026.03.12,2026.03.13,,,Alyssa,"Maya from the dog groomer, saved her bc she squeezed in Peanut last min when I was stuck at work.
 +1 312-555-0184
 Call Tues or Wed after 10am, not super early, she said mornings get nuts.
 Also ask if she still does nail trim walk-ins.
 
 Her email was maya.ortiz.chi@gmail.com
  I think, pretty sure that's right.
 Met her at South Loop Pet Fair in April.
 She remembered Peanut's weird shampoo allergy, which was kinda amazing.
 
 Need to ask about summer package prices.
 and if she has a mobile van option for grandma's place.
 
 1. text first if it's same-day
 2. mention ""blue beagle Peanut""
 3. ask for the lady who wears green scrub top, that's her
 
 backup note - if no reply by Thurs, try the shop line instead bc her personal cell gets burried.
 Do not call during lunch, she said 12:30ish is chaos there.",29,Female,US,Elementary teacher,contact,,,,,,
1123,,,ThanhDQ,accepted,,14,2026.03.12,2026.03.13,,,Marcus,"Need to keep this straight bc I mixed up the numbers last time.
 
 - Jordan Lee, old apt neighbor from Denver, now in Houston helping me find a cheap mover for sis.
 - Best time to ring him: after 6pm central.
 - +1 713-555-0267
 - Said voicemail is fine, he actually checks it.
 
 For the moving company contact too:
 Rina at Bayou Budget Movers
 rina.collins.tx@yahoo.com
 
 she quoted me smth around 220 for the small truck, maybe more if stairs.
 
 * ask Jordan whether Rina is still legit
 * ask if Sat pickup is possble
 * dont forget to mention 3rd floor walkup, no elevator ugh
 
 extra: Jordan helped w my couch in 2023 so he's not random, def trustworthy.
 If he doesn't answer, send a short text, not a long ramble.
 Alt office line for Rina at the warehouse: +1 281-555-0419",41,Male,US,Auto mechanic,contact,,,,,,
1124,,,ThanhDQ,accepted,,3,2026.03.12,2026.03.13,,,Priya,"Carla Nguyen from the community garden board — save this better bc I keep searching ""garden lady"" and nothing comes up.
 We talked after the Saturday compost workshop near Elm Street plots.
 She wants me to call about volunteering for the fall seed swap, prob late Aug planning.
 
 Phone: +1 503-555-0372
 Email maybe easier during work hrs: carla.nguyen.pdx@outlook.com
 
 
 Little reminders for myself:
 1. she's the one with the orange rain boots
 2. prefers texts before calls on weekdays
 3. ask whether booth fee was $15 or $50 bc I wrote it sloppy
 
 I should mention I can bring folding chairs and the hand-painted signs.
 Maybe also ask if my cousin Leo can help even tho he's only free Sundays.
 
 not urgent today.
 Best time = evening, around 7ish.
 Her backup number from the flyer was +1 971-555-0648 but she said use that only if the main phone is being weird.
 
 Important bc this could turn into paid weekend work later, not just volunteer stuff.",34,Female,US,Product manager,contact,,,,,,
1125,,,ThanhDQ,accepted,,6,2026.03.12,2026.03.13,,,Ava,"Marisol Vega - dog sitter from my bldg, 4th floor I think
 +1 773-415-9826
 met her in the elevator when Baxter slipped his leash lol
 really calm, said she does wknd walks + overnight if needed
 best time to call is after 6pm bc shes at classes before that
 email: marisolvega.home@gmail.com
 
 
 Need to ask about Labor Day weekend rates
 also if she can do meds reminder, not actual meds just the chewable vitamin thing
 
 - super nice w big dogs
 - has her own car
 - text first, she said random calls kinda freak her out
 
 Backup contact if Marisol doesnt answer:
 Jenna from the dog park
 jenna.reed.chi@gmail.com
 
 +1 312-808-4419
 only for emergency walk, not boarding
 rember to mention Baxter is nervous around scooters",29,Female,US,Graphic Designer,contact,,,,,,
1126,,,ThanhDQ,accepted,,6,2026.03.12,2026.03.13,,,Marcus,"1) Auto body guy my cousin Ray told me abt
 2) Name: Leon Harper
 3) Shop is near Cicero, forgot exact cross st but he said text the pic first
 4) +1 708-662-1944
 5) Call in the morning, like 8:30-10, he gets swamped later
 6) He fixed Ray's bumper fast and didnt overcharge supposedly
 
 Need this for the scrape on left rear door
 might ask if he can buff it out before I commit to full repaint
 
 * alt contact from same shop maybe front desk?
 * Nina
 * +1 708-662-1908
 * email was something like service.harperauto@gmail.com
 
 
 Dont call Friday aftn
 Leon said fridays are nuts and he ""cant hear anything over the tools""
 ask about cash discount maybe
 note to self: send photos first so I dont ramble",41,Male,US,Delivery Supervisor,contact,,,,,,
1127,,,ThanhDQ,accepted,,9,2026.03.12,2026.03.13,,,Priya,"Kayla Nguyen from PTA parent list
 saved bc she offered to share the math tutor her son uses
 email first maybe, she answers there faster: kayla.nguyen.family@gmail.com
 
 
 I should reach out Tues night after 7
 not during school pickup, she said that time is chaos
 
 Contact stuff:
 Kayla N.
 +1 646-555-2187
 Brooklyn mom, kid is in Ethan's class
 
 Things to ask her:
 - is the tutor good w shy kids?
 - in person or zoom only
 - hourly price, bc I cant do anything too crazy rn
 
 Her backup number from the fundraiser sheet maybe old tho
 +1 917-440-7631
 said ""use this one if i miss the other""
 
 seemed warm, a little rushed, but prob reliable
 dont forget to thank her for the field trip forms help last month",37,Female,US,Elementary School Teacher,contact,,,,,,
1128,,,ThanhDQ,accepted,,9,2026.03.12,2026.03.13,,,Marissa,"Need to keep these contact notes straight before I forget again.
 Samira Patel - florist from my cousin's wedding reco
 +1 415-682-9034
 best time to call = after 10am, not super early
 she said text is ok first bc she's usualy at the shop
 
 1. ask about small white roses + eucalyptus
 2. mention event is prob for late May in Oakland
 3. check if she still does last-min centerpieces
 
 Also save Leo from the print place
 Leo Hwang
 for menus / table cards / signs
 reach him at leo.hwang.paperworks@gmail.com
 
 backup phone +1 628-301-7746
 met him at the farmer's mkt booth, nice but talks fast lol
 call Tues or Wed only, he said weekends are chaos
 dont mix him up w/ the other Leo from work",29,Female,US,Event planner,contact,,,,,,
1129,,,ThanhDQ,accepted,,12,2026.03.12,2026.03.13,,,Marissa,"Need to keep this contact bc I always lose her card.
 Alyssa Reed from Greenway Apartments leasing office.
 +1 312-555-1846
 alyssa.reed.chi@gmail.com
 
 Met her Tues after the unit tour on Clark, she said text is fine but call if it's urgent.
 
 1) ask abt pet fee again bc I forgot if it was monthly or one-time
 2) call after 10:30am, not during her morning walk-thrus
 3) mention the 2nd floor place w/ the weird closet door
 
 - super nice, talked fast tho
 - she said she can hold the unit till Fri eve maybe
 - remind her I'm the one moving from Milwaukee for the new job
 
 If no answer, leave vmail and then send text.
 Don't call too late, she said her kids stuff starts around 6.
 Alt note: front desk transfer took forever last time so just use direct num above.
 Need this saved propery this time.",29,Female,US,Graphic Designer,contact,,,,,,
1130,,,ThanhDQ,accepted,,16,2026.03.12,2026.03.13,,,Alyssa,"old landlord contact bc of security dep refund stuff
 Martin Reyes
 call after 6:30 pm, he never picks up during work hrs
 +1 312-555-4817
 said to text first so he knows it's me
 
 need to ask abt mailbox key charge too
 he was nice at the Oak St place, kinda forgetful tho
 email from lease thread: martin.reyes.chi@gmail.com
 
 
 - mention move-out date was Aug 28
 - ask where he mailed the check
 - remind him apt was left clean, no damage lol
 
 backup number from his wife maybe?
 +1 773-555-2096
 dont call super late, they got kids",29,Female,United States,Graphic Designer,contact,,,,,,
1131,,,ThanhDQ,accepted,,8,2026.03.12,2026.03.13,,,Brendan,"1. Nina Patel, florist from Jess's wedding rec list
 met her at the Sunday market and she said spring orders fill up fast
 2. wanna call about mom's anniversary bouquet, not too fancy
 3. colors she suggested: peach, white, a little green filler
 4. best time to ring her is before lunch, after 2 she does deliveries
 5. her shop line was busy so use cell instead
 +1 404-555-1186
 
 also wrote down the studio email wrong the first time, correct one below
 ninapatal.flowers@gmail.com
 
 
 * ask if she can do pickup Fri evening
 * check if she still works out of Decatur
 * mention budget is around 85ish
 
 backup note: she txts kinda late but always replies
 don't forget this is for April 14 dinner",41,Male,United States,..0,contact,,,,,,
1132,,,ThanhDQ,accepted,,7,2026.03.12,2026.03.13,,,Tessa,"emergency-ish home repair note so I stop losing this number
 
 Rob, plumber my downstairs neighbr used last winter
 came over once, fixed the kitchen leak pretty quick and didnt overcharge
 if sink starts dripping again, call him first
 
 phone maybe easiest way: +1 602-555-7344
 alt office line was on the invoice
 +1 480-555-6621
 
 what to say
 • condo in Tempe, under sink leak by garbage disposal
 • ask if he can come early morning Sat
 • tell him parking is guest spot B
 
 email too, just in case: rob.mendez.plbg@yahoo.com
 
 he said voicemail is ok but speak slow lol
 not after 8 pm, guy wakes up at like 4am for jobs",34,Female,United States,Dental Assistant,contact,,,,,,
1133,,,ThanhDQ,accepted,,0,2026.03.12,2026.03.13,,,Alyssa,"Need to keep this straight before I forget.
 Jordan Pike from the condo board helped w/ the parking pass mess last month.
 Best # is +1 415-682-9047
 Call after 6pm bc he teaches during the day.
 Email: jordan.pike.sf@gmail.com
 
 He said text is better first, dont just ring out of nowhere.
 
 Stuff to ask him:
 - guest parking rules for Mom this weekend
 - whether unit 3B can still use the side gate code
 - if the plumber he used is actually decent or just cheap lol
 
 Also
 1. remind him I’m the one from apt 2A with the blue Civic
 2. say thx again for carrying that package upstairs when my back was acting up from gym
 3. ask if Tues night is okay to talk
 
 Backup note: if no answer, send short txt and try again Wed.",29,Female,US,Graphic designer,contact,,,,,,
1134,,,ThanhDQ,accepted,,12,2026.03.12,2026.03.13,,,Marcus,"Car note / people to call about the weird brake sound
 
 * Elena Ruiz - service advisor at Harbor Ford, met her when I got the tire patched in Jan
 * said mornings are less hectic there
 * +1 206-771-3482
 * elena.ruiz.service@gmail.com
 
 
 Need to mention the squeek only happens first 10 mins driving, not all day.
 Probly ask if they can look Fri before work.
 
 Then
 2) Nate from my old building knows a cheaper mechanic in Kent
 he texted me once, I never saved it right
 number might be +1 253-489-6175
 dont call super late, he has little kids
 
 Ask Nate:
 - shop name
 - cash only or card
 - if they do quick checks w/out appt
 
 If Elena can fit me in, use dealer. If not, go w/ Nate's guy.",41,Male,US,Warehouse supervisor,contact,,,,,,
1135,,,ThanhDQ,accepted,,5,2026.03.12,2026.03.13,,,Priya,"Babysitter + neighbor contacts bc my schedule is chaos rn
 
 Maya Chen
 nurse from downstairs, watched Theo once during the storm delay and he liked her
 text first at +1 617-934-2801
 email is mayachen.bos@outlook.com
 
 usually free some weeknights after 7, but not every Thurs
 
 For Maya ask about next Monday eve, maybe 5:30-8:30.
 Need to tell her Theo gets shy for like 10 min then he’s fine.
 
 Noah Bell - neighbor's college son
 good for dog walk OR emergency school pickup, not ideal for late nights tbh
 +1 781-552-6934
 met him when he returned my misdelivered Target box
 
 mini list
 1. confirm if he still has a car
 2. ask rate bc I forgot
 3. save his mom's unit # too maybe
 
 If either replies, put it in calendar right away so I dont lose it again.",36,Female,US,Product manager,contact,,,,,,
1136,,,ThanhDQ,accepted,,10,2026.03.12,2026.03.13,,,Alyssa,"Need to keep this straight before I forget.
 Marina Vega - dog sitter from Oak Park, met her thru Jen at the park last Sat.
 Usually best to text first at +1 708-555-1842 bc she said she’s wrangling dogs most mornings.
 Email was marina.vega.home@gmail.com
  if I need to send door code stuff.
 
 1. ask if she can do Fri evening drop-in
 2. mention Baxter is weird abt the vaccuum + loud trucks
 3. confirm she still charges 25 for short visit, I think thats what she said not 35?
 
 Backup note:
 brother of hers maybe helps on weekends, name might be Luis or Lewis, need to double check.
 Call after 6:30 pm, not during her daycare pickup.
 
 - she has the red Honda, parked in alley last time
 - likes payment by Venmo, not cash if poss
 - said “text is easier than calling” so dont just ring out of nowhere
 
 If she doesn’t reply by Thurs, try the second number she scribbled: +1 773-555-6198",31,Female,United States,Elementary school teacher,contact,,,,,,
1137,,,ThanhDQ,accepted,,3,2026.03.12,2026.03.13,,,Marcus,"Roof guy info before I lose the paper again
 
 * Tony Bell w/ Bell & Sons Roofing
 * +1 614-555-9031 office line
 * personal cell is diff, use only if estimate gets pushed: +1 380-555-4427
 * tonybell.reno@yahoo.com
 
 
 Came by after Mrs Kline next door gave me his name.
 Saw the leak over the back room and said it’s prob flashing, not full roof thank god.
 He talks fast so write this down: call weekdays around lunch, 12ish is best.
 
 Questions for him
 1) can he patch before the rain on Monday
 2) does he haul debris or do I need a dumpster
 3) ask for the pic he took of the soft spot by chimney
 
 dont forget he said he’s out in Dublin on Thurs morning.
 Nice enough, a little gruff, but seemed honest.
 Need quote emailed so I can send it to landlord too.",44,Male,Canada,Auto mechanic,contact,,,,,,
1138,,,ThanhDQ,accepted,,4,2026.03.12,2026.03.13,,,Priya,"Random contacts from today bc my brain is mush
 
 Nina Flores, florist for May event, met at River Market pop-up and she remembered my sister’s wedding colors somehow.
 Her number first so I stop digging for it later: +1 816-555-2714
 Said calling is okay but not before 10, she opens the shop late on Tues.
 
 - shop line: +1 913-555-6880
 - email: nflores.blooms@outlook.com
 
 - storefront is in Kansas City, little place by the coffee shop w/ yellow awning
 
 Need from her:
 1. small table pieces, nothing too fussy
 2. maybe white + peach, not bright orange, I changed my mind again lol
 3. ask if she can do pickup night before instead of same morning
 
 Also save this:
 she said mention “Maya referral” so she knows it’s me.
 I think deposit was 20 percent, but my notes are messy so re-ask.
 If no answer, leave vm super short bc she said she checks them late.",27,Female,Australia,Product manager,contact,,,,,,
1139,,,ThanhDQ,accepted,,4,2026.03.12,2026.03.13,,,Melissa,"Need to keep this bc I always lose random numbers.
 +1 312 555 0184 — Dana Ruiz, dog sitter from Oak Park.
 Met her at Jamie's bday cookout when she was watching the neighbor's beagle.
 She said weekdays after 6pm is best, not during school pickup.
 
 Why I saved her:
 - backup for Maple if I get stuck late at work
 - also does cat drop-ins but said she's ""more of a dog person"" lol
 - takes Venmo, maybe cash if needed
 
 Text first, dont just call.
 Her old email from the flyer: dana.ruiz.chicago@gmail.com
 
 
 1) ask her summer rates
 2) check if she can do Fri night to Sun morning
 3) mention Maple is weird abt men + vacuums
 
 If no reply by Thurs, try +1 708 555 0147 (her work phone? maybe, she wrote it fast and I couldve copied it wrong)
 nice, kinda chatty, but seemed super reliabe",34,Female,US,Elementary school teacher,contact,,,,,,
1140,,,ThanhDQ,accepted,,2,2026.03.12,2026.03.13,,,Andre,"Leon Park from the auto glass place
 guy who fixed the crack in my Civic last winter, pretty sure he said to reach out direct next time instead of front desk
 
 Phone: +1 404 555 0196
 Email maybe: leon.park.atl@gmail.com
 
 dont call before 9, he sounded annoyed when I rang early once
 
 Stuff to rember:
 • knows the insurance shortcut for State Farm claims
 • said he'd knock a little off if I pay same day
 • mobile service on Saturdays if he's not booked up
 
 I also wrote this on the reciept:
 1. ask about tint strip on windshield
 2. see if he still does side mirror installs
 3. tell him gray Honda Civic, not the old Accord
 
 If Leon doesn't answer, Marisol at shop desk = +1 678 555 0121
 she's the one who squeezed me in during that rainstorm mess
 
 Need to handle this before road trip bc I do NOT wanna drive to Nashville with the crack spreading again.",41,Male,US,Warehouse supervisor,contact,,,,,,
1141,,,ThanhDQ,accepted,,1,2026.03.12,2026.03.13,,,Priya,"Contacts from the community garden meeting so I dont have to dig thru that paper again.
 
 Nina Bell — +1 503 555 0178
 plots coordinator, tiny glasses, had the red notebook
 call Tue eve or Sat morning only
 said texting is easier if it's about water keys or compost bins
 
 Small note to self: she remembers ppl by plot number, mine is 14B, mention that first.
 
 Marcus Hale
 email: marcus.hale.portland@gmail.com
 
 phone is prob +1 971 555 0135
 he runs the seed swap table + had extra tomato starts in March
 
 - ask Marcus if he still has basil starts
 - ask Nina abt waitlist for the second raised bed
 - dont forget membership fee was due ""around the 10th ish""
 
 1) text Nina about gate code
 2) email Marcus pics of the leaf spots
 3) maybe ask if the Saturday volunteer shift still needs ppl
 
 Both were really nice, just a little scatterbrained like me, so follow up more than once if nobody answers.",28,Female,US,Graphic designer,contact,,,,,,
1142,,,ThanhDQ,accepted,,1,2026.03.12,2026.03.13,,,Alyssa,"Need to keep this so I stop losing ppls numbers
 
 1. Marisol Vega - +1 415-702-8841
 met her at the Saturday farmers market in Oakland, she runs the flower stand by the bread guy
 best time to call is after 2pm, before that she's hauling buckets + never picks up
 ask her abt wedding centerpieces for cousin Jen, she said she can do eucalyptus cheap
 
 - also email: marisolvega.flowers@gmail.com
 
 she wrote it on the back of a reciept and I almost tossed it lol
 
 2. backup contact is her sister Nina
 +1 628-311-4670
 only text this one if delivery day gets mixed up
 Nina said ""dont call super early"" noted
 
 remember: Marisol is the one with the green truck, not Maria from the old shop
 prob reach out Thurs night
 dont forget deposit question",29,Female,US,Elementary school teacher,contact,,,,,,
1143,,,ThanhDQ,accepted,,9,2026.03.12,2026.03.13,,,Jordan,"Aaron Pike
 gym trainer from my old building, not the same Aaron from work
 +1 917-440-3612
 said to msg first bc he screens random calls
 
 Things to ask him:
 * if he still does Sat morning sessions in Prospect Park
 * price for 4 weeks, I forgot if it was 180 or 190
 * whether he knows a decent nutrition coach too
 
 Email maybe easier when I'm at lunch: aaron.pike.fit@gmail.com
 
 
 Met him back in Jan when the elevator was busted and we talked for like 20 min
 nice guy, a little chatty tho
 Call after 6:30pm only
 
 if no reply by Tuesday, text ""hey its Jordan from Clinton st bldg""
 do not send the leg day rant lol",34,Male,Canada,Graphic designer,contact,,,,,,
1144,,,ThanhDQ,accepted,,9,2026.03.12,2026.03.13,,,Renee,"contacts for the apartment mess
 
 first one - Leah Cho, leasing office
 I need her bc the mailbox key is still wrong and package room code keeps changing
 email: leah.cho.riverpark@gmail.com
 
 she replies faster there than thru the portal, weird but true
 
 phone for office line is +1 312-555-8427
 call around 10:15am, she said after resident rush dies down
 
 also:
 2) Miguel the maint. guy
 super helpful, fixed sink last month in like 8 mins
 +1 773-204-6198
 text only unless it is urgent urgent
 mention unit 4B so he knows who I am
 
 need to ask both abt parking tag and the hallway light flicker thing
 dont sound annoyed even tho I am very annnoyed",41,Female,US,Dental hygienist,contact,,,,,,
1145,,,ThanhDQ,accepted,,17,2026.03.12,2026.03.13,,,Maya,"Need to keep Aunt Denise info handy before I forget.
 She said call after 6 bc she's still doing front desk till then.
 +1 312-555-0184
 Met her old landlord too, maybe useful if I ever need a short-term place for mom.
 Mr. Ray Coleman - +1 773-555-0249
 email for Denise: denise.morrow87@gmail.com
 
 
 1. Denise is mom's older cousin from Chicago side
 2. ask her abt the church fundraiser boxes
 3. don't ring during lunch, she gets cranky lol
 
 - Ray only texts, hardly ever answers calls
 - said he can prob help w moving truck hookup
 - mention Maya from Joliet so he remembers
 
 also Denise knows that insurance lady I need
 save this bc I keep losin her number
 if no answer tmrw, try Sunday morn",29,Female,US,Elementary school teacher,contact,,,,,,
1146,,,ThanhDQ,accepted,,3,2026.03.12,2026.03.13,,,Jordan,"Mike Torres from the gym, the HVAC guy, finally sent the right number so writing it here now before it vanishes again.
 He checked the weird attic vent sound last month at Carla's place and said call him if my unit starts doing that rattly thing too.
 best time = weekdays before 8am or later at night after jobs.
 
 * Mike Torres
 * hvac / side jobs
 * +1 602-555-0317
 * mike.torres.azwork@outlook.com
 
 
 Also, Nina from leasing office said she has a locksmith cousin if Mike can't do the back door seal thing.
 Nina Patel
 +1 480-555-0472
 
 Notes to self:
 ask Mike for rough price, not ""ballpark-ish"" bc last time I forgot.
 tell him apt B12, gate code still same.
 Call Nina only if office package goes missing agian or if maintenance ghosts me.",41,Male,US,Warehouse supervisor,contact,,,,,,
1147,,,ThanhDQ,accepted,,6,2026.03.12,2026.03.13,,,Elena,"Contacts from the Saturday craft fair bc I actually wanna follow up this time.
 
 First one was Jenna Lee, super nice, sells printed labels + helped me fix the Square reader panic.
 Call maybe around 10ish, not too early, she mentioned school dropoff chaos.
 Jenna Lee / Pine & Dot Studio / jenna.pinedot@gmail.com
  / +1 415-555-0628
 
 Then: Omar Brooks
 photog guy from the next booth, said he'd trade mini product pics for candles.
 Usually replies faster by text than email.
 +1 510-555-0791
 omar.brooks.photo@gmail.com
 
 
 reminders
 1) ask Jenna about custom thank-you stickers in sage green
 2) ask Omar what he charges if not doing trade
 3) mention the lavender batch sold out by noon so they know which items did best
 
 - both are Bay Area ppl
 - don't wait till next month or this will get burried like the other notes",34,Female,US,Bakery owner,contact,,,,,,
1148,,,ThanhDQ,accepted,,4,2026.03.12,2026.03.13,,,Marissa,"Need to keep this bc I always lose biz cards.
 +1 312-555-8406 — Elena Ramirez, florist from the farmers market on Sat.
 She did the white/green table setup for Nina's shower and said she can prob do a smaller version cheap.
 I should call after 10am, not super early, she mentioned school dropoff chaos.
 
 Things to ask:
 - price for 6 small centerpieces
 - if she still has eucalyptus this wk
 - can she deliver to Logan Sq or pickup only
 
 Email was smudged on the card but I think it's elena.ramirez.flowers@gmail.com
 
 Met her near the honey stand, very nice, talked fast.
 Don't forget she said text is better first if it's about dates.
 
 Backup note:
 1. mention Nina recommened her (sp?)
 2. ask for pics from last spring weddings
 3. if no answer, try again around 6:15 pm",29,Female,US,Elementary school teacher,contact,,,,,,
1149,,,ThanhDQ,accepted,,7,2026.03.12,2026.03.13,,,Darren,"Jotting this down before I forget.
 Marcus Lee from the old apt building — helped me find that locksmith when I got locked out.
 Email: marcus.lee.bklyn@outlook.com
 
 
 +1 917-555-2641
 
 Need to return his drill bit set, still in my trunk lol.
 Best time to ring him is weekday evenings, usually home after 7.
 He said don't call during lunch bc he's driving most days for work.
 
 * ask if his sister still needs moving boxes
 * tell him the blue toolbox latch is kinda loose
 * maybe ask for that painter contact too
 
 Important — Marcus is the tall guy from 4B, not Mark from 2A.
 Met him first during the water shutoff mess last winter.
 Super solid neighbor, just bad at texting back.
 If urgent, leave voicemail bc he actually listens to those.",41,Male,Canada,Warehouse supervisor,contact,,,,,,
1150,,,ThanhDQ,accepted,,6,2026.03.12,2026.03.13,,,Priya,"Contacts for pet stuff bc I'm always scrambling last min.
 
 1) Dr. Hannah Cho, mobile vet
 comes to the house on some Fridays, way easier for Mochi who freaks out in the car.
 Call window she gave me: 8:30-11:00 am only.
 hannahcho.dvm@yahoo.com
 
 
 2) +1 646-555-7019
 She checked Mochi's chipped nail back in Jan and was really gentle.
 Need to ask if she does basic travel cert paperwork too.
 
 — also save Luis from Happy Paws sitting service
 used him over Labor Day, sent pics on time, dog liked him which is rare tbh.
 +1 718-555-4832
 text first, don't just call
 works better for weekend walks or overnight check-ins
 
 Note to self: Luis spells his last name Peréz? or Perez, need to verify.
 Ask abt holiday rates before Nov this yr.",33,Female,India,Graphic designer,contact,,,,,,
1151,,,ThanhDQ,accepted,,11,2026.03.12,2026.03.13,,,Megan,"Chloe from the dog grooming place, saved bc she said she can squeeze in Baxter if I text early.
 +1 617-555-2814
 works Tue thru Sat, dont call before 9 bc shes doing drop-offs.
 
 Also her backup email is chloe.rivers.bos@gmail.com
  in case her phone goes weird again.
 I met her when Baxter got that burr stuck in his fur lol.
 
 - ask abt deshedding price for spring
 - mention Baxter hates the loud dryer
 - check if they still do nail trim combo
 
 1. text first, she said she misses calls a lot
 2. best time = around lunch or after 4:30
 3. if no reply, try next day not same hour
 
 She was super nice, kinda rushed but helpful.
 Lives near Somerville I think, little shop w/ blue awning.
 Need this saved bc I always forget who handled his last appt.
 If mom asks, this is the groomer I actually liked.",29,Female,US,Graphic designer,contact,,,,,,
1152,,,ThanhDQ,accepted,,3,2026.03.12,2026.03.13,,,Aaron,"Need to keep this straight before I lose the sticky note again.
 Marcus Hill from the landlord's maint. crew — fixed the sink in 2B and said to reach out direct if the leak comes back.
 Usually answers faster by call than text, weirdly.
 
 * cell: +1 404-555-9076
 * alt office line maybe old?? +1 404-555-1182
 * email: mhill.repairs.atl@gmail.com
 
 
 Call in the evening, not mornings, bc he's on jobsites and gets cranky abt random ringing.
 Said ""after 5 is fine, just leave vm if I'm under a house.""
 
 Things to tell him if the cabinet swells again:
 1) leak was under left pipe
 2) smelled musty for like 2 days
 3) ask if paint damage should go thru landlord or him
 
 Met him last Thurs, nice guy, talked a ton abt fishing.
 Do NOT delete this one like last time.
 Could be useful for the hallway light too if super asks me who came by.",41,Male,US,High school counselor,contact,,,,,,
1153,,,ThanhDQ,accepted,,7.5,2026.03.12,2026.03.13,,,Priya,"Reception note for myself bc I kept calling the wrong Dana.
 
 Dana Perez from Westlake tutoring center
 front desk but also handles weekend bookings when the owner is out.
 +1 310-555-6649 is her direct work cell, she said its okay to use for schedule changes.
 
 Why I saved it: Maya's algebra sessions got moved twice and Dana was the only one who actually sorted it out.
 She remembers students by parent name, so say ""Maya S's mom"" right away.
 
 • email: dana.perez.wltutor@gmail.com
 
 • best call window = 1:15-3ish
 • avoid Fridays after 6, office gets nuts
 
 Need to ask abt:
 1. SAT prep openings in April
 2. whether Mr. Levin still has Tues slots
 3. make-up policy bc we missed one for the choir trip
 
 Her voice is kinda quiet on phone so listen closely.
 Super polite, a little scatterbrained maybe, but she got back to me.
 Keep this here till summer at least, dont rely on memory agian.",36,Female,US,Restaurant manager,contact,,,,,,
1154,,,ThanhDQ,accepted,,7,2026.03.12,2026.03.13,,,Maya T.,"old apartment stuff + ppl to call
 1) Lena Ortiz - +1 312-555-0846
 met her in the lobby when my package got left downstairs again
 works nights so dont ring before 11am
 email: lena.ortiz.chi@gmail.com
 
 said she knows a cheap cleaner if I still need one
 
 2) Mr. Keating super
 phone maybe best first: +1 773-555-2619
 I wrote ""ceiling stain near bath"" and he told me to text pics not call
 older guy, kinda grumpy but gets things fixed fast
 try after 8:30 since he's usualy on rounds early
 
 - ask Lena abt spare key policy too
 - ask Keating if the paint smell means they patched the leak already
 dont forget this is for the old place on Greenview, not the new apt",29,Female,US,Graphic designer,contact,,,,,,
1155,,,ThanhDQ,accepted,,3,2026.03.12,2026.03.13,,,Jordan P.,"=+1 646-555-7132
 Devon Reese from bk pop-up market, the candle guy
 saved bc he said he'd hold the cedar ones for me till Friday
 best to text, not call right away, he said calls get burried when he's at the stall
 devon.reese.shop@protonmail.com
 
 
 need to ask if he still does local dropoff in Crown Heights
 also ask about that bigger jar he showed me, the one w/ the weird brass lid
 
 * backup contact: Tori at the same booth
 * +1 917-555-4801
 * she handles invoices + pickup times
 * met her when card machine froze lol
 
 Call order:
 1. Tori if I need exact pickup window
 2. Devon later like 6ish when market slows down
 note to self: dont mix this up w/ the soap vendor from last month",34,Male,US,Audio technician,contact,,,,,,
1156,,,ThanhDQ,accepted,,3,2026.03.12,2026.03.13,,,Claire N.,"contacts for wedding weekend mess
 
 • Nina Flores, cousin's friend doing last-min hair
 • email first maybe: nina.flores.artistry@yahoo.com
 
 • cell is +1 415-555-6924
 • met her at Ana's engagement dinner, super nice but replies kinda late
 • ask if she can do Sunday 8am at hotel, not the venue
 
 Brent valet mgr
 I think his ext got lost so keeping mobile here: +1 628-555-1170
 used him before at Sam's law firm holiday party
 better call Sat afternoon, he said mornings are chaos
 mention the silver Honda + mom's blue Lexus
 
 small reminder:
 Brent = parking list + cones near side entrance
 Nina = hair for me + maybe Aunt Jo if time
 pls dont panic and text everybody at once again
 seriosly make one call, wait, then follow up",41,Female,US,Elementary school teacher,contact,,,,,,
1157,,,ThanhDQ,accepted,,8,2026.03.12,2026.03.13,,,Alyssa,"Need to keep this all in one place before I lose it again
 Marisol Vega - realtor from the open house on Pine St
 +1 415-728-1934
 met her Sat, she said txt is better first
 email: marisol.vega.sf@gmail.com
 
 1. ask abt HOA fee + parking spot
 2. see if she can resend the floorplan bc mine wont open
 3. dont call before 10am, she has school dropoff
 She remembered me as “girl w/ green notebook” lol
 also gave ref for mortage broker if needed
 - sounded nice, not pushy
 - call again Thurs eve if no reply
 backup number from her card maybe office line:
 +1 628-555-0417
 Important: mention the leaky window in unit 3B
 and ask if pet policy is actually 2 cats or just 1",29,Female,US,Graphic Designer,contact,,,,,,
1158,,,ThanhDQ,accepted,,6,2026.03.12,2026.03.13,,,Marcus,"Joe Hanley, old neighbor from the Chicago apt building
 helped me jump the car last winter so prob worth keeping his info fr
 best number is +1 312-904-6671
 he does side jobs too, mostly brakes/oil/basic stuff
 Call after 6:30 bc he's at the shop all day
 if no answer, leave vm slowly bc he says ppl mumble
 alt contact:
 joe.hanley.work@outlook.com
 
 Things to ask next time:
 * can he look at the weird rattling sound
 * what he charged Sam for tire swap
 * if he still has that blue jack I borrowed (oops)
 dont bring up money first, chat a bit
 He has 2 kids, baseball on Sundays, so not then
 maybe offer coffee when I pick up the jack
 NOTE: number written on sticky note was messy but I think its right",41,Male,US,Warehouse Supervisor,contact,,,,,,
1159,,,ThanhDQ,accepted,,3,2026.03.12,2026.03.13,,,Priya,"Contacts for wedding stuff bc my notes are chaos rn
 maid of honor cousin Lena Brooks
 usually replies late but always does call back
 email first: lena.brooks.art@gmail.com
 
 then phone if urgent +1 917-443-2806
 she's handling flowers w/ me, knows the budget mess already
 
 Vendor note
 • Ramon @ BrightLite Photos
 • +1 646-882-5190
 • said mornings are easiest, not after 8pm
 • met him at Jess's rooftop wedding in Queens
 
 Need to ask:
 1) deposit due date again
 2) if travel fee includes Brooklyn or not
 3) can Lena join the call Wed lunch break
 remember to spell my last name for Ramon, he keeps misspeling it",33,Female,US,Elementary School Teacher,contact,,,,,,
1160,,,ThanhDQ,accepted,,7,2026.03.12,2026.03.13,,,Maya,"Need to keep this in one place before I lose it again
 Janelle from River Park Dental
 +1 312-555-0187
 call her Tues after 10 bc front desk gets nuts early
 
 Met her when I had to move my cleaning after that Chicago trip.
 She said she can sometimes squeeze me in if I mention the crown follow-up.
 Email is janelle.mora@riverparkdental.com
 
 
 1. ask abt payment plan thing
 2. confirm if xrays were already sent
 3. dont forget to mention Dr. Patel told me “mid-April maybe”
 
 - backup number at office: +1 773-555-4416
 - if no answer, leave vm slowly bc last time I rambled lol
 
 also she was actually super nice, not pushy, keep her contact
 maybe save in phone later under dentist Janelle",29,Female,US,Graphic designer,contact,,,,,,
1161,,,ThanhDQ,accepted,,11,2026.03.12,2026.03.13,,,Trevor,"Theo maybe the best guy to call for the apt leak mess
 super said to reach him direct at +1 646-555-0921
 dont text too late, he sounded annoyed after 8pm last time
 
 Name card said Theo Ramirez - building maint.
 email: theo.ramirez@hillsideprop.com
 
 met him in the hallway after the pipe thing on 4th floor
 he remembered my unit somehow which was kinda wild
 
 * call before work if ceiling starts dripping again
 * ask whether theyre sending painter too or just plumber
 * mention stain in bedroom closet, not just kitchen
 
 2nd contact from office in case Theo is off:
 Lena +1 917-555-6044
 
 Note to self: be chill on the call, I was prob too cranky Friday
 need this fixed before mom visits",41,Male,US,Auto claims adjuster,contact,,,,,,
1162,,,ThanhDQ,accepted,,11,2026.03.12,2026.03.13,,,Brianna,"random but keep all the wedding vendor stuff here
 
 Florist — Naomi Bell, Wild Fern studio
 she does those loose garden bouquets I liked, kinda messy but pretty
 main line: +1 615-555-2870
 
 When to call:
 morning is better, she said afternoons are delivery chaos
 try Wed or Thu this week
 
 quick list
 1) ask if she can do white + rust tones, not too orange
 2) price for 7 tables + bridal bouquet
 3) can she work w/ the venue rules in Franklin?
 
 alt contact if she’s out driving:
 assistant Marcy
 +1 629-555-7138
 marcy@wildfernstudio.com
 
 
 saved this bc Naomi talked to me for like 20 mins at the expo and wasnt salesy at all
 dont misspell her name again, its Naomi not Noemi",34,Female,US,Elementary school teacher,contact,,,,,,
1163,,,ThanhDQ,accepted,,6,2026.03.12,2026.03.13,,,Alyssa,"Jenna from apt leasing office
 +1 312-555-0184
 Met her Tues when I went to ask abt the parking sticker mess.
 She said call after 9:30 am, not before, bc mornings are crazy there.
 I still need to ask if unit 4B package locker key was ever found.
 
 Email too in case she doesnt pick up: jenna.marlow@northbrickleasing.com
 
 
 1) mention the sink leak from last wk
 2) ask if pet fee can be split over 2 months
 3) remind her I already turned in the insurance form
 
 - sounds nice but talks fast
 - has the blond corgi named Pickles lol
 - do NOT call during lunch, she said 12:15-1ish
 
 If no answer, text only once and wait.
 Need this sorted before Friday bc rent stuff is getting annoyng.",29,Female,US,Graphic Designer,contact,,,,,,
1164,,,ThanhDQ,accepted,,5,2026.03.12,2026.03.13,,,Marcus,"For Saturday cleanup contacts
 Donny Ruiz — neighborhood guy from the community garden, knows who has extra gloves.
 Best number is +1 415-555-0227 and he actualy replies faster by text.
 Call him Fri night if rain looks bad.
 
 * Ms. Harper from church office
 * +1 202-555-0149
 * ask if folding tables are still in the basement room
 * she said evenings after 6 are fine, super early is not
 
 I wrote this down fast after service so dont forget:
 she knows me as ""Marcus, Ava's brother""
 might need to remind her bc she's met too many ppl lately
 
 Also maybe email Donny if phone dies: donny.ruiz84@greenmail.com
 
 Need both of them bc last time nobody brought trash bags and it was a whole thing.
 
 Probly start with Donny first, he's more chill.",41,Male,US,Bus Driver,contact,,,,,,
1165,,,ThanhDQ,accepted,,3.5,2026.03.12,2026.03.13,,,Priya,"Dentist follow-up + random life admin
 
 Dr. Lila Chen from Harbor Smile, the one who fixed the chipped tooth without making it a big drama.
 I liked her bc she explained stuff normal, not all scary/techy.
 
 contact list:
 1. office main +1 646-555-0116
 2. front desk text line +1 646-555-0191
 3. billing girl Mia - mia.rivera@harborsmilecare.com
 
 
 Call main line first on Monday around 10ish.
 Need to ask if they can move cleaning appt to late afternoon.
 Text line only if I’m at work and cant step out.
 
 - mention insurence card was re-uploaded
 - ask for estimate before agreeing to x-rays
 - tell them my last appt was in Jan w/ the peppermint polish lol
 
 Side note: Mia remembered I was the teacher who came in right after parent conference week, so use that if she sounds confused.
 Do not put this off again. seriously.",34,Female,US,Elementary School Teacher,contact,,,,,,
1166,,,ThanhDQ,accepted,,6.15,2026.03.12,2026.03.13,,,Megan,"Need to keep this bc I always forget who’s who from the school office.
 Ms. Carla Ruiz - Jonah's aftercare coord.
 Call after 2:15 pm, not during pickup chaos.
 +1 312-555-0184
 She helped when Jonah left his blue lunchbox there last month.
 Email is carla.ruiz.afterschool@gmail.com
 
 
 Ask about spring break hours first.
 Also whether they still do the late fee waiver one time.
 
 - super nice but talks fast
 - said text is ok only if urgent
 - mention Megan, Jonah in 3rd grade
 
 Backup contact:
 front desk +1 312-555-0197
 
 1. call Carla tmrw around 2:30
 2. if no answer, try desk
 3. don't forget permission form thingy",34,Female,US,Dental hygienist,contact,,,,,,
1167,,,ThanhDQ,accepted,,5,2026.03.12,2026.03.13,,,Trevor,"=+1 646-555-0241
 Andre Miller from the old apt building
 met him again at the hardware store on Sunday, he still does side jobs
 
 Need him for fixing the closet door and maybe the leaky sink if landlord keeps dragging feet.
 best time to ring him is evenings, like after 6 bc he's on jobs all day.
 
 * said to text first, doesnt love random calls
 * can also email pics to andrem.repairs@outlook.com
 
 * charges fair, cash or venmo, kinda old school tho
 
 Things to ask:
 1. can he do Thurs or Fri
 2. rough price before he comes
 3. bring screws for bifold door??
 
 extra num from his card maybe shop line:
 +1 718-555-0268
 dont lose this again omg",42,Male,Canada,Warehouse supervisor,contact,,,,,,
1168,,,ThanhDQ,accepted,,12.2,2026.03.12,2026.03.13,,,Alina,"Saturday farmer's market contact note so I quit digging thru texts later.
 
 Rosa Kim
 flower stand lady from downtown market, the one with the peonies + herb bundles
 rosa.kim.flowers@yahoo.com
 
 She said call early if I want a custom bouquet for Mom's bday.
 
 Main phone: +1 415-555-0312
 Usually answers before 9am, after that she's busy selling and probly wont pick up.
 
 — remembers me as “Alina with the yellow tote” lol
 — gave me a discount after the recital
 — ask for soft pink, white, a little wild-looking not too fancy
 
 If market gets rained out:
 1) try her sister Mia +1 510-555-0339
 2) ask if porch pickup is possible
 3) don't wait till last min this time",27,Female,Australia,Graphic designer,contact,,,,,,
1169,,,ThanhDQ,accepted,,6,2026.03.12,2026.03.13,,,Alyssa,"Need to keep this contact bc I keep losing her card.
 Marina Torres - dog groomer from the Saturday market, super nice but talks fast.
 +1 312-555-0184
 She did Benny's nails last month and said text is better than calling before 9am.
 
 Email: marina.torres.chi@gmail.com
 
 Usually free Tues or Thurs after 4.
 Don't call during lunch, she said she's always driving then.
 
 - ask about the oatmeal shampoo thing
 - check if she still does house visits in Logan Sq
 - mention Benny gets nervus around loud dryers
 
 1. text first
 2. if no reply by Wed, call around 6-ish
 3. save as Marina dog lady maybe lol
 
 Met her bc Jen's friend bailed and Marina squeezed us in last min.",29,Female,US,Elementary school teacher,contact,,,,,,
1170,,,ThanhDQ,accepted,,16,2026.03.12,2026.03.13,,,Marcus,"=+1 917-555-0269
 Rafael ""Rafa"" Mendez, apartment plumber guy my landlord recomended.
 Not emergency only, but he actually shows up which is rare.
 
 He fixed the kitchen leak in Feb and said the bathroom drip is probly same issue.
 Best time to reach him: early evening, after 5:30.
 Email somewhere in old thread: rafamendez.service@yahoo.com
 
 
 * if calling, remind him it's unit 4B w/ the weird blue door
 * ask rough price before he comes
 * see if he can also check the garbage disposal making that gross grindy noise
 
 1) text photo first
 2) call next day if he doesnt answer
 3) tell him parking in alley is ok for 20 min
 
 note to self: don't give number to neighbor, they already borrow every contact I have.
 Saved this after he came during that rainstorm and didn't even complain once.",41,Male,US,Auto mechanic,contact,,,,,,
1171,,,ThanhDQ,accepted,,3,2026.03.12,2026.03.13,,,Priya,"Claire Benson from the museum volunteer meetup — wanna keep her info bc she mentioned the part-time archive opening.
 She said mornings are chaos, so call later.
 
 Name first so I rember who she is: Claire B.
 Email: claire.benson.arts@outlook.com
 
 works downtown, usually checks email faster than voicemail
 
 +1 404-555-0317
 Met her after the local history talk, she liked my notes on the rail exhibit.
 Maybe good person to ask abt networking, not just the job.
 
 - ask if the archive role is temp or permanent
 - thank her for intro to Denise
 - mention I can do Sat shifts too
 
 1. send short email tonight
 2. if nothing by Fri, call around 7
 3. don't ramble, keep it normal pls
 
 Also she said her last name gets misspelled as Benston all the time, so dbl check before sending anything.",34,Female,US,UX designer,contact,,,,,,
1172,,,ThanhDQ,accepted,,4,2026.03.12,2026.03.13,,,Marissa,"Need to keep this one bc I always forget where I wrote it
 Jules Harper from the apt showing on Cedar Ave
 +1 312-555-1846
 text first, dont just call out of nowhere
 met her Sat after the open house, she said evenings are better after 6:30
 email was jules.harper.realty@gmail.com
 
 
 Things to ask:
 - if parking spot is rly included or extra
 - laundry in basement or actually in-unit??
 - pet fee for Bean
 
 also she mentioned another place near Logan Sq
 1. call Wed night if I still want a tour
 2. ask abt lease start + app fee
 3. remind her I work late Tues
 
 seemed nice, talked fast tho, maybe write stuff down before calling so I dont blank",29,Female,US,Graphic Designer,contact,,,,,,
1173,,,ThanhDQ,accepted,,21,2026.03.12,2026.03.13,,,Devin,"Omar - guy who fixed the little dent on my Corolla, not the body shop, the mobile dude
 said he can come to my office parking lot if weather's ok
 best number is +1 469-555-2713
 
 I saved him bc Marcus used him before and said price was fair
 dont call super early, he does school dropoff for his kids first
 try around 10ish or after lunch
 
 quick details so I remember:
 • lives near Garland
 • cash or Zelle, no cards i think
 • can also look at the scratched bumper maybe same visit
 email maybe: omar.pdr.tx@outlook.com
 
 
 1) send pics before asking for quote
 2) mention silver Toyota, left rear side
 3) ask if Friday still open
 
 he spelled it ""paintless"" but I probly wrote the rest wrong lol",41,Male,Canada,Warehouse Supervisor,contact,,,,,,
1174,,,ThanhDQ,accepted,,3,2026.03.12,2026.03.13,,,Aimee,"Mom said keep all the school contacts in one note bc my paper list keeps vanishing
 
 Nina Alvarez, Maya's old math tutor
 super patient, helped w fractions and test prep last spring
 email first if it's not urgent: nina.alvarez.learn@gmail.com
 
 if calling, use +1 917-555-6038
 
 She usually teaches online now
 but sometimes meets at the library on Queens Blvd
 
 Stuff I need to ask her next time:
 1. does she still do 45 min sessions?
 2. weekend slots or only Mon/Thu?
 3. can she help w basic science too
 
 - refered by Jen from PTA
 - rates were decent last yr, maybe changed tho
 - dont forget to mention Maya gets shy at first
 
 nice voice, very calm, I shouldve saved this sooner",36,Female,Ireland,Elementary School Teacher,contact,,,,,,
1175,,,ThanhDQ,accepted,,9,2026.03.12,2026.03.13,,,Alyssa,"Need to keep Maya Chen's info bc she's the dog sitter from Jen's bldg.
 Usually best to text first since she does school pickup in the afternoons.
 +1 415-728-9034
 maya.chen.sf@gmail.com
 
 
 Met her last Thurs when she came by to meet Olive, super calm w/ nervous dogs.
 Said weekends are easier but she can maybe do Wed night if I ask early enough.
 
 1) ask abt Memorial Day weekend rates
 2) confirm if she brings her own treats or if I leave Olive's
 3) tell her no chicken snacks pls
 
 - backup number from her flyer: +1 628-310-7741
 - lives near 9th & Irving, prob 10 min away
 - cash or Venmo, I forgot which lol
 
 If I call, do it after 6:30pm.
 Don't leave this too late again.",29,Female,US,Graphic Designer,contact,,,,,,
1176,,,ThanhDQ,accepted,,13,2026.03.12,2026.03.13,,,Marcus,"Chris Duran - plumber my downstairs neighbr recommended after that weird kitchen leak.
 Don't call super early, he said mornings are chaos bc he's on job sites.
 
 Cell: +1 972-441-5862
 Office maybe? +1 214-880-1937
 Email was something like cduran.plumbing@outlook.com
  and yes I checked it worked.
 
 Quick notes so I rembmer:
 * fixed Rosa's water heater in one day
 * quoted free estimate if it's not an emergency
 * said to text pics first so he can bring the right part
 
 Need to ask him abt:
 1. under-sink leak in apt 3B
 2. replacing gross faucet in laundry room
 3. whether Sat appt costs more
 
 Important: mention parking in alley is terrible.
 Prob text around lunch, like 12:15ish.
 If no answer, try office # at end of day.",41,Male,US,Warehouse Supervisor,contact,,,,,,
1177,,,ThanhDQ,accepted,,14,2026.03.12,2026.03.13,,,Priya,"Contacts for mom's post-surgery rides, keeping all this in one place bc I'm scatterbrained lately.
 
 Nina Patel (not related) from the temple volunteer list — very sweet, drove Mrs. K over to PT before.
 Best contact: +1 732-555-1846
 Text is better than calling, esp Tue/Thu.
 She said mornings are easier, before 11 if poss.
 
 Also wrote down her email: nina.patel.community@gmail.com
 
 Lives in Edison so she'd only help for local stuff, not NYC.
 
 Things to say when I reach out:
 - this is Priya, got your number from Aunty Meera
 - need ride help for mom's follow-up next month
 - can chip in gas money obv
 
 Backup contact if Nina can't do it:
 2) Rob Ellis from phys therapy front desk, knows transport service numbers
 +1 908-644-2703
 
 Call Rob only during office hrs bc he sounded rushed last time.
 Do not forget to thank Nina properly.",34,Female,US,Elementary School Teacher,contact,,,,,,
1178,,,ThanhDQ,accepted,,10,2026.03.12,2026.03.13,,,Marissa,"Need to keep this straight before I forget.
 Janelle Brooks from the apt leasing office, prob best to call after 10:30 bc she said mornings are chaos.
 +1 312-555-1847
 Met her Tues when I asked abt the parking waitlist and the storage locker thing.
 She was nice, talked super fast tho.
 
 Also don’t mix her up w/ Jana from the movers.
 email: janelle.brooks@lakeviewrentals.com
 
 1) ask if unit 4B can hold till Fri
 2) confirm pet fee for Milo, I think she said one-time not monthly?
 3) ask abt mailbox key bc I totally forgot
 
 - if no answer, leave voicemail w/ my full name
 - mention she told me “call later this week”
 - maybe txt only if urgent, she sounded busy alot
 backup number from her card: +1 773-555-9026
 don’t call during lunch, she said phones get weird then",29,Female,US,Graphic Designer,contact,,,,,,
1179,,,ThanhDQ,accepted,,8,2026.03.12,2026.03.13,,,Alyssa,"Megan Ortiz from dog park, husky named Blue.
 Need to call her abt pet sitting for wknd in case my shift runs late again.
 +1 312-555-1847
 Met her last Sat by the lake path, seemed super nice + said early mornings are best.
 
 Stuff to rember before calling:
 - ask if she still does overnights or just drop-ins
 - tell her Milo is weird abt loud vacuums lol
 - mention he takes the blue leash, not the retractable one
 
 Backup contact maybe her sister? Jenna I think.
 She texted once from +1 773-555-6082 when Megan's phone died.
 Don't call during school pickup, she said 2:45-3:30 is chaos.
 
 1. send pic of Milo so she knows which dog I am
 2. ask price for Fri night + Sat morning
 3. save her email too: megan.ortiz.chi@gmail.com
 
 
 Prob best to reach out Thurs after 6, not last min this time.",29,Female,US,Dental Assistant,contact,,,,,,
1180,,,ThanhDQ,accepted,,3,2026.03.12,2026.03.13,,,Marcus,"Need this all in one place before I lose the sticky note again.
 Andre Collins - guy from the apartment maint. office, helped w/ the leak under sink last month.
 Usually answers fast if I text first: +1 404-555-2916
 Office line is slower and they never pick up, but keep it anyway +1 678-555-4403
 
 He said don't ring him super early unless it's flooding for real.
 Best window is lunch-ish or after 5:30.
 His email was on the invoice: acollins.pmhelp@yahoo.com
 
 
 * ask about hallway paint touch-up
 * remind him unit 3B still has loose cabinet hinge
 * check if parking decal for my new car is ready
 
 Random note: he has a twin maybe? almost called the wrong dude in the lobby, embarassing.
 
 1) if no reply by Wed, call office
 2) mention I already sent photos on Feb 18
 3) be nice, he actually got the plumber out quick last time
 
 Don't forget this is Andre with the Braves cap, not Andrew from leasing.",41,Male,US,Warehouse Supervisor,contact,,,,,,
1181,,,ThanhDQ,accepted,,0,2026.03.12,2026.03.13,,,Priya,"Carla Nguyen
 florist rec from cousin Nina after the weird last-min cancel for Jen's shower
 She does small events + home deliveries, mostly north side I think.
 
 Phone for calls: +1 206-555-7329
 Alt number she put on the card was +1 425-555-1184 maybe shop phone?
 Don't mix her up w/ Kayla from the farmers market.
 
 Little details so I remmber:
 - loves peonies but said they get pricey out of season
 - can do soft pink / cream arrngements
 - asked me to send inspo pics before quoting
 
 I should contact her next Mon night, not Sunday morning bc she's at church then.
 Met once in person, very calm, kinda quiet, had green apron and tiny gold hoops.
 
 1. ask if she can do 4 table pieces + 1 entry bouquet
 2. tell her budget is around 250 max, maybe 300 if she includes delivery
 3. email for photos + Pinterest board: carla.ng.blooms@gmail.com
 
 
 Would be nice to finally book someone who seems organized tbh.",33,Female,US,UX Researcher,contact,,,,,,
1182,,,ThanhDQ,accepted,,15,2026.03.12,2026.03.13,,,Alyssa,"Need to keep all the repair ppl in one spot before I lose the sticky note again
 
 1) Marco Ruiz - +1 312-555-0184
 HVAC guy from downstairs neighbor, fixed the rattly vent in July
 best time to call: after 4:30 pm, not during Cubs game lol
 said to text first bc he’s usally on a ladder
 
 - Jen Park
 dog sitter / cat check-ins
 jen.park.chi@gmail.com
 
 +1 773-555-0429
 met her at Maple Ave dog park, Miso liked her right away
 ask abt Labor Day weekend rates
 
 * backup locksmith = Devin
 +1 872-555-1167
 came fast when I locked myself out in the rain, kinda expensive tho
 only call if totally desperate
 save this for later dont delete again",29,Female,US,Graphic Designer,contact,,,,,,
1183,,,ThanhDQ,accepted,,6,2026.03.12,2026.03.13,,,Trevor,"Friday follow-up calls, do not chicken out this time
 +1 415-555-2036 - Nora Feldman
 recruiter from Bright Harbor, we talked after the product meetup in SF
 she said mornings are better, like 9ish
 mention portfolio update + the onboarding doc thing
 
 Also:
 • Malik Benton
 freelance photog, shot headshots for Eric’s team
 malik.benton.photo@gmail.com
 
 for pricing on new pics before wedding season starts
 
 2. old landlord Sam
 +1 510-555-7742
 need copy of move-out reciept bc payroll wants proof of address change
 do NOT call after dinner, he gets cranky
 
 If nobody answers, leave short vm and text after",34,Male,US,Product Manager,contact,,,,,,
1184,,,ThanhDQ,accepted,,13,2026.03.12,2026.03.13,,,Brianna,"Contacts to hang onto for mom stuff + apartment stuff
 
 Keisha Owens
 home organizer lady my cousin used
 super nice on the phone, not pushy
 email: keisha.owens.home@gmail.com
 
 call maybe Tues lunch break
 +1 404-555-6612
 
 3) Mr. Patel
 pharmacy delivery driver from last winter
 not a close contact but he remembered mom’s bldg code
 +1 678-555-9081
 text only first, his accent is a little hard for me on bad reception tbh
 
 - Rosa M.
 neighbor in unit 2B, has spare lobby key sometimes
 +1 470-555-3350
 borrowed my dolly during move-in, still owes me coffee haha
 good for emergency package pickup if I’m late from work",41,Female,US,Elementary School Teacher,contact,,,,,,
1185,,,ThanhDQ,accepted,,9,2026.03.12,2026.03.13,,,Alyssa,"Need to keep this straight before I forget again.
 Marina Ortiz - dog sitter from my bldg, 4th floor, helped w/ Benny when I had that late shift.
 +1 312-555-0187
 Usually better to text 1st bc she said calls during walks get missed.
 
 1. ask if she can do Fri night + Sat morning
 2. remind her Benny hides his leash by the shoe rack, weird lil goblin
 3. venmo after, dont make it awkward this time
 
 Her cousin also does pet sitting sometimes if Marina is booked.
 cousin is Jess, maybe ""Jesse""? I wrote it down too fast.
 +1 773-555-0246
 Only use as backup, not unless I hear nothing by Thurs.
 
 - Marina likes details, so send feeding times in the text
 - dont call before 9am, she was nice abt it but I def woke her once
 - met both of them at the dog park by Lakeshore, so not random ppl lol
 
 If Benny seems extra hyper, mention the peanut butter trick bc Marina knew what I meant last time.",29,Female,United States,Retail supervisor,contact,,,,,,
1186,,,ThanhDQ,accepted,,4,2026.03.12,2026.03.13,,,Marcus,"For house stuff + random repairs bc my contact list is a mess.
 
 Ruben said to save his brother's number too, since they swap jobs sometimes.
 Caleb Moreno, electrician, fixed the kitchen light after it kept flickerin all week.
 best time to reach him is after 6 bc he's on sites all day
 +1 602-555-0174
 Call, but if no answer send short text w/ address first.
 
 * ask about the hallway outlet, still warm for no reason
 * also ask rough price before he comes out, I forgot last time
 * mention he already saw the panel in Jan so maybe less explaining
 
 backup contact:
 Ruben Moreno +1 480-555-0219
 mostly does drywall + patch work, not electrical, but knows ppl
 
 Met them thru my neighbor Tasha after that tiny leak turned into a whole dumb situation.
 Dont book anything for Wed morning bc building mgmt only opens the service gate after 10.
 also note: Caleb spells it w/ one b? wait no, thats wrong, leave it.",41,Male,United States,Auto claims adjuster,contact,,,,,,
1187,,,ThanhDQ,accepted,,13,2026.03.12,2026.03.13,,,Priya,"Contacts from the wedding planning spiral, keep all in one place pls.
 
 • Naomi Bell - florist my cousin used in Phoenix, super calm even when plans changed last min.
 • +1 480-555-0133
 • text after lunch, she said mornings are chaos at the shop
 • ask if she can do smaller centerpieces bc budget is already kinda cooked
 
 Then the music side:
 Derrick Hall
 DJ from Mia's engagement party, actually listened instead of just blasting random stuff.
 +1 214-555-0268
 He answers faster by phone, weirdly, not email.
 
 1) ask abt Sept availability
 2) ask if he can keep it clean for family crowd + kids around
 3) check whether setup fee includes travel or if that's seperate again
 
 Met Naomi thru family, met Derrick at Mia + Andre's thing in Dallas last spring.
 Call Naomi on Tues or Thurs.
 Call Derrick in the evening, maybe 7ish, bc daytime he said he's usually doing school events.
 
 Dont lose these numbers this time, seriously.",34,Female,United States,Product manager,contact,,,,,,
1188,,,ThanhDQ,accepted,,8,2026.03.12,2026.03.13,,,Ava,"Megan Ortiz - dog sitter from Jill's bday bbq last summer
 usually free after 6ish on weekdays, dont call during school pickup
 +1 312-555-0184
 she watched Bean + Olive when I had the Denver trip, did fine except forgot the fish food once
 
 email: megan.ortiz.home@gmail.com
 
 says text is better first bc unknown calls get ignored
 1. ask if she can do Fri night to Sun afternoon
 2. remind her Bean needs the blue leash, not the retractable one
 3. garage code changed in Jan - send day of
 
 - lives in Oak Park, yellow duplex by the corner bakery
 - husband might answer from +1 708-555-0116 if her phone dies again
 - cash or Venmo, she was chill abt splitting payment
 
 Need backup if she says no: maybe ask her neighbor Tara
 dont leave this too late like last time ugh
 best time to ping: Thurs lunch break",29,Female,US,Graphic Designer,contact,,,,,,
1189,,,ThanhDQ,accepted,,0,2026.03.12,2026.03.13,,,Marcus,"Call plumber guy before the weekend gets packed
 +1 404-555-0167 Rico Benson
 met him through downstairs neighbor after the kitchen sink leak in Feb
 he fixed it same day, kinda pricey but at least he actually showed up
 
 said mornings are easiest, esp Tue/Wed
 email was ricobenson.repairs@yahoo.com
  I think, need to double check the last part
 * ask abt the weird rattling under bathroom sink too
 * mention apt 3B and he'll prob remember the old pipes mess
 * tell him parking in the alley is terrible after 5
 
 1) dont forget to ask for rough estimate first
 2) see if he takes Zelle now
 3) if no answer, leave voicemail slow bc last time I mumbled
 
 backup office line from his card: +1 678-555-0133
 not emergency rn, just annoying drip + rusty smell
 prob call tomorrow around 9:15 before first patient comes in
 Note to self: he spells Rico w/out a k",41,Male,US,Dental Hygienist,contact,,,,,,
1190,,,ThanhDQ,accepted,,10,2026.03.12,2026.03.13,,,Nia,"Need to keep this contact handy for the apartment hunt
 
 Samir Patel
 leasing agent at the place on W 43rd, the one w the decent laundry room not the fake ""luxury"" one lol
 best number he gave me was +1 646-555-0179
 
 He said text first w my name so he knows it's me from Sunday's open house
 works late on Thursdays, but off and on w replies Friday mornings
 samir.patel.leasing@outlook.com
 
 
 - ask if unit 5C still open
 - pet fee for Mochi?? I forgot to ask somehow
 - confirm if heat is included bc ConEd bills are brutal
 
 1. send pay stub only after seeing the lease terms
 2. ask for video of the hallway + front entry
 3. dont let him rush me w the ""other applicants"" line again
 
 alt number from brochure: +1 917-555-0142
 seemed nice, maybe a little salesy, but he did stay after to answer dumb questions
 try reaching out after lunch, around 1:30",34,Female,US,Product Manager,contact,,,,,,
1191,,,ThanhDQ,accepted,,4,2026.03.12,2026.03.13,,,Alyssa,"Megan Ruiz
 met her at the dog park in Echo Park, her beagle kept stealing Milo's ball lol
 call after 6:30pm bc she teaches all day
 +1 323-555-1846
 she said text first if it's weekday
 
 Need to ask her about:
 - pet sitter she uses when she travels
 - that groomer on Sunset she said is cheaper
 - maybe the saturday hike group too
 
 also wrote down her email so I dont lose it
 megan.ruiz.art@gmail.com
 
 
 1. follow up before next Tues
 2. dont forget she hates super early calls
 3. mention blue leash order if I find the link again
 seems nice, kinda fast talker, but helpful",29,Female,United States,Graphic Designer,contact,,,,,,
1192,,,ThanhDQ,accepted,,16,2026.03.12,2026.03.13,,,Trevor,"plumber from bldg lobby board, name was Chris Danner I think
 for the tiny leak under kitchen sink, not emergncy yet but gettin worse
 best number to reach him: +1 917-555-6083
 
 He said weekends are easier.
 Maybe call Sat morning around 9ish.
 Dont call during Giants game apparently lol.
 
 backup contact from same card
 office: +1 718-555-4421
 email: chrisdanner.homefix@yahoo.com
 
 
 stuff to tell him
 1) faucet drips then stops
 2) cabinet smells musty
 3) upstairs neighbor had similar issue last month
 
 met him once in the hallway, seemed legit, older guy w red cap
 ask price before he starts anything bc budget is tight rn",41,Male,Canada,Warehouse Supervisor,contact,,,,,,
1193,,,ThanhDQ,accepted,,6,2026.03.12,2026.03.13,,,Naomi,"Emergency-ish contacts from Mom's church bake sale sheet so I dont lose them again
 
 * Linda Phelps — rides for Aunt Jo when her car acts up
 * +1 404-555-2719
 * usually awake crazy early, okay to call before work
 
 Then
 Marcus Bell
 neighbor's nephew, does yard cleanup + small fix-it jobs
 text is better than call
 +1 678-555-9034
 
 little reminders to myself:
 - Linda knows where Aunt Jo keeps the spare key
 - Marcus came by in April, quoted a fair price, maybe still availible
 - dont mix up Marcus w Martin from HOA, diff person entirely
 
 If reaching out tonight, start w who gave me the number so it isnt weird
 maybe say ""Naomi from Denise's table"" bc thats how they met me",36,Female,Australia,Elementary School Teacher,contact,,,,,,
1194,,,ThanhDQ,accepted,,8.4,2026.03.12,2026.03.13,,,Avery,"Need to keep this handy before I forget.
 +1 312-555-0184
 Marisol Vega - dog walker from the building next door, 4th flr maybe 4B?
 met her in the lobby Tues when I was late for work and she still waited, super nice.
 usually best to text first, not call out of nowhere.
 said mornings are chaos bc school dropoff for her kids.
 
 email: marisol.vega.chi@gmail.com
 
 call window = after 6:15 pm or Sat before noon
 ask if she can do Bailey on Thurs nights too
 
 stuff to mention:
 - Bailey hates the freight elev and will just freeze there lol
 - leash is in hall closet, blue hook
 - payment was $22 last time, need to ask if still same
 
 also maybe ask abt holiday week coverage
 dont forget she said text ""Avery from 6th floor"" so she remembers who I am",29,Female,US,Graphic Designer,contact,,,,,,
1195,,,ThanhDQ,accepted,,8,2026.03.12,2026.03.13,,,Malcolm,"1) Theo from the garage, mobile mechanic guy my cousin Jamal reccomended
 2) use him if the Civic makes that weird rattly sound again
 3) +1 404-555-0172
 4) he came by in August, fixed battery terminal in like 20 mins and didnt oversell stuff
 
 Alt contact:
 * shop line +1 470-555-0139
 * email theo.hart.auto@proton.me
 
 
 Best time:
 call after 9:30 am, not super early
 texts are better if it's just a quote
 
 Need to ask:
 - can he look at brakes and the left tail light
 - does he still do house calls on west side
 - cash vs venmo?? forgot what he said
 
 note to self: mention silver Honda Civic, 2017, from ""Jamal's cousin""
 he talks fast so write down the price this time",41,Male,US,Warehouse Supervisor,contact,,,,,,
1196,,,ThanhDQ,accepted,,9,2026.03.12,2026.03.13,,,Priya,"Harper Lee maybe ""Harper from PTA fundraiser"" — saved this bc I always lose random numbers
 We met at Ella's school bake sale and she offered to connect me w/ her sister for after-school piano spots.
 Not urgent but I do need to follow up this week before classes fill up.
 
 +1 917-555-0161
 best to reach her in the middle of the day, lunch break-ish
 she said evenings are bad bc she's doing pickup + dinner mess
 
 quick details so I dont blank when I call:
 Her daughter is in Ella's 3rd grade class
 Lives somewhere near Prospect Park, brownstone block, didn't catch exact street
 Email she scribbled for me: harper.lee.bknotes@gmail.com
 
 
 Things to ask
 • is her sister taking new students in April
 • beginner lessons ok for a shy kid?
 • price per half hr
 
 also thank her for covering my table when I had to run to the car
 seemed really warm, not pushy, kinda frazzled but sweet
 dont call before 11 am",36,Female,US,Elementary School Counselor,contact,,,,,,
1197,,,ThanhDQ,accepted,,10,2026.03.12,2026.03.13,,,Melissa,"Need to keep this straight before I forget again.
 Jordan Reyes from the dog park, the one with the brown husky that kept stealing Bean's tennis ball.
 +1 312-555-1846
 Met him last Sat morning, seemed nice + said he knows a cheap groomer on the north side.
 He also mentioned a pet-sitting lady if I end up out of town in May.
 
 Call after 6:30 pm only bc he teaches till late.
 Not during lunch, he said school office gets weird abt personal calls.
 
 1) ask for groomer name + price range
 2) ask if husky vaccines place was Lakeview Pet or the other one
 3) maybe see if he still wants to swap dog-walking on Fridays
 
 - email was j.reyes.chicago@gmail.com
  I think
 - double check spelling of Reyes maybe Ryes? pretty sure Reyes tho
 - don't ramble abt Bean eating socks again lol
 
 If no answer, text first so I don't sound random.",34,Female,US,Elementary school counselor,contact,,,,,,
1198,,,ThanhDQ,accepted,,3,2026.03.12,2026.03.13,,,Trevor,"Stuff from today so I dont lose it:
 * Mia Chen - florist my cousin used for the tiny courthouse wedding
 * said she can do simple white bouquets fast, not super pricey
 * best to msg in the morning before deliveries start
 * +1 415-555-2679
 
 I only need her if Erin really goes thru w/ the April thing, but save anyway bc the baby shower centerpieces were actually cute.
 She remembered Aunt Nessa somehow, small world.
 
 Also she said if texting, include date first or she probly wont reply right away.
 Write: ""looking for 3 table pieces + 1 hand bouquet""
 
 3 notes:
 1. ask if she delivers to Oakland or just SF
 2. ask for photos, not just insta bc I deleted the app again
 3. don't call after 8, she said kids asleep by then
 
 backup email: mia.c.blossoms@yahoo.com
 
 Her voice was kinda rushed but friendly, not rude.",29,Male,US,Auto claims adjuster,contact,,,,,,
1199,,,ThanhDQ,accepted,,0,2026.03.12,2026.03.13,,,Denise,"Reminder note re basement fix + side gate mess.
 
 Mr. Alan Pritchard from church parking lot convo — retired contractor, neighbor of Val's sister.
 Phone first this time: +1 404-555-9031
 Said he's not doing huge remodel jobs anymore, just small home repair stuff for ppl he knows or knows-of.
 
 I need him for the warped door frame and maybe the leak stain by the washer.
 He told me call Tue or Thu around 9ish am bc afternoons he drives his wife to appts.
 
 - ask if he does free estmates or if it's fifty bucks
 - mention old brick house on Mercer Ave so he knows which place
 - ask if he can also look at that gate latch, keeps sticking
 
 1) don't forget Val already vouched for me
 2) say I can send pics if that helps
 3) if no pickup, leave voicemail slowly bc he said his hearing aint great
 
 Email scribbled from bulletin back: alan.pritchard.homehelp@outlook.com
 
 nice guy, talks alot, maybe set a timer before calling haha",47,Female,US,Payroll specialist,contact,,,,,,
1200,,,ThanhDQ,accepted,,9,2026.03.12,2026.03.13,,,Alyssa,"Janelle from apt 4B - +1 415-638-9021
 met her in the laundry rm when my package got dropped at her door again
 super nice, said text is better than random calls
 
 Need to ask abt the cat sitter she used last month
 also if her cousin still does cheap airport rides
 
 1. call after 6:30 bc she does front desk shift till then
 2. don't forget to mention the blue Amazon box thing lol
 3. ask if Sunday works for key pickup
 
 - backup contact: her work cell maybe old?? +1 628-204-7715
 - dont use that one unless she doesnt reply
 
 she spells it Janelle not Janel, I keep gettin that wrong
 said “no worries” but still, write it right next time
 
 if urgent: text first, then call like 10 min later",29,Female,US,Elementary Teacher,contact,,,,,,
1201,,,ThanhDQ,accepted,,12,2026.03.12,2026.03.13,,,Marcus,"Tire guy from Pete's Garage
 name: Ruben
 met him when the Civic made that weird clunk by 9th st
 he told me to call early before shop gets nuts
 +1 917-482-6603
 
 prob good person to ask abt used tires for mom's Corolla
 said he can sometimes find decent ones by Thurs
 
 * dont ring during lunch, around 12ish he steps out
 * best time = 8:15 to 10 in the morn
 * mention ""gray Honda from January"" so he rememers me
 
 extra note — his desk lady is Sonia, she picked up once and was kinda rushed
 email scribble might be ruben.perez.garage@gmail.com
  but not 100% sure
 
 if no answer call shop landline later maybe +1 347-555-1842
 only for tire quote tho, not for the side cash jobs haha",41,Male,US,Delivery Driver,contact,,,,,,
1202,,,ThanhDQ,accepted,,10,2026.03.12,2026.03.13,,,Priya,"people to contact for wedding flowers + random vendor stuff
 
 • Mia Chen, florist I found from Kayla's rec
 • did the baby shower arch in Irvine, looked rly good in pics
 • phone: +1 714-331-5088
 • email: mia.chen.blooms@yahoo.com
 
 
 Need to ask her:
 1) can she do white + pale peach and not make it too “bridal bridal”
 2) whats the setup fee for Saturday morn
 3) if candles are included or that's seperate
 
 Also maybe call Devin for chairs
 old event rental guy from church fair
 +1 949-602-4471
 dont call before 11, he works nights and gets grumpy lol
 
 remember: Mia was sweet on phone, Devin talks fast so have notes ready",33,Female,US,Product Manager,contact,,,,,,
1203,,,ThanhDQ,accepted,,10.3,2026.03.12,2026.03.13,,,Alyssa,"Need to keep this so I stop digging thru old texts.
 Jordan Pike - dog sitter from my old apt bldg.
 +1 312-555-0846
 Usually free after 6ish on weekdays, not great at answering before lunch.
 Use for Daisy if I get stuck late at work again.
 
 Alt contact stuff:
 • jordan.pike.chi@gmail.com
 
 • said text first, dont just call outta nowhere
 • Venmo last time was under Jordan P.
 
 1. Ask if he still does weekend overnights.
 2. Mention Daisy needs the red allergy chews, easy to forget.
 3. Check rate bc last summer it was $45 and maybe changed.
 
 Met him thru neighbor Tasha in 2024, super nice but kinda scatterbrained.
 If he doesnt reply by Thurs, try his backup line +1 773-555-1924.",29,Female,US,Graphic Designer,contact,,,,,,
1204,,,ThanhDQ,accepted,,1,2026.03.12,2026.03.13,,,Marcus,"plumber note before I lose it again
 
 Sam Roldan, +1 210-555-6381, fixed the water heater leak at mom's place in Jan.
 He said mornings are better cause he does bigger jobs in the afternoon.
 Not cheap, but he actually showed up on time so worth keeping.
 
 - company email: sam@roldanhomefix.com
 
 - works San Antonio + nearby burbs
 - text pic of problem first, he likes that aparently
 
 If kitchen sink starts backing up again call him before Friday.
 Also ask about the weird rattling behind laundry wall.
 
 2 other reminders:
 1) tell him gate code if he's coming here
 2) ask for reciept right away bc I always forget
 3) maybe see if he knows a drywall guy too
 
 Don't call too late, after 8 pm felt rude last time.",41,Male,Canada,Warehouse Supervisor,contact,,,,,,
1205,,,ThanhDQ,accepted,,8,2026.03.12,2026.03.13,,,Priya,"Contacts for wedding flowers mess
 dont panic, just go one by one
 
 1. Lena Cho at Blue Iris Florals
 Best number: +1 646-555-4173
 She did Nina's engagement dinner, flowers were gorg but a lil pricey.
 Email is lena@blueirisflorals.com
 
 
 2. Backup vendor = Mateo from Stem Cart
 +1 917-555-2608
 Met him at the Brooklyn market, seemed chill and way more flexable on budget.
 
 Call Lena first on Tuesday after 10am.
 Ask about white ranunculus, peonies if in season, and tiny table pieces for 8 tables.
 Text Mateo only if Lena can't do May 16 setup in Williamsburg.
 
 Notes:
 — mention this is for my cousin Rhea's wedding, not mine lol
 — need delivery to venue, not pickup
 — save both names in contacts properly this time",34,Female,India,Product Manager,contact,,,,,,
1206,,,ThanhDQ,accepted,,13,2026.03.12,2026.03.13,,,Marissa Cole,"Jenna Pruitt - dog sitter from Cedar Grove, met her when Amy was out of town
+1 312-555-8471
Call her after 6pm bc she teaches swim lessons till then
Email: jpruitt.home@gmail.com


Need to ask if she can do Fri night + Sat morn for Benny
She said she prefers text first, not random calls lol
1. ask about overnight rate
2. confirm if she still has the gray Subaru
3. tell her Benny is weird w/ men at first but warms up fast

Backup contact in case Jenna is booked:
- Marcus Hill, pet taxi guy from the vet office
- +1 708-555-2294
- only for pickup/dropoff, not sitting

dont forget Jenna mentioned her sister might help too if it's a long weekend",29,Female,US,Elementary School Teacher,contact,,,,,,
1207,,,ThanhDQ,accepted,,8,2026.03.12,2026.03.13,,,Trevor Maddox,"plumber rec from downstairs neighbor, name maybe Dan? no wait, Daniel Reece
Leak under kitchen sink got worse again this morning
Best number is +1 214-555-6038
Text before calling bc he said he's usualy under houses or driving

- fixed Rosa's water heater in January
- charged fair, cash or Zelle
- works around Dallas north side mostly
Email if phone goes to vm: danreece.plmb@gmail.com


Need to ask:
1) can he come Wed eve
2) does he also replace disposal units
3) bring reciept for landlord maybe

Second option if Daniel flakes:
Chris Mendez from hardware store board
said ""call mornings only""
+1 469-555-1182
maybe kinda chatty but seems nice",41,Male,US,Auto Claims Adjuster,contact,,,,,,
1208,,,ThanhDQ,accepted,,4,2026.03.12,2026.03.13,,,Felicia Nguyen,"Mom gave me this after church brunch — Ms. Loretta Banks, notary + knows probate paperwork stuff
Use her for aunt Denise papers if we get stuck

Loretta Banks
email first: loretta.banks.homeoffice@gmail.com

she checks email late at night apparantly
Phone: +1 404-555-7716

* call Sat morning, she said weekdays are chaos
* mention Felicia from New Hope choir
* ask if she still does mobile notary in Decatur

Also writing down her nephew's number bc he does document dropoff/runs downtown sometimes
Terrence Banks
+1 678-555-4920
only use if Loretta says ok first

Need to be polite abt the family mess, she already helped the Robinsons and probly remembers how awkward this stuff gets
dont lose this note again",36,Female,US,Payroll Specialist,contact,,,,,,
1209,,,ThanhDQ,accepted,,13,2026.03.12,2026.03.13,,,Melissa Garner,"Jenna Ruiz from the dog park, prob best to text first
Met at Riverside on Sat when Bean got loose again lol
+1 415-682-9034
She said weekdays are nuts till after 5:30
If I need a last-min dog walker, ask her first
also knows that mobile groomer lady

Things to rember:
- black lab named Otis
- lives near my bldg, 3 streets over
- cash is fine but she uses Venmo too

1. ask abt Thursday afternoon
2. see if she still does overnites
3. dont call during school pickup

Email in case phone acts weird: jenna.ruiz.parkside@gmail.com

super nice, talks fast, maybe from Oakland?
saved bc I keep forgeting her info",31,Female,US,Graphic Designer,contact,,,,,,
1210,,,ThanhDQ,accepted,,17,2026.03.12,2026.03.13,,,Andre Whitaker,"Need to keep these straight before I lose another sticky note

Mike Hensley - plumber my landlord recomended
good for old pipes, came by in Feb and didnt overcharge
call in the morning only, he starts jobs crazy early
+1 773-441-2886
email: mhensley.homefix@outlook.com


* Tasha Cole - neighbor's cousin, does side painting jobs
* kitchen cabinets looked pretty decent tbh
* text after 6pm, not during day shift
* +1 312-905-4471

Don’t mix them up again.
Mike = leak under sink / maybe water heater too
Tasha = hallway patch + paint samples
ask for price est., not just rough guess
both said south side jobs are ok",44,Male,US,Bus Driver,contact,,,,,,
1211,,,ThanhDQ,accepted,,11,2026.03.12,2026.03.13,,,Priya Holloway,"contacts from the conference thing in Austin
keep bc these 2 were actually helpful, not just biz card collectors

1) Lauren Beck
product ops at BrightRoute
+1 646-738-5192
best time to ring = Tue or Wed around lunch
said to follow up re vendor list + intros
met her after the panel on remote teams
email was lauren.beck.workmail@gmail.com


2) Daniel Cho
he fixes freelance contract messes / knows invoicing tools
call maybe next week, not Friday bc travel day
+1 917-284-6603
put ""from Austin summit"" in text so he remembers me

- Lauren wears green glasses, super organized
- Daniel talks kinda quiet, nice tho
- dont send both msgs same night, looks weird
wrote this now so I stop forgettng who was who",27,Female,US,Marketing Coordinator,contact,,,,,,
1212,,,ThanhDQ,accepted,,15,2026.03.12,2026.03.13,,,Monica Alvarez,"Need to keep this one bc I always lose biz cards.
Renee Parker from the community center grant office.
Met her after the small business workshop in Phoenix, super nice but talks fast lol.
Call her Tues after 10am only, she said mornings are chaos.
said she can help me figure out vendor permit stuff before spring fair.
phone: +1 602-555-1847
backup office line maybe still works +1 602-555-1932
email renee.parker@suncrestmail.com

ask abt booth fee deadline
ask if my old form is still valid or if I gotta redo it
mention she remembed the candle table w the blue jars

Also maybe save her assistant too
Kayla at front desk, easier to reach sometimes
+1 480-555-6714
dont call during lunch 12-1ish
if no answer, leave my full name slowly bc last time they wrote Monika",34,Female,US,Bakery Owner,contact,,,,,,
1213,,,ThanhDQ,accepted,,12,2026.03.12,2026.03.13,,,Trevor Whitman,"1) Mr. Eli Benton - realtor my cousin used when moving out to Raleigh
2) good for rental leads + prob knows short term places too
3) +1 919-555-2476
4) email: elibenton.homes@oakmail.com

5) text first, dont just call outta nowhere

He said evenings are better after showings.
Try around 6:30 if I still wanna ask abt the duplex on Kent St.
Need to ask if pet fee is monthly or one-time bc I forgot.

- Nora Singh
- handyman contact from Eli, for the cabinet repair thing
- +1 984-555-7318
- came by the open house and seemed decent, a little late tho
- ask for rough estmate before saying yes

reminder to myself: do not mix up Eli w Evan again, embarassing",29,Male,US,High School Counselor,contact,,,,,,
1223,,,Nganp1,accepted,,,,2026.03.12,7,,Priya Holloway,"new client-ish contacts from Saturday bridal shoot, keep this straight bc my notes are a mess

• Kayla Benson — florist, very chatty, maybe good referral source
insta was easier but she also gave number: +1 404-555-0162
email: kaylablooms.atl@gmail.com

said weekdays after 2 are best since mornings are all warehouse stuff

tiny reminder: she wants the gallery link resent bc hers ""vanished somehow""
also ask if she'd wanna collab on spring minis in Marietta

Second one:
Marcus Lee, venue coord at that brick place in Decatur
don't call before noon, he sounded half asleep at 10 lol
+1 678-555-0217

1. thank him for letting me stay 20 mins over
2. ask abt vendor list submission date
3. note he asked abt headshots for staff, possible paid gig

Kayla = flowers / referrals, Marcus = venue / bookings. dont confsue them again.",29,Female,US,Freelance Photographer,contact,,,,,,
1224,,,Nganp1,accepted,,,,2026.03.12,5,,Melissa Carter,"Jamie R. from the dog groomer 
 +1 312-585-0198
 said to text, not call during mornng rush 
 I met him Sat when Hazel freaked out over the dryer noise 
 super patient, gave me that oatmeal shampoo rec 
 
 Need to ask: 
 - can he do nail trim only next time 
 - price for bath + deshed package 
 - if Wed after 5:30 is open 
 
 backup contact from same place: Nina front desk 
 nina.riveraaa84@gmail.com
 
 +1 312-595-0197 
 call her if Jamie doesnt answer 
 prob best to reach them after lunch, like 1ish 
 dont forget Hazel needs rabies record sent over first",34,Female,US,Elementary School Teacher,contact,,,,,,
1225,,,Nganp1,accepted,,,,2026.03.12,14,,Brandon Lee,"1) Mr. Carlos Mendez - landlord's plumber guy, came by after the kitchen leak 
 2) +1 646-555-0126 
 3) works mostly in Queens, but said he'll come to Brooklyn if I give a day heads up 
 4) not cheap, but he fixed the sink fast + didnt leave a mess 
 5) said ""text pics first"" so he knows if its pipe or garbage disposal again 
 
 Also keep this: 
 • Leah from upstairs, borrowed my shop vac last month 
 • +1 718-555-0173 
 • she knows the bldg super and gets replies quicker somehow 
 • call her only after 7 pm bc she's on shift at the vet office 
 
 random reminder to myself 
 carlosm.repairs@gmail.com
 
 ask about hallway ceiling stain too, not just under sink 
 and maybe ask if he does wknd visits or nah",29,Male,US,Auto Body Technician,contact,,,,,,
1226,,,Nganp1,accepted,,,,2026.03.12,11,,Priya Holloway,"Need a cleaner contact for mom's place before Easter 
 Found one from Tasha at work: Erica Bell, ""really sweet but talks fast"" 
 +1 404-555-0118 
 ericabell.homehelp@gmail.com
 
 She does deep clean + laundry fold if asked ahead 
 
 Last time we spoke she said Tues/Thurs are easier 
 better to ring around 6:15 pm bc school pickup before that is chaos 
 
 stuff to mention when I call: 
 1. 2 bed condo, Decatur area 
 2. mom hates strong bleach smell 
 3. bring own vacuum?? ask this 
 
 another possiblity 
 - Denise K., church friend of Aunt Rena 
 - +1 678-555-0142 
 - cash only i think, kinda old school 
 - helped after the holiday dinner cleanup, did a good job even tho she was runnning late 
 dont mix them up, Erica is the one with the email",41,Female,US,Payroll Specialist,contact,,,,,,
1227,,,Nganp1,accepted,,,,2026.03.12,3,,Marissa Cole,"need to keep these straight before I forget again
Jeremy Pike +1 415-728-9874
met him at the Oakland pet adoption fair on Sat, he fosters older dogs
call after 6:30 pm bc he does school pickup first
he said text is better if I only need vaccine records

stuff to ask:
- whether Daisy was okay with cats or just ignored them
- brand of food they were using so I dont switch too fast
- if the gray leash got left in his truck lol

2) backup contact from same day
Nina at front desk, +1 510-884-2719
email: ninabrooks.help@gmail.com

only for paperwork + fee receipt, not dog questions
dont call during lunch, she sounded kinda swamped
remember: Jeremy had the blue baseball cap + was super nice",31,Female,US,Elementary School Teacher,contact,,,,,,
1228,,,Nganp1,accepted,,,,2026.03.12,2,,Daniel Mercer,"plumber note bc my sink is acting weird again

1. Raul Mendoza
mobile +1 773-441-9082
came by in Feb after Mrs. Keene downstairs recomended him
good work, a little late, but fixed the leak fast
best window to call = mornings before 9

office line if cell goes nowhere: +1 312-555-6841
email raul.mendoza.homefix@gmail.com


* ask about kitchen drain gurgling
* ask if he still does small jobs in Logan Sq
* ask price first this time, dont just assume

also maybe text a pic first
he said “easier to quote that way”
NOT the emergency company guy from Yelp, wrong number last time",44,Male,US,Restaurant Manager,contact,,,,,,
1229,,,Nganp1,accepted,,,,2026.03.12,7,,Keisha Bennett,"Contacts for mom's birthday thing so I stop digging thru texts
First - Tasha Green, cousin, balloon setup, +1 404-692-1178
usually awake late so call after 8 pm is fine
she still owes me the bakery card lol

Second one
Mr. Leon Harper
florist from Decatur farmers market
shop cell: +1 678-331-4526
email: leonharper.flowers@gmail.com

he remembers “purple + cream, not bright pink” thank god

- ask if peonies are even in season
- if not, do garden roses + eucalyptus
- pickup Friday around 4ish maybe

3) backup ride if my brother flakes again
Jules +1 470-805-2961
neighbor from upstairs, silver Honda, said just give her a day heads up
dont forget why saved: all for Mom's 60th dinner at aunt Denise's",28,Female,US,Dental Assistant,contact,people relationships,,,,,
1230,,,Nganp1,accepted,,,,2026.03.12,12,,Natalie Brooks,"Need to keep this bc I always lose business cards.
Marisol Vega from the community garden swap, super nice and said to text before Sat if I still want the tomato starts.
+1 415-728-5588
Email was marisolvega.art@gmail.com
 I think, double check spelling maybe ""marisol"" not ""marisole"".

Met her by the seed table near the church parking lot in Oakland.
She also mentioned her brother sells handmade planter boxes if I need one for the patio.
Call after 6:15 pm, not during her school pickup thing.

1. ask abt tomato starts + basil cuttings
2. see if she still has the blue ceramic pots
3. remind her I was the one in the denim jacket w/ Ava

- don't call too early
- text first, she said random calls get missed
- maybe ask price range so I don't show up short on cash

If no reply by Thurs night, try email instead bc she said her phone is ""weird half the time.""",31,Female,US,Elementary School Teacher,contact,,,,,,
1231,,,Nganp1,accepted,,,,2026.03.12,0,,Darnell Price,"Contacts to not forget from the flood cleanup signup at work

* Luis Moreno - plumber my boss reccomended for the rental basement
* best # is +1 617-903-4481
* can come ""most weekdays after 4"" and sometimes Sun morning
* said text pics first so he knows if it's pipe or drain issue

2) Jada Klein
jada.klein.home@gmail.com

neighbor from unit 3B, she has the spare dehumidifier
borrowed it once last year when the washer hose burst
phone maybe easier than email: +1 202-554-9817

Need to reach out in this order:
1. Jada tonight about borrowing the machine
2. Luis tomrw by lunch w/ the leak pics
3. ask Luis for rough quote, not exact, just ballpark

don't forget these are for the Beacon St place, not my own apt",44,Male,US,Transit Dispatcher,contact,,,,,,
1232,,,Nganp1,accepted,,,,2026.03.12,9,,Priya Ellison,"Ron Bixby
met him at Leah's engagement dinner, cousin's friend, works in HVAC and said he does side jobs.
He told me to save both numbers bc one drops calls all the time.
main: +1 303-682-7149
backup: +1 720-441-3958

I probly need him for mom's condo thermostat mess, not urgent but before summer gets bad.
Lives near Aurora and said evenings are easiest.
Do NOT call during 8-5, he does installs then.

- mention Leah + the rooftop restaurant so he remembers me
- ask if he services older Honeywell units
- ask if cash discount is still a thing or if that was a joke lol

3 quick notes:
1. wife is named Sam, very friendly
2. said texting works better than voicemail
3. if no answer, wait a day bc he's ""always under a house or attic somewhere""

also add email later, I forgot to ask for it ugh",27,Female,US,Product Designer,contact,people relationships,,,,,
1233,,,Nganp1,accepted,,,,2026.03.12,7,,Marissa Doyle,"Need to keep this handy before I lose the sticky note again.
Janelle Ruiz from the dog grooming place, super nice and squeezed Pepper in last min.
Cell: +1 312-555-2489
Email: janelle.ruiz.grooming@gmail.com

Best time to call = after 2pm, not during morning drop-off chaos.

Asked her abt the oatmeal shampoo bc Pepper keeps geting itchy in dry weather.
She said text is faster if I need to move the appt.

1) remind her Pepper hates the loud dryer
2) ask if nail trim is already in the price or seperate
3) book again around the 2nd week of April maybe

- met her thru Nina at the park
- she remembered Pepper’s little green bandana lol
- dont call on Sunday, she said thats family day
If she doesnt answer, wait a bit and then send short text, not a whole essay.",34,Female,US,Elementary School Teacher,contact,,,,,,
1234,,,Nganp1,accepted,,,,2026.03.12,12,,Travis Whitaker,"Auto stuff note bc I keep forgetting who’s who.

* Marco Ellison — mobile mechanic, came by the apt lot and fixed the battery cable without overcharging me.
* +1 480-555-6621
* email: marco.ellison.az@outlook.com


Use him for the Civic, esp weird rattling on startup.
Said evenings are better, around 6ish after his shop shift ends.

Also maybe keep backup contact here:
2. Lena at Desert Tow
2. office line +1 602-555-9074
2. dispatch is quicker than voicemail, ask for Lena directly

Important:
last tow was from Tempe Marketplace lot when car wouldnt turn over.
Marco knows what got replaced already so I dont have to re-explain everyting.
Need estimate for brakes next payday.
Dont mix up Marco w/ Mario from old receipt.",41,Male,US,Warehouse Supervisor,contact,,,,,,
1235,,,Nganp1,reject,3 câu AI,,,2026.03.12,16.3,,Evelyn Harper,"Reaching out list for Dad’s condo paperwork and random fix-it things.

Patricia Boone, neighbor from unit 4C, offered help when the smoke alarm kept chirping forever.
Her number is +1 617-555-2319 and she said texting first is better bc she screens calls.
Usually awake early, so before 8:30am is oddly okay.

She also gave me her work email once: p.boone.realty@protonmail.com

I should ask if she still has the HOA manager’s direct line.

Quick reminders
• mention I’m Diane’s daughter so she places me faster
• ask abt parking pass guest rules
• see who she used for the hallway paint touch-up

Then theres Ramon Pike, locksmith guy from the hardware store board.
+1 781-555-4482
Only call him if the mailbox key issue isnt solved by Sat.
He was kinda gruff but not rude, just busy I think.
Met him after lunch near Quincy, wrote price range on the back of receipt but I lost it ugh.
Dont call late, he said after 7 is a no-go.",29,Female,US,Product Designer,contact,people relationships,,,,,
1236,,,Nganp1,accepted,,,,2026.03.12,6,,Melissa Grant,"Dentist rec from Tara — Dr. Nina Patel, wanna call re crown quote before Fri.
+1 312-555-9685
office in Oak Park, she said mornings are less crazy.

Also saved her assistant bc I always forget who picks up first.
1. Jen at front desk — +1 708-555-6984
2. ask about xrays transfer from old place
3. check if they do late Wed appts

tiny note to self: Nina was really nice on the phone, not pushy.
- mention I chipped left molar in Dec
- insurance is BlueCross PPO I think??
- don't book next Tues, staff mtg all day

If no answer, leave vm after lunch not early.
prob spell my email out slow bc they got it wrong last time.
call before 3:30 so I dont forget again.",34,Female,US,Elementary School Teacher,contact,,,,,,
1237,,,Nganp1,accepted,,,,2026.03.12,7,,Darren Cole,"Need a roofer contact for mom's place before the next rain.
Met this guy thru Nate at the hardware store, seemed straight fwd.
Caleb Morris
+1 615-555-6987

* says text first, doesnt always pick up unknown nums
* does small patch jobs + gutter stuff too
* out near Franklin but comes into Nashville on Thurs

backup person if Caleb is booked:
- Rosa Jimenez, Skyline Roofing
- +1 629-555-3636
- ask about shingle color match, not full replace unless needed

Important:
1) tell them leak is over guest room window
2) mom home after 5 only
3) bring up discount if paying cash maybe??

dont call during Titans game lol, Nate said he ignores everybody then.",41,Male,US,Auto Parts Sales Manager,contact,people relationships,,,,,
1238,,,Nganp1,accepted,,,,2026.03.12,7,,Brianna Owens,"Wedding florist follow-up bc I keep mixing these ppl up.

Lark Design Studio — Mia Reynolds
emailed me pics of the loose garden style one, actually pretty cute.
phone: +1 206-555-3636
best time to reach her = after 10am, not super early

- met at the Seattle wedding expo in Feb
- she remembered the peach/cream palette, which is a good sign
- ask if she can do bud vases for 9 tables not 8

Second contact is for candles + setup help:
1. Owen Park
2. +1 425-555-3636
3. works w/ Mia sometimes, kinda scatterbrained but nice

Need to ask both:
can they come to Tacoma venue by 1:30?
what's deposit due date exactly, I wrote it down sloppy.
also remind Mia my last name is Owens now on the contract draft, not Brooks.",29,Female,US,Product Designer,contact,,,,,,
1239,,,Nganp1,accepted,,,,2026.03.12,13,,Marissa Cole,"dentist recs + random ppl to call this week
Dr. Evan Pike
+1 312-555-6868saw him at Nora's bbq, said he takes new pts + does early Fri appts
call before 9 if I want that whitening consult

1) Janelle from apt office
leaky sink follow-up, she told me to text after 6 bc front desk gets nuts
+1 773-555-6087

- Omar Reyes, old Lyft driver lol but actually knows a good cheap body shop
- +1 872-555-7894
- mention gray Honda + bumper scrape on left side

dont call all at once, I'll mix them up again
Janelle = housing, Omar = car, Dr Pike = teeth
maybe save these proper later bc this note is kinda a mess",29,Female,US,Elementary School Teacher,contact,,,,,,
1240,,,Nganp1,reject,,"content trùng nhiều ""thợ sửa ống nước""",,2026.03.12,13,,Trevor Haines,"Need to keep these contacts straight cuz last time I called the wrong Mike and that was awk.

• Mike Lafferty — union plumber my cousin used for the basement pipe mess, seems solid, said weekends are better.
• Call after lunch, not early, he sounded half asleep at 8am.
• +1 646-555-6248

2. Priya Shah
wedding florist lead from Jess's office
+1 917-555-3657
email too: priyashahblooms@gmail.com

ask abt smaller centerpeices, not the huge fancy ones

Also
Cam Dorsey at the gym knows a dog sitter
I only wrote the number bc he shoved it at me quick
+1 718-555-0214
text first, dont just call
says ""hey this is Trevor from Iron House""

Mike = plumbing
Priya = flowers
Cam = dog sitter hookup",41,Male,US,Transit Operations Supervisor,contact,,,,,,
1241,,,Nganp1,accepted,,,,2026.03.12,11,,Danielle Mercer,"SAT morning errand/contact list before I forget

Sarah Kline +1 404-555-2587
neighbor's sister, does notary stuff mobile and can meet at the coffee shop on Glenwood
I need her for the title papers, maybe Tues eve

— Benji Wu
met him at the street fair, runs that little print shop
poster quote for mom's retirement thing
email: benji.wu.prints@gmail.com

said texting is faster tho
+1 470-555-8674

3) Rosa Mendel
backup babysitter from church list
+1 678-555-1379
good with kids under 10, avail most Thurs nite
ask rate first this time, don't be weird abt money again

Sarah for papers, Benji for posters, Rosa for babysitting
seriosuly save them into contacts later",36,Female,US,Insurance Claims Adjuster,contact,people relationships,,,,,
1242,,,Nganp1,accepted,,,,2026.03.12,0,,Marissa Coleman,"Jenna from bldg mgmt +1 312-555-4684
saved her after the leak by the laundry rm last month
Call weekday mornings only, she said after 9:15 is best
email too: jennacooper.office@gmail.com


1. ask if the plumber ever came back for apt 3B
2. need to mention the weird water stain by hall closet
3. also ask about parking sticker bc mine still not mailed

- met her in person downstairs, super fast talker but helpful
- dont text late, she said work phone gets silenced
- if no answer try office line tues or thurs

Also: her backup guy is Marcus
his cell maybe +1 773-555-2871
only use if Jenna is out, not first choice
he handles keys + maint stuff

reminder for me: be nice, I sounded grumpy last time lol",34,Female,US,Elementary School Teacher,contact,,,,,,
1243,,,Nganp1,reject,,,,2026.03.12,,,Trevor Haines,"=+1 646-555-4072 Nate Rios - guy from the used bike shop in Queens
He said to call after lunch bc mornings get nuts there
saved this b/c he knows a decent locksmith too

met him when my chain snapped on Vernon Blvd, he fixed it kinda cheap
says he can prob find a better rear light setup for me
dont forget I still owe him pic of the rack thing

* alt contact: shop landline +1 718-555-9921
* email was scribbled on reciept: nrios.bikeworks@yahoo.com

* ask about tune-up price before agreeing, last time I forgot

1) mention blue Trek, not the old black one
2) ask if Saturday 11ish is too busy
3) maybe ask abt the u-lock he recommnded

If he doesnt pick up, leave short voicemail only
talks fast, a little hard to catch everythng
seems solid tho, def nicer than the other shop dude",29,Male,US,Sous Chef,contact,,,,,,
1244,,,Nganp1,accepted,,,,2026.03.12,4,,Denise Whitaker,"Re: Keisha Patel, wedding makeup artist from my cousin Alysia's reception

her number is saved weird in my phone so writing it here: +1 404-555-6812
best time to reach her = evenings, usually after 6:30
not Sundays bc she does family dinner + ignores work stuff

Why I kept this contact:
she did my cousin's makeup and it actually stayed all night
good with darker skin tones, not cakey, thank god
also she was chill when plans got shifted last min

- insta handle maybe keishapatel.beauty
- email for deposit questions: keisha.artistry@outlook.com

- ask if she travels to Decatur or just Atlanta proper

1. price for bridesmaid only
2. lashes included or extra??
3. can she do an early start like 7am

backup note: her assistant Mia answered once from +1 678-555-0236
only call Mia if Keisha hasnt replied in 2 days
dont lose this again, writing was all over that old sticky note",41,Female,US,Payroll Specialist,contact,people relationships,,,,,
1245,,,Nganp1,accepted,,,,2026.03.12,10,,Marissa Cole,"Dana Ruiz from the apt office
+1 415-728-0258
text first, dont call before 10 bc she does night shift stuff
met her when the mailbox key got stuck again

Need to ask abt: 
1. parking pass for April
2. leak under kitchen sink, still not fixed lol
3. if she can email the pet form again

email might be dana.ruiz.leasing@gmail.com

pretty sure thats right but double check

- said she was nice on Tues, just sounded tired
- mention unit 3B right away
- if no reply by Fri, call the office line instead

also ask whether rent check was acctually logged",29,Female,US,Dental Hygienist,contact,,,,,,
1246,,,Nganp1,accepted,,,,2026.03.12,6,,Trevor Haines,"Garage note so I dnt lose this again

* Mike Heller - old mechanic from Brentwood, my cousin gave me his #
* only call after lunch, he said mornings are chaos there
* +1 917-554-2569

He looked at the Civic back in Jan and said the weird rattling was probly the heat shield, not the engine thank God
Wanna ask if he can squeeze me in next week before the drive to Philly

Other ways to reach him:
1) shop email = mikeheller.auto@gmail.com

2) ask for ""Mike H"" if the front desk picks up

reminder for me
say the car is the blue Honda, 2018
mention the break squeek too, dont forget this time

if he doesnt answer, leave a short vm only
sounds blunt but he was super fair on price",41,Male,US,Warehouse Supervisor,contact,people relationships,,,,,
1247,,,Nganp1,accepted,,,,2026.03.12,8,,Evelyn Park,"Re: babysitter backup / weekend list

Nia Thompson
neighbor's daughter from two houses down, home from college rn
good with Lily, came over once during the snow day mess

phone first bc she said emails get burried
+1 312-680-4475

Need to check w her about:
- Sat evening, maybe 6:30 to 10ish
- whether she still charges by the hr or flat
- if she's okay doing bedtime stories + snack cleanup

email too: niathompson.home@gmail.com


2 things I should mention
1. Lily's allergic to strawberries so no pink candy stuff
2. dog is friendly but loud at first

Call tmw after 4, not during her class
she seemed responisble, just a little shy",36,Female,US,Elementary School Teacher,contact,people relationships,,,,,
1248,,,Nganp1,reject,2 câu AI,,,2026.03.12,,,Melissa Garner,"Need to keep this straight before I forget.
Jen Alvarez - dog sitter from Oak Cliff, met her when Lina from yoga had to leave town fast.
Usually better to text 1st bc she’s doing school pickup in the afternoons.
+1 214-555-0102

1. Ask if she can do Fri night + Sat morn walk for Benny.
2. Mention Benny gets weird around loud vacuums lol.
3. Don’t forget gate code still might be old one from last month.

Email from her rover-style invoice thing: jen.alvarez.petcare@gmail.com


Backup contact if Jen cant do it:
- Marcus Bell, neighbor’s cousin, did one emergency walk in Jan and was actually super nice
- +1 469-555-0241
- works at an auto shop so call after 6ish, not during the day

Note to self: Jen said she prefers venmo, Marcus said cash is fine.
prob text Jen tonight around 7:30, dont wait til tmrrw again.",34,Female,US,Elementary School Teacher,contact,,,,,,
1249,,,Nganp1,accepted,,,,2026.03.12,2,,Darren Whitlock,"plumber stuff

Ray Pritchard from church rec list — fixed the upstairs leak at Mom’s place, knows old houses real well.
Call him only after 8am, he got grumpy last time when I rang too early.
Email if pics of the basement pipes are needed: ray.pritchard.homefix@outlook.com


* +1 317-555-0112
* says he answers faster on weekdays than weekends
* ask about rough quote before he comes out this time

Also wrote down the flooring guy while I was at it
Samira Cole
+1 463-555-0297
met her at the hardware store, she knew exactly what underlayment I meant even tho I explained it bad lol

For Samira:
1) ask if she does just one room
2) tell her hallway measurments are prob a little off
3) evening call is best, like 5:45 or later

Do not mix them up again — Ray = pipes, Samira = floors.",46,Male,US,Warehouse Supervisor,contact,people relationships,,,,,
1250,,,Nganp1,accepted,,,,2026.03.12,8,,Tiana Brooks,"reunion + scholarship contacts all jammed in one note so I stop losin scraps of paper

- Mrs. Keene, old debate coach from high school
- still said she’d write a rec letter if I send the updated resume
- +1 919-555-0134
- call Sun afternoon or just email: lkeene.coachnotes@yahoo.com


Paragraph bit so I remember why this matters: she knew me when I actually finished things on time, so her ref will prob sound more legit than my current manager’s. Need to be polite and not ramble.

Then cousin Andre for the family reunion spreadsheet mess:
Andre Brooks
Atlanta number even tho he travels nonstop for work - +1 404-555-0268
text only first, he hates random calls and never picks up anyway

Things to ask him:
1. who already paid for the cabin
2. did Aunt Renee change the headcount again
3. can he resend the group chat link bc mine vanished somehow

last reminder: contact Mrs Keene before Thursday night, contact Andre whenever but not super late.",29,Female,US,Graphic Designer,contact,people relationships,,,,,
1251,,,Nganp1,accepted,,,,2026.03.12,0,,Marissa Holt,"Kayla Benson - florist from the farmers market, did the centerpieces for Jess's engagemnt thing last spring. 
 +1 415-728-1946 
 she said text is better first bc she's usualy elbow-deep in work by 7am. 
 
 Need to ask about small bouquet prices for mom's birthday, soft colors not super bright. 
 Also ask if she still delivers near Daly City on Fridays. 
 
 1. mention I was the one who bought the white peonies in April 
 2. ask if she can do a rush order by next Thurs night 
 3. get quote before I commit, trying not to overspend again lol 
 
 backup ways to reach her 
 work IG was ""kaylablooms"" I think 
 old email maybe kayla.benson.flowers@gmail.com
 
 
 If no reply by Tues, call around 11:30 bc that was the time she told me she takes a break. 
 nice but kinda scatterbrained, so remind her abt the vase too.",29,Female,US,Elementary school teacher,contact,,,,,,
1252,,,Nganp1,accepted,,,,2026.03.12,2,,Derek Vaughn,"Need this all in one spot before I forget again. 
 Marcus Lee, HVAC guy my landlord reccomended after the weird rattling in the hallway vent. 
 Met him in person Tues, seemed solid, not pushy. 
 Said mornings are packed but late afternoon is open. 
 
 - call after 4:15, not during service visits 
 - ask for est. on cleaning the upstairs unit + checking the thermostat wiring 
 - mention apartment 3B and that he already saw the building once 
 - maybe ask if he does weekend slots too 
 
 Phone: +1 972-644-3812 
 Email: marcus.lee.coolair@gmail.com
 
 
 other note: his helper's name might be Devon or Devin, don't butcher it. 
 If he doesn't answer, leave voicemail short bc he said he listens while driving. 
 
 1) AC noise first 
 2) airflow in guest room second 
 3) ask abt filter size before buying the wrong one agian",41,Male,US,Restaurant manager,contact,,,,,,
1253,,,Nganp1,accepted,,,,2026.03.12,6,,Nia Carpenter,"Re: contact for that freelance editor, don't lose this one. 
 
 Elena Ruiz helped Maya polish her grad school essays and apparantly turned them around crazy fast. 
 I want to ask abt resume cleanup + LinkedIn summary, maybe cover letter too if budget isn't wild. 
 She's in Chicago but works remote so timing should still be fine. 
 
 • best to message in the evening, Maya said after 6 is when Elena actually replies 
 • don't send giant wall of text, just 3 docs max first 
 • mention Maya Chen referred me so she knows I'm not random spam 
 
 email first: elena.ruiz.writes@gmail.com
 
 then if needed use cell +1 312-555-8473 
 
 Quick list for myself 
 1. ask turnaround time for one-page resume 
 2. ask if she edits wording or full reformats too 
 3. ask price before sending everything bc rent week ugh 
 
 sounded warm on the phone from what Maya said, but super direct, which honestly I need.",24,Female,US,Junior data analyst,contact,,,,,,
1254,,,Nganp1,accepted,,,,2026.03.12,0,,Melissa Rowan,"Chris Mendez - +1 415-782-9046
met him at the oak st apt open house last Thurs
said to call after 6 bc he’s showing units all day
super fast talker, but nice

also gave me his work email: chris.mendez.leasing@gmail.com

need to ask abt parking spot + if cats are rly ok, not just “case by case” lol

Things to ask:
- app fee still $45 or did I hear that rong
- can move-in be pushed to 1st wk of May
- laundry in bldg or only in basement

backup contact if he doesnt pick up:
1. front desk Marisol
2. +1 415-906-1173
call before lunch, she said mornings are less crazy

don’t forget: mention I’m the one who viewed unit 3B w/ the squeaky window",29,Female,US,Elementary school teacher,contact,,,,,,
1255,,,Nganp1,accepted,,,,2026.03.12,0,,Darren Pike,"Need this saved before I forget

* +1 773-441-6820
* Nora Patel
* freelance tax person my cousin used last yr
* not cheap but apparently fixes messy 1099 stuff w/o making it weird

I should reach out Tues night, not Monday morning bc she said that’s her client crunch time
ask if she can look at side-gig income from the bike shop + those random design checks

other ways to reach her:
- nora.patel.finances@protonmail.com

- office in Oak Park, tiny spot above a bakery, smells like cinnimon lol

reminders:
1. find W-2 first
2. ask what docs she wants me to bring
3. see if she does virtual bc driving out there after work kinda stinks
4. tell her Aaron Pike reffered me",41,Male,US,Bicycle mechanic,contact,people relationships,,,,,
1256,,,Nganp1,accepted,,,,2026.03.12,11,,Jasmine Holloway,"Lena Brooks
neighbor from my old building, now works at a dog boarding place in Denver

she told me to txt first, dont just call out of nowhere
best number is +1 303-588-6357

why I saved this:
watching Moose for 3 days in June maybe
she already met him once and said he’s “dramatic but cute” which is fair honestly

alt contact stuff
- lenabrooks.co@gmail.com

- sometimes answers from work line too: +1 720-644-4336

Need to ask:
1. overnight rate
2. if she can do meds reminders even tho it’s just vitamins
3. whether pickup on Sunday eve is okay

note to self — mention I’m Jasmine from Apt 2C, the one w/ the loud beagle and busted blue Honda so she rememebers",34,Female,US,Product manager,contact,people relationships,,,,,
1257,,,Nganp1,accepted,,,,2026.03.12,9,,Marissa Cole,"Need to keep this one bc I always forget who’s who from the school fundraiser.
Jenna Morales - PTA mom from Eli’s class, super nice, said texting is easier than calling.
+1 415-728-4366
Met her by the bake sale table, she had the blue suv + talked fast lol.

Best time to reach her is after 6:15 pm once kid pickup chaos is done.
Email: jennamorales.home@gmail.com


- ask about extra volunteer slot for Fri night
- she also knows the ballon guy somehow
- remind her I’m the one who bought 2 lemon bars + forgot my card recipet

backup contact from same convo:
Mrs. Patel (art teacher helper, not the actual teacher)
phone +1 628-214-7842
only call if Jenna doesn’t answer by Thurs afternoon
said “pls dont ring during lunch duty” so text first

1) send short msg, not a huge paragraph
2) ask if raffle tickets can still be picked up early",34,Female,US,Elementary School Counselor,contact,people relationships,,,,,
1258,,,Nganp1,accepted,,,,2026.03.12,0,,Trevor Whitman,"Ryan Kessler from the auto shop, guy w/ the old red Tacoma. Saved this so I stop digging thru reciepts later.
He checked the weird rattling under my car and said it’s prob not urgent- prob, not promise.
Call before Saturday if I want him to squeeze me in.

Shop line: +1 206-883-2456
His cell maybe better for quick text: +1 206-440-8323
Email somewhere on the card: r.kessler.service@yahoo.com


* ask what he quoted for front brakes again
* see if he can look at the AC thing too
* dont forget he said cash is easier, card machine gets glitchy

I met him thru Dani’s brother last month, down in Georgetown.
He remembered the Subaru right away, so that’s a good sign.

Ryan said mornings are nuts.
Try around 1:30 or later.
Do not call on Tuesday, he’s out getting parts a lot.

note to self: if he answers “shop” just say Trevor w/ gray Subaru, not the whole story",41,Male,US,Warehouse Supervisor,contact,,,,,,
1259,,,Nganp1,accepted,,,,2026.03.12,4,,Denise Holloway,"Contacts for apartment stuff bc management never picks up and I keep mixing these ppl up.

1. Sofia Nguyen
leasing office assistant, helped me when the mailbox key got messed up again.
email first if it’s paperwork: sofia.nguyen.rentals@outlook.com

direct line is +1 312-559-3368
usually in office till 5, but she said 4:30 is safer.

She told me to mention unit 3B right away or they put me on hold forever.
Also she’s the one with the tiny dog stickers on her laptop.

2. Marcus Bell
maint guy, came by for the leaky sink + the loud vent thing.
+1 773-904-2568
text only unless it’s water everywhere.

- if faucet starts dripping all night, msg Marcus
- if lease question / parking pass / payment issue, contact Sofia
- remember Marcus said “not on Sundays pls”

Kinda embarassing but I still need to ask Sofia about the package locker code I wrote down wrong.",29,Female,US,Dental Assistant,contact,,,,,,
1260,,,Nganp1,accepted,,,,2026.03.12,9,,Marissa Doyle,"need to keep this one bc I always forget why I saved ppl
+1 312-555-1846
Andre Molina - locksmith from the bldg group chat
came by last winter when my apt door jammed at like 9pm, super fast + not shady
said to text first, dont just call unless its urgent
best time weekdays after 8:30 am

2) Tasha Reed, pet sitter, friend of Nina from yoga
uses rover but said direct is cheaper maybe
tashareed.photos@gmail.com

call her before next Fri if I need help w/ Bean when mom visits

- Andre also knows a cheap handyman, ask abt that
- Tasha has key copy already I think?? verify
- dont mix up Tasha w/ Tricia, diff person entirely

if phone dies again write these in planner too",29,Female,US,Elementary School Teacher,contact,,,,,,
1261,,,Nganp1,accepted,,,,2026.03.12,8,,Calvin Mercer,"Contacts to keep handy before spring rush
1. Janelle Price, florist I met at the River North wedding expo
good for last min centerpieces, kinda chatty but reliable
janelle.price.designs@gmail.com

2. call Tue or Wed mornings, she said afternoons get nuts
3. ask if she still does the smaller elopement package

* backup courier: Devon Pike
* +1 646-555-9072
* used him twice for contract dropoff downtown, both times on time
* prefers texts w/ building name first, otherwise he gets annoyed lol

also maybe save this note for later:
Janelle likes peonies, Devon hates parking in SoHo
dont book either one w/out checking budget first
probly reach out around the 14th",41,Male,US,Event Planner,contact,,,,,,
1262,,,Nganp1,accepted,,,,2026.03.12,4,,Elena Whitaker,"Maya Chen from old clinic job
we grabbed coffee in Denver during the conference, she now works in peds admin
I saved her bc she mentioned an opening for part-time chart review stuff
email first: mayachen.workmail@gmail.com

then maybe phone if she doesnt answer in a few days

- +1 720-555-2631
- not too early, she has school dropoff w/ her son
- evenings after 6 are better, or Sat late mornng

other contact in same note so I stop losing scraps of paper:
Ruben Alvarez, neighbor's cousin, fixes bikes out of his garage
helped tighten my brakes for free, owe him cookies still
+1 415-555-7318
text only first bc unknown calls go straight to spam

remember: Maya = job lead, Ruben = bike guy, dont mix em up again",36,Female,US,Registered Nurse,contact,people relationships,,,,,
1263,,,Nganp1,accepted,,,,2026.03.12,20,,Marissa Cole,"Contacts to keep straight before next week gets nuts

1) Tasha Green - old apt neighbor from Phoenix, knows a decent handyman and said to text before calling bc she works school pickup.
cell: +1 602-555-6328
best time = after 6:15pm Tues or Thurs
email she actually checks: tasha.green.az@gmail.com

Need to ask abt the leaking sink guy + if he still does weekend jobs.

2) Mr. Leon Burke
CPA my cousin used last year, super fast but kinda blunt lol
phone +1 480-555-9326
call in the morning, he said 8:30ish is easiest before clients start rolling in
office email: lburke.taxhelp@outlook.com

ask him what docs I forgot for 1099 stuff bc I probly missed one

- dont mix Tasha w/ Trisha again
- save both in contacts tonight
- follow up before Friday or I’ll forgt",29,Female,US,Elementary School Teacher,contact,people relationships,,,,,
1264,,,Nganp1,reject,,,,2026.03.12,,,Daniel Whitaker,"=+1 414-555-2673 Nate Rosales - met him at the Milwaukee marina when the car battery died, he gave me the number for his cousin who buys used parts.
told me calls are better than txt, but not during his delivery route.
Usually free around lunch, maybe 12:45.

• Kendra Holt, wedding photographer my sister almost booked last spring
email first: kholt.frames@gmail.com

backup phone is +1 262-555-7418
she said pricing changed so ask for the smaller family package, not the full one.

Need these for diff reasons so dont mash em together.
Nate = parts / tow recs / maybe cheap alternator lead.
Kendra = mom wants photos for grandma’s 80th, nothing fancy.

Quick list:
1. call Nate on Wed lunch break
2. send Kendra 3 possible dates
3. check if she still travels to Racine
4. spell her last name right this time, I wrote Holte before
5. maybe save both under real labels not random notes",41,Male,US,Auto Parts Manager,contact,,,,,,
1265,,,Nganp1,accepted,,,,2026.03.12,0,,Sabrina Nguyen,"Need to keep these ppl straight for the bakery pop-up bc my notes are a mess

- Jamie Larkin
florist from the Sunday market, sweet but always answers late
best contact: jamie.larkin.flowers@yahoo.com

phone if urgent +1 503-555-6184
ask abt small eucalyptus bundles + 2 table pieces, not the giant wedding setup

Paragraph note: Marcus Bell is the print guy from that tiny shop near Burnside. I met him when I needed menu cards last min and he actually stayed open 10 extra mins, lifesaver. Call before noon bc afternoons get busy there.

Marcus Bell
shop line +1 971-555-2039
say I’m the one who wanted the crooked little pastry sign fixed, he might rember that
maybe email too: marcusbellprint@gmail.com


To do:
1) Jamie first on Monday morning
2) Marcus after coffee, around 10:30
3) get quote written down this time
4) dont forget these are for the May market booth, not catering
5) spell eucalyptus right... or close enough",34,Female,US,Pastry Chef,contact,,,,,,
1266,,,Nganp1,accepted,,,,2026.03.12,14,,Marissa Cole,"Call Nina from the old apt building about the storage keys before Friday.
She said afternoons are best, not super early bc of school dropoff.
+1 312-555-3498

Nina Alvarez - met her when I moved out of Oak Terrace last summer.
She still has the blue bin w/ winter scarves + maybe the lamp cord too.
Email maybe better if she doesnt pick up: nina.alvarez.home@gmail.com


Need to ask:
- did she leave the keys w/ front desk or still has them
- can I swing by after 6ish Thurs
- ask about parking pass, I totally forgot that thing

If no answer, text first dont just call again right away.
She was nice but always a lil busy.

backup contact from same building = Luis in unit 2B, only if Nina doesnt reply.
his number was written on the lease note: +1 773-555-6621",25,Male,US,HVAC Technician,contact,,,,,,
1267,,,Nganp1,reject,," nhiều nội dung ""thợ sửa ống nước"" ở trước rồi ",,2026.03.12,,,Derek Holloway,"1. plumber from Jen's recoomendation - Marcus Reed
2. +1 404-555-2716
3. fixed the kitchen sink leak in Feb, seemed honest + didnt overcharge
4. call him only after 5:30 bc he's usually on jobs all day

Also keep this in case the leak starts again by the dishwasher.
I still hear that tiny drip sometmes, maybe I'm imagining it.

* ask if he does Sat morning visits
* ask price before he comes out
* mention condo is in Midtown, parking is annoyng there

Marcus said to text pics first if possible.
email from invoice: marcus.reed.services@outlook.com


Second number from his card (office maybe?) was +1 678-555-9034
dont use too late at night
Jen said he's better by text than voicemail
save under House stuff not Work",27,Male,US,Graphic Designer,contact,,,,,,
1268,,,Nganp1,reject,,trùng nội dung ở trên,,2026.03.12,,,Elena Whitmore,"Re: dog sitter contact for Pepper when I go to Denver next month.

Had a good chat w/ Tasha at the park, she watches 2-3 dogs at a time max which is probly better.
Very calm, Pepper liked her right away so thats promising.

Tasha Monroe
lives near Greenlake, easier for pickup on my way to work
usually free weekday evenings
email: tasha.monroe.pets@gmail.com


Phone for quick text: +1 206-555-4482

Things to remember
• ask if she can do meds reminder even tho Pepper only needs the vitamin chew
• check overnight rate again, I forgot the exact amt
• mention Pepper gets nervus with loud vacuums

If she can't do it, backup from vet lobby board:
Jamie Pruitt +1 425-555-7819
not my first choice but sounded friendly on the phone
call after lunch, not mornings",31,Female,US,Auto Parts Sales Supervisor,contact,,,,,,
1269,,,Nganp1,accepted,,,,2026.03.12,9,,Marissa Cole,"Need to keep this straight before I forget again.
Jordan Ramirez from the apt leasing office said to call after 10am, not super early bc he's in meetings first thing.
+1 312-555-0837
met him Tues when I turned in the parking form and he seemed pretty chill.
email he gave me: jordan.ramirez@lakesideleasing.com

ask about guest parking pass for mom next weekend.
- also ask if storage locker 18B is still open
- he mentioned a cheaper month-to-month thing but I didnt write it down right
Do not call during lunch, he said ""prob out from 12 to 1ish.""

Backup contact in case Jordan doesnt answer:
1. Nina at front desk
2. +1 312-555-1196
3. mostly for package issues but she can transfer me
tiny note: Nina spells it Nena? need to check lol
Call before Friday or I'll forget and get charged again.",29,Female,US,Graphic Designer,contact,,,,,,
1270,,,Nganp1,reject,2 câu đỏ,"giống nhiều ""thợ sửa ống nước""",,2026.03.12,,,Trevor Whitman,"Raul Mendoza - plumber my neighbor Chris recomended.
if kitchen sink starts making that clunk noise again, text first dont call late.
best number is +1 713-555-4421
he works all over west Houston so mornings are easier apprently.

Last time he came out he fixed the garbage disposal in like 20 mins and didnt overcharge.
cash, Venmo, maybe Zelle too? need to ask.
raulmfixit@gmail.com


* ask for quote on bathroom faucet drip
* mention the condo is unit 4C and parking sucks after 5
* tell him the dog barks but wont bite, just noisy

Second person if Raul is booked:
Maria at Ace Hardware service desk +1 713-555-6083
she gave me his contact and said she knows another guy if he's swamped.
dont lose this note again, seriously.
prob reach out Wed or Thurs, not weekend.",41,Male,US,Auto Claims Adjuster,contact,,,,,,
1271,,,Nganp1,accepted,,,,2026.03.12,9,,Denise Harper,"Emergency-ish contacts for Dad stuff while I'm at work.

1) Evelyn Brooks, home health scheduler
call her if the aide is late more than 20 mins.
+1 614-555-7318
she knows Dad by name bc of the Monday/Thursday visits.
email: evelyn.brooks@oakrivercare.org


2) Marcus Lee from church
number is in middle here so I see it fast: +1 614-555-2674
he offered to check on Dad if I'm stuck at school for conferences.
super kind guy, drives the blue Ford truck.

- call Marcus after 6pm only, he does warehouse shift earlier
- Evelyn said text is okay but phone is better for schedule mixups
- remind both ppl Dad sometimes doesnt hear the doorbell

I wrote ""Brookes"" before but I think it's Brooks, whoops.
Keep this handy for next month too bc my hours get weird.",36,Female,US,High School Counselor,contact,people relationships,,,,,
1272,,,Nganp1,accepted,,,,2026.03.12,4.4,,Monica Reyes,"Need to save this right so I dont lose it again.
+1 312-555-0187
Jared Molina - tile guy Maria from church recomended.
Did the backsplash at Tinas place, looked really clean.

Call him after 6:15 pm only, he's usualy on a job before that.
Ask about redoing kitchen grout + tiny crack by sink.
Don't forget to mention condo is on 3rd floor, no elevator ugh.

1. price for labor only
2. if he can start next Fri or Sat morn
3. does he haul old tile or do I need bagster

- said texting is better if I cant talk at work
- wife might answer first, thats fine
- maybe ask if he also knows a painter?

Email from his card: j.molina.homefix@gmail.com

backup note: nice guy, talked fast, smelled like sawdust lol",34,Female,US,Elementary School Teacher,contact,,,,,,
1273,,,Nganp1,accepted,,,,2026.03.12,0,,Terrence Bloom,"Samir Patel from the soccer league - prob the HVAC contact I need for the office side room.
Met him after Thursdays game when the ac was making that clanky noise convo.
samir.patel.service@outlook.com


Phone: +1 404-555-0687
He said weekdays before 8am are best, otherwise text and he'll call back.
Don't ring during lunch bc he's driving site to site.

* ask if he does small commercial, not just homes
* mention thermostat keeps jumping to 78 by itself
* tell him building is on Auburn Ave, parking in rear alley

Also maybe ask about maintnance plan for summer.
His brother handles invoicing I think, kinda forgot the name.

2) If no answer by Tues, try the alt number he scribbled: +1 678-555-0194
3) save under Samir HVAC / soccer guy so I rememebr who this is

seemed super chill, not pushy, which is rare tbh",41,Male,US,Restaurant Manager,contact,people relationships,,,,,
1274,,,Nganp1,reject,,nội dung hơi giống 1 cái ở trên,,2026.03.12,,,Danielle Foster,"contacts to keep for Nana's move next month

Leah Benton, neighbor from old apt bldg, offered boxes + knows a cheap mover.
best to call midmorning bc she works late nights at the hotel.
+1 702-555-0173

She also said her cousin Marco does junk pickup on weekends.
marco.benton.cleanout@yahoo.com


- remind Leah the move is from Henderson to Summerlin
- ask if she still has wardrobe boxes and tape gun
- maybe borrow the dolly if not awkward

1. Marco number (dont lose this again): +1 725-555-0118
2. text first, he hates random calls apparantly
3. ask price for one recliner + old tv stand

Leah is sweet but I always spell her last name wrong, Benton not Bennton.
Met her when Nana locked herself out, she stayed til locksmith came.
good ppl, send thank-you card after everything settles",29,Female,US,Dental Assistant,contact,,,,,,
1275,,,Nganp1,accepted,,,,2026.03.12,10,,Marissa Cole,"Jake Mendez from the floor install place
+1 312-555-0984
met him Tues at the condo office, seemed decent
need to ask abt the hallway runner + guest room rug

call after 5:30 bc he said he's driving jobs all day
dont call in the mornng
email he wrote down: j.mendez.home@gmail.com


1. ask if he can match the oak-ish color
2. price for stairs too, not just landing
3. see if he still has the remnant deal he mentoned

- wife name maybe Elena? check that bc I forgot
- he did Mrs. Parker's place in bldg C
- sounded a little rushed but nice

If no answer by Thurs, text instead and say Marissa from Apt 4B",34,Female,US,Elementary School Teacher,contact,people relationships,,,,,
1276,,,Nganp1,accepted,,,,2026.03.12,7,,Devin R. Holloway,"For later — contact from the volunteer cleanup by the river
Rita Banerjee, parks dept friend-of-friend
she said text first, not random call
her cell is +1 415-555-0237

I wanna ask abt the weekend signup list and if they still need extra gloves
also the kids table thing for Sat maybe I can help there

• met her while hauling trash bags, super organized, blue cap
• knows Marcus from church apparently
• best time = lunch break around 12:15ish

Backup contact:
rita.ban.contact@gmail.com


1) mention I was the guy with the busted cooler
2) ask where to park bc last time was a mess
3) dont forget to say thanks for the coffee card

if she doesnt reply by Fri nite, prob means signup is already full",29,Male,US,Auto Parts Sales Associate,contact,,,,,,
1277,,,Nganp1,accepted,,,,2026.03.12,0,,Lila Nguyen,"Dentist rec from Tasha — keep this bc I always lose scraps of paper
Dr. Owen Hart's front desk: Mila
mila said openings move fast rn

+1 206-555-0172 is the main line
call right when they open maybe 8:05
she told me afternoons are chaos and hold times get dumb long

Need this mostly for a cleaning and to ask abt night guard quote
not emergency, just been puting it off again

- office near Green Lake, easy parking behind the bldg
- Tasha said they're gentle and dont oversell stuff
- ask if they take Delta Dental PPO

1. mention Tasha Nguyen referred me
2. ask for first cancelation spot
3. get email for forms if they have em

maybe text Tasha after booking so she stops nagging lol
alt note: Mila spelled maybe Mela? not 100% sure",41,Female,US,Product Manager,contact,,,,,,
1278,,,Nganp1,reject,2 câu AI dài,,,2026.03.12,,,Lauren Pike,"Need to keep this one bc I always forget where I met ppl.
Marisol Vega from the community garden swap in Tempe last fall.
+1 602-417-9834
she knows the native plant lady + also the cheap mulch guy.
Email: marisolvega.art@gmail.com

best time to call = after 6:30 pm, not during school pickup.
said texting first is better bc random calls get missed.
- helped me with the lemon tree bugs thing
- owes me the blue pot OR maybe I owe her seeds?? check that
- ask about Saturday seed exchange behind library
Her kid is in 3rd grade w/ Eli, thats why the name sounded familar.
Do not call super early.
1) ask if she still has extra rosemary cuttings
2) get address for the plant sale
3) see if she can intro me to Rosa for irrigation fix
backup number from flyer maybe old: +1 480-555-2819
pretty sure thats an older work line so use only if needed",34,Female,US,Elementary school teacher,contact,,,,,,
1279,,,Nganp1,accepted,,,,2026.03.12,6,,Marcus Holloway,"Tony Baines - furnace / AC guy from church rec list
called him once in Jan when heater made that clunk noise.
office: tony.baines.hvac@protonmail.com

cell for txt: +1 317-804-6621
shop maybe landline +1 463-228-1407
dont ring before 8am, he gets grumpy lol.

What I need from him next time:
• quote for cleaning vents upstairs
• ask if the basement smell could be old filter not mold
• remind him he said military discount maybe? not for me, for Dad

He wrote the model # on the reciept but I shoved it somewhere in truck.
Lives near Irvington, said turnaround is usally 2 days unless weather gets crazy.
Met him after Nate's pancake breakfast fundraiser.
Good guy, talked way too much abt Colts but seemed honest.
maybe call Wed lunch break.
if no answer send short text w/ my address first",42,Male,US,Auto body technician,contact,,,,,,
1280,,,Nganp1,accepted,,,,2026.03.12,8,,Priya Sanderson,"Contacts to keep for mom stuff + house stuff all in one place.

1. Denise Ko, hospice social worker from St. Anne's, very kind + doesnt talk over me.
best # +1 414-290-7756
email deniseko.care@outlook.com

call after 10 bc mornings are packed w/ visits.
Need her for paperwork questions + respite options if things get hectic again.

2. Omar Lyle, neighbor's cousin, does small plumbing jobs.
I met him when the laundry sink backed up in Feb.
text first: +1 262-631-9048
said Sundays are okay unless he's on call.

- Denise said I should ask abt transportation vouchers
- Omar quoted ""around 90 ish"" for the pipe fix, not including parts
- remember Denise spells her last name K-O, not Koh

dont mix these up like last time.
Denise = care help, Omar = house help.
If stressed, just send a text and come back later.",29,Female,US,Product manager,contact,people relationships,,,,,
1281,,,Nganp1,accepted,,,,2026.03.12,2,,Alyssa Moreno,"need to keep this bc I always forget who is who after PTA stuff
Monica Reyes - new parent from Ethan's class, rly nice, works late tho
best to text first, dont just call out of nowhere
+1 312-555-8417
met her after the school art night when we were both waiting forever in the parking lot

1. ask about the extra soccer form she said she already filled out
2. see if her kid still needs ride share on Thurs
3. mention I found the blue water bottle maybe it's her son's

email maybe easier during work: monica.reyes.chi@gmail.com

she said lunch break is around 12:30ish but only for like 15 min

- if calling, do it after 6:15 pm
- not on Wed bc standing team mtg
- lives somewhere near Oak Park, I should confirm exact street later

also keep Jen Park here too so I dont lose it again
Jen Park, room mom, knows the bus schedule mess better than anyone
call if school sends another weird early release notice
+1 708-555-2964
Jen said weekends are fine but not before 9, she gets grumpy lol",34,Female,US,Elementary School Teacher,contact,people relationships,,,,,
1282,,,Nganp1,reject,,,,2026.03.12,,,Marcus Holloway,"=+1 404-555-1738
Darren Pike
guy from the auto body shop off Memorial, fixed my bumper last summer and didnt overcharge me
need him if the check engine light thing comes back or if sis asks abt paint touch-up

He hates long voicemails.
Just say Marcus w the gray Accord.
Call before 4 bc he leaves early on Fridays.
He said texts are okay but kinda slow to answer.

* backup contact *
Nina at the front desk - nina.pikeauto@gmail.com

better for invoices / pics / scheduling
+1 470-555-6621

Reasons I'm keeping both numbers:
1) Darren knows the actual car stuff
2) Nina sends the estimate faster
3) if one doesnt answer, try the other next day not same hour

dont forget: mention the tiny rust spot near trunk, I blanked on that last time
and ask if they still do Saturday drop off
prob go there again bc they were honest, which is rare tbh",41,Male,US,Delivery Driver,contact,,,,,,
1283,,,Nganp1,accepted,,,,2026.03.12,8,,Priya Callahan,"Kaylee Torres
neighbor from 5B, dog-sits Mochi sometimes and waters the herbs when I'm outta town
super dependable but I always mix up her new number w the old one

new cell: +1 646-555-9042
old one ending 1180 is dead dead, dont use
email for longer stuff / venmo screenshots: kayleetorres.nyc@mail.com


- met her properly during the elevator outage week, we carried groceries up together lol
- she prefers evening texts, says mornings are chaos
- allergic to peanuts, note that if I leave snacks as thanks

Things to ask next time:
1. can she do March 22-24 for cat + plants
2. what's her updated rate now bc prices prob changed
3. does she still have the spare key or did I get it back? cant remeber

also maybe give her my mom's number in case flight gets delayed again
if urgent urgent, call after 7 pm not during her studio shift

good person to keep close, not just for favors — we had tea once and she's easy to talk to
send thank-you text after every trip, seriously dont forget this time",29,Female,US,UX Designer,contact,,,,,,
1284,,,Nganp1,reject,,,,2026.03.12,,,Marissa Cole,"=+1 312-555-1847
Jenna Park - realtor from the open house on Maple, not my cousin Jenna lol
met her Sat after the 2pm showing, she said txt is faster than call
email too: jennapark.realestate@gmail.com


Need to ask abt HOA fee, pet rules, and if the washer/dryer stays
best time to reach her = weekdays after 6:15, she has closings all mornng

1. ask for the updated listing sheet
2. confirm parking spot situation
3. check if offer deadline is still Friday night

- very chatty but nice
- said she can rec a mortage broker if I need one
* dont forget this is the brick place near the bakery, not the condo downtown
if she doesnt answer, leave vm w/ my name + unit number I toured
also save backup office line: +1 773-555-9026",34,Female,US,Elementary School Teacher,contact,,,,,,
1285,,,Nganp1,accepted,,,,2026.03.12,3,,Trevor Haines,"Aaron Bell, guy from the bike shop who said he can find the older Trek part I need
not a close friend, just helpful and actually knew what I was talking abt for once

shop line +1 206-555-4471
his direct cell is +1 425-555-6883 but only use that if the store doesnt pick up

call Tues or Wed after lunch, he said mornings get crazy w repairs
He told me to mention ""blue Domane w bent rear hanger"" so he rememers

- maybe ask price before he orders anything
- see if labor is included or seperate
- ask how long shipping takes from Portland

1) he also knows a wheel trueing guy named Luis
2) if Aaron is off, leave my number with the front desk
3) dont wait too long bc spring tune-up rush already started

email from receipt: aaron.bell.parts@yahoo.com

seemed solid, kinda rushed, but not sketchy",29,Male,US,HVAC Technician,contact,,,,,,
1286,,,Nganp1,accepted,,,,2026.03.12,6.2,,Denise Whitaker,"Contacts to keep for Dad's kitchen remodel mess

• Carla Mendez / cabinet lady / +1 915-555-3014
came by in Feb, measured twice bc the first numbers looked off
says evenings are okay but pls not after 8, she has kids

• Omar Reeves / plumber / omar.reeves.homefix@outlook.com

main phone +1 817-555-2269
backup office +1 682-555-7740
only call him if leak under sink starts again or install date gets moved

Need context so I dont blank when calling:
Carla knows the cabinet color = warm white, shaker style, soft-close drawers
Omar already saw the old pipes and said the shutoff valv is weirdly placed

1. ask Carla if she can squeeze us in before Easter
2. ask Omar for written estmate, not just verbal
3. remind both this is for Dad's house in Arlington, not mine

Carla = super organized, Omar = nice but a little late last time, still worth keeping",46,Female,US,Payroll Specialist,contact,people relationships,,,,,
1287,,,Nganp1,accepted,,,,2026.03.12,10,,Marissa Kline,"Olivia Chen - florist from the wedding expo, maybe for centerpieces if we redo the patio thing
+1 415-682-9872
met her Sat in Oakland, super nice but talks fast lol
email: olivia.chen.flowers@gmail.com


Need to ask if she still does weekday delivry to Berkeley
also whether she can keep it under $180-ish
best time to call = after 10:30 am, not during school pickup

1) ask about white roses + eucalyptus
2) check if she can do a tiny sample bundle first
3) ask if she still remembers ""Marissa from green jacket""

Backup contact from same booth:
Jared / +1 510-443-7718
mostly billing + setup, not design stuff
he said text is easier than voicemail
don’t forget I saved them bc Mia liked their booth the most",34,Female,US,Elementary School Teacher,contact,,,,,,
1288,,,Nganp1,reject,,trùng nội dung,,2026.03.12,,,Andre Blevins,"call Nate Romero abt the used Civic lead from Ramon’s shop
met him 2 wks ago, he inspects cars on weekends and knows the seller
+1 602-781-3354 is his cell

- dont call before 8, dude works late at the garage
- ask if the 2016 blue one had any frame damage
- ask what ""small leak"" actually means bc that sounded sketchy

Nate Romero
email maybe better for docs/photos: nateromero.az@gmail.com

if no answer, text first w/ my name so he knows it’s not spam

Also
Ramon front desk: +1 480-229-6146
for hours only, not car details

Need this contact saved bc I wanna decide by Friday night
probly mention I’m the guy asking abt mileage + tires
remember: Nate said he can be blunt, not rude",41,Male,US,City Bus Mechanic,contact,,,,,,
1289,,,Nganp1,accepted,,,,2026.03.12,10,,Sheila Dunne,"church fundraiser contacts before I lose the paper again

• Denise Harper, choir director, call for volunteer list
usually free after 6:15 pm
+1 773-554-9082
denise.harper.music@gmail.com

she’s the one who introduced me to the bake sale moms last spring

• Marcus Bell from the print shop
+1 312-867-4419
ask abt flyer reprints + if he can fix the typo on ""neighborhood""
he gave us a discount once, so be nice and remind him St. Luke’s order

Things to say when I call:
first line: I’m helping organize the Sat fundraiser again
second: need headcount + poster update by Thurs

don’t leave super long voicemail, I ramble
text Marcus if he doesnt pick up
call Denise, dont text late
saving both bc last year I waited too long and it turned into a mess",52,Female,US,Payroll Specialist,contact,,,,,,
1290,,,Nganp1,accepted,, ,,2026.03.12,0,,Marissa Holt,"Call list before friday gets away from me

1. Jenna Morales - +1 415-728-9057
met her at the HOA meeting, she's the one who knows which plumber ppl keep using in the building
best time to call = after 6:15 pm bc she does school pickup first

2. backup number she scribbled on the flyer: +1 628-441-7752
not sure if this is office or home so ask first, dont just launch into the leak story

- remind her it's apt 3B ceiling stain near kitchen light
- ask if Mario the plumber still does small jobs on weekends
- mention she said ""text is fine too"" but I should prob call bc older neighbor refs are easier that way

Also: Jenna's husband may answer, name might be Rick or Rich? I wrote it down too fast
say Marissa from Oak Terrace, from the tues night meeting
don't forget to ask what the rough cost was bc I keep fogetting that part
if no answer, wait till sat morning not super early tho
need this fixed before mom comes next week",34,Female,US,Elementary School Teacher,contact,,,,,,
1291,,,Nganp1,accepted,,,,2026.03.12,0,,Darnell Pierce,"=+1 917-604-1182
Andre Bell - electrician from Tasha's church, came by last fall when the breaker kept trippin
said to save his number in case the garage outlet starts acting weird again

Stuff to tell him:
* lights flicker only when the space heater is on
* back patio plug quit working again
* last time he said the panel labels were ""all messed up"" and yep they still are

second contact maybe useful
Keisha Bell (his wife does scheduling I think) keisha.bell77@protonmail.com

dont email too late, she answered around 8am last time

Quick note for me
Andre prefers pics first
send photo of breaker box + the weird burn mark by the garage switch

Call order:
1) text Andre first
2) if nothing by noon tomorrow, call
3) if he can't do it this week, ask who he trusts on the south side

nice guy, talks fast, maybe from Queens? remember to ask for est. not just ""ballpark"" bc that got confusing before",41,Male,US,City Bus Driver,contact,,,,,,
1292,,,Nganp1,accepted,,,,2026.03.12,2,,Elena Whitaker,"Need to keep these bakery contacts straight bc wedding cake stuff is getting messy

Mia Chen
Sweet Current Bake Studio
mia@sweetcurrentbakes.com

main cell +1 206-555-1847
met her at the Sunday market, tiny booth with the lemon samples that were sooo good
she said tasting boxes go out on Thursdays only

- ask if she can do almond cake w strawberry filling, not too sweet
- check if delivery to Tacoma is extra or if pickup is easier
- tell her guest count prob 68, maybe 72 if cousins stop being wishy washy

Other contact in case Mia is booked:
2) Nora Patel
+1 253-771-6029
friend of Liv from work, does smaller weddings out of her home kitchen
text first, she said random calls freak her out lol

Important
I do not want the super bright white frosting again
mention the inspo pic w the off-white flowers

call during lunch break tmrw
if neither answers by Friday, ask Liv for that third baker's number she forgot to send me",29,Female,US,Graphic Designer,contact,people relationships,,,,,
1293,,,Nganp1,accepted,,,,2026.03.12,9,,Marissa Holt,"Save this bc I always lose his card again.
Andre Vega - building handyman from the old apt.
+1 312-555-5428
Call after 6pm only, he said daytime is usally job sites.

Fixed the kitchen sink in like 20 mins and didnt overcharge.
Said he also does small patch-up paint stuff + loose cabinet doors.
Email was on the invoice: andre.vega.homefix@gmail.com


Need to ask him about:
1. hallway light flicker
2. bathroom fan making weird rattle noise
3. quote for re-caulking tub maybe next month

- very chill, talks fast
- knows the condo gate code already
- if no answer, text first bc he misses random calls
Prob call Thurs eve or Sat morn, not too early tho",34,Female,US,Elementary School Teacher,contact,,,,,,
1294,,,Nganp1,accepted,,,,2026.03.12,10,,Devin Mercer,"Need to keep this straight before I call around tmrw.

* Rosa Kim, dog groomer my coworker Jess recomended
* works out of a little shop near Oak Park
* phone: +1 708-555-2619
* best for nervous dogs, aparently really patient

Bailey's old groomer quit so this is backup #1.
Ask if she has Sat openings and if nail trim is inclded.

Also maybe use Marcus Reed for the yard if Dad can't do it anymore
met him when he was doing Mrs. Larkin's place next door
pretty sure number is +1 816-555-4402
email somewhere in texts but writing it here too: marcus.reed.lawns@gmail.com


Questions for Marcus:
1) leaf cleanup price
2) every 2 weeks or just one-time
3) does he haul branches away

dont call before 9, he sounded half asleep last time lol",41,Male,US,Auto Parts Sales Supervisor,contact,people relationships,,,,,
1295,,,Nganp1,accepted,,,,2026.03.12,,,Kiara Benson,"Lena from the volunteer fair — wanna keep her info bc she actually seemed on top of things.
Community pantry coordnator, west side branch.
Usually answers texts quicker than calls.

Her number: +1 414-555-9076
Lena Brooks
email lbrooks.pantryhelp@gmail.com


Why I saved this:
- asked if I could help with the Saturday food sorting crew
- mentioned they still need someone for donor thank-you calls
- might be good networking too since she knows ppl at the neighborhood center

Need to remember:
1. text her Wed night, not during pantry hours
2. ask what shift starts earliest
3. check if teens can volunteer too for my cousin Nate

Met her in March, green notebook, super friendly but kinda rushed.
If she doesn't reply in 2 days, call instead: +1 414-555-9076
dont forget to mention I was the one asking about weekend parking",27,Female,US,Graphic Designer,contact,,,,,,
1299,,,BaoVQ,reject,,PhucVQ,2026.03.12,2026.03.12,16,Note,Marissa Cole,"Need to keep these contact notes straight before I forget again.
 Janelle Brooks — wedding florist from my cousin Ava's rec last spring.
 best time to call her is weekday mornings, she said after 9:30 is usualy good.
 +1 312-555-0149
 
 - asked about loose garden-style flowers, not the stiff hotel look
 - quoted me rough range already but I didnt write it down ugh
 - mention I liked the white ranunculus + dusty pink idea
 
 2) Jamal Hill, old apt handyman from Logan Sq move-out.
 +1 773-555-2681
 text first, dont just ring bc he does side jobs while at main shift.
 He fixed the closet door in like 20 mins and was super nice abt the mess.
 Need to ask if he can also look at the sink drip in kitchen.
 
 * remember: call Janelle Tues or Wed
 * Marcus maybe Sat afternoon if landlord keeps stalling
 * dont mix them up like last time",29,Female,US,Elementary School Teacher,contact,contact,,,,,
1308,,,BaoVQ,reject,2 dong,PhucVQ,2026.03.12,2026.03.12,16,Note,Marissa Cole,"Call list before Thurs bc I keep forgeting who is who.
 1. Denise Harper
old dog groomer from Tempe, helped w/ Rocky when he got all matted after lake trip.
 Best # +1 602-418-7734
 text first after 9am, she hates random calls lol
 backup email denise.harper.az@gmail.com
 
 
 2. Mr. Leon Park from apt 3B, retired electrician, said he can look at the kitchen light if it starts flickering again.
 only call evenings, like after 6:30
 +1 480-555-9126
 owe him banana bread tin back
 
 Need to ask Denise if she still does nail trim on saturdays.
 Also ask Leon what brand bulbs he told me to buy, I wrote it on a reciept and lost it.
 - Denise knows my sister too, so prob mention Tasha first
 - Leon talks a lot, don't call on lunch break
 last thing: save both into actual contacts this time instead of leaving them in notes",34,Female,US,Elementary School Teacher,contact,contact,,,,,
1319,,,BaoVQ,reject,2 dong,PhucVQ,2026.03.12,2026.03.12,7,Note,Priya Halvorsen,"Contacts from today's pet rescue follow-up
 
 Dr. Erin Blake
 erinvblake@protonmail.com
 
 foster coord I spoke with after the adoption event in Pasadena.
 She wants pics of Jasper's rash clearing up, but it's not urgent urgent.
 
 - call line: +1 626-555-7319
 - better after lunch, she said noon to 3ish is easiest
 - mention I was the one w/ the shy black terrier mix
 
 Also keep groomer info here so I stop digging thru texts.
 Rosa Mendez
 +1 818-555-6402
 mobile groomer, came recommended by Sam from work.
 Good for nervous dogs, apperently very patient.
 
 1) ask about nail trim only price
 2) see if she comes out to Burbank on Saturdays
 3) if too pricey, ask Sam for that other girl's number again
 
 don't forget: Rosa spells it w/ one s in Mendez? double-check that",29,Female,US,UX Researcher,contact,people relationships,,,,,
1329,,,BaoVQ,reject,trung noi dung,,2026.03.12,2026.03.12,9,Note,Marissa Cole,"Need to keep this contact bc I always lose her card.
 Jessie Pruitt - locksmith from the apartment bldg rec.
 +1 312-555-7846
 came out super late when I locked myself out in Feb, was nice abt it.
 
 Call only after 8am, she said her shop line gets weird before that.
 Alt # from invoice maybe still works: +1 773-555-2094
 Email: j.pruitt.locksmith@gmail.com
 
 
 1. ask abt rekey for front door
 2. see if she can copy mailbox key too
 3. mention buzzer 4B is busted so text first
 
 - cash was cheaper last time I think
 - dont call Sunday unless urgent
 - saved bc landlord takes foreverrr
 
 If she doesnt answer, leave msg w/ my name + apt 4B and say ""lock cylnder quote""",29,Female,US,Dental Assistant,contact,contact,,,,,
1336,,,BaoVQ,reject,2 dong,PhucVQ,2026.03.12,2026.03.12,5,Note,Devin Harper,"Quick note before I forget abt this contact.
 
 1. Priya Nandekar from the community center tax workshop
 She is super nice, said she can explain the freelance forms w/o making it sound scary.
 She prefers to be called in the morning.
 +1 646-555-7132
 
 2. backup way to reach her
 priya.ndk.helpdesk@yahoo.com
 
 she told me to put """"Devin from Sat clinic"""" in the subject line
 
 Need help before April bc my side gig 1099 stuff is a mess.
 ask abt quarterly payments maybe?
 
 - met her near the coffee table after the session ended
 - she has twins, so maybe avoid calling around dinner time
 - said Tues or Wed is usually easiest
 
 dont wait till the last min this time man",29,Male,US,Bicycle Mechanic,contact,contact,,,,,
1364,,,BaoVQ,reject,2 dong,PhucVQ,2026.03.12,2026.03.12,13,Note,Priya Holloway,"Quick ref list for freelance stuff + people I shud keep
 
 - Naomi Bell, old coworker from the design agency, good for overflow logo jobs
 - usually checks messages late night
 - her number: +1 917-555-6084
 - email: naomi.bell.creative@icloud.com
 
 
 She told me to reach out after quarter-end when her client rush calms down
 Not on Mondays tho, she has class then
 
 1. ask if she wants the café rebrand project
 2. see whether she still knows a printer in Queens
 3. maybe ask for that packaging template she mentioned
 
 Marcus Lee
 +1 646-555-9317
 met him at the Brooklyn pop-up, does photo + short video, super chill
 He is better at quick shoots than long campaigns
 text him first and say Priya from Juniper booth or he prob wont remember me right away",29,Female,US,Product Designer,contact,contact,,,,,
1392,,,BaoVQ,reject,AI detect >25%,PhucVQ,2026.03.12,2026.03.12,17,Note,Marissa Doyle,"need to call this guy back tmrw after 10am bc he does night shifts
 +1 312-555-1890
 Andre Wilcox - locksmith from when I locked myself out on Oak St last winter
 he said txt is better first
 
 1. ask if he still does weekend house calls
 2. get quote for front deadbolt + garage side door
 3. mention my key sticks when it's cold out
 
 backup contact: andrewilcox.home@gmail.com
 
 met him thru neighbor Jen, seemed nice but talks fast lol
 dont forget he gave a small discount before
 - maybe ask if cash is cheaper
 - if no answer, try again around 6:30
 
He was driving an old truck before.
If someone mentions “Blue Van Crew”, it is probably the same locksmith service.
Save his contact in my phone as “Andre Lock Guy” so it’s easy to find later.",34,Female,US,Elementary School Teacher,contact,contact,,,,,
1401,,,BaoVQ,reject,2 dong,PhucVQ,2026.03.12,2026.03.12,20,Note,Trevor Haines,"""Eli Mercer - a gym dude I met at the spin class, 
Fixing used bikes for ppl as side job
If my chain keeps slipping, I'm gonna ask him before going to a shop
 email: elimercer88@proton.me
 
 
 • best number +1 917-334-6802
 • said he usually answers faster at night
 • lives near Astoria, works days at a warehouse
 
 Random note so I remember: he lent me that mini pump once and didnt make it weird
 pretty chill, maybe ask if he wants the old pedals too
 
 1) Casey Rowan = my sister's neighbor in Philly
 2) +1 267-890-4416
 3) Casey knows a good dog sitter for long weekends
 4) do NOT call during school pickup, she said 3-4 is chaos
 
 maybe text: """"hey this is Trevor from Mia's bbq""""
 and dont forget Eli spells it ELI not Ellie lol""",29,Male,US,Warehouse Supervisor,contact,contact,,,,,
1478,,,BaoVQ,reject,2 dong,PhucVQ,2026.03.12,2026.03.12,,Note,Thomas Nguyen,"for the note app so I quit losing this info again
 
 Priya Shah, insurance broker my neighbor Lena reccomended
 She helps compare auto and renters after the rate jump
 office +1 312-540-7811
 cell +1 773-918-6642
should call the office number first, cell phone is for urgent 

 email: priyashah.coverage@icloud.com
 
 she answered on a Sunday once which felt wild, but dont abuse that
 
 1. call after 10 central
 2. ask what docs she needs from old policy
 3. check if bundle savings is actually worth it
 
 - mention silver Honda Civic
 • found her nice, not pushy
 + says she explains stuff in normal ppl words
 
 if signing anything, read every line first bc last broker was sketchy",31,Male,US,Medical Receptionist,contact,contact,,,,,
1499,,,BaoVQ,reject,2 dong,PhucVQ,2026.03.12,2026.03.13,11,Note,Sofia McBride,"phone stuff before I lose these sticky notes again
 Jules Harper
 friend of Nia's from the community theater
 costume altertions + last minute hemming
 email is julesharper.sews@gmail.com
 
 said texting works faster than email tho
 +1 818-604-3392
 
 Need to reach out next week, not this weekend
 She mentioned her dad's birthday and being swamped
 
 - Manny Rojas
 - realtor I met at the open house on Linden
 - +1 323-775-9411
 - ask him for the HOA docs and whether parking is assigned
 
 1. if Manny doesn't answer, try in the evening
 2. for Jules, send pics of the green dress first so she knows the fabric
 3. quit spelling alterations wrong omg",26,Female,US,UX Designer,contact,contact,,,,,
1511,,,BaoVQ,reject,2 dong,PhucVQ,2026.03.12,2026.03.13,20,Note,Trevor Haines,"=+1 404-555-2680 is Nate Romero, the mobile mechanic from Carla’s apt building.
 Saved this bc my truck made that weird clunk sound again pulling out of work.
 He came once last summer and didnt overcharge me, which honestly never happens.
 
 1. text before calling
 2. mornings are best, esp Tue or Thurs
 3. mention the blue Ford F-150 so he remembers
 
 Nate Romero
 can prob look at brakes + battery in one trip
 email too: nateromero.fixit@yahoo.com
 
 
 - ask price for house call
 - ask if he still takes cash only or venmo now
 - tell him the dash light flickers sometimes
 
 If he can’t do it, he said his brother Miguel knows transmissions but I never got that number.
 Don’t wait till next week or I’ll just keep putting it off again.",41,Male,US,Warehouse Supervisor,contact,contact,,,,,
1515,,,BaoVQ,accepted,2 dong,PhucVQ,2026.03.12,2026.03.13,,Note,Marissa Cole,"Need to keep these things before I forget.
 Janelle Harper 
 +1 312-555-8142
 Met her from the dog rescue event on Sat when I asked abt foster stuff for the brown beagle.
 She said call after 6 bc she's at the clinic all day.
 
 Also her email: janelle.harper.chi@gmail.com
 
 1. ask if Pepper's papers are ready
 2. see whether pickup is Wed or Thurs nite
 3. don't forget to mention I can only do weekends first
 
 Backup contact from same rescue:
 - Marco D. +1 773-555-2689
 - mostly handles dropoff, kinda quiet but nice
 Text first, he said random calls get missed alot",29,Female,US,Veterinary Assistant,contact,contact,,,,,
1518,,,BaoVQ,accepted,,,2026.03.12,2026.03.13,0,Note,Owen Prescott,"Re: auto shop ppl from the roadside mess on I-95 last week
 I was stressed n half asleep when I saved these.
 
 Samir Patel at Harbor Tow
 said to use +1 215-555-7048 for dispatch, not the website form
 they hauled the Civic after the tire blew out.
 Best window to call is 7:30 - 10am.
 
 * invoice question still open
 * ask where they put the jack + spare
 * he mentioned storage fee starts day 4, yikes
 
 other guy was Leon from the repair garage
 +1 267-555-3881
 pretty sure he said text is easier bc shop gets loud
 email maybe leon.marks.garage@gmail.com
 
 need quote for brakes too since he already looked at it",33,Male,US,Graphic Designer,contact,contact,,,,,
1519,,,BaoVQ,accepted,,,2026.03.12,2026.03.13,6,Note,Kiara Boone,"Hair + makeup contacts before cousin's wedding weekend
 
 Nia Serrano
 MUA I met at Bri's engagement dinner
 email first if it's late: niaserrano.bookings@gmail.com
 
 phone: +1 702-555-2197
 she said Sundays are chaos so try Thurs night instead
 
 - does soft glam, not super heavy
 - ask if lashes are included
 - remind her ceremony is in Henderson
 
 Second person: Tiff Rowe for hair
 +1 725-555-8406
 tiny salon off Eastern, she squeezed in Marisol last min
 1. check travel fee
 2. ask for 8am arrival
 3. save inspo pics bc I always forget n then panic lol",27,Female,US,Restaurant Manager,contact,contact,,,,,
1520,,,BaoVQ,accepted,,,2026.03.12,2026.03.13,8,Note,Marissa Holt,"Need to keep this handy before I forget again.
 +1 312-555-1819 — Dana Mercer, dog sitter from Oak Park.
 Met her when Tilly stayed over the wknd in Feb and the dog came back weirdly calm lol.
 Only call after 6pm bc she does school pickup first.
 
 Things to ask next time:
 - does she still do overnight Fri-Sun
 - med schedule okay for small dogs?
 - can she grab mail too or no
 
 Backup contact is her brother Eli Mercer, +1 773-555-6029.
 He answered once when her phone died, nice guy but kinda rushed.
 
 1. Text Dana first, dont just ring outta nowhere.
 2. Mention blue harness + green food tub.
 3. Ask abt Memorial Day rates before booking.
 
 Saved this bc I always lose pet stuff notes and then panic.",34,Female,US,Elementary School Teacher,contact,contact,,,,,
1521,,,BaoVQ,accepted,,,2026.03.12,2026.03.13,1,Note,Trevor Gaines,"Plumber note bc the kitchen sink is doing that gross gurgle thing again.
 
 Rico Alvarez
 came by after Mrs. Bell next door gave me his number
 said he actually shows up on time which is rare tbh
 
 Phone: +1 404-555-7718
 Email: rico.alvarez.homefix@gmail.com
 
 
 * best to call before 8am or around lunch
 * cash discount maybe, need to ask nicer this time
 * did the garbage disposal reset trick last visit
 
 Also maybe keep the parts store number here:
 Southside Supply desk +1 678-555-1430
 for that weird sink flange size he mentioned
 
 1) tell Rico apt 2B, back stairs stick
 2) remind him parking in alley is easier
 3) ask if he can look at bathroom drip too if he's already here",41,Male,US,Auto Claims Adjuster,contact,contact,,,,,
1522,,,BaoVQ,accepted,,,2026.03.12,2026.03.13,8,Note,Cynthia Park,"bridal makeup people — dont delete this one
 
 • Lena Ortiz +1 213-555-4082
 met her at Jess's wedding, makeup lasted all night even in the heat
 says to text inspo pics first, not email
 
 Quick note to self: she talks fast so have date + venue ready before calling.
 
 Second option if Lena is booked
 • Priya Nadin, glam artist
 IG handle was something like priyanbeauty, need to double check
 cell +1 310-555-9264
 
 1. Ask who can do soft curls + pin sari drape
 2. Morning availability for Aug 22?
 3. Travel fee to Pasadena hotel?
 
 Priya was super sweet on the phone but I think she said deposits are nonrefundable, gotta be sure.
 Lena is prob better for natural look, less cakey.
 Call after work, around 5:30, when I can actually think straight.",29,Female,US,UX Designer,contact,contact,,,,,
1523,,,BaoVQ,accepted,,,2026.03.12,2026.03.13,1,Note,Damon Reeves,"Random but important contacts from the community garden meeting.
 Keep all of em in one spot bc scraps of paper are everywhere rn.
 
 Marcus Lee — +1 206-555-3189
 plot coordinator, has the key for the water shed and the waitlist clipboard.
 Usually at the garden Sat mornings, bad at texting back weekdays.
 
 Nina Solis
 seed swap person, super friendly, knows which tomatoes dont die instantly
 email: ninasolis.seeds@outlook.com
 
 phone if needed +1 425-555-6641
 
 - ask Marcus abt extra compost delivery
 - ask Nina if she still has lemon basil starts
 - bring cash for shared hose fund maybe $12?
 
 1: Mention I'm plot 18 near the fence.
 2: Dont call during Mariners game, Marcus joked abt that but prob serious.
 3: Text Nina pics if leaves go spotty again.
 
 Saved bc spring signup gets chaotic every single year.",52,Male,US,City Bus Driver,contact,contact,,,,,
1524,,,BaoVQ,accepted,,,2026.03.12,2026.03.13,5,Note,Felicia Monroe,"Need a clean list for senior care stuff bc Mom keeps handing me diff numbers.
 
 First person to try is Rosa Bennett, home aide referral from Pastor Neal.
 She checked on Aunt Viv last fall and everyone said she was patient, not bossy.
 +1 615-555-2473
 
 What I remember:
 she prefers evening calls, after 7
 does light meals, med reminders, short walks
 not overnight anymore I think bc of her own kids
 
 Other contact
 Dr. Kline office scheduler, +1 629-555-8801
 not a doctor line exactly, just the front desk for moving follow-up appts
 
 ask Rosa if Tues/Thurs mornings are open
 ask rate for 4 hrs not full day
 ask if she is okay with tiny yappy dogs
 
 1. Be clear this is for Mom, not me.
 2. Mention the house has 3 porch steps.
 3. Dont forget to write back after whoever answers, my memory is trash lately.",46,Female,US,Payroll Specialist,contact,contact,,,,,
1525,,,BaoVQ,accepted,,,2026.03.12,2026.03.13,3,Note,Marissa Cole,"Jake Ramirez from the condo board
 +1 617-482-9031
 met him in lobby after the fire alarm mess last Thurs
 he said call after 6 bc he's usualy doing site checks before that
 need to ask abt parking sticker for my new car
 
 also gave me email jakeramirez.board@gmail.com
 
 dont text too late, he sounded nice but tired lol
 
 1. ask if guest pass can be extended for mom's visit
 2. check where to drop old gate remote
 3. mention apt 3B still leaves trash by stairs
 
 if no answer, leave short vm only
 say Marissa from 2C
 he remembered me as ""the girl w the beagle""
 prob call Tues eve
 backup note: he said front desk loses forms all the time so keep pics of everything",29,Female,US,Graphic Designer,contact,people relationships,,,,,
1526,,,BaoVQ,reject,2 dong,,2026.03.12,2026.03.13,8,Note,Devin Holloway,"- Nadine Brooks, wedding florist from my cousin Tia's rec
 - phone: +1 404-771-5628
 - email too: nadine.blooms@yahoo.com
 
 - talked w her for like 12 mins while driving, seemed super organized
 
 Need to ring her Wed morning, not afternoon
 She does Atlanta + some outer suburbs but charges extra for Roswell setup
 Ask if she can keep colors more muted, not that bright peach Tia liked
 
 * get quote for 8 tables
 * ask abt aisle greens only, no huge arch
 * tell her date is prob Oct 18 but venue still not 100%
 * mention I want low-smell flowers bc Aunt Renee complains abt everything
 
 save as Nadine florist maybe?
 dont confuse her w Nadia from catering list
 if she doesnt pick up, text first before calling again
 she said she misses random unknown numbers sometimes
 good backup option if Larkspur place keeps ghosting me",34,Male,US,High School Counselor,contact,contact,,,,,
1527,,,BaoVQ,accepted,,,2026.03.12,2026.03.13,3,Note,Elaine Porter,"For the dog sitter note so I don't forget later
 
 Sophie Kim watched Benny over Memorial Day and he was weirdly calm after, so keep her number.
 Her cell is +1 503-228-7446 and she said texting is easier than calls unless it's urgent.
 I found her thru Mia from yoga, not Rover.
 
 She can do early walks before 7:30.
 She won't stay overnight on Fridays bc of her own pup.
 Rates were fair, I think 25 per walk but need to re-check cuz I wrote it on a reciept somewhere.
 
 1) ask if she's free for the Seattle trip in August
 2) tell her Benny now takes the tiny blue chew after dinner
 3) warn her he barks at delivery guys then acts dramatic
 
 email maybe: sophiekim.pdx@gmail.com
 
 super kind, a little quiet
 remember she lives near Sellwood so add extra time if dropping key
 call after lunch, not mornings
 last time she said mornings are chaos",42,Female,US,Physical Therapist,contact,contact,,,,,
1528,,,BaoVQ,accepted,,,2026.03.12,2026.03.13,6,Note,Trevor McCann,"1. Mr. Leon Patel from the used bookstore downtown
 2. +1 312-694-1185
 3. why I saved him: he said he'd hold aside old transit maps + Chicago history stuff if any came in
 4. met him when I bought that beat-up Studs Terkel paperback
 
 He prefers actual phone calls, not long texts.
 Said weekends get nuts, so try Mon or Thurs around 11-ish.
 
 - ask if the 1947 CTA guide ever showed up
 - ask price before he puts anything on hold
 - remind him I'm the guy looking for framed map prints for the office wall
 
 Email was scribbled bad but I think it's leonpatelbooks@protonmail.com
 
 
 dont ramble when calling
 he talks fast and hangs up kinda abrupt, not rude just busy
 might also know a repair person for the old record player
 worth asking after the map thing
 note to self: this is not the same Patel from the tax place",38,Male,US,Urban Planner,contact,contact,,,,,
1529,,,BaoVQ,accepted,,,2026.03.12,2026.03.13,4,Note,Bianca Russo,"Call Jenna Lee abt the volunteer signup for the neighborhood pantry
 she helped me after that storm donation drive and actualy remembers everybody's names
 
 Jenna cell +1 214-559-8304
 best time = after her nursing shift, so around 8:15 pm maybe
 don't call during day, she said she's prob asleep if off nights
 
 email too if needed: jennalee.tx.work@gmail.com
 
 
 Things to ask:
 • do they still need Spanish speakers at check-in
 • can I bring extra tote bags from work
 • who has the closet key now
 • are kids allowed to help stack cans or nah
 
 she's friends w Carla from church, that's how I got looped in
 really warm, talks a mile a min
 mention I'm Bianca w the red hatchback, she might place me faster
 if no reply by Friday, text once and leave it there
 dont be annoying lol",27,Female,US,Restaurant Manager,contact,people relationships,,,,,
1530,,,BaoVQ,accepted,,,2026.03.12,2026.03.13,7,Note,Brianna Holt,"Need to keep this contact bc I always lose her card.
 Avery Collins
 +1 312-555-1105
 dog trainer from the Saturday class at Lakeshore park
 Call after 6:15 pm, not during her client rounds
 She said text first if it's about Penny barking at night
 
 Also wrote down her email so I dont forget
 avery.collins.chi@gmail.com
 
 
 - helped me calm Penny last week
 - knows that leash trick w the stop/start thing
 - owes me the name of that cheaper groomer on Clark
 
 If she doesnt pick up, try again Thurs eve
 dont call super early, she sounded half asleep when I did that once",29,Female,US,Graphic Designer,contact,people relationships,,,,,
1531,,,BaoVQ,accepted,,,2026.03.12,2026.03.13,2,Note,Marcus Nguyen,"1. Reggie M. Torres - plumber my landlord reccomended
 2. Best # to reach him: +1 713-555-2609
 3. backup shop line is +1 713-555-7714
 4. came by in Feb to look at kitchen sink leak
 5. said the pipe under apt sink is old, maybe corroded
 6. call before Friday if I want the lower rate
 
 Things to ask him
 7. can he also check bathroom faucet drip
 8. does he bring parts same day or nah
 9. cash discount maybe?
 
 Email from his invoice
 10. reggietorres.plumb@gmail.com
 
 11. dont lose this again
 
 Prob best to call around 8:30 am since he starts early
 Last time he answered on second ring",41,Male,US,Warehouse Supervisor,contact,contact,,,,,
1532,,,BaoVQ,accepted,,,2026.03.12,2026.03.13,7,Note,Elena Carver,"Samira Patel from the PTA bake sale, the mom with the green van, said to reach out if I need weekend babysitting.
 I put her number first this time so I stop scrolling forever: +1 602-555-9136.
 She usually prefers txt, esp if it's for Sat night.
 
 Samira said her daughter already knows Ellie from school so that helps.
 Need to ask if she can do next month when Nate is out of town.
 Email was on the flyer too: samira.patel.family@gmail.com
 .
 
 * ask her hourly rate again bc I forgot
 * mention Ellie goes to bed around 8:45-ish
 * tell her peanut allergy snacks are in the top pantry
 * maybe ask if she can stay a little later if concert runs long
 
 Important: dont call at dinner time.
 She said after 7 works way better.
 
 Also she was really nice, not pushy, felt easy to talk to.
 Keep this note till I save it properly in contacts.",36,Female,US,Middle School Teacher,contact,contact,,,,,
1533,,,BaoVQ,accepted,,,2026.03.12,2026.03.13,7,Note,Derek Lawson,"Contacts for car stuff before road trip
 
 • Luis Hernandez
 mobile mechanic, met him thru Jay at the body shop
 • +1 909-555-4472
 good for brakes, weird noises, quick checks
 
 • Nina at roadside towing
 • nina.ramirez.dispatch@gmail.com
 
 • dispatch cell +1 909-555-6821
 she helped when my battery died near Ontario last summer
 
 Need to call Luis first thing Mon if the Civic keeps making that clunk sound
 if no answer, text a pic of the dash lights
 
 For Nina:
 ask if they still cover the I-15 stretch toward Barstow
 dont mix her up w the AAA number again
 save both of these for emergency, seriously",33,Male,US,Auto Parts Sales Associate,contact,contact,,,,,
1534,,,BaoVQ,accepted,,,2026.03.12,2026.03.13,6,Note,Jocelyn Mercer,"okay, contact note for the wedding mess so I dont forget anybody
 
 Maya Rios
 florist from my cousin Tiff's wedding
 email: maya.rios.flowers@gmail.com
 
 best number is +1 904-555-3058
 she said mornings are chaos, call after 1 pm
 
 Why I kept her:
 she does smaller events too, not just huge fancy ones
 liked her eucalyptus table setup a lot
 said she can work w my tiny budget if I give her final count early
 
 Need to ask about:
 1) white roses vs cream, price diff
 2) if she delivers to St. Augustine beach area
 3) what deposit she needs to hold the date
 
 She was sweet but talks fast lol so have questions ready
 texting might be easier if I'm at work",27,Female,US,Dental Assistant,contact,contact,,,,,
1535,,,BaoVQ,reject,2 dong,,2026.03.12,2026.03.13,,Note,Marissa Cole,"Need to keep this bc I always forget who is who.
 +1 415-728-3904
 Jenna Rivas - dog sitter from the park, watched Milo over Labor Day wknd and he liked her a lot.
 Best to call after 6:30 bc she does school pickup first.
 Her email was jenna.rivas.mail@gmail.com
  I think, use phone first tho.
 
 Ask her if she can do Fri night + Sat morn if I go to Sacramento.
 She said cash is fine but maybe Venmo easier.
 
 Backup contact:
 1: Omar D. from bldg 3, knows Jenna
 2: +1 628-555-1842
 3: only text him if Jenna doesnt answer, dont call late
 
 Note to self - Jenna has the blue Subaru and key code worked last time.
 Dont ramble, just ask rates + availability.
 Also spell Milo's food instrucshuns better next time.",31,Female,US,Elementary School Teacher,contact,people relationships,,,,,
1536,,,BaoVQ,accepted,,,2026.03.12,2026.03.13,4,Note,Terrence Hall,"Re: plumber guy from church list
 Name: Luis Mendoza
 came by when sink under kitchen was leaking again, super fast, not too pricey.
 
 phone +1 972-441-6088
 email: lmendoza.service@gmail.com
 
 
 - call before 8pm, he said after that he prob wont pick up
 - ask abt water heater flush too
 - mention Mrs. Keene gave me his number so he remembers
 
 Other person in case Luis is booked:
 Marcus Bell
 +1 214-730-9551
 works HVAC mostly but knows a handyman crew
 
 dont mix them up like last time.
 Luis - pipe/leak guy, Marcus - air/repair guy.
 Need this saved till the condo stuff is finally done.",44,Male,US,Bus Driver,contact,contact,,,,,
1537,,,BaoVQ,accepted,,,2026.03.12,2026.03.13,7,Note,Evelyn Hart,"Contact stuff for the wedding mess
 
 Mia anderson - florist cousin's friend from Tacoma, very sweet but talks fast.
 Met her on the call w Tasha in Jan.
 Use email for inspo pics: mia.anderson.flowers@gmail.com
 
 Phone if urgent only: +1 253-804-1176
 
 Things to ask next time:
 1. if she can do white ranunculus + greenery only
 2. what the delivry fee is to the venue
 3. if she needs final headcount by Aug 3 or earlier
 
 Second contact, totally diff person:
 * Rene at Harbor Hall events office
 * +1 206-555-3479
 * call around 10ish, she said afternoons get nuts
 * she's the one with the loading dock key info
 
 Do not text Mia after 9, I already did that once by accidnt.",27,Female,US,Graphic Designer,contact,people relationships,,,,,
1538,,,BaoVQ,accepted,,,2026.03.12,2026.03.13,5,Note,Caleb Foster,"Mom kept asking for the pharmacy number so writing all this here.
 Greentree Pharmacy on Maple, they actually answer the phone unlike CVS lol.
 +1 513-667-4201
 Ask for Nina if insurance thing is still wrong, she fixed it once already.
 
 Nina Patel
 works the morning shift most weekdays
 said best window is 9:15-11 before lunch rush
 email maybe nina.greentree.rx@gmail.com
  but honestly just call
 
 Also:
 - Dr. Keller office front desk:  +1 513-882-7314
 - use this only if refill doesnt get sent over
 - tell them it was the inhaler mixup from Feb, not the other med
 
 Need to be nicer on the phone and not sound panicky.
 Mom's friend Susan gave me Nina's name, thats why I trust her a bit more.",38,Male,US,Warehouse Supervisor,contact,contact,,,,,
1539,,,BaoVQ,accepted,,,2026.03.12,2026.03.13,5,Note,Darlene Brooks,"Random but keep these salon contacts straight
 
 Shay Brooks is the braid girl my coworker Lila reccomended.
 Did my hair before New Orleans trip and it actually lasted.
 Text only: +1 504-309-6618
 She answers late, usually after her last client around 7:45.
 
 For nails, not same person!
 Kara Nguyen
 kara.n.artistry@gmail.com
 
 +1 504-771-2450
 tiny studio by Magazine St, parking is annoying.
 
 remember:
 1 -  Shay for braids / twist touch-up
 2 -  Kara for gel-x or simple nude set
 3 -  ask Kara abt Sunday opening before baby shower wknd
 
 If I gotta cancel, give at least a day notice bc both of them were cool to me last time.
 dont lose this note again omg.",52,Female,US,Claims Adjuster,contact,contact,,,,,
1540,,,BaoVQ,reject,2 dong,,2026.03.12,2026.03.13,11,Note,Marissa Cole,"Need to keep these Rosa's straight before I forget again
 Met Rosa at the HOA cleanup on Sat, she said call after 6 bc school pickup chaos
 +1 312-555-1847
 lives in the brick house by the corner mailbox
 
 Stuff to ask her:
 - fence guy she used last spring
 - if the block party signup is still open
 - whether she still needs extra folding chairs
 
 Backup contact from same convo:
 * her husband Daniel Cole
 * +1 312-555-9026
 only if Rosa doesnt pick up, he works nights tho
 
 Email she scribbled for pics from cleanup
 rosacole42.neighbor@gmail.com
 
 send the dog photo + remind her abt Tuesday",34,Female,US,Elementary School Teacher,contact,contact,,,,,
1541,,,BaoVQ,accepted,,,2026.03.12,2026.03.13,2,Note,Aaron Whitfield,"Jamal Pruitt - old drummer from Nate's wedding band, prob good for the June patio gig
 best time to ring him is like 11am-2pm, after that he says rehearsel / hauling gear
 dont call super late
 
 +1 404-555-6613
 jamal.pruitt.music@gmail.com
 
 met him in Atlanta, knew half the songs w/out charts which was kinda wild
 
 Need to ask:
 1. still plays funk + soul sets?
 2. has his own amp or nah
 3. what he charges for 2 hrs
 
 Other note - his cousin Tia books smaller acts too
 * Tia Pruitt
 * +1 470-555-2189
 * text first, she hates random calls
 remember to mention Nate sent me",41,Male,US,Audio Technician,contact,contact,,,,,
1542,,,BaoVQ,accepted,,,2026.03.12,2026.03.13,7,Note,Lena Hart,"For the kitchen remodel mess:
 
 Cabinet guy first bc he's the one holding up everthing
 Marco DeLuca
 text is better than calling
 +1 602-555-4376
 met him thru Denise from work, quote seemed fair but he misspelled maple lol
 
 Questions for Marco
 - can he start before the 18th
 - soft close hinges included or extra?
 - does he haul the old doors away
 
 Second person just in case
 Renee at Desert Stone counters
 +1 480-555-7731
 renee.desertstone@yahoo.com
 
 call before lunch only, she gets swamped in the afternoons
 saved bc she said she might have remnant quartz cheaper",29,Female,US,UX Designer,contact,contact,,,,,
1543,,,BaoVQ,reject,2 dong,,2026.03.12,2026.03.13,11,Note,DeShawn Mercer,"random follow-up list from conference in Denver
 
 1) Priya Nair, cybersecurity recruiter, super sharp and not pushy
 works w/ mid-size hospital systems mostly
 call next Wed maybe around 9:30 CT
 priya.nair.hires@protonmail.com
 
 +1 720-555-0514
 
 2) Wes Barlow from the breakfast panel
 said he could intro me to someone doing cloud compliance stuff
 phone: +1 303-555-4682
 do NOT forget he prefers voicemail first
 
 3) hotel shuttle driver also gave me his cousin's towing contact lol
 * Eddie Ruiz
 * +1 719-555-8840
 * only keeping this bc of the old truck acting weird in the mountains
 kinda messy note but useful maybe",38,Male,US,IT Support Specialist,contact,contact,,,,,
1544,,,BaoVQ,accepted,,,2026.03.12,2026.03.13,9,Note,Caitlin Reeves,"sunday reminder bc my notes are a disaster
 Call Aunt Bev's friend Carla about the cat sitting for August
 she watched Miso once already and didnt seem freaked out by his meds schedule, bless her
 
 Carla Mendes
 +1 917-555-2964
 text first, then call in the evening if no reply
 she's in Queens and usually off shift after 7
 
 Need to ask:
 - overnight or just 2 visits/day
 - if she still has the building key copy
 - price for 5 days
 
 Alt contact from same church group
 Bev Leonard
 beverly.leonard78@gmail.com
 
 +1 646-555-6401
 only use Bev if Carla changed plans again, dont wanna seem pushy tho",52,Female,US,Payroll Coordinator,contact,people relationships,,,,,
1545,,,BaoVQ,accepted,,,2026.03.12,2026.03.13,6,Note,Monica Hale,"Call Jenna Pritchard about dog sitter stuff before Fri if poss.
 +1 415-732-8841
 Met her at Carla's birthday, she watched Moose once and was super patient.
 Usually off work after 6:15 so dont ring too early.
 Email she gave me: jennapritchard.sf@gmail.com
 
 
 Ask if she can do next Thurs night + maybe Sat morning too.
 Need to mention Moose still hates the rain and pulls near buses.
 
 backup contact if Jenna cant:
1- Luis Ortega
2- +1 628-441-9057
3 - neighbor's cousin, does pet drop-ins in Mission area
4 - text first, he said calls during shifts are annoying lol
 
 Dont forget price question.
 Last time I blanked and only asked availibility.",34,Female,US,Elementary School Teacher,contact,contact,,,,,
1546,,,BaoVQ,accepted,,,2026.03.12,2026.03.13,6,Note,Darius Wynn,"1. HVAC guy from church parking lot - Rick Mendez
 2. Best number to try is +1 312-660-4792
 3. Said he does side jobs after normal hours, mostly furnaces + noisy vents
 4. Need to call about the rattling in hallway vent at apt
 5. He told me Tues eve or Sat before noon is easiest
 
 also wrote this on receipt so dont lose it
 rick.mendez.homefix@gmail.com
 
 
 - mention landlord drags feet, maybe cash quote first
 - ask if he covers Logan Sq or just west side
 - he seemed decent, not salesy
 
 Second name just in case:
 * Nora at building office
 * +1 773-214-6680
 * she has the master key schedule
 * call her after 9 only
 
 Remember: ask about filter size too, I keep forgeting.",41,Male,US,Bus Operator,contact,contact,,,,,
1547,,,BaoVQ,accepted,,,2026.03.12,2026.03.13,6,Note,Alicia Bernard,"Need these wedding vendor contacts in one place bc my brain is mush.
 
 Lena Cho florist, saved from Mia's rec after the tasting dinner
 works out of Tacoma but comes to Seattle for events
 email first bc she said phone during deliveries is chaos
 lenacho.blooms@yahoo.com
 
 then if no reply, call +1 206-518-3394
 
 Questions for Lena:
 • white dahlias still in season for Sept?
 • can she do smaller bud vases for cocktail tables
 • remind her I said no glitter plz
 
 Marcus Bell for rentals
 +1 425-909-7746
 met him at the venue open house, kinda fast talker but helpful
 best time to reach him = lunch-ish
 Need chairs for 68, maybe 70 if aunt Carol brings ppl again.
 
 Dont sound frazzled when I call.",29,Female,US,UX Designer,contact,contact,,,,,
1548,,,BaoVQ,reject,2 dong,,2026.03.12,2026.03.13,12,Note,Trevor McNeil,"Mom said keep this written down since I always lose numbers.
 Grandma's friend from the senior center knows a good mobile notary.
 Her name is Patrice Lott and she was nice on the phone, a lil hard of hearing tho.
 
 +1 904-772-1186
 Call slower and louder, esp if asking about Dad's paperwork.
 She can come to the house on Wed afternoons.
 Texting prob wont work, she said ""just ring me.""
 
 Stuff to say when I call:
 1) need 2 witness signatures maybe
 2) ask what ID Dad needs ready
 3) check total fee so no awkwardness
 
 Other person tied to this:
 Megan at credit union, patrice got her docs stamped there before
 megan.rhodes@sunharborcu.com
 
 branch line is +1 386-245-9811
 only use Megan if Patrice asks for bank contact.
 
 Dont put this off again, deadline's getting too close.",38,Male,US,Auto Claims Adjuster,contact,people relationships,,,,,
1549,,,BaoVQ,accepted,,,2026.03.12,2026.03.13,5,Note,Serena Brooks,"Random but important contacts for the freelance mural project.
 
 Devon Pike
 coffee shop owner in Phoenix who asked abt side wall painting
 met him thru Ingrid after art walk
 Best to text first: +1 602-833-4205
 He answers late, like 9ish, bc shop closes late.
 Email for invoice stuff: devonpike.coppercup@outlook.com
 
 
 Need to ask:
 - final wall measurements
 - whether sealant smell is ok indoors overnight
 - parking situation for loading paint buckets
 
 Second contact is building mgr, Teresa Wynn
 She handles access code and alley gate
 call number  +1 480-557-1968
 said ""no calls before 1 pls""
 
 If both ignore me by Mon, message Ingrid for a nudge.
 I really need this gig, rent week ugh.",27,Female,US,Freelance Illustrator,contact,contact,,,,,
1550,,,BaoVQ,accepted,,,2026.03.12,2026.03.13,6,Note,Marissa Cole,"Need to keep Lena's cellphone number before I forget
 got Lena's new cell after the PTA fundraiser
 she said call after 6:30 bc thats when she’s done w pickup line
 +1 312-555-1106
 
 Lena Harper - art room mom, super nice, helped me find extra poster board for Ava
 email: lena.harper.workshop@gmail.com
 
 dont txt too late, she mutes unknown ppl after 9
 
 Things to ask:
 1) whether she still has the folding easels
 2) price for the used paint trays
 3)if Sat morn is okay to swing by
 
 Backup note
 met her near the school gym doors, red Honda, prob easiest if I mention the spring fair
 she said “just remind me ur Ava’s mom” lol",34,Female,US,Elementary School Teacher,contact,contact,,,,,
1551,,,BaoVQ,accepted,,,2026.03.12,2026.03.13,5,Note,Darren Whitlock,"1. Marcus Denton, plumber from Jen’s street
 2. +1 404-555-7621
 3. call him Thurs morning, not during lunch, he said he’s under houses most afternoons
 4. fixed Jen’s water heater last winter and did not overcharge apparently
 
 Need for: leak under kitchen sink + weird rattle by dishwasher line
 Maybe ask if he does small jobs on weekends too
 
 alt contact:
 * marcus.denton.home@gmail.com
 
 * said email is better for sending pics
 
 dont forget:
 tell him townhouse unit B, gate code still 4412# unless HOA changed it again
 mention copper pipe patch from 2023
 
 If no answer first try, wait a bit
 he sounded decent, just kinda rushed when Jen gave me the number",42,Male,US,Insurance Adjuster,contact,contact,,,,,
1552,,,BaoVQ,accepted,,,2026.03.12,2026.03.13,0,Note,Kiara Benson,"Jasmine Rhee
 neighbor from 4C, dog-sits sometimes when I’m on late shift
 
 her email first bc she actually checks that more: j.rhee.brooklynmail@gmail.com
 
 phone too tho +1 718-555-9034
 
 Best times
 Mon/Wed after 7 pm
 Sunday before noon
 
 - ask if she can watch Milo Aug 14-16
 - remind her Milo’s food is in the top pantry bin
 - venmo her same day, dont be flaky
 
 Met her in the elevator when Milo tried to steal her scarf lol
 really calm person, teacher voice even off work
 
 Important:
 she prefers txt first, not random calls
 spell her last name right this time, I keep typing Ree by mistake",29,Female,US,Respiratory Therapist,contact,contact,,,,,
1553,,,BaoVQ,accepted,,,2026.03.12,2026.03.13,4,Note,Nolan Reyes,"okay, contacts for the freelance logo thing
 
 Caleb Morrow did Sam’s coffee truck branding and it looked pretty sick actually
 said he takes side jobs but books up fast
 
 +1 602-555-4473
 caleb.morrow.design@gmail.com
 
 
 What I need from him
 1) quote for simple logo cleanup
 2) maybe menu board layout later
 3) ask turnaround, ideally before the 18th
 
 notes from Sam:
 - dont call before 10, dude works late
 - mention “Copper Cup” so he knows where ref came from
 - likes clear directions, hates vague briefss
 
 Personal reminder
 I already have inspo screenshots saved in albums
 send those first so I dont ramble on the phone again",31,Male,US,Food Truck Owner,contact,contact,,,,,
1554,,,BaoVQ,reject,2 dong,,2026.03.12,2026.03.13,9,Note,Bethany Hsu,"Emergency-ish list bc mom keeps misplacing paper numbers
 
 Rosa Alvarez
 home aide agency contact, helped after auntie’s surgery last fall
 really patient, bilingual, explains stuff slow if needed
 
 Call window:
 morning is best, esp around 8:15-10
 after 3 she said its chaos at the office
 
 phone +1 917-555-6289
 office email: rosa.alvarez.careteam@gmail.com
 
 
 Need to ask about:
 - part-time weekend help for Mom
 - min hours req
 - whether they can send same person each visit
 
 extra details
 she met us at Elmhurst rehab center, navy notebook, strong perfume
 dont sound panicky when calling, just explain Mom needs a little help w meals + rides
 save this one for real, I keep losing it ugh",46,Female,US,Payroll Specialist,contact,people relationships,,,,,
1555,,,BaoVQ,accepted,,,2026.03.12,2026.03.13,12,Note,Marissa Cole,"Contacts I actually need to keep straight
 1. Dana Whitaker
 met her at the HOA meetin last Thurs
 +1 617-555-2841
 call after 6:30 bc she does school pickup first
 she said text is better if it's about the front gate code
 
 2. Benji Lo
 electrician my cousin used, came by once to look at kitchen lights
 don't call super early, he sounded half asleep at 8 lol
 best note: ask about flicker in hallway + outlet by sink
 phone maybe save under work too: +1 312-555-9076
 
 also Dana owes me that landscaper name
 remember to ask before Friday
 and dont forget Benji said ""send pics first""
 save both w full last names this time",34,Female,US,Elementary School Teacher,contact,contact,,,,,
1556,,,BaoVQ,accepted,,,2026.03.12,2026.03.13,3,Note,Trevor Madsen,"=+1 415-555-6308 - Rosa Pineda
 met her on the flight back from Denver, sits on some museum board
 said I should call re: volunteer gala setup if I still want extra weekend shifts
 good window is lunch break, around 12ish
 
 things to mention when I call
 - I can help w check-in table
 - ask if black shirt reqd or just all dark clothes
 - tell her I'm the guy w the missing blue duffel lol
 
 Marcus Bell
 neighbor's brother, knows cheap moving van ppl
 text first, dont randomly call
 number in my old text thread but writing here too: +1 206-555-1489
 
 need Marcus for end of month move
 need Rosa before the 18th or I'll forget again
 prob should rename both so I know who is who",29,Male,US,Barista,contact,contact,,,,,
1557,,,BaoVQ,accepted,,,2026.03.12,2026.03.13,2,Note,Sheila Romero,"Saturday callbacks
 
 * Drina Shah - +1 718-555-4416
 sells wholesale flowers, met at the hotel wedding expo
 ask abt peonies for May and whether she delivers to Jersey City
 she talks fast so have budget written down first
 
 * Omar Kells
 +1 504-555-7723
 Lyft driver from New Orleans trip, weirdly also does airport car service on the side
 saved him bc he said to reach out if mom needs a pickup from MSY next month
 pls text night before, not same day
 
 misc
 Drina email might be drina.shah.events@gmail.com
  but confirm it
 Omar said ""mention the green suitcase"" so he remembers me
 dont call while at work
 do this during lunch or I'll put it off again
 and stop saving numbers with no notes, seriously",42,Female,US,Hotel Sales Coordinator,contact,contact,,,,,
1558,,,BaoVQ,accepted,,,2026.03.12,2026.03.13,14,Note,Kelvin Price,"People to follow up with before I lose the sticky note again
 1) Nia Brooks, dog sitter from Jasmine's rec
 sweet on the phone, said weekends fill up crazy fast
 +1 303-555-8194
 Need to ask if she's ok w older labs and meds in peanut butter
 
 2) Aaron Feld
 roof guy from church parking lot convo
 email was something like afeldroofing@outlook.com
 
 call him only after 4 pm
 cell: +1 267-555-3902
 gotta ask for rough quote before rain starts again
 
 little reminders
 - Nia prefers text first
 - Aaron said leave voicemail if he doesnt pick up
 - mention ""Marty's friend"" so he knows where I got his num
 
 this is for actual use, dont delete
 both seem decent but I should compare prices first",51,Male,US,City Bus Driver,contact,contact,,,,,
1559,,,BaoVQ,accepted,,,2026.03.12,2026.03.13,11,Note,Alina Mercer,"quick contact dump bc my brain is mush today
 
 Lena Carver
 bridal seamstress my coworker Tiff swears by
 reach her at lena.carver.stitches@gmail.com
 
 backup phone is +1 646-555-9250
 call after 11, she teaches early class in the mornings
 need to ask if she can fix the hem + loosen sleeves a tiny bit
 
 - Theo Ramsey
 - +1 214-555-5637
 - freelance photographer from farmer's market pop-up, took the cute film pics
 - maybe for engagement shoot if budget isn't nuts
 - he said Sundays are best for planning calls
 
 note to self
 dont mix Lena w Lila from last year, diff person
 Theo answerd super late last time so text first
 ask for price sheet, not just ""starting at""
 both seemed nice, just need to quit procrastnating and reach out",27,Female,US,Graphic Designer,contact,contact,,,,,
1560,,,BaoVQ,accepted,,,2026.03.12,2026.03.13,9,Note,Marissa Cole,"Need to keep this information before I forget.
 +1 312-555-1102
 Jenna Morales from the dog rescue fundraiser.
 Met her Sat night when I helped at check-in and she said to call abt the volunteer schedule.
 Best time is after 6 bc she's teaching till late.
 
 Also wrote down her email so I dont lose it:
 j.morales.chi@gmail.com
 
 
 1. ask if they still need ppl for next Sunday
 2. mention I can foster for a weekend maybe
 3. ask abt the beige leash I left by the table lol
 
 she was super nice, kinda fast talker
 remind her I'm the one w/ the black honda civic
 dont call during school hrs
 text first if it's before dinner",29,Female,US,Graphic Designer,contact,contact,,,,,
1561,,,BaoVQ,accepted,,,2026.03.12,2026.03.13,9,Note,Trevor Haines,"Plumber rec from downstairs neighbor.
 Ricky Alvarez
 said he fixed the busted sink line in their unit w/o charging extra for the second trip.
 
 - phone: +1 702-555-6319
 - email: ricky.alvz88@yahoo.com
 
 - came by last month on a Tues, so maybe try booking midweek again
 
 Need him for kitchen leak and maybe the weak shower pressure too.
 Call before 8pm, neighbor said he hates late calls.
 
 stuff to ask:
 1) does he do small drywall patching too
 2) rough price before he comes out
 3) can he bring the longer hose thing for old condo pipes
 
 If no answer, leave vm with apt # and say Nina in 4B gave me his info.
 dont forget to mention parking in alley is annoying",41,Male,US,Warehouse Supervisor,contact,contact,,,,,
1562,,,BaoVQ,accepted,,,2026.03.12,2026.03.13,2,Note,Alicia Benton,"Mom said save this bc I always lose important numbers.
 
 Dr. Priya Nandakumar's office, not for emergencies obv, just for getting Grandma's follow-up arranged and med list faxed over.
 Reception was patient w/ me even tho I sounded half asleep.
 
 South Bay Internal Med
 4800 El Camino Real ste 210
 San Mateo
 
 Call line is +1 650-555-9074
 Fax they gave me: +1 650-555-9079
 
 • ask for Carla if possible
 • morning is better, she said records crew gets swamped after lunch
 • mention Grandma Lillian Benton saw them in Jan
 
 email for forms: priya.office.forms@gmail.com
 
 Need to ask what papers she still needs from us.
 spell Grandma's last name slowly bc they got it wrong last time",36,Female,US,Elementary School Teacher,contact,contact,,,,,
1563,,,BaoVQ,accepted,,,2026.03.12,2026.03.13,0,Note,Damon Pierce,"Marcus Lee
 old coworker from the bike shop, now at Harbor Auto Glass.
 good guy, a little flaky on text but does solid work.
 
 I need to hit him up abt the chip spreading across my windshield before the road trip.
 He said Wed or Thur mornings are easiest.
 
 * +1 415-555-2683
 * mlee.harborfix@gmail.com
 
 
 Things to say so he remembers me:
 1. worked closing shifts w/ him in 2022
 2. I bought the blue Trek from him cheap after inventory week
 3. his sister recommended that taco place in Daly City haha
 
 Ask if cash is better.
 Ask if he can do mobile service near my office.
 Dont ramble, keep it short.
 If he doesnt answer, text pic of the crack first",27,Male,US,IT Support Specialist,contact,contact,,,,,
1564,,,BaoVQ,accepted,,,2026.03.12,2026.03.13,2,Note,Renee Whitaker,"Bridal stuff notes bc my brain is fried.
 
 Sonia Patel, makeup artist from Kayla's wedding, the one w/ the soft glam look that actually lasted all night.
 Need to see if she's free for Aug 14 and if she travels to Brooklyn area.
 
 email first maybe: soniapatel.brushwork@gmail.com
 
 then text if no reply in a day
 +1 917-555-4421
 
 Questions:
 - does she do hair too or just makeup
 - price for me + 2 bridesmaids
 - lashes included or extra?
 
 She told me not super early pls, earliest booking she likes is 7:30am.
 I met her in the hotel lobby while Kayla was panicing and Sonia stayed weirdly calm.
 mention Kayla Nguyen referral so she knows I'm not random.
 also ask if she uses that dewy setting spray, I loved it even if I spelled it wrong lol
 dont forget to save deposit info once she sends it",33,Female,US,Paralegal,contact,contact,,,,,
1565,,,BaoVQ,accepted,,,2026.03.12,2026.03.13,2,Note,Melissa Garner,"Need to keep this all in one spot before I lose another sticky note.
 Jordan Pike - +1 415-628-9034
 met him at the Oakland pet adoption fair, he said to call after 6 bc shelter gets hectic earlier.
 He's the volunteer guy who knew which beagle mix was good w kids.
 
 also:
 Priya Nandan
 email: priya.nandan.home@gmail.com
 
 phone maybe best: +1 510-774-2186
 referred by my landlord for house cleaning every other Fri.
 super quick texter, dont call before 9am she said she hates morning calls lol.
 
 1. ask Jordan if Daisy already had 2nd shots
 2. text Priya about deep clean for guest room
 3. dont mix up Priya w Priyanka from work again omg
 backup note: Jordan said “leave vm if I miss it”",34,Female,US,Elementary School Teacher,contact,contact,,,,,
1566,,,BaoVQ,accepted,,,2026.03.12,2026.03.13,15,Note,Anthony Ruiz,"=+1 312-555-7841 - Marcus Bell
 HVAC guy from church, came by after the upstairs vent started making that clunk-clunk noise.
 solid dude, talks fast, cash is cheaper apperently.
 best time to reach him = lunch break or after 5:30.
 
 - Leah Soren, neighbor in 3B
 - +1 773-440-6912
 - borrows tools but actually brings them back, rare miracle.
 - said I can call if my car wont start again in the alley.
 
 Need these for next week:
 call Marcus re: quote for furnace check before Sat
 text Leah if she still has my blue jumper cables
 
 Email too for Marcus from his card:
 marcus.bell.service@gmail.com
 
 dont forget he spells Marcus w a c not k
 Leah prefers txts, not voice msgs ever",41,Male,US,Bus Driver,contact,contact,,,,,
1567,,,BaoVQ,accepted,,,2026.03.12,2026.03.13,10,Note,Hannah Whitmore,"Contacts I actually need and not random ppl I never call:
 
 1) Sofia Klein
 event florist, met at Jenna's wedding expo downtown
 email first: sofia.k.events@gmail.com
 
 then phone if no reply: +1 646-802-1175
 best for Monday afternoons, she said weekends are insane.
 
 2) Drue Palmer
 freelance photog, maybe for family pics in October
 +1 917-334-6608
 IG handle written somewhere else but this is the real number.
 He answered around 8pm last time, kinda nocternal tbh.
 
 3) Ms. Keisha Long
 tailor near Flatbush, fixed green bridesmaid dress in one day bless her
 +1 718-489-2037
 call before noon or shop gets packed
 remember to ask if she can hem the navy pants too",29,Female,US,Marketing Coordinator,contact,contact,,,,,
1568,,,BaoVQ,accepted,,,2026.03.12,2026.03.13,5,Note,Derek Holloway,"Reaching out list for side stuff + errands bc my brain is mush lately.
 
 Tanya Brook, +1 404-277-9516
 accountant my cousin uses for small biz taxes.
 Need to ask her what papers to bring, I always forget somthing.
 She told me text is fine but serious questions = call.
 
 * Eli Mercer
 * locksmith from when I locked myself out at 11:40pm like an idiot
 * +1 470-611-4829
 * saved bc he was decent and didnt overcharge
 * maybe ask if he can copy mailbox key too
 
 tiny reminder section:
 email Tanya receipt pics at tanya.brook.books@gmail.com
 
 dont contact on Friday night, she said family dinner every wk
 Eli said mornings are better, truck gets busy later
 also note: he parks behind the gas station sometimes, weird but fine
 seriously do this before the 15th",38,Male,US,Auto Parts Sales Representative,contact,contact,,,,,
1569,,,BaoVQ,accepted,,,2026.03.12,2026.03.13,4,Note,Renee Callahan,"ppl to follow up with after last month got so chaotic
 
 Ava Morrow
 new hairstylist from Nina's rec
 +1 602-318-7446
 works at the salon on Camelback, but said texting her direct is easier for color appts.
 dont ask for Fridays, already booked forever.
 
 • Benji Hart
 • dog walker backup for when I'm on late shifts
 • benji.hart.walks@gmail.com
 
 • +1 480-905-1372
 • met him at Steele Indian School Park, my dog liked him right away which never happens.
 
 Quick plan:
 1. text Ava pic of current hair color so she can price it right
 2. ask Benji if he does Tues/Thurs evenings
 3. save Benji's emergency contact form somewhere not in a pile of receipts
 
 last thing - Ava said she might spell Morrow like Moro in old texts, dont get confsued",46,Female,US,Radiology Technologist,contact,contact,,,,,
1570,,,BaoVQ,reject,2 dong,,2026.03.12,2026.03.13,22,Note,Marissa Cole,"Call Jenna Pruitt tmw after 6, not during school pickup
 met her at the dog park in Austin, her beagle is the one Milo kept chasing lol
 +1 512-394-7718
 she said her brother does fence repair cheap
 need quote for back gate before HOA lady complains again
 
 ask abt:
 - cedar vs metal posts
 - can he come Sat morn?
 - cash or venmo
 
 also Jenna mentioned a good pet sitter
 dont forget to ask for that number too
 email maybe easier if she doesnt pick up:
 jpruitt.home@gmail.com
 
 
 saved bc she was nice + actually followed up unlike the last guy
 if no answer, try again Thurs lunch break",34,Female,US,Elementary School Teacher,contact,contact,,,,,
1571,,,BaoVQ,accepted,,,2026.03.12,2026.03.13,5,Note,Donovan Reyes,"1. Nate Holloway - +1 303-882-1640
 2. met him at the Denver coworking spot, works in IT + knows printer setups
 3. call before 9am, he starts site visits early
 4. need help fixing office wifi dead zone by conf room
 5. dont txt late, he said his kid grabs the phone lol
 
 backup contact:
 nate.holloway@fastmail.com
 
 
 things to mention
 * router keeps dropping around 2ish
 * lobby printer only works every other day
 * budget prob under 300 unless boss approves more
 
 seems reliable, not too salesy
 wore that old Avalanche cap
 said he could maybe swing by Fri if I send pics first",41,Male,US,Insurance Claims Adjuster,contact,contact,,,,,
1572,,,BaoVQ,accepted,,,2026.03.12,2026.03.13,4,Note,Kiara Benson,"Re: florist lady from Tasha's wedding
 forgot her card in the junk drawer but found the pic of it
 Bloom room? Bloom rooom? spelling looks weird
 
 Monique Darnell
 email first bc she answers faster there
 monique.darnell.flowers@yahoo.com
 
 phone if urgent +1 404-671-2955
 
 Need to ask about:
 bridesmaid bouquet mockup for Nia
 small white roses + eucalyptus maybe
 can she do pickup in Decatur on Friday nite
 price range for 6 table pieces
 
 met her last spring, super calm even when the cake ppl were late
 save this bc I WILL forget again
 best time to call is prob after 10, she said mornings are chaos
 maybe mention Tasha Carter so she remembers me",29,Female,US,Payroll Specialist,contact,people relationships,,,,,
1573,,,BaoVQ,reject,2 dong,,2026.03.12,2026.03.13,7,Note,Ethan Whitaker,"garage note so I quit losing this info
 
 • Luis Mendoza, mobile mechanic, came by when the Corolla wouldnt start outside my apt
 • said battery was fine, starter was the real issue
 • charged fair, no weird upsell stuff
 • call him weekday eves, not Sundays
 
 +1 702-555-9482
 alt number from his invoice: +1 725-318-4066
 
 email was scribbled kinda bad but I think its
 luism.autohelp@outlook.com
 
 
 next time ask him abt brake squeek on the front left
 and whether he still does pre-buy inspections
 met thru my neighbor Sam in Henderson
 keep him saved in case mom's car acts up too
 dont wait till it fully dies again",37,Male,US,Warehouse Supervisor,contact,contact,,,,,
1574,,,BaoVQ,reject,2 dong,,2026.03.12,2026.03.13,8,Note,Felicia Moran,"Maya Kline
 new tenant board contact for the bldg, 3rd floor corner unit
 she offered to share the pest control guy she uses bc our hall still smells musty ugh
 
 reach out Wed after 7:30pm
 or early Sat when shes doing laundry downstairs
 
 contact stuff
 - maya.kline88@gmail.com
 
 - +1 917-628-7413
 
 why I saved this:
 we talked in the elevator forever after the fire alarm mess
 she knows the super's assistant by name, which is prob useful
 also mentioned a cleaner who does move-out touchups cheap
 
 things need to ask:
 did the exterminator fix the roach issue for real
 what was the cleaning lady's rate
 whether the board meeting is still next Tues night
 seems sharp, a little blunt, but helpful",46,Female,US,Respiratory Therapist,contact,people relationships,,,,,
1575,,,BaoVQ,accepted,,,2026.03.12,2026.03.13,15,Note,Marissa Doyle,"Jake Renner - new plumber from bldg chat
 +1 312-555-0184
 came by tues to look at the leaky sink under kitchen
 said call after 7pm bc he's on other jobs all day
 quoted smth like 140 if it's just the trap
 
 also has helper maybe ""Luis?"" not sure
 - bring up the weird clanking in wall too
 - ask if he can check bathroom faucet while here
 - text first, he said he ignores unkown calls sometimes
 
 old paper from him said renner.homefix@gmail.com
 
 met thru Sarah in 2B, not random internet guy
 pretty chill, talked a lot lol
 if no reply by fri, try once more in the mornng
 dont forget apt gate code 1840#",29,Female,US,Elementary School Teacher,contact,contact,,,,,
1576,,,BaoVQ,accepted,,,2026.03.12,2026.03.13,3,Note,Calvin Brooks,"for later: Mrs. Elena Park at Willow Creek daycare, best number is +1 404-555-2677 and office line maybe slower +1 404-555-2611
 I saved her bc she helped w/ Ava's waitlist stuff and actually called back unlike the other places
 
 1. ask if part-time spot still open in August
 2. remind her Ava has peanut-free lunches only
 3. ask what the reg fee was, I wrote it on a sticky and lost it ugh
 
 email was elena.park@willowcreekkids.org
 
 good time to call = around 10:30 after dropoff rush
 not before 8 bc she said mornings are nuts
 
 she sounded super nice, tiny accent maybe Korean?
 mentioned tour on Thurs if I confirm
 * bring immunization form question
 * ask about nap scheduele
 * check if they do sibling discount even tho maybe not
 got her from neighborhood parents FB group",38,Male,US,HVAC Technician,contact,contact,,,,,
1577,,,BaoVQ,accepted,,,2026.03.12,2026.03.13,9,Note,Tasha Nguyen,"Mom's friend from church bake sale
 Rita Valdez
 sells those homemade tamales for fundraisers + knows a notary on the side
 
 +1 915-555-4430
 call Sat afternoon, not weekday mornings bc she watches her grandson
 if she doesnt pick up, leave vm slooowly w/ my name
 
 things to ask:
 • can she notarize the lease add-on or only witness sigs
 • how much cash to bring
 • does she still meet ppl at the eastside library parking lot
 
 alt contact her niece Mari, +1 915-555-4472
 Rita said Mari answers texts faster
 met Rita thru Aunt Celia, so prob safe
 remember she called me ""Tesia"" lol
 don't be rude abt the delay, she had covid last month maybe still catching up
 need this done before the 18th",24,Female,US,Dental Assistant,contact,contact,,,,,
1578,,,BaoVQ,accepted,,,2026.03.12,2026.03.13,6,Note,Owen Mercer,"Emergency-ish home note
 
 Dr. Ben Hollis, vet from Maple Animal Clinic, saved in case Penny's ear thing flares again
 main: +1 617-555-7306
 front desk txt line: +1 617-555-7319
 
 He saw Penny in Jan and said to reach out fast if she keeps shaking her head
 not a true emergency line tho, after-hours goes elsewhere
 
 - ask if they still have the same medicated wash
 - tell him she hated the drops and I missed 2 doses, oops
 - maybe schedule later afternoon bc my shift ends at 3:30
 
 email from receipt: bhollis@mapleanimalclinic.com
 
 super patient guy, tall, wore green clogs
 do not call on Wed, surgery day
 parking behind the clinic was tiny so leave early
 saved after Nancy next door reccomended him
 if Penny seems worse, just go in and stop overthinking",41,Male,US,Warehouse Supervisor,contact,contact,,,,,
1579,,,BaoVQ,accepted,,,2026.03.12,2026.03.13,3,Note,Felicia Harmon,"Re: freelance photographer contact
 Naomi Bell / met at cousin Drea's engagement dinner
 
 she shoots small events + family pics, kinda candid style not cheesy
 portfolio link prob in email somewhere but her direct stuff is easier:
 naomi.bell.photo@gmail.com
 
 studio cell +1 503-555-8821
 
 quick notes so I don't forget
 1) best to text at lunch or after 6
 2) ask abt mini-session price for grandma's bday in May
 3) mention we only need like 1 hr, backyard setup
 4) ask if rain backup is extra or included
 
 she also gave assistant number, Chris +1 503-555-8868
 use him only if Naomi is shooting a wedding that day
 
 felt easy to talk to, no weird sales push
 said she can work around loud kids + chaotic fam lol
 spell last name right on contract, not ""Belle""
 follow up next week, preferably Mon night",33,Female,US,Product Manager,contact,contact,,,,,
1580,,,BaoVQ,accepted,,,2026.03.12,2026.03.13,9,Note,Marissa Cole,"need to keep this straight before i forget or lose it
 Jake Turner - +1 312-555-1842
 met him at the apartmnt board meeting last Thurs
 he knows the plumber his cousin uses
 said call after 6:30 bc he's on job sites all day
 ask abt the leak under kitchen sink + rough price
 
 also
 Nina Park
 email: nina.park.chi@gmail.com
 
 works in leasing office, not super fast at replying lol
 text first if package goes missing again
 her cell is +1 773-555-2609
 
 dont mix them up
 Jake = fix stuff
 Nina = building / keys / packages
 maybe call Jake Sat morn if water stain gets worse",34,Female,US,Elementary School Teacher,contact,contact,,,,,
1581,,,BaoVQ,reject,2 dong,,2026.03.12,2026.03.13,15,Note,Trevor Haines,"contacts for the bike mess
 1) Luis Mendoza
 shop guy from River West Cycles
 +1 415-555-9316
 he looked at the bent rear wheel and said maybe salvageable
 best time to ring him: Tue or Wed before lunch
 
 2) “Ari from marketplace”
 text only first pls
 number: +1 510-555-4487
 bought the old rack from me last month
 might still have that extra lock key in his garage
 
 - ask Luis cost for full tune up
 - ask Ari if he can check by the blue toolbox
 - do not call super late, both have kids i think
 kinda urgent bc commute is getting annoying",29,Male,US,Graphic Designer,contact,contact,,,,,
1582,,,BaoVQ,reject,2 dong,,2026.03.12,2026.03.13,16,Note,Denise Whitaker,"=+1 404-555-6729
 Ms. Robin Ellis
 PTA mom from Ava's school, very nice but talks fast
 she offered her brother's moving van for the bake sale tables
 need to call her Thurs night, not during school pickup
 
 I also wrote down
 Caleb Moore
 caleb.moore.atl@gmail.com
 
 new church music lead
 wants the list of teen volunteers before Sunday
 his phone too: +1 678-555-2954
 
 remember who is who
 Robin = van + folding chairs
 Caleb = choir kids / rehearsal timing
 send Caleb names first, then call Robin after dinner
 dont forget to mention the parking pass thing",41,Female,US,Dental Hygienist,contact,people relationships,,,,,
1583,,,BaoVQ,accepted,,,2026.03.12,2026.03.13,10,Note,Owen Maddox,"random but important contacts need save
 
 * Harper Sloan, neighbor in 3B
 borrowed my jump starter in Jan and said call anytime for car stuff
 +1 602-555-1183
 usually awake super early, so morning is fine
 need to ask what battery place he recomended bc mine's dying again
 
 * Rhea Patel
 wedding caterer cousin of Ben
 rhea.patel.foodie@gmail.com
 
 phone +1 480-555-7349
 saved bc she said she can do small trays for Mom's bday
 better to text pics first before asking prices
 
 to do:
 tell Harper the Honda made that clicking noise again
 ask Rhea about veg options + mini desserts
 spell my last name for her, she got it wrong before",37,Male,US,Auto Claims Adjuster,contact,people relationships,,,,,
1584,,,BaoVQ,reject,2 dong,,2026.03.12,2026.03.13,9,Note,Kiara Benson,"dont lose these ppl omg
 Monique Hale - salon client turned babysitter rec
 email monique.hale.work@gmail.com
 
 said evenings are easiest bc she does classes daytime
 cell is +1 917-555-8614
 I wanna ask if her niece still does Friday nights
 
 then, call to:
 Drake Linton
 +1 646-555-3098
 guy from the co-op board, helped w/ insurance form after hallway flood
 call him only after 5, he hates mid-day calls
 need his agent's name again, i scribbled it bad last time
 
 - Monique = childcare lead
 - Drake = building paperwork dude
 - follow up before next paycheck so i can actually plan
 seriously dont procrastnate this one",26,Female,US,Restaurant Manager,contact,contact,,,,,
1585,,,BaoVQ,accepted,,,2026.03.12,2026.03.13,9,Note,Marissa Cole,"Need to call Jenna Morales about the dog sitter rec from work.
 +1 312-555-0114
 Met her after Kim's bday dinner, super nice but I keep forgetting what days she said she's free.
 Best time to try her = after 6ish, not during school pickup.
 
 Things to ask:
 - does she still do overnight stays
 - price for Fri + Sat
 - okay w/ older dogs and meds?
 
 Email too bc she said texts get burried:
 jennamorales.chi@gmail.com
 
 
 Backup contact from same night:
 1. Eric Bannon - neighbor of Jenna
 2. only if she doesnt answer by Thurs
 +1 773-555-0261
 
 note to self: mention Baxter is kinda anxious first day",34,Female,US,Elementary School Teacher,contact,contact,,,,,
1586,,,BaoVQ,accepted,,,2026.03.12,2026.03.13,2,Note,Travis Henson,"Auto shop stuff so I dont lose these again.
 Marcus Lee, mobile mechanic, came by when the Civic wouldnt start in the Target lot.
 said call before 8am if I want same-day help.
 marcus.lee.garage@yahoo.com
 
 
 +1 404-555-0197
 
 what he fixed last time:
 1. battery terminal
 2. weird belt noise
 3. told me tires prob wont make it to summer lol
 
 Also keep Tanya's number here bc she does towing for his cousin's company
 Tanya Ruiz
 night/weekend only
 +1 678-555-0142
 
 Dont call either one during church hrs on Sunday
 ask abt cash discount maybe",42,Male,US,Auto Parts Sales Representative,contact,contact,,,,,
1587,,,BaoVQ,reject,2 dong,,2026.03.12,2026.03.13,12,Note,Keisha Whitmore,"Saturday farmer's market people to follow up with.
 
 I wanna order that peach jam for mom and maybe the spicy pickles too.
 Vendor name was Rina Patel, booth near the blue coffee truck.
 She said texting is faster than email in the mornings.
 
 - Rina cell: +1 919-555-0176
 - shop email: rinapatelkitchen@proton.me
 
 - ask if she ships or just local dropoff
 
 Another contact from same row of booths:
 *)  Caleb Frost - sourdough guy with the green cap
 good for office breakfast next month maybe
 +1 984-555-0133
 
 rember to mention I was the one asking abt bulk order for 20ish ppl
 dont wait too long bc he said Wed is bake planning day
 
 maybe save both properly later, this note is messy",29,Female,US,Payroll Specialist,contact,contact,,,,,
1588,,,BaoVQ,accepted,,,2026.03.12,2026.03.13,6,Note,Daniel Mercer,"Landlord + building numbers bc the paper on the fridge vanished again.
 Rosa Givens is the main one for lease stuff, super fast if I text not call.
 
 For rent questions or if sink keeps leaking:
 +1 215-555-0119
 rosagivens.pm@gmail.com
 
 
 If it's after hours use these instead:
 1. Maintenance desk
 +1 267-555-0128
 say apartment 3B right away or they mix me up w/ 3D
 
 2. Front gate/security
 +1 445-555-0165
 only for lockout/noise mess, not regular stuff
 
 Rosa said she met me at move-in w the red folder, so remind her of that if she seems confused.
 Need to ask abt parking pass too.
 Maybe Monday lunch break is best time.",51,Male,US,Insurance Claims Adjuster,contact,contact,,,,,
1589,,,BaoVQ,accepted,,,2026.03.12,2026.03.13,5,Note,Elena Brooks,"Contacts from the wedding planning spiral.
 
 Nadia Flores = florist my cousin used in Austin, pics were actualy gorgeous and not too stiff-looking.
 Call late morning, she does school dropoff first.
 
 • +1 512-555-0151
 • nadiaf.designs@gmail.com
 
 • ask for wildflower look but not too rustic
 
 Then there was Owen Price the DJ
 met him at Bri + Sam's reception, he remembered everyones names somehow.
 
 Quick qs for Owen:
 * does he travel to San Marcos
 * can he keep volume lower for grandma
 * deposit amount??
 
 Phone at end so I stop mixing it up:
 +1 737-555-0188
 
 dont forget to say event is prob Oct, not locked yet tho",27,Female,US,Product Designer,contact,contact,,,,,
1590,,,BaoVQ,reject,2 dong,,2026.03.12,2026.03.13,10,Note,Lauren McBride,"Mia Torres - florist from the wedding expo, prob good for fall centerpieces
 +1 312-555-0020
 met her Sat in Chicago, super nice, said text is better than calling before 10am
 need to ask abt smaller table arrangments for mom's bday dinner
 
 also notice these details:
 - shop is near Logan Square
 - quoted me around 45-ish per piece last time
 - mention I wanted cream + dusty pink, not bright red lol
 
 1. send inspo pics from pinterest
 2. ask if she still delivers on Fridays
 3. check if she can do 6 mini vases by Sept 18
 
 if no reply by Tues, call in lunch break
 dont forget she remembered me as “Lauren from the green dress”
 backup email was m.torresblooms@gmail.com",34,Female,US,Elementary School Teacher,contact,contact,,,,,
1591,,,BaoVQ,accepted,,,2026.03.12,2026.03.13,3,Note,Darius Holloway,"Call this guy tmrw maybe after 4:30 bc he said mornings are chaos.
 Andre Wilkes, appliance repair, fixed Mrs. Nolan's dryer and she swears he's the only honest one.
 +1 404-555-2671
 I need him for the weird rattling in my fridge, sounds worse at night for some reason.
 
 Stuff to mention when I reach him:
 * freezer still cold
 * bottom shelf leaking a little
 * model is GE, white, older one from the condo
 
 His cousin also does installs I think
 andre.wilkes.home@gmail.com
 
 
 Maybe ask price first bc last month budget got wrecked.
 Don't schedule Wed, I'm at the shop all day.
 He said “text me first” when I ran into him at the gas station.
 Could ask if he does dishwashers too.
 save this better later, handwriting in my head is a mess",41,Male,US,Auto Mechanic,contact,contact,,,,,
1592,,,BaoVQ,accepted,,,2026.03.12,2026.03.13,7,Note,Natalie Chen,"emergency-ish contacts for dad's building stuff
 
 1) Rosa Mendez - property mgr, helped when the mail key got lost last winter
 best time: weekdays after 9, not during rent week
 rosa.mendez.office@gmail.com
 
 
 2) +1 718-555-4432
 that's her direct line, not the front desk
 ask about elevator padding if we move the couch next month
 
 - said to remind her I'm “Mr. Chen's daughter from 4B”
 - she prefers quick voicemails, no long rambling msg
 - maybe ask if loading zone rules changed again
 
 other number for bldg super Tony: +1 917-555-6208
 only use if there's noise or leak probs, he's nice but kinda grumpy lol
 
 call Rosa first, Tony second
 dont mix the numbers up this time",29,Female,US,UX Designer,contact,contact,,,,,
1593,,,BaoVQ,accepted,,,2026.03.12,2026.03.13,7,Note,Ethan Pruitt,"Nate from rec league knows a travel agent type person for cheap flights, finally writing it down before I forget.
 
 Janelle Brooks
 works independant, mostly family trips + group bookings
 met her once after Sam's graduation dinner, she was talking abt Orlando packages forever
 
 contact:
 janelle.brookstravel@gmail.com
 
 +1 615-555-7319
 
 Need to ask her about Nashville to Phoenix in October, maybe with one checked bag.
 Don't call super early, she said her kids' school dropoff is nuts till 8:45.
 
 Questions:
 1. can she hold a fare for 24 hrs?
 2. is southwest still better for bags?
 3. any hotel deal near Tempe, not downtown-downtown
 
 If she sounds pushy, skip it and just book myself.
 but Nate said she saved him a bunch, so worth a shot I guess",37,Male,US,Firefighter,contact,contact,,,,,
1594,,,BaoVQ,accepted,,,2026.03.12,2026.03.13,6,Note,Priya Salazar,"dentist note so I stop digging thru old texts again
 Dr. Helen Park, not my main dentist but covered my cleaning in June and was actually great
 front desk was kinda slow tho
 
 use office line first: +1 213-555-9046
 if they put me on hold forever, email frontdesk.helenparkdds@gmail.com
 
 
 - office near Koreatown, parking in back alley lot
 - ask for late appt, preferably Thurs after 5
 - need follow-up on night guard quote bc I never called back oops
 
 things to mention:
 small chip on left side maybe getting worse
 insurance changed in Jan so verify before booking
 
 Also wrote down assistant's name = Maribel
 she said “tell them Maribel talked to you” and they'll pull the notes faster
 
 call after lunch, not at 9am rush
 seriosuly do this this week",32,Female,US,Product Manager,contact,contact,,,,,
1595,,,BaoVQ,reject,2 dong,,2026.03.12,2026.03.13,12,Note,Marissa Holt,"Jenna from bldg 4 laundry room — +1 312-555-1190
  met her when my package got delivrd to wrong unit again 
  says text is better than calling before 9am 
  works nights so dont ring out of nowhere 
  email: jennaholt78@gmail.com
  
  1. ask if she still has the spare mail key guy's number 
  2. remind her about HOA meetup next Thurs 
  - owes me the blue tote from move-in day 
  - I said I'd send her the dog sitter contact 
  prob best time: lunch break around 1ish 
  if no answer, try after 6:30 
  nice but talks fast lol 
  also her mom checks her voicemail more than she does, weirdly 
  ""front apt w little cactus by door"" so I remember who she is 
  dont forget she said NO calls on Sundays unless urgent",29,Female,US,Elementary School Teacher,contact,contact,,,,,
1596,,,BaoVQ,accepted,,,2026.03.12,2026.03.13,2,Note,Darren Pike,"=+1 404-555-2679 Rick Salazar 
  plumber my cousin used last winter, not cheap but shows up 
  need him for kitchen sink drip + weird rattling in guest bath 
  call before Friday if I want him next week 
  said mornings are slammed 
  better after 2:15 
  alt contact is his shop email ricksalazar.plbg@gmail.com
  
  Notes: came out to Dana's place in Marietta, fixed leak same day 
  said mention ""cousin Dana from church"" for quicker callback maybe 
  - ask if he also does garbage disposal installs 
  - get quote first, dont just say yes like last time 
  *) check if he takes Zelle or only card 
  if voicemail, leave apt number and say oakview condos 
  sounds grumpy on phone but apparnetly fine in person 
  keep this till sink is finally done",41,Male,US,Auto Claims Adjuster,contact,contact,,,,,
1597,,,BaoVQ,reject,2 dong,,2026.03.12,2026.03.13,12,Note,Keisha Monroe,"Nora Kim 
  florist from Tessa's wedding, super calm even when the cake table got messed up 
  email first: norakblooms@gmail.com
  
  I wanna ask about a tiny bouquet for aunt Viv's bday dinner 
  not a big event, just something pretty for the restraunt table 
  +1 206-555-7314 
  she said texting inspo pics is easiest 
  • peonies if not crazy expensive 
  • maybe soft orange / cream 
  • no lillies bc smell too much 
  1. mention I was bridesmaid w Tessa in May 
  2. ask pickup vs delivery to Capitol Hill 
  little note to self — Nora replied fast last time, like within 20 mins 
  don't contact on Mondays, shop closed i think 
  save for next family stuff too, she was honestly great 
  backup if she doesnt answer: try IG dm later, but phone first",33,Female,US,Dental Hygienist,contact,contact,,,,,
1598,,,BaoVQ,reject,2 dong,,2026.03.12,2026.03.13,12,Note,Owen Barrett,"emergency-ish contact for dad's old truck stuff 
  Miguel Ortega at Westline Garage 
  met him when the F-150 died near 8th, he stayed late to check battery/alt 
  +1 915-555-4482 
  shop line maybe, not sure if it's his cell 
  call after 10 cuz mornings are full of drop-offs 
  ask for Miguel direct, not front desk, they put me on hold forever 
  email on card looked like miguel.ortegawrench@gmail.com
  
  - knows the truck is the silver 2011 Ford w bad starter thing 
  - mentioned he can find used parts cheaper 
  1) ask about the squeak in brakes too 
  2) see if he still does Sat. half-days 
  he remembered dad was former mail carrier, kinda nice guy 
  dont forget to mention referral from Mrs. Pacheco next door 
  if price sounds wild, get estimate txted first 
  keep contact, might need for inspection next month",52,Male,US,Warehouse Supervisor,contact,contact,,,,,
1599,,,BaoVQ,accepted,,,2026.03.12,2026.03.13,13,Note,Felicia Grant,"Lina Perez babysitter rec from Maya at spin class 
  she watched Maya's twins + apparently survived, so thats a good sign 
  text only first please: +1 718-555-6905 
  I dont wanna cold call some random person at dinner time 
  linasitterbk@gmail.com
  
  need occasnl help for date nights + maybe one Sat afternoon in April 
  kids are 6 and 9, ask if she's okay with mild peanut allergy rules in house 
  - lives in Park Slope, so close enough 
  - said she also tutors early reading 
  1. ask rate for 3 hrs vs 5 hrs 
  2. ask if she has refs besides Maya 
  3. mention our dog is old + sleepy, not a jumper 
  remember: Maya said Lina likes a heads-up 2-3 days ahead 
  if she cant do evenings, maybe still use for school pickup backup 
  seems organized, maybe too organized lol but thats prob good 
  save under sitter maybe?? no, keep full name so I can find it later",37,Female,US,Product Manager,contact,contact,,,,,
1600,,,BaoVQ,accepted,,,2026.03.12,2026.03.13,2,Note,Melissa Harper,"Call Jenna Ruiz tmrw abt the dog-sitting thing if work runs late again.
 She said after 6ish is best bc of her kids dinner chaos.
 +1 415-728-1946
 met her thru my neighbor Alicia last summer.
 
 backup way to reach her:
 jennar.ruiz84@gmail.com
 
 she answered fast when I needed someone for Bean on Labor Day wknd.
 
 Need to ask 3 things:
 - can she do Fri night too
 - still ok with meds at 8 am
 -  how much for whole weekend now
 
 nice but talks fast, so write it down before I call.
 dont forget to mention Bean is better w/ women than men.",34,Female,US,Dental Hygienist,contact,contact,,,,,
1601,,,BaoVQ,accepted,,,2026.03.12,2026.03.13,4,Note,Trevor McNeil,"Auto body contact from the gas station guy — Marcos Lee
 Use him for the Corolla dent, not insurance yet maybe.
 
 - phone: +1 602-311-8459
 - shop is somewhere off Van Buren, need exact addr when he texts back
 - best time to call = lunch break, around 12:30
 
 He fixed Dana's bumper ""pretty cheap"" apparantly.
 said cash is easier.
 
 also wrote his other contact stuff so I dont lose it:
 mlee.autoworks@gmail.com
 
 
 Questions for him
 1 - can he match silver paint or nah
 2 -  how many days he'd need
 3 - does he do little rust spots too
 
 If no answer by Thurs, try again after 5.",41,Male,US,Warehouse Supervisor,contact,contact,,,,,
1602,,,BaoVQ,accepted,,,2026.03.12,2026.03.13,11,Note,Priya Ellison,"Mom gave me this realtor name when I said I might move closer to downtown.
 Donovan Pierce
 donovan.piercehomes@gmail.com
 
 Don't call before 9 bc he does school dropoff w/ his daughter.
 
 +1 312-554-9072
 
 He showed my cousin a condo in Oak Park a while back and she liked him, said not pushy.
 I need somebody patient bc I'm still kinda unsure on buying this year.
 
 * ask about FHA stuff first
 * ask if he knows any 1-bed places under budget
 * mention I need parking, non-negotiable lol
 
 prob text first instead of calling cold.
 Say ""Sara's cousin passed me your info""
 
 Keep this bc I always lose numbers in old screenshots.",29,Female,US,Middle School Teacher,contact,contact,,,,,
1603,,,BaoVQ,accepted,,,2026.03.12,2026.03.13,11,Note,Daniel Brooks,"1) Nate Kowalski from rec league
 2) +1 917-640-2231
 3) use for extra weekend bartending shifts if I need cash
 
 He runs that little place on 3rd, loud music but decent tips.
 Met him after the playoff game when Josh introduced us.
 
 What I remember:
 - wants ppl who can cover Fri or Sat late
 - asked if I still know how to close register
 - said text is better than voicemail
 
 natek.bar@gmail.com
 
 
 Need to msg him next week, not this weekend bc he said they're slammed.
 Tell him I can do 2 nights max bc main job starts early.
 
 also ask dress code, last place was black shirt only and I showed up wrong ugh.
 seems chill tho, kinda forgetful maybe.",37,Male,US,Physical Therapist Assistant,contact,contact,,,,,
1604,,,BaoVQ,accepted,,,2026.03.12,2026.03.13,4,Note,Erica Vaughn,"Emergency-ish house stuff note so I stop digging thru my inbox later.
 
 Plumber: Luis Moreno
 came by after the kitchen sink backed up again.
 +1 713-488-5610
 
 He said mornings are easier before the bigger jobs stack up.
 text first, dont just ring him at night.
 
 other info:
 luismoreno.service@gmail.com
 
 works mostly west side but still came out here bc Rosa referred me.
 
 Need to ask him when I get paid Friday:
 quote for replacing the old garbage disposal
 if that weird pipe rattle is seperate or same fix
 whether he charges extra for Saturday
 
 He was nice to grandma, took shoes off w/o me asking.
 keep his number, def better than the last guy who never showed.",52,Female,US,Payroll Specialist,contact,contact,,,,,
1605,,,HaNTN,accepted,,,2026.03.12,2026.03.12,6%,,Melissa Garner,"Met Janelle Ortiz at the dog park by Lake Merritt when Bean got loose again lol
 save this before I forget
 +1 415-782-6049
 works at the little pet bakery on Grand, said text is better than calling during mornings
 email: janelle.ortiz.bakes@gmail.com
 
 need to ask her abt the grain free treats she mentioned
 
 Call after 3pm on weekdays
 not on Sundays bc she said thats her family day
 
 - brown curly hair, tiny gold nose ring
 - has a beagle named Poppy
 - offered to watch Bean if I’m out of town in April
 
 also maybe ask for that groomer rec, I keep forgeting
 super nice, talked for like 20 mins
 dont lose this number again pls",29,Female,US,Veterinary Assistant,contact,people relationships,,,,,
1606,,,HaNTN,accepted,,,2026.03.12,2026.03.12,4%,,Trevor Miles,"1) Marcus Lee from the old apartment building maintenance crew
 2) his number: +1 312-555-8476
 3) use only if sink in kitchen starts leaking again or if I need landlord history stuff
 4) met him when the ceiling pipe burst last winter, he actually showed up fast
 5) said evenings are fine, but not too late
 
 He told me to remind him I was in unit 3B by the alley side.
 His personal email was marcuslee.fixit@outlook.com
 .
 Need to ask if he still does side jobs for caulking the tub.
 
 * dont call before 10am
 * prob text first bc he screens random numbers
 * charges cash or Venmo, kinda old school abt it
 
 Note to self: decent guy, talks a lot, but gets stuff done.
 Also ask about the hallway paint color if landlord tries to blame me again.
 spelled his last name maybe Li? no, p sure Lee",41,Male,US,High School Teacher,contact,people relationships,,,,,
1607,,,HaNTN,accepted,,,2026.03.12,2026.03.12,8%,,Aaliyah Brooks,"Need this down: Priya Nair, wedding makeup artist my cousin used in Jersey and her work looked sooo good
 
 bookings line is prbly separate but this is the one she answered from: +1 201-664-1938
 
 She said send inspo pics first, then she’ll say if the date still open
 best time to reach her = around noon or after 7 bc mornings are packed
 email for quotes: priyanair.beauty@icloud.com
 
 
 tiny checklist
 • ask abt bridal trial price
 • ask if lashes are included or extra
 • ask if she travels to Hoboken hotel rooms
 • mention Nisha referred me so maybe discount??
 
 Important
 I liked that she didnt overdo the makeup on older aunties lol
 sounds calm on the phone, not pushy
 follow up Tuesday if she doesnt reply
 dont wait till last min like last time omg",34,Female,US,Marketing Coordinator,contact,people relationships,,,,,
1608,,,HaNTN,accepted,,,2026.03.12,2026.03.12,7%,,Daniel Whitaker,"Raul Benitez - locksmith from when I locked myself out of the Civic in the rain outside Target
 showed up in like 25 mins which still feels like a miricle
 
 Name first so I rememebr who he is
 small business, not a chain
 does car + house keys
 email somewhere on card: raulbenitez.keys@yahoo.com
 
 
 contact stuff
 - text preferred: +1 602-441-7285
 - said calls are okay if urgent urgent
 - takes Zelle, cash, card w small fee
 
 when to use
 if I need spare key for apartment
 if Mom gets locked out again
 if neighbor asks for a trusted guy
 
 Note: he has a white van w faded blue lettering
 maybe ask next time if he can copy mailbox key too
 very nice, kinda serious, but fair price",38,Male,US,Auto Claims Adjuster,contact,people relationships,,,,,
1609,,,HaNTN,accepted,,,2026.03.12,2026.03.12,0%,,Sabrina Holt,"okay contact note for later
 
 Lena Hoffman
 freelance graphic designer I met at the women-in-biz lunch downtown
 she offered to help w the flyer for the animal shelter fundraiser
 
 Reach her at lena.hoffman.design@gmail.com
 
 backup / prob faster number at end so I see it: +1 917-530-2681
 
 what I need from her
 1. new poster draft by next Thurs maybe
 2. IG story version too, vertical
 3. keep the dog photos less cheesy lol
 
 remember
 - she has a full time job, so contact after 6pm
 - said texting is easiest unless it’s abt payment
 - mention we spoke near the coffee table by the windows
 
 seemed super organized, navy blazer, red notebook
 I wanna ask her rate before I promise anything to the shelter board
 dont typo her first name again, its Lena not Lina",27,Female,US,Nonprofit Program Coordinator,contact,event,work_life,,,,
1610,,,HaNTN,accepted,,,2026.03.12,2026.03.12,5%,,Melissa Hart,"Call Ava Moreno about subletting the studio in Portland.
 +1 503-742-1986
 Met her after Jenna's bday dinner, seemed chill + straight fwd.
 She said weekdays after 6 are best, not during her shift.
 
 Need to ask if utilites are rly included.
 Also pet fee bc of Mochi.
 Email she scribbled for me: ava.moreno.rent@gmail.com
 
 
 - saw place on SE Belmont, tiny but cute
 - she mentioned parking is kinda annoying
 - bring up move-in date, maybe Aug 3?
 
 1. text first so I don't call at a weird time
 2. ask if couch can stay
 3. don't forget to ask abt lease lenght
 
 If she doesn't answer by Thurs, try again around lunch.
 Would actually be a good backup if the Hawthorne spot falls thru.",29,Female,US,Graphic Designer,contact,people relationships,,,,,
1611,,,HaNTN,reject,trung format,,2026.03.12,2026.03.12,9%,,Darren Pike,"Need this all in one spot before I forget again.
 Marcus Lee from the rec league knows a decent truck guy.
 He said call the shop phone, not his personal unless it's urgent.
 
 Rusty Bend Auto
 service line: +1 614-335-8204
 Marcus cell maybe only if the truck dies again: +1 614-881-4277
 
 * ask about brake noise + weird pull on left
 * mention it started after Columbus trip
 * tell them F-150, blue, 2018
 
 1) can drop off before work around 7:30
 2) pick up prob after 5
 3) check if they do loaner cars or nah
 
 marcus.lee.ohio@outlook.com
  in case I need to send pics.
 Marcus is Kyle's softball friend, helped us jump the battery last winter.
 Remember: be nice, he was doing me a favor.",41,Male,US,Warehouse Supervisor,contact,people relationships,,,,,
1612,,,HaNTN,accepted,trung format,,2026.03.12,2026.03.12,4%,,Priya Ellison,"Reached out to this caterer for Neha's grad party — do not lose her number this time.
 
 Sonia Patel, Maple Spoon Catering
 office +1 312-555-6841
 backup mobile +1 773-901-2468
 
 She did Ritu auntie's anniv dinner and everybody loved the samosas.
 Best time to call = mornings before 10, after that she's in events and hard to catch.
 
 Need pricing for about 35 ppl.
 Need veg options, spicy but not too crazy.
 Need to ask if they can do delivery to Oak Park or if pickup only.
 
 - ask abt tray sizes
 - ask if deposit is refundable
 - ask if she can label alergens bc uncle Rob always asks
 
 1. text menu request first
 2. then call if no reply by Tues
 3. send headcount once mom stops changing it lol
 
 email from her card: sonia.patel.events@gmail.com",34,Female,US,Elementary School Teacher,contact,people relationships,,,,,
1613,,,HaNTN,accepted,,,2026.03.12,2026.03.12,6%,,Raymond Foster,"=+1 404-667-9301
 Do NOT mix this up w the old inspector number.
 This is Denise Walker, the home inspector Carla recommended when we looked at the Decatur bungalow.
 
 She was super thurough, maybe a little intense, but good.
 Best to call after 2pm bc she's onsite most mornings.
 denise.walker.homecheck@yahoo.com
 
 
 I need to ask her if she also checks crawl spaces for moisture or if that's separate.
 And how fast she can turn around the report.
 
 • mention possible offer going in Friday
 • ask for radon add-on price
 • ask if weekend slots cost extra
 
 1. leave voicemail if needed
 2. text address after she confirms
 3. save invoice email in house folder
 
 Context so I remember: Carla used Denise last year and said she caught bad wiring that would've cost a fortune.",38,Male,US,High School Counselor,contact,people relationships,,,,,
1614,,,HaNTN,reject,trung format,,2026.03.12,2026.03.12,,,Hannah Briggs,"Random but important: florist contact for maybe finally doing the courthouse wedding dinner right.
 
 Lena Brooks at Wild Fern Flowers
 Met her at the Sunday market in Savannah, she remembered mom's peonies story which was sweet.
 
 Her number is +1 912-448-7615
 studio email: lena@wildfernfloral.com
 
 
 She said text inspo pics anytime, but actual calls are better after 4.
 I want loose garden style, not those stiff hotel centerpieces.
 
 - ask if she can do 6 small table pieces
 - ask for one bouquet w cream + dusty blue
 - ask if she delivers to Tybee or just pickup
 
 1. send pinterest screenshots
 2. mention date is prob Oct 18
 3. get rough quote before telling Ben
 
 Saved bc I liked her vibe a lot and she didn't push the expensive stuff.
 Double check spelling of hydrangea before texting, I always butcher it.",27,Female,US,Paralegal,contact,,,,,,
1615,,,HaNTN,reject,trung noi dung,,2026.03.12,2026.03.12,,,Melissa Harding,"Marisol Vega - florist from the wedding expo
 met her bc she said she can do the tiny white roses mom likes
 +1 312-555-1846
 best time to call = after 10am, not super early
 marisol.vega.flowers@gmail.com
 
 
 1. ask about bridal table peices + entry arch
 2. check if she still has pics from the navy + cream setup
 3. mention the budget is probly under 2k
 
 - she talks fast so write stuff down
 - said she'd maybe give a weekday discount
 - dont forget to ask about delivery to Oak Brook
 
 If no answer today, try again Thurs night.
 Saved bc she seemed way more organized than the other florist lady.",29,Female,US,Elementary School Teacher,contact,,,,,,
1616,,,HaNTN,accepted,,,2026.03.12,2026.03.12,1%,,Darren Cole,"Need to keep this handy for the apartment stuff
 super said text first, never just call outta nowhere
 
 Ray D. Collins
 building maintenance / lock issue / mailbox key
 ray.collins.ops@protonmail.com
 
 
 * +1 646-555-2903
 * usually around the property after 8:30
 * knows about the weird leak under kitchen sink
 
 1) ask if he replaced unit 3B smoke detector yet
 2) remind him my buzzer still cuts out
 3) check if package room code changed again
 
 Met him in lobby last month, nice guy, kinda forgetful tho.
 Call before Friday if the ceiling stain gets worse.",41,Male,US,Auto Claims Adjuster,contact,,,,,,
1617,,,HaNTN,accepted,,,2026.03.12,2026.03.12,5.30%,,Tasha Nguyen,"For saturday catering follow-up
 
 - Lena Pruitt, cousin's rec from church potluck
 - does trays for baby showers + office lunches
 - very good banana pudding, not too sweet
 
 Her number: +1 404-555-7318
 backup number from her biz card: +1 470-555-1182
 email is lenapruitt.cooks@outlook.com
 
 
 1. ask if she can do 25 ppl not 20
 2. need chicken salad + fruit cups, maybe mini wraps
 3. see if pickup can be around 11:15ish
 
 dont call during dinner rush, she said afternoons are easier
 met her at Janelle's shower in March
 save this bc I always lose caterer info ugh
 If she sounds booked, ask for her sister's contact too.",34,Female,US,Dental Hygienist,contact,,,,,,
1618,,,HaNTN,accepted,,,2026.03.12,2026.03.12,0%,,Robert Kessler,"=+1 213-555-6429
 Jordan Mays - freelance photog from Eli's engagement party
 
 Said to reach out when I finally pick a date for headshots.
 He does actor reels too, which maybe helps Kayla.
 
 - jordanmays.frames@gmail.com
 
 - IG handle was maybe jordanmays.photo? check that
 - prefers text over voicemail bc he misses calls on shoots
 
 1. ask price for 30 min outdoor session
 2. ask if Griffith Park is still one of his spots
 3. see if edited pics come back in under a week
 
 Need to mention I found him thru Eli so maybe he'll remember.
 call after lunch, not morning.
 His work looked clean, not overly filtered, kinda perfect actually.
 dont forget this one bc the last photgrapher ghosted me.",27,Male,US,Paralegal,contact,,,,,,
1619,,,HaNTN,reject,trung format,,2026.03.12,2026.03.12,5%,,Renee Bartlett,"Stuff for dad's truck repair contact
 
 Miguel Serrano
 mobile mechanic, came by when the F-150 wouldnt start in the driveway
 really patient, explained the battery/cable thing in plain english
 
 +1 915-555-4077
 serrano.wrenchworks@yahoo.com
 
 
 - call early if I need same-day help
 - he works west side mostly but said he'd come out here again
 - maybe ask if he does brake pads too
 
 1. save receipt next time
 2. ask about oil leak near front
 3. get quote before he starts, last time I forgot lol
 
 Met him thru neighbor Anita.
 Keep this contact bc dad will 100% ask me for it again.",52,Female,US,Payroll Specialist,contact,,,,,,
1620,,,HaNTN,accepted,,,2026.03.12,2026.03.12,18%,,Marissa Doyle,"Need to keep these contact notes straight before I forget again.
 Met Jenna Morales at the dog park near Lake Eola when her beagle ran off w/ my leash somehow lol.
 +1 407-555-1824
 She said texting is better bc she teaches all day and wont pick up unknown calls.
 Email: jennamorales.art@gmail.com
 
 Ask her about the pet-sitting rec for Memorial Day wknd.
 
 - remember she lives in Winter Park, not downtown
 - call after 4:30 pm only
 - owes me the name of that groomer on Fairbanks
 
 Backup contact from same convo:
 Rita Kline
 +1 321-555-6641
 Jenna's upstairs neighbor, said she can buzz me in if I drop off the spare key.
 Probly dont call Rita late, sounded half asleep even at 8.",29,Female,US,Dental Hygienist,contact,,,,,,
1621,,,HaNTN,accepted,,,2026.03.12,2026.03.12,9%,,Brandon Pierce,"Contacts for the house repair mess:
 1) Miguel Santos - plumber, came by after Nate from work gave me his number.
 He fixed the kitchen sink leak last fall and didnt overcharge, which is rare tbh.
 Best time to ring him: early morning before 9.
 +1 602-555-9046
 
 2) Elena Park
 Property mgr for the duplex, kinda blunt but gets stuff done fast.
 Email elenapark.rentals@outlook.com
 
 Send pics first before calling or she says she ""can't do anything with vague complaints"".
 
 * ask about hallway light refund
 * mention the mold spot by back window, small but gross
 * dont forget unit number again... 2B not 2D
 
 Also Miguel said if emergency on Sunday, text ""leak urgent"" so he sees it quicker.
 I always forget that part.",41,Male,US,Auto Claims Adjuster,contact,,,,,,
1622,,,HaNTN,accepted,,,2026.03.12,2026.03.12,7%,,Nia Holloway,"okay, random but save this proper this time
 
 Tariq Benson works the front desk at Harbor Fitness and also does side gigs training ppl one-on-one.
 I wanted his info bc my cousin bailed on me for gym orientation and Tariq was actually nice abt it.
 Text first: +1 617-555-7318
 He said calls during his shift are annoying unless it's after 7ish.
 
 Notes:
 • ask if he still has that Sat 10am slot
 • mention shoulder mobility stuff, not heavy lifting yet
 • he knows my friend Kayla from Roxbury somehow
 
 Alt contact for billing nonsense
 Harbor Fitness desk email: memberships.harborfit@yahoo.com
 
 use subject line ""locker fee issue"" or they miss it apperently
 
 dont mix him up w/ Trevor from the old gym!!
 Tariq has the Boston number, Trevor doesnt.",24,Female,US,Barista,contact,,,,,,
1623,,,HaNTN,accepted,trung format,,2026.03.12,2026.03.12,9.2% sau sửa,,Ethan Calder,"People to call before the reunion turns into chaos.
 My aunt made me ""the organized one"" which is honestly a mistake.
 
 Grace Whitmore
 cousin on Mom's side, handling food pickup from the deli in Naperville.
 +1 630-555-2477
 She prefers voicemail if I call while she's driving back from work.
 
 Then there's Pastor Leon Briggs from First Elm Community Church.
 He said we can maybe use the side room if the weather goes bad.
 Email: leon.briggs.office@gmail.com
 
 Call around lunch, not evenings, bc Wed choir practice runs long.
 +1 815-555-5803
 
 - ask Grace how many folding tables she still has
 - ask Leon abt parking lot access
 - remind both this is for Grandma June's 80th, Sunday not Saturday
 
 I wrote ""June"" twice before and almost forgot that is also Grandma's name lol.",37,Male,US,High School History Teacher,contact,,,,,,
1624,,,HaNTN,reject,"trung format, trung noi dung",,2026.03.12,2026.03.12,8.60%,,Olivia Tran,"Contact dump from the freelance event shoot so I stop losing business cards.
 
 Selma Ruiz - florist from the rooftop wedding in Austin.
 Her centerpieces were kinda wild but in a good way, very bright, very extra.
 email first for quotes: selmaruiz.flowers@gmail.com
 
 then text if no reply in 2 days.
 
 +1 512-555-4169
 She said Mon afternoons are slowest for her shop.
 
 Next one:
 Devon Hale
 sound guy who helped me find a charger when mine died mid-reception, actual lifesaver.
 +1 737-555-2281
 Put ""from Olivia - camera girl"" in the first text or he wont rememebr.
 
 -- ask Devon abt small corporate gigs in April
 -- ask Selma if she travels to San Marcos
 -- dont contact either super early, both complained abt 8am calls
 
 keep these, do not toss into random screenshot folder again.",33,Female,US,Freelance Photographer,contact,,,,,,
1625,,,HaNTN,accepted,,,2026.03.12,2026.03.12,12%,,Marissa Cole,"Ava Lindstrom - florist from the farmers market, did the centerpieces for Jen's shower last spring
 +1 206-555-1842
 best to call after 2pm bc she's doing deliveries in the mornng
 ava.lindstrom.flowers@gmail.com
 
 Need to ask if she can do 6 small table bunches + one entry arrangment
 
 Things to mention:
 - I liked the dusty pink roses + eucalyptus she used before
 - budget prob around $180, dont go over unless she says it's worth it
 - ask if she still covers Ballard area
 
 Also she said texting is easier on Thurs
 send inspo pics first so I dont ramble on the call
 met her thru Jen's friend Mallory, super nice but talks fast lol
 if no answer, try again next Tues not Monday",31,Female,US,Elementary School Teacher,contact,,,,,,
1626,,,HaNTN,reject,trung format,,2026.03.12,2026.03.12,19%,,Devin Harwood,"1) Marcus Bell, old auto body guy my brother reccomended
 2) only call if the Civic starts making that weird clicking again
 3) shop is near Aurora, he said he still does side work from home garage
 4) +1 425-555-7316
 5) marcusbellgarage@outlook.com
 
 
 He replaced the bumper in 2023 and didnt overcharge me
 said weekends are better, esp Sat before noon
 
 - ask about repaint quote for passenger door
 - mention silver Honda, tiny dent by handle
 - don't forget photos first
 
 If he doesnt pick up, leave voicemail kinda slow bc he said his hearing isn't great
 not super formal, just say ""Eli's brother gave me your #""
 keep this contact bc trustworthy and not pushy
 end goal: see if fix is worth it before registration renewal",42,Male,US,Delivery Driver,contact,,,,,,
1627,,,HaNTN,accepted,,,2026.03.12,2026.03.12,0%,,Tiana Brooks,"Need this saved right — Carmen Ruiz from the daycare parent group
 She offered to share her babysitter's info but also said I can call her direct if I need a last min school pickup
 life saver honestly
 
 +1 312-555-6089 is her cell
 usually free after 6 bc she's at the clinic all day
 carmen.ruiz.chi@gmail.com
 
 
 Remember:
 • her daughter Sofia is in Malik's class
 • met her at the winter concert, blue coat, very easygoing
 • ask first before adding her to the class-carpool text
 
 Need to thank her for the extra gloves she sent home
 also ask what sitter rate was bc I forgot and wrote it on a reciept somewhere
 text first, don't just call out of nowhere
 if emergency pickup happens, say Malik knows ""Ms Carmen"" already so less awkard",29,Female,US,Dental Assistant,contact,,,,,,
1628,,,HaNTN,accepted,,,2026.03.12,2026.03.12,3%,,Nolan Pierce,"Theo Jackson
 neighbor from apt 3B, the one with the orange cat
 Borrowed my ladder twice and gave it back cleaner than before, so keeping his number lol
 he said if pipes freeze again he's got a guy + can help shut water off
 
 contact stuff:
 phone: +1 617-555-9427
 email: theo.jax.boston@gmail.com
 
 
 Random notes for me
 1. works night shift, dont knock before 1pm
 2. text is best unless it's building emergency
 3. ask abt his handyman contact for bathroom caulk
 
 Also maybe invite him + Priya to the hallway potluck thing?
 he mentioned liking smoked wings and old Celtics games
 nice dude, kinda quiet in person but texts back fast
 saved bc useful neighbor contact, not just social",37,Male,US,IT Support Specialist,contact,,,,,,
1629,,,HaNTN,accepted,,,2026.03.12,2026.03.12,10%,,Felicia Monroe,"Quick note so I stop digging thru old texts
 
 Renee Patel — freelance copy editor I met at the nonprofit fundraiser in Oct
 helped clean up the donor letter and caught like 9 typos, bless her
 reneepatel.editorial@gmail.com
 
 
 Best number is at the bottom bc she changed phones in Jan
 Old one should be ignored
 - old: +1 718-555-1134 do NOT use
 - current cell: +1 347-555-8861
 
 When to reach her:
 usually evenings after 7:30
 Fri is bad bc she's with her kid
 
 Need to ask if she'd review the spring gala invite + maybe the website about page
 mention I can trade w/ social media help if budget is weird this month
 super warm, slightly scatterbrained, so send deadlines in writing
 saved her bc I always need last-minut editing and she actually delivers",45,Female,US,Community Outreach Manager,contact,,,,,,
1630,,,HaNTN,accepted,,,2026.03.12,2026.03.12,2%,,Marissa Cole,"Sofia Ramirez
 +1 415-782-6604
 met her at the Oak St apt showing last Thurs
 she's the leasing coord, not the owner
 
 Call after 10:30am only
 she said mornings are nuts w/ move-ins
 ask if unit 3B still has the in-unit washer
 also pet fee bc i forgot to ask, ugh
 
 Email she mentioned: sofia.ramirez.leasing@westbayhomes.com
 
 don't text late, she said she mutes unknown nums
 
 Things to mention:
 - I can move end of April
 - need parking for small car
 - maybe 14 mo lease if price stays same
 
 Seemed nice, kinda rushed but helpful
 follow up fri if no call back",29,Female,US,Graphic Designer,contact,,,,,,
1631,,,HaNTN,reject,trung format,,2026.03.12,2026.03.12,19%,,Trevor Haines,"1) Derek Lawson - guy from the bike shop who said he can probly find the old Trek part I need
 2) best time to reach him is near closing, around 5:45 bc the store gets less crazy then
 3) shop line was weird so use his cell instead
 4) +1 312-555-4872
 
 5) ask abt rear derailleur hanger for the blue commuter
 6) he wrote down ""maybe from the basement bin"" lol
 7) don't forget to mention I came in on Sunday w/ the bent wheel
 
 - alt contact if Derek doesn't answer: front desk at Lakeside Bikes
 - +1 312-555-9036
 - say Derek told me to call, otherwise they act confused
 
 email for pic of the part:
 derek.lawson.repairs@lakesidebikes.com
 
 
 Need this before next weekend ride w/ Chris
 seriously stop puting this off",41,Male,US,High School Teacher,contact,,,,,,
1632,,,HaNTN,accepted,,,2026.03.12,2026.03.12,2%,,Elaine Porter,"Need to remember this contact from the hospital volunteer signup. 
 Janelle Brooks is the coordinator who helped me fix the background check mess. 
 Her direct line is only for schedule swaps: +1 404-555-6189. 
 
 She said text is fine but pls not during chapel hours. 
 Best window to call is Tues or Wed after lunch. 
 I owe her the updated vaccine form and the emergency contact sheet. 
 
 Extra ways to reach her:
 janelle.brooks.volunteer@saintmatthewcare.org
 
 main desk +1 404-555-2041
 
 Reminders for me
 • ask whether NICU greeter shift is full already
 • check if navy scrubs are okay or if they want gray
 • tell her I can cover some holiday weekends
 
 She was super patient even when I had the wrong paperwork twice. 
 don't be emberassing again, bring the folder this time",34,Female,US,Dental Hygienist,contact,,,,,,
1633,,,HaNTN,reject,trung format,,2026.03.12,2026.03.12,6%,,Noah Whitaker,"- Mr. Benji Patel
 neighbor's cousin, does side jobs for drywall + small paint fixes
 - +1 602-555-7718
 
 met him when he patched Carla's hallway after that stupid leak
 looked fast + neat, not too expensive from what she said
 
 Need to contact him abt:
 1. crack by bedroom closet
 2. scuffed wall near kitchen stool
 3. maybe quote for repainting the tiny bath
 
 important:
 call after 6 bc he works construction during the day
 Sat morning might be even better
 
 backup contact from his card
 benji.patchandpaint@gmail.com
 
 
 say Carla Mendez in unit 2A gave me his info
 ask if he still comes out to Tempe on weekdays
 his voicemail was kinda hard to hear so listen twice lol",52,Male,US,Insurance Adjuster,contact,,,,,,
1634,,,HaNTN,accepted,,,2026.03.12,2026.03.12,8%,,Kiara Bennett,"Abby Chen from the farmers market flower stand
 I saved her bc she does small wedding bundles and those cute loose bouquets
 
 phone first: +1 206-555-1463
 email second: abby.chen.flowers@greenmail.com
 
 IG maybe too but i didn't write it down, figures
 
 She told me to reach out 3 to 4 weeks before the shower
 not monday mornings, wholesale run time
 
 Ask her:
 * can she do peach, cream, and a tiny bit of rust
 * price for 6 table jars + 1 entry vase
 * whether she delivers to Ballard or pickup only
 
 Context so I remember
 met her in September when buying flowers for mom's bday
 she remembered my name somehow, very sweet
 
 If no reply by Thurs evening, call again
 don't forget to spell Maddie's name right on the card this time",27,Female,US,Event Coordinator,contact,,,,,,
1635,,,HaNTN,reject,trung format,,2026.03.12,2026.03.12,0%,,Marissa Holt,"Dana Ruiz from the old apt building
 +1 415-728-1904
 met her when the fire alarm thing happened in Feb, she had the mgmt guys actual number
 
 call after 6:15 pm, she teaches all day
 dont ring during lunch break, she said kids are wild then
 
 1. ask if she still has the locksmith rec
 2. check what cleaner she used for hallway carpet
 3. maybe ask abt pet sitter too
 
 - email was somthing like dana.ruiz.sf@gmail.com
  but phone is easier
 - super nice, talks fast, prob from Oakland?
 
 if she doesnt pick up leave msg w/my name + old unit 3B
 said texting is fine, just not too late
 good contact for building stuff, keep this one",34,Female,US,Floral Designer,contact,,,,,,
1636,,,HaNTN,accepted,,,2026.03.12,2026.03.12,9%,,Trevor McNeil,"Need to save: Marcus Bell, mobile dog groomer I got from Jen at work
 best # +1 202-664-5318
 he came last summer for Buster and was patient even when the dog freaked out a bit
 text first, dont just call
 
 also his backup contact is wife Kayla
 kaylabell.dc@yahoo.com
 
 she handles schedulling half the time
 
 * Tues or Thurs mornings are cheaper supposedly
 * ask if he still does nail trim only visits
 * mention golden retriever, not small dog
 
 One more thing.
 He said parking in my block is annoyng so tell him alley entrance.
 Prob book before month end.
 Do not forget coupon from Jen, maybe still works.
 saved bc last groomer no-showed twice",41,Male,US,High School Counselor,contact,,,,,,
1637,,,HaNTN,accepted,,,2026.03.12,2026.03.12,5%,,Alina Becker,"1) Rosa Martinez - neighbor's cousin, does notary stuff on weekends
 2) for the car title papers and maybe lease witness sig
 3) phone +1 312-555-7846
 
 She told me Sat after 10 works best.
 Not Sundays, church + family lunch.
 
 - lives near Logan Square, not too far
 - met her at Mrs Keene's bbq in July
 - bring ID and blue pen, she was weirdly specific abt that
 
 email: rosa.martinez.notary@gmail.com
 
 
 Need to ask price first cuz I forgot.
 Also check if she can print a few pages there.
 if no answer, wait a bit, she said her phone silences unknown nums alot
 
 seemed really orginized, keep her in contacts",27,Female,US,Museum Registrar,contact,,,,,,
1638,,,HaNTN,reject,trung format,,2026.03.12,2026.03.12,7%,,Steven Pruitt,"Omar Reed
 coworker's brother from the side job crew
 +1 646-903-2281
 
 I need him for patching the kitchen ceiling, not a full remodel
 came by once in November and gave rough estmate in the hallway
 said materials are cheaper if booked midweek
 
 - call before 8 pm
 - text pics first
 - ask if he still does small drywall jobs in Queens
 
 1. mention the water stain is old, not active now
 2. ask if he can also repaint that corner
 3. get price in writing this time lol
 
 email maybe omar.reed.work@protonmail.com
 
 kinda quiet guy but knew what he was talking abt
 saved bc landlord drags feet and I need this fixed soon",38,Male,US,Subway Operations Supervisor,contact,,,,,,
1639,,,HaNTN,accepted,,,2026.03.12,2026.03.12,8%,,Nia Caldwell,"Savnnah Lee from the farmers market flower stall
 her number is +1 512-771-6049
 I wanted a local florist contact in case I need centerpieces for auntie's 60th
 
 She remembers me as ""the one asking abt peonies in winter"" haha
 met her twice, once in Austin and once at that pop-up on South Lamar
 
 * call Wed afternoons only, mornings are wholesale runs
 * text inspo pics if I want exact colors
 * she can do pickup or local dropoff maybe
 
 secondary contact
 savannahlee.petals@gmail.com
 
 
 Need to ask min order amt.
 Need to ask if she does eucalyptus garlands too.
 dont forget event is prob early June, so reach out by May at latest
 
 keeping this bc she was friendly and not pushy at all",29,Female,US,UX Researcher,contact,,,,,,
1640,,,HaNTN,accepted,,,2026.03.12,2026.03.12,8%,,Marissa Cole,"need to keep this straight before I lose the sticky note again
 Aunt Linda Perez
 call her Wed eve, not mornings bc she does school dropoff
 +1 312-555-0184
 she knows the landlord in Oak Park and said she'd intro me if apt is still open
 also ask abt the folding table from grandma's house
 
 backup contact from that same visit:
 - Rick Perez (Linda's husband)
 - +1 708-555-4419
 - better for txt than calls, kinda misses voicemails lol
 
 1. ask if Sunday lunch is still on
 2. remind Linda I can pick up keys after 6ish
 3. dont forget to say thanks for mailing the scarf
 last time I called too late and woke their dog, so maybe text first",29,Female,US,Elementary School Teacher,contact,,,,,,
1641,,,HaNTN,reject,trung format,,2026.03.12,2026.03.12,,,Devin Harper,"plumber note bc kitchen sink is being weird again
 Mark Ellison from Jenny's rec
 came by in Feb, seemed honest, didnt upsell me
 said to reach out if leak started under left cabinet again
 
 phone: +1 404-555-2673
 email maybe m.ellison.homefix@gmail.com
 
 
 * best time to call = before 8am or after 5:30
 * mention condo bldg code issue + parking in rear alley
 * ask rough price first bc budget is tight rn
 
 Alt if Mark doesnt answer:
 1) Teresa at office +1 470-555-6118
 2) she handles scheduling, talks fast
 3) tell her ""unit 3B w/ the noisy disposal""
 I always forget that part
 do not wait till Sat this time",41,Male,US,Graphic Designer,contact,,,,,,
1642,,,HaNTN,reject,trung format,,2026.03.12,2026.03.12,,,Naomi Sutton,"Dentist ppl bc I keep mixing them up
 
 Dr. Eric Molina — +1 602-555-9042
 saw him after Jess cracked a crown, office was calm and not judgey
 good for nervous ppl, maybe book my cleaning there too
 
 front desk: Amy
 amy.molinaoffice@yahoo.com
 
 better to email insurance card first bc reception is spotty in lobby
 
 - call after lunch, around 1:15 is best
 - office near Camelback, easy parking behind bldg
 - ask if they still do the new patient discount thing
 
 1. transfer old x-rays
 2. check if Friday appts exist
 3. spell my last name slowly bc they got it wrong before
 dont procrastnate again",35,Female,US,Restaurant Manager,contact,,,,,,
1643,,,HaNTN,reject,trung format,,2026.03.12,2026.03.12,,,Caleb Monroe,"Mom's church friend who does notary stuff
 Sharon Webb
 met her at the fundraiser, super nice, wore the sunflower pin
 
 I need her for the lease papers + maybe title copy
 +1 615-555-3328 is cell
 home line maybe old but keeping it here: +1 615-555-7731
 
 txt first, she said random calls make her think it's spam
 usually free Thurs after 4
 
 - ask what she charges per signature
 - bring my ID, dont be dumb and forget it again
 - check if she can meet at the coffee shop near Nolensville Pike
 
 1. tell her Mary Monroe gave me her number
 2. ask if blue ink matters
 3. save receipt for reimbursement from work
 pretty sure she said ""no Sundays"" so leave that alone",52,Male,US,Auto Claims Adjuster,contact,,,,,,
1644,,,HaNTN,accepted,,,2026.03.12,2026.03.12,2%,,Brianna Flores,"moving contacts bc next month is gonna be chaos
 
 Jules Carter +1 917-555-1406
 old coworker from Midtown office, now works freelance and knows cheap movers
 said I should call by Monday if I want the lower weekday rate
 
 email for quote stuff: jules.carter.nyc@gmail.com
 
 
 * ask who she used for the Brooklyn to Queens move
 * ask if they wrapped mirrors or if she did it herself
 * remind her my building elevator has to be reserved first
 
 second person:
 1. Omar Singh
 2. +1 646-555-8821
 3. building super's nephew, can help haul boxes for cash maybe
 
 dont mention 5th floor walkup till after hello lol
 call around 7pm bc that's when Jules is done w clients",27,Female,US,Product Manager,contact,,,,,,
1645,,,HaNTN,accepted,,,2026.03.12,2026.03.12,,,Marissa Holt,"Jenna from the dog park - +1 206-555-1842
 saved bc she knows that mobile groomer I wanted
 Call after 6:30 pm, not during her shift
 Met her last Sat by the small fountain
 said her beagle had the same skin issue as Ollie
 
 also maybe ask abt her trainer rec
 - lives near Green Lake, blue subaru I think
 - text first if it's weekday
 - super nice but talks fast lol
 
 Backup stuff so I dont forget:
 1. ask groomer name + price range
 2. ask if they do anxious dogs
 3. see if she still has the flea shampoo note
 
 if no answer, try again Thurs evening
 don't call too early, I did that once and felt dumb",31,Female,US,Elementary School Teacher,contact,,,,,,
1646,,,HaNTN,accepted,,,2026.03.12,2026.03.12,7%,,Andre Beckett,"Need to keep this straight before I lose the card again
 
 * Ricardo Mendez, auto body guy
 * works out of his cousin's shop off Fulton
 * number: +1 415-555-6279
 
 He fixed the rear bumper on Tia's car last yr
 said to mention ""Marcus sent me"" for a better quote maybe
 Best time to ring him is lunch-ish, around 12 or after 5
 
 Things to ask:
 1) can he repaint just the scraped panel
 2) how long he'd need the car
 3) cash price vs card
 
 dont forget he barely checks email
 prefers calls, maybe voicemal if no pickup
 seems reliable, just kinda slow texting back
 if he sounds rushed, call again Fri",44,Male,US,City Bus Driver,contact,people relationships,,,,,
1647,,,HaNTN,accepted,,,2026.03.12,2026.03.12,8%,,Elise Navarro,"Paula Chen
 bakery wholesale contact from the street fair
 +1 917-555-3416
 
 She said call in the mornng before ovens get crazy
 I wanna ask about mini lemon tarts for Mia's shower
 Not just cupcakes!! remember that
 
 - met her in Brooklyn at the spring market
 - had samples, very good, not too sweet
 - mentioned she can do gluten free if warned ahead
 
 Need details:
 1. minimum order
 2. delivery fee to Queens
 3. if she can write little name tags
 
 maybe also get her assistant's number if Paula is busy
 last thing on flyer was paula.chen.orders@bronzeoven.com
 
 texting is okay but phone is prob quicker
 dont wait till the last min again",27,Female,US,Floral Designer,contact,people relationships,,,,,
1648,,,HaNTN,accepted,,,2026.03.12,2026.03.12,4%,,Trevor Sikes,"=+1 312-555-9038
 Darnell Price - the apartment locksmith guy from building chat
 
 I saved him bc I keep almost locking myself out, unreal
 He helped unit 3B on Sunday night and got there in 20 min
 Lives somewhere on the north side, so not too far
 
 Use for:
 - lockout
 - copying front door fob maybe
 - changing mailbox lock if mgmt keeps dragging feet
 
 Important:
 1. call after 8 am
 2. late night fee is prob higher
 3. ask upfront what he charges, no guessing
 
 He said ""call, don't use app msg""
 pretty sure he said cashapp or cash both fine
 neighbor said he's legit, just a little gruff
 end of note: keep this here so I stop panicing next time",38,Male,US,Sous Chef,contact,people relationships,,,,,
1649,,,HaNTN,reject,trung format,,2026.03.12,2026.03.12,0%,,Kiara Dorsey,"Mom's friend from church, Denise Walker
 
 denisewalker.art@gmail.com
 
 phone too: +1 404-555-5581
 
 She's the one who teaches beginner sewing on Tuesdays
 I asked her abt hemming my work pants and she said yes, maybe
 Call in the evening, not during her daycare shift
 
 - knows Mom from choir for like 8 yrs
 - very patient, tiny handwriting lol
 - also sells handmade aprons at fall fair
 
 Ask her:
 1. if she still does simple alterations
 2. what she charges per pair
 3. whether Sat pickup is easier
 
 Could also ask about that sewing class for Ava
 dont forget to mention navy slacks, not black
 if she doesn't answer, leave a short msg and try next day",24,Female,US,Receptionist,contact,people relationships,,,,,
1650,,,HaNTN,accepted,,,2026.03.12,2026.03.12,6.90%,,Marissa Cole,"Jenny from dog grooming, +1 312-555-1846.
 Met her at South Loop pet fair when Benny freaked out at the dryers.
 She said text is better than calling before 10am.
 email: jennypawschi@gmail.com
 
 
 Need to ask if she still does nervous dogs on Sundays.
 Her shop moved near Clark, dont forget that.
 Last time she gave me that oatmeal shampoo rec.
 
 - call about spring appt for Benny
 - ask price for nail trim only
 - mention he bites the leash, not ppl lol
 
 Backup number she wrote on the card: +1 773-555-6621
 Prob her work line, use only if no reply.
 
 Remember: super nice, talks fast, maybe name was Jan not Jenny? check that.",29,Female,US,Graphic Designer,contact,people relationships,,,,,
1651,,,HaNTN,accepted,,,2026.03.12,2026.03.12,5%,,Trevor Mills,"1) Mr. Luis Ortega - old apartment landlord, helped w/ the security dep mess
 2) best number: +1 646-555-9034
 3) office email maybe lortega.rentals@pmail.com
 
 
 Need him bc Chase asked for proof I paid that broken window fee already.
 Dont call during lunch, he gets cranky around 12ish.
 He said mornings are calmer.
 
 * mention building on 181st, unit 4B
 * ask if he can resend the reciept from Aug
 * if voicemail, keep it short
 
 Also his assistant Maya once answered from +1 917-555-2748
 Could try her if Luis doesnt pick up.
 
 Met them in person when moving out, they were decent actually.
 Need this handled before Friday payroll meeting for the housing paperwork.
 
 Note to self: spell Ortega right, not Ortego.",41,Male,US,Payroll Specialist,contact,people relationships,,,,,
1652,,,HaNTN,accepted,,,2026.03.12,2026.03.12,11%,,Aaliyah Benton,"Need to save this proper bc I keep losing the sticky note.
 
 Rosa Kim from church kitchen crew
 We talked after the fundraiser, she knows a cheap baker for Nia's grad party.
 Personal cell is +1 404-555-1182 and she actually answers texts pretty quick.
 
Email she typed into my phone: rosakimhome@outlook.com

 Her cousin handles big cake orders:
 +1 678-555-7309
 name maybe Danielle K., not 100%
 
 Things to ask Rosa
 - vanilla + strawberry half sheet price
 - can they do less sweet frosting pls
 - pickup or delivery to Decatur
 
 
 Call after 6:30 bc she works at the school office.
 Dont forget to say Pastor Lee gave me her number.
 She was really kind, just a little hard to hear in the hall.",36,Female,US,Bus Driver,contact,people relationships,,,,,
1653,,,HaNTN,accepted,,,2026.03.12,2026.03.12,5%,,Nathaniel Brooks,"• Harper Reed, freelance electrician from the coffee shop remodel
 • +1 206-555-4471
 • alt: +1 253-555-8806 (truck phone? maybe)
 
 He fixed the bad outlet behind the pastry fridge in like 20 mins.
 Said to reach out if the back hallway light starts flickering again.
 I should prob have him quote the prep sink switch too.
 
 When to call:
 after 2pm on weekdays
 not Sundays bc he's with his kids
 
 Stuff to mention
 1. cafe name + address in Ballard
 2. breaker popped twice last week
 3. ask if he can invoice by email
 
 email: harper.reed.elec@gmail.com
 
 
 He seemed solid, a little scatterbrained but honest.
 Dont confuse him w/ Henry the plumber again.",33,Male,US,Cafe Manager,contact,people relationships,,,,,
1654,,,HaNTN,accepted,,,2026.03.12,2026.03.12,10%,,Denise Holloway,"Cousin Tasha said I should keep both contacts here so I stop digging thru old texts.
 
 Monica Velez - immigration paperwork translator, super patient, met her outside the county office when mine was all messed up.
 Office line +1 915-555-2916
 Cell for urgent stuff +1 210-555-6043
 
 Use Monica only for document questions, not for notarizing.
 For notary, call Evan Price first at +1 512-555-1459.
 He did Mom's title papers last yr and came to the house.
 
 Monica email: mvelez.translate@mail.com
 
 Evan email: evanprice.notary@proton.me
 
 
 - ask Monica what ID copies she needs
 - ask if Saturday appt is extra $$
 - remind her my aunt speaks mostly Spanish
 
 Evan note:
 text before calling, he hates random calls lol
 Lives near Round Rock I think, but travels.
 
 Need to handle this next week, been putting it off way too long.",52,Female,US,Elementary School Secretary,contact,people relationships,,,,,
1655,,,HaNTN,accepted,,,2026.03.12,2026.03.12,5%,,Marissa Holt,"Nate's plumber guy maybe save this better lol
 +1 312-555-0184
 Met him when the kitchen sink backed up last winter.
 He came same day and didn't overcharge me.
 
 Name on invoice was Daniel Ruiz
 ruizplumbing.chi@gmail.com
 
 
 Call after 8:30am, not super early.
 Best days prob Mon or Thurs.
 He said text first if it's not urgent.
 
 - does small apt jobs too
 - knows old bldg pipes
 - ask abt bathroom faucet drip
 
 If landlord flakes again, use him instead.",29,Female,US,Elementary School Teacher,contact,people relationships,,,,,
1656,,,HaNTN,accepted,,,2026.03.12,2026.03.12,5%,,Trevor Gaines,"1. Sonia Patel from the dog boarding place
 Use this if I need weekend help for Molly again.
 2. Email: sonia.patel.boarding@gmail.com
 
 3. Main cell is +1 646-555-0117
 4. Backup work line +1 718-555-0142
 
 Met her thru Ben at the park in Astoria.
 She sent pics last time and Milo looked weirdly happy lol.
 
 * text after lunch, around 1 or 2
 * don't call Fri night bc she does check-ins then
 * ask if she still has the small yard spot open
 
 Also maybe book for Memorial Day wknd now.
 Rates were fair, I think 55 a night not 60.
 
 Need to mention Milo hates loud vacuums.",34,Male,US,Auto Claims Adjuster,contact,people relationships,,,,,
1657,,,HaNTN,accepted,,,2026.03.12,2026.03.12,1%,,Kiara Benson,"Re: freelance graphic person from the coffee shop board
 
 I snapped her card bc I always say I'll rebrand the candle labels and then never do it.
 Her name is Elise Moran and she does small biz stuff, packaging, menus, Insta posts, all that.
 
 Contact bits
 phone +1 503-555-0196
 email elise.moran.studio@gmail.com
 
 IG was maybe @elisemakesit or close to that, double check
 
 Why I kept this: she liked the soy wax jars and already had ideas, which was kinda nice.
 She said evenings are easier since mornings get hectic.
 
 - ask for a simple logo cleanup first
 - maybe holiday label mockup too
 - mention my budget up front so it's not awkard
 
 Don't forget she spells color the normal way, not my typo-ridden notes way.",41,Female,US,Bakery Manager,contact,people relationships,,,,,
1658,,,HaNTN,accepted,,,2026.03.12,2026.03.12,6%,,Owen Mercer,"Carla next door in 4B
 borrowed my jump starter back in Jan and then helped me find a decent mobile mechanic.
 Keeping her info here bc my contacts app is a mess rn.
 
 +1 214-555-0173 is her cell
 carla.jeffords@yahoo.com
 
 
 She works nights at the hospital so don't ring her before noon.
 Texting is better unless the car is fully dead and I'm stranded.
 
 Things to remember
 1) she knows a tire guy in Oak Cliff
 2) ask her what app she used for cheap towing
 3) return the blue funnel I still have in trunk
 
 She has a silver Civic, parking spot 28.
 Very nice but I always forget her schedule.
 
 If storm hits again, ask whether she wants me to bring in her porch plants.",52,Male,US,Warehouse Supervisor,contact,people relationships,,,,,
1659,,,HaNTN,accepted,,,2026.03.12,2026.03.12,5%,,Felicia Ward,"Hair note bc I keep losing salon cards
 
 Tasha Green - braider my cousin recommended from church
 Did my knotless last August and they lasted way longer than expected.
 Super gentle hands, not too tight, thank god.
 
 Reach her at braids.bytashag@gmail.com
 
 or text +1 404-555-0128
 
 She said Sundays are for family so don't bug her then.
 Wed eve is usually open if I ask early enough.
 
 - price for medium waist length was 180 ish
 - bring my own hair if I want exact color 1B/30
 - her suite is near Decatur square, get parking first
 
 Need to ask abt touch-up for front edges only.
 Also she mentioned she does kids styles for Ava maybe in summer.
 Save this somewhere real later, seriously.",27,Female,US,Dental Assistant,contact,people relationships,,,,,
1660,,,HaNTN,accepted,,,2026.03.12,2026.03.12,4%,,Marissa Doyle,"Jenna Morales from apt hunt last spring
 met her at the open house on Pine, super nice + knew the mgmt lady
 call after 6:30 bc she works front desk till late
 +1 312-555-0184
 email jenna.morales.home@gmail.com
 
 asked her abt pet deposit + parking pass stuff
 said she would text me the laundry room code if I end up taking unit 3B
 
 things to ask next time:
 - was the hallway noise bad on weekends?
 - did they ever fix the heater banging pipe?
 - who to bug for package key lol
 
 dont call friday night, she does dinner w/ her sis
 if no answer just leave vm saying ""Marissa from the Pine showing""
 also she mentioned a cheaper moving guy maybe ask for his num too
 saved bc I keep forgeting who already toured there",29,Female,US,Floral Designer,contact,people relationships,,,,,
1661,,,HaNTN,accepted,,,2026.03.12,2026.03.12,4%,,Trevor Bishop,"1) Nate Alvarez +1 415-555-0269
 met him at the saturday pickup bball game in Oakland
 he knows a guy hiring for weekend event security
 best time to ring him = around 10am, not too early tho
 
 2) nate.alvarez.sf@outlook.com
 
 told me to send a short note w/ my avail and guard card pic
 mentioned there may be shifts at the Fox next month
 
 3) dont sound desperate on call, just be normal
 say Jamil gave me his contact
 
 * ask if black boots are reqd
 * ask if parking gets reimbursed
 * ask whether they need fri + sat or just sat
 
 he was chill but kinda talks fast
 if I miss him, text instead bc he said he checks texts way more
 saved this bc I lost his card already ugh",34,Male,US,Warehouse Supervisor,contact,people relationships,,,,,
1662,,,HaNTN,accepted,,,2026.03.12,2026.03.12,8.70%,,Alicia Harmon,"Ms. Renee Calloway
 church choir friend of mom's, not my aunt lol but basically family
 email first maybe: rcalloway.music@yahoo.com
 
 
 She offered to intro me to her cousin who runs piano lessons for kids.
 I said I'd call once school testing week is over.
 her number is +1 404-555-0317
 
 Need to ask if lessons are Tue or Thu evenings.
 Need to ask what she charges for 30 min vs full hour.
 Need to ask if she still teaches out of the Decatur house.
 
 - call after 4:15 pm
 - not on sunday mornings obv
 - remind her I'm Denise's daughter Alicia
 
 She has a sweet voice but I always blank on details, so wrote this down.
 also she said ""bring the old lesson books if you still got em""
 good contact to keep bc mom keeps asking whether I followed up yet",41,Female,US,Elementary School Teacher,contact,people relationships,,,,,
1663,,,HaNTN,accepted,,,2026.03.12,2026.03.12,9%,,DeShawn Pike,"Emergency-ish house note
 
 Marco Ruiz plumber guy from my neighbor Tasha
 +1 713-555-0442
 came by once in August when the kitchen sink backed up nasty
 he actually showed up on time which is rare tbh
 
 what I remember:
 1. prefers text w/ photo first
 2. does small jobs after 5 on weekdays
 3. cash or zelle, no checks
 
 email maybe for invoice: marcoruiz.plumbing@protonmail.com
 
 ask if he can also look at the guest bath slow drain
 dont forget to mention the condo gate code
 
 if calling, say ""Tasha from 9C gave me ur info""
 he has a bit of an accent so listen close, I wrote last time wrong
 good backup contact bc the building office ppl are useless
 save under Marco Plumbr? no, fix spelling later",38,Male,US,Bus Driver,contact,people relationships,,,,,
1664,,,HaNTN,accepted,,,2026.03.12,2026.03.12,4%,,Natalie Kerr,"Kayla Benitez
 bridal makeup artist rec from Sierra at the salon
 for my cousin's wedding weekend in Asheville, not mine!!
 
 +1 828-555-0576 is her cell
 IG handle maybe same as email? kayla.benitez.beauty@gmail.com
 
 
 Need to reach out by next Wed if we want trial spot.
 She said mornings book up first.
 Travel fee prob added if venue is outside downtown.
 
 little checklist:
 - ask if lashes are inclded
 - ask if she does 4 bridesmaids max or more
 - ask what time she'd arrive day-of
 - ask if airbrush is extra
 
 call after lunch, she said 1-3 is easiest before clients start rolling in
 met her once at Sierra's chair and she seemed super organized, not flaky
 keep this note bc cousin Megan will 100% ask me for the number again",27,Female,US,Marketing Coordinator,contact,people relationships,,,,,
1665,,,HaNTN,accepted,,,2026.03.12,2026.03.12,8.80%,,Melissa Grant,"Call Marisol Vega about sublet stuff before fri if I still want the place.
 Met her at Emma's bday, super nice but talks fast lol.
 +1 415-672-9084
 She said evenings are best, not during her shift.
 
 Need to ask if parking is inclded or street only.
 Also whether the little desk in the room stays.
 I keep forgetting this part.
 
 1) text first so I don't seem random
 2) ask about move-in date
 3) confirm pet fee bc she said ""small dogs prob ok""
 
 - backup email: marisolvega.home@gmail.com
 
 - check if utilites are split evenly
 - mention I work early so quiet matters
 
 If no answer by Sat, let it go and keep looking.",29,Female,US,Dental Hygienist,contact,people relationships,,,,,
1666,,,HaNTN,accepted,,,2026.03.12,2026.03.12,0%,,Trevor Haines,"Nate R. from the old gym - saved bc he knows a cheap mechanic and said to reach out if my Civic keeps making that weird clunk sound.
 Best number is +1 216-555-7843 and he actually picks up quicker before 8am.
 Don't call late, dude sleeps crazy early.
 
 Met him while waiting on the squat rack, then ran into him again at the gas station by Lorain.
 Said his cousin can prob look at brakes too.
 
 * ask if shop is open on Sunday
 * ask rough price, not ""full estimate""
 * remember to say blue Honda, 2017
 
 Email he scribbled on the receipt: nateroberts.cle@gmail.com
 
 He spells it Roberts, not Robertson, I messed that up once.
 
 Need this sorted before road trip next month.
 Seriously don't put it off again.
 
 If he doesn't answer, text short + polite.
 No giant paragraph.",34,Male,US,Warehouse Supervisor,contact,people relationships,,,,,
1667,,,HaNTN,accepted,,,2026.03.12,2026.03.12,3%,,Dana Whitmore,"Emergency-ish contacts for wedding cake mess bc I do not trust myself to remember any of this.
 
 • Priya Malek, bakery consult, met at farmer's market after tasting that lemon one
 • email: priyamalek.bakes@gmail.com
 
 • usually replies after lunch, around 1 or 2
 
 Then there's Tasha from the venue office
 +1 718-430-6612
 she's the one who said outside desserts are ""fine but needs form""
 
 1. ask Priya if she can do gluten free tier w/out almond
 2. ask Tasha which form exactly bc her last msg was kinda vauge
 3. don't forget headcount changed to 86 not 80
 
 Also maybe ask delivery window.
 I wrote 3pm before but I think setup starts earlier.
 
 Last note to self: breathe, this is fixable.",41,Female,US,Middle School Teacher,contact,people relationships,,,,,
1668,,,HaNTN,accepted,,,2026.03.12,2026.03.12,0%,,Jordan Pike,"Rosa Jimenez
 neighbor from apt 3B, the one with the orange cat and the extra key.
 Saved her contact after lockout in Jan bc she was legit a lifesaver.
 
 Don't bug her during clinic hrs.
 Best to call after 6:30.
 Email if it's building related: rosajimenez.homehelp@gmail.com
 
 
 +1 602-811-4479
 
 - ask if she still wants my old floor lamp
 - remind her HOA dude is coming Tues morning
 - see whether package for unit 2A is still by her door
 
 She prefers quick notes, not rambling voice msgs.
 I always ramble so watch that.
 
 If she invites me over, bring back the casserole dish finally.
 Been like... 2 weeks, maybe 3.",26,Male,US,Graphic Designer,contact,people relationships,,,,,
1669,,,HaNTN,accepted,,,2026.03.12,2026.03.12,12%,,Erin Calloway,"Contacts from the adoption fair today so I don't lose the paper flyer again.
 Went mainly for dog food coupons, left wanting to foster, wow.
 
 Ashley Pruitt - volunteer coord
 She said call tmrw morning if I'm serious about the beagle mix.
 Number: +1 919-364-2258
 
 Marcus Lee
 foster guy w/ the glasses, he had the calmer advice.
 said texting is easier than calls bc he's at work most days.
 +1 919-522-6401
 
 1) ask Ashley what the apartment pet ref form looks like
 2) text Marcus re crate size and how much barking is normal first week
 3) don't forget landlord email copy
 
 Both were really kind, not pushy at all.
 Call before noon, then leave it alone till evening.
 
 This could be the right time maybe.",38,Female,US,Payroll Specialist,contact,event,arts_crafts_hobbies,,,,
1670,,,HaNTN,reject,trung noi dung,,2026.03.12,2026.03.12,,,Marissa Doyle,"Jenna Morales
 +1 415-982-6043
 met her at the Oak St dog park when Benny slipped his leash again lol
 she does pet sitting + short notice walks
 best time to call = after 6:30 pm, not during her classes
 
 Also wrote down her email so I dont lose it again
 j.morales.sf@gmail.com
 
 
 Things to ask next time:
 1. weekend rate for 2 walks
 2. if she can do meds for Benny even tho he gets fussy
 3. holiday week availibility
 
 nice, talkative, has the brown corgi named Puck
 said text is easier first if I need same-day help
 backup note: she lives near Divisadero, so pickup would be easy",29,Female,US,Graphic Designer,contact,people relationships,,,,,
1671,,,HaNTN,accepted,,,2026.03.12,2026.03.12,4%,,Trevor Hanley,"for tax stuff - Daniel Ruiz CPA
 office line +1 312-555-7486
 cell maybe better +1 773-440-1908
 met thru Nina from work after I messed up my freelance forms last yr
 pretty sure he said dont call on Fridays bc client meetings all day
 
 - email: daniel.ruiz.cpa@gmail.com
 
 - ask abt quarterly payments for side gigs
 - bring 1099 from Harbor Media + mileage notes
 
 He was patient and didnt make me feel dumb abt the late filing thing
 Call in morning, like 8:15 to 9ish
 if no answer, leave vm slow bc his assistant checks it later
 
 IMPORTANT
 he said ""send docs before appt"" or it drags on forever
 note to self dont procrastnate again",41,Male,US,Warehouse Supervisor,contact,,,,,,
1672,,,HaNTN,accepted,,,2026.03.12,2026.03.12,6%,,Alicia Benton,"Emergency plumber maybe keep this where I can find it fast
 
 1) Marco Ellis - +1 602-884-3172
 2) work van says Desert Rooter, he came out during the kitchen leak in Feb
 3) not cheap but he actually showed up, which is rare tbh
 
 If the water heater acts weird again:
 - text first, he answers quicker than calls
 - mention ""townhome on Larkspur Ct""
 - ask if he still does after-hours
 
 second contact just in case
 shop: +1 480-731-6625
 front desk lady was kind of rushed but helpful
 email from invoice: marco.ellis.service@gmail.com
 
 
 Best window to reach him = before lunch
 avoid Sundays unless it's a real mess",36,Female,US,Elementary School Teacher,contact,people relationships,,,,,
1673,,,HaNTN,accepted,,,2026.03.12,2026.03.12,13%,,Devin Calloway,"Re: old guitar teacher / maybe lessons again
 Samir Patel, +1 917-643-2881, Brooklyn
 used to teach me blues stuff back when I could barely switch chords cleanly
 haven't talked to him in like 2 yrs so dont be weird when texting
 
 Hey Samir — this is Devin from the Wed night class at Mercer Music
 ask if he's still doing private sessions
 ask if weekends are open
 
 - also his email was on the reciept somewhere: samir.patel.music@gmail.com
 
 - pretty sure evenings after 5 are okay
 - dont call super late, he has kids
 
 why I saved this again:
 wanna get better before Maya's birthday party thing
 maybe have him help me learn 3 songs, not overdo it
 
 He was easygoing, no ego, explains stuff in normal people words",27,Male,US,Barista,contact,,,,,,
1674,,,HaNTN,accepted,,,2026.03.12,2026.03.12,2%,,Kendra Whitfield,"Need to keep these neighbor contacts straight bc I always forget who is in which unit
 
 Mrs. Paula Reed apt 3B
 phone: +1 214-508-9314
 she waters my plants when I'm out of town and texted me when that package got left downstairs
 prefers calls before 7 pm, after that she ""turns the ringer off""
 
 Ryan Cho apt 2A
 email first: ryancho84@gmail.com
 
 phone if urgent +1 469-771-2046
 he has the spare mailbox key and knows the building manager
 
 Quick reminders:
 1. thank Paula for the basil clippings
 2. ask Ryan abt the parking pass rules
 3. dont mix up their birthdays again wow
 
 both are nice, just different vibes
 Paula likes chatting, Ryan keeps it short + practical",33,Female,US,Dental Hygienist,contact,people relationships,,,,,
1675,,,HaNTN,accepted,,,2026.03.12,2026.03.12,14%,,Marissa Doyle,"Need to call Jane Ruiz tmrw abt the daycare waitlist.
 She said mornings are best before the front desk gets nuts.
 +1 415-782-6649
 Met her after the Oak Street parent tour in Feb.
 
 Also keep her work email here so I stop digging thru inbox:
 j.ruiz.familycare@gmail.com
 
 
 Ask 1) infant opening for August
 2) if they still do sibling discount
 3) whether tour papers got my deposit note
 
 Very nice, talks fast, sounded a little stressed but helpful.
 Do not call during nap window, she mentioned around 12:30-2ish is bad.
 
 If no answer, text first and say ""Marissa from Oak St tour"".
 Backup office line was scribbled on flyer: +1 415-993-1186",34,Female,US,Elementary School Teacher,contact,people relationships,,,,,
1676,,,HaNTN,accepted,,,2026.03.12,2026.03.12,14%,,Trevor Gaines,"plumber note - dont lose this again
 * Luis Mendoza
 * came by after the basement leak mess last Thurs
 * said he can probly patch pipe before full replace
 * cell: +1 773-640-2817
 
 best time to reach him = after 6pm bc he's on jobs all day
 email maybe faster for estimate copy:
 lmendoza.repairs@yahoo.com
 
 
 things to ask:
 - can he check water heater too
 - rough price before opening wall
 - if he takes Zelle or just card/cash
 
 left good impression, very chill, no overselling.
 Neighbor Kayla used him first so mention her name maybe.
 dont forget the address photo is in recents if he asks which house again.",41,Male,US,Auto Parts Sales Manager,contact,people relationships,,,,,
1677,,,HaNTN,accepted,,,2026.03.12,2026.03.12,7%,,Asha Whitmore,"1. Nia Patterson - photographer from Devin + Lila's wedding
 2. +1 404-555-7284
 3. backup email: niapshoots@outlook.com
 
 4. saved her bc I still need headshots for the clinic website
 
 She told me text is better than calling first.
 Then she'll send avail dates.
 Weekends are packed for her, weekdays after 4 are better.
 
 Stuff to mention:
 - need simple pics, no heavy editing
 - maybe one team shot too
 - budget was ""around 300ish"" not more pls
 
 I liked her vibe, super normal, not pushy.
 Remember she already saw my inspo board at the reception lol.
 
 If I dont hear back by Wed, try the studio line: +1 678-210-9433",29,Female,US,Dental Hygienist,contact,people relationships,,,,,
1678,,,HaNTN,accepted,,,2026.03.12,2026.03.12,3%,,Colin Mercer,"Evan Cole from the bike shop downtown
 +1 612-884-3016
 He fixed the Trek last summer when the chain kept slipping.
 Said to hit him up direct if I ever wanted a used commuter instead of buying new.
 
 I should call after lunch, he opens late on Mondays aparently.
 Maybe around 1:15.
 
 - ask if he still has that blue Cannondale in medium
 - ask whether tune-up is included or separate
 - ask if he'll hold it till payday Fri
 
 Email too: evancole.bikeworks@gmail.com
 
 
 friendly guy, beard, remembers customers weirdly well.
 dont ramble on phone, just say Colin with the green Trek.
 Alt shop number in case his cell mailbox is full: +1 952-440-6671
 Need this sorted before weather gets hotter.",37,Male,US,UX Designer,contact,people relationships,,,,,
1679,,,HaNTN,accepted,,,2026.03.12,2026.03.12,4%,,Danielle Price,"Random contact note bc I keep forgeting this lady's info
 
 Sabrina Holt
 pet sitter from my cousin Rachel's neighborhood in Tempe before she moved.
 
 Phone first: +1 602-718-4490
 Email: sabrina.holt.homehelp@gmail.com
 
 
 She watched Moose + Pepper over Thanksgiving and sent actual updates, which I loved.
 Not cheap but worth it tbh.
 
 When to reach her:
 1) evenings after 7
 2) or early Sat morning
 
 Need to ask if she does overnight at my apt or only drop-ins.
 Also whether she waters plants bc last time I forgot to ask lol.
 
 If she doesnt pick up, leave a voicemail slow bc her inbox transcription is awful.
 Old backup number from Rachel's text thread might still work: +1 480-233-8054
 Save under ""Sabrina pets"" this time, not just first name.",45,Female,US,Claims Adjuster,contact,people relationships,,,,,
1680,,,HaNTN,accepted,,,2026.03.12,2026.03.12,9%,,Avery Collins,"Met Jordan Pike from the building board mtg last Thurs, really knows the permit stuff.
 +1 312-555-8471
 Need to call him before 10am bc he starts site rounds early.
 Email: jordan.pike.arch@gmail.com
 
 He said text is better first if it's about the alley fence mess.
 
 1. ask about city form for rear stair repair
 2. confirm if he still has the roofer rec from Oak St job
 3. don't forget to mention unit 3 leak got worse again
 
 - friendly but kinda rushed
 - wears blue hard hat, works near West Loop a lot
 - met me after HOA meeting by the coffee urn lol
 
 If no answer, try email after lunch.
 Prob spelled his last name right?? maybe Pike / Pyke, check bus card.
 Save this bc I always lose random contractor contacts.",29,Female,US,Marketing Coordinator,contact,people relationships,,,,,
1681,,,HaNTN,accepted,,,2026.03.12,2026.03.12,5.80%,,Marcus Bennett,"Tanya Ruiz babysitter ref from Priya at church
 Sweet on the phone, said she's free most Fri nights.
 I should call around 6:30, not during daycare pickup.
 
 Phone for Tanya: +1 713-555-2964
 backup cell maybe her sister? +1 832-555-1408
 Email was smth like tanya.ruiz.family@outlook.com
 
 
 * ask if she'd watch Eli and Nora together
 * check rate for 4 hrs, maybe 5 if dinner runs long
 * ask if she's ok w our goofy lab barking at first
 
 Met her once at the spring fair, kids liked her right away.
 Lives over by Bellaire so not too far.
 She said no Sundays bc family dinner.
 
 Dont wait till last min again.
 Need dependable sittr, not another flake.",41,Male,US,High School Counselor,contact,people relationships,,,,,
1682,,,HaNTN,accepted,,,2026.03.12,2026.03.12,0%,,Nina Holloway,"Garage guy note before I forget.
 Ray Deluca helped jump the Subaru in Target parking lot, super nice and knew alternator was prob going bad.
 
 - shop name: Deluca Auto & Tire
 - says mornings are less packed
 - call before bringing car in
 
 1) front desk: +1 602-555-7319
 2) Ray's direct cell if urgent: +1 480-555-6623
 3) email invoices to: raydeluca.service@yahoo.com
 
 
 Ask about battery + belt bundle deal.
 He mentioned he can prob squeeze me in Wed if I remind him I was the red Subaru girl.
 
 Also ask if they do oil change same visit.
 Shop near Camelback, next to the donut place w the pink sign.
 His handwriting was terrible so double check Deluca vs DeLuca.
 
 Do not call during lunch, he said 12:30-1:30 is chaos there.",35,Female,US,Dental Hygienist,contact,people relationships,,,,,
1683,,,HaNTN,accepted,,,2026.03.12,2026.03.12,0%,,Caleb Foster,"Re: new insurance broker contact from work softball game
 
 Melissa Kwon
 email first if it's about paperwork: mkwon.coverage@protonmail.com
 
 then maybe call later
 +1 404-555-9182
 
 She does renter + auto bundles, not pushy which was nice.
 I told her I hate long sales calls and she laughed.
 
 • best time = after 4pm
 • mention the Hyundai claim from last yr
 • ask if she can quote w pet coverage add-on
 • she said texting docs is fine but prob safer by email
 
 Met at Ben's team thing in Decatur, she was there w her cousin.
 Dont mix her up w Marissa from payroll.
 Need this sorted before policy renews next month.
 
 If she doesn't pick up, leave vm slow bc she said reception gets weird in her office.",27,Male,US,Warehouse Supervisor,contact,people relationships,,,,,
1684,,,HaNTN,accepted,,,2026.03.12,2026.03.12,1%,,Elena Ramirez,"Mom's friend contact for cake stuff bc I def cant bake for Sofia's grad dinner.
 Keisha Morgan does small event cakes from home, saw pics and they looked sooo good.
 
 +1 917-555-2840 is her main number
 Alt WhatsApp-ish line maybe only weekends: +1 646-555-9035
 
 1. ask if she can do lemon w raspberry filling
 2. check pickup for Sat morning, not afternoon heat
 3. remind her ""Maria's daughter graduation"" so she knows the referral
 
 - email: keishabakesbk@gmail.com
 
 - located in Brooklyn, near Flatbush
 - said she needs final headcount before pricing extras
 
 She prefers notes by text, calls only if urgent.
 Don't contact too late, she puts kids to bed early.
 
 Met her after church brunch and she wrote everything on a napkin lol.
 I should send inspo pic, but keep it simple not fussy.
 Need to lock this in by Tues or I'm cooked.",52,Female,US,Public Library Assistant,contact,people relationships,,,,,
1685,,,HaNTN,accepted,,,2026.03.12,2026.03.12,14%,,Marissa Cole,"dentist rec from Janelle for crown quote
 Dr. Aaron Pike
 +1 312-555-4186
 office in Oak Park, kinda hard to park there
 call tues or thurs after 2 bc receptionist actually answers then
 
 he said he can squeeze me in before end of month if I mention Janelle C.
 email: aaron.pike.dds@gmail.com
 
 dont forget to ask abt payment plan + night guard too
 
 backup number from card
 1. front desk +1 708-555-2641
 2. text only if running late
 3. last time they called around 9:15am
 
 seems nice, talks fast tho
 saved bc old dentist keeps rescheduing me
 bring xrays if I can find them",34,Female,US,Elementary School Teacher,contact,people relationships,,,,,
1686,,,HaNTN,accepted,,,2026.03.12,2026.03.12,9%,,Trevor Haines,"- Ramon Vega, handyman from downstairs neighbor
 - fixed the leaky kitchen pipe last winter, did ok work just a lil slow
 - best to call in the evening, not mornings, he’s usually on jobsites
 - +1 646-555-9032
 
 Need him again for the bathroom fan making that weird rattling sound.
 Also ask if he still does small paint touchups bc hallway wall looks bad.
 
 * wife books some of his appts: Elena
 * Elena cell +1 917-555-4820
 * dont text after 8:30, neighbor said they hate late msgs
 
 1. ask rough price first
 2. ask if he brings his own ladder
 3. mention apt 4B so he remembers
 
 saved this bc mgmt takes forever and Ramon is way quicker, even if kinda chatty",42,Male,US,Auto Parts Sales Rep,contact,people relationships,,,,,
1687,,,HaNTN,accepted,,,2026.03.12,2026.03.12,12%,,Kiara Benton,"Need to reach the foster dog lady again before friday.
 Her name is Denise Harper from the adoption fair in Tempe.
 super patient, remembered Mochi right away.
 
 phone first: +1 480-555-7714
 email if she doesnt pick up: denise.harper.azhomes@gmail.com
 
 call around lunch bc she said mornings are chaos w/ vet dropoffs
 
 stuff to ask her:
 - is Mochi ok w/ cats for real, not just maybe
 - how much the starter supplies cost
 - whether pickup can be saturday instead of sunday
 
 extra contact from flyer
 1) rescue office +1 602-555-1158
 2) ask for Denise or Kay
 
 saved bc I really dont wanna lose this dog over me forgetting to call back again
 also spell Harper right this time, I wrote Haprper before",27,Female,US,Barista,contact,people relationships,,,,,
1688,,,HaNTN,accepted,,,2026.03.12,2026.03.12,10%,,Nolan Reeves,"Marcus Bell
 college roommate's cousin, does freelance tax prep on the side
 +1 404-555-6307
 
 I saved him after bbq at Devin's place bc he explained the 1099 thing in normal english.
 I need to call before April rush hits or he'll be booked up again.
 He said weekends are messy but weekday nights are fine.
 
 Notes:
 1. text first, dont random call
 2. say I'm the guy with rideshare + side design income
 3. ask if he can look at 2024 and 2025 both
 
 backup email
 marcusbell.taxhelp@yahoo.com
 
 
 other number on his card maybe office line maybe not
 - +1 770-555-2984
 - if no answer leave short voicemail, he hates long ones lol
 
 keep this bc I always forget who actually knows taxes vs just pretends",31,Male,US,Warehouse Supervisor,contact,people relationships,,,,,
1689,,,HaNTN,accepted,,,2026.03.12,2026.03.12,7%,,Danielle Morse,"Contact for Mom's rehab ride situation
 
 Sonia Ellis from community transport desk
 sweet voice, called me back twice when insurance was being annoying
 main line +1 215-555-8673
 direct ext maybe not direct? +1 267-555-4419
 
 Best time to reach her:
 - after 10am
 - before her lunch at 1
 - not mondays if possible bc she said it's nuts
 
 Need to confirm:
 1. pickup address is the Maple St entrance, not the ER side
 2. whether they can take folding walker
 3. if next Wed return trip can be wait-and-return
 
 email from her signature:
 sonia.ellis.transitdesk@protonmail.com
 
 
 keeping this note bc I keep mixing her up with Sandra and then calling the wrong number, ugh
 she helped us in Feb after the snow mess so def keep",56,Female,US,Payroll Specialist,contact,people relationships,,,,,
1690,,,HaNTN,accepted,,,2026.03.12,2026.03.12,3%,,Marissa Doyle,"Nathan from old apt building super - +1 212-555-4817
 saved bc he still has the spare mailbox key + knows the buzzer code thing
 don't call before 9am, he gets grumpy lol
 Best to text first and say it's Marissa from 4B
 
 He fixed the leak under my sink last winter
 said if I ever need the plumber's name again just ask
 also knows where my blue toolbox prob ended up
 
 - alt work cell maybe: +1 646-555-9032
 - email: nathan.ruiz.buildinghelp@gmail.com
 
 - usually replies faster on weekdays
 
 1. ask abt mailbox key
 2. ask if pkg from Target was left in basement
 3. maybe venmo him for the trouble bc he was nice abt it
 
 note to self: dont forget he spells it Nathan not Nathan lol",34,Female,US,Floral Designer,contact,people relationships,,,,,
1691,,,HaNTN,accepted,,,2026.03.12,2026.03.12,1%,,Trevor McCall,"=+1 415-555-7724 Jamie L. Harper
 met her at the saturday dog park in Oakland when Baxter slipped his leash
 she grabbed him before he ran into the street, still owe her coffee tbh
 
 Call after lunch, around 1:30 or 2ish is better
 she said mornings are chaos bc of clinic rounds
 
 * vet tech at East Bay Pet Care
 * knows a cheaper place for dog teeth cleaning
 * maybe ask about the grain-free food brand she wrote down
 
 Email too: jamie.harper.petnotes@gmail.com
 
 
 Need this in order:
 1) thank her again for helping with Baxter
 2) ask if she can rec the trainer in Alameda
 3) check if her brother still boards dogs on hollidays
 
 don't ramble, keep it short bc she sounded super busy last time",29,Male,US,Warehouse Supervisor,contact,people relationships,,,,,
1692,,,HaNTN,accepted,,,2026.03.12,2026.03.12,0%,,Denise Holloway,"Call mom's cousin Renee if I need the church hall contact again
 she handled all the stuff after Aunt Bev's repast and has everybody's numbers somehow
 
 Name: Renee Walker
 usually in St. Louis but travels back n forth a lot
 main phone is saved weird in my contacts so writing it here: +1 314-555-2681
 
 She told me NOT to ring after 8:30pm bc her husband goes to bed crazy early
 text works better if I mention Denise/Holloway side of fam
 
 - backup number from her business card: +1 636-555-1140
 - email for hall rental questions: renewalker.events@gmail.com
 
 - ask her about folding tables too
 
 little reminders:
 1. she talks fast, keep pen ready
 2. confirm deposit amount
 3. ask if June 14 is still open
 
 important: she's sweet but I always mix up her name w/ Regina, dont do that again",46,Female,US,High School Counselor,contact,people relationships,,,,,
1693,,,HaNTN,reject,trung format,,2026.03.12,2026.03.12,,,Caleb Stroud,"For the car stuff, reach out to Luis Moreno from the body shop
 
 met him when the fender got scraped in the Kroger parking lot
 he wasn't pushy and actually told me what NOT to fix yet, which was helpful
 phone: +1 713-555-6029
 
 He said txt pics first before bringing the truck in
 best days are Tue or Thu, not monday bc shop gets slammed
 
 • shop line maybe still works: +1 281-555-4478
 • email: lmoreno.paintandframe@gmail.com
 
 • located off Beechnut, near that tire place w the faded sign
 
 Need answers on 3 things:
 1. rough price for repainting rear panel
 2. how long he'd need the truck
 3. whether he knows a windshield guy too
 
 reminder to self
 say I'm the guy w the gray Tacoma, not ""toytoa"" lol
 and ask if cash gets a small discount maybe",38,Male,US,HVAC Technician,contact,people relationships,,,,,
1694,,,HaNTN,accepted,,,2026.03.12,2026.03.12,3%,,Aisha Benton,"Emergency-ish babysitter backup note
 Molly Chen +1 718-555-3904
 
 neighbor from 2 floors down, watched Ali once when daycare closed bc of snow
 super calm, kid liked her right away, brought coloring books even
 
 Text before calling unless it's last-minute last-minute
 she teaches piano lessons after 4 so evenings can be hit or miss
 
 other ways to reach her:
 - email: mollychen.lessons@gmail.com
 
 - sister's number she gave me for urgent pickup swaps: +1 917-555-8456
 
 Things to mention if asking again:
 1. Ali is allergic to peanuts so send snacks myself
 2. bedtime is 8:15, not 8:45, I always write it wrong
 3. pay her right away, dont ""do it later""
 
 she said weekends are easier, esp sunday afternoons
 saved this here bc her contact got burried in my phone somehow",31,Female,US,Product Manager,contact,people relationships,,,,,
1695,,,HaNTN,accepted,,,2026.03.12,2026.03.12,9%,,Marissa Cole,"Olivia Grant - new dog sitter from the park, golden retriever named Maple liked her right away
 +1 415-682-9043
 text first, dont call before 9 bc she does school dropoff
 
 met her last Sat near the little fountain by Oak St
 said she can do weekday walks if I give 1 day heads-up
 email: olivia.grant.northbay@gmail.com
 
 
 things to ask next time:
 1) rate for 30 min vs 1 hr
 2) can she do Memorial Day wknd
 3) does she bring treats or should I pack them
 
 - seemed super calm, Maple didnt even bark lol
 - remind her gate code is still sticky
 - maybe ask abt cat visits too for Mrs. Lin upstairs
 
 backup if she doesnt reply by Thurs: check Rover again",31,Female,US,Floral Designer,contact,people relationships,,,,,
1696,,,HaNTN,accepted,,,2026.03.12,2026.03.12,16%,,Devin Harper,"Need to keep this straight for the house stuff
 
 * Logan Ortega - plumber my cousin used, fixed her water heater fast
 * best time to ring him: after 7:30 pm bc he’s on jobs all day
 * +1 602-771-3488
 
 Also maybe his helper? wrote this down messy:
 • Mateo cell +1 480-913-2257
 • said “text photos first” so they know if its pipe or faucet thing
 
 address note for me only:
 1. leak is under kitchen sink, left side worse
 2. mention the weird metal smell
 3. ask if they can come Friday morning before I leave for work
 
 email from the reciept was logan.ortega.phx@yahoo.com
 
 dont forget he said cash is cheaper, kinda awkward but noted
 neighbor Tara said he was late once, still did good work tho",44,Male,US,High School Counselor,contact,people relationships,,,,,
1697,,,HaNTN,accepted,,,2026.03.12,2026.03.12,8%,,Kiara Benson,"Renee Patel
 bridal makeup artist from Tasha’s wedding in Brooklyn, saved bc mine might book up too fast
 IG handle was easy to find but I wanted the actual contact here
 phone: +1 917-554-6812
 
 she told me to send inspo pics on Sunday, not Monday mornings
 email - reneepatel.artistry@gmail.com
 
 works out of Queens but can travel into Manhattan for early ceremonies
 
 quick qs for her:
 - airbrush or regular? my skin gets dryyy
 - lashes included or extra
 - how much for mom + auntie added last min
 
 2nd person if Renee is booked:
 1) Dani Flores
 2) +1 646-208-7754
 3) only does soft glam, probly not enough for reception look
 
 remember: ask about deposit policy before getting too excited",27,Female,US,Paralegal,contact,event,traditions celebrations,,,,
1698,,,HaNTN,accepted,,,2026.03.12,2026.03.12,2%,,Scott Holloway,"random contact note so I stop losing scraps of paper
 
 Drake Mullins / fence guy
 +1 816-347-5921
 came by after church when Jim next door recomended him
 looked at the back gate that wont shut right since the storm
 
 said call, dont text, bc his phone is “ancient” lol
 but his daughter handles email sometimes: mullinsfenceco@outlook.com
 
 
 what I need done:
 1) hinge replace on gate
 2) quote for full south side panel
 3) ask if cedar price went up again
 
 - maybe mention the dog escapes through the bottom gap
 - ask for rough timeline before HOA starts nagging
 
 backup name from hardware store:
 Tom Keever +1 913-440-1186
 only if Drake ghosts me by Tues afternoon",52,Male,US,Insurance Adjuster,contact,people relationships,,,,,
1699,,,HaNTN,accepted,,,2026.03.12,2026.03.12,3%,,Elena Russo,"Contacts from the community center volunteer fair
 dont mix them up this time
 
 Asha Freeman - runs the after-school art room on Wed
 email first pls: ashafreeman.artclub@gmail.com
 
 her number is +1 404-628-3071
 saved bc she asked if I could help with the spring mural project
 
 Notes:
 • call after 5:15 when classes are done
 • bring up the paint donation from Midtown Supply
 • she said the kids loved collage + street map stuff
 
 Second contact on same sheet:
 1. Marcus Bell, front desk coordnator
 2. +1 678-245-9906
 3. only use if Asha doesnt answer or building is locked
 
 tiny reminder to self — Asha was the one with green glasses, super nice, talked fast, maybe a little scattered but in a good way",35,Female,US,Museum Educator,contact,event,school_college_life,,,,
1700,,,HaNTN,accepted,,,2026.03.12,2026.03.12,7%,,Marissa Cole,"Need to keep this so I stop digging thru old texts again.
 Andre Vega from the dryer repair place finally called back.
 +1 312-555-0487
 Met him when Mrs. Larkin upstairs gave me his number after mine started making that awful clunking noise.
 Email: andre.vega.repairs@gmail.com
 
 Best time to call is after 4:30 bc he said he's on jobs all day.
 He comes out to Cloak Park on Thursdays mostly.
 - ask if he can check the vent too
 - remind him the dryer is a Whirlpool, maybe 2019? not 100% sure
 - cash or Zelle?? forgot to ask
 1. mention the burning smell happened only once
 2. tell him I work from home Fri so morning is better
 Also save backup contact from the shop in case Andre doesnt answer.
 Front desk: +1 708-555-2314
 lady there sounded nice, maybe named Kendra or Keila.
 dont call before 8am, they were kinda short w me last time lol
 If this gets fixed this week, send thank-you note to Mrs. Larkin for the referal",34,Female,US,UX Designer,contact,people relationships,,,,,
1701,,,HaNTN,accepted,,,2026.03.12,2026.03.12,13%,,Raymond Pruitt,"Marcus Hill soccer ref from Jayden's weekend league
 said to text, not call first: +1 404-555-6621
 I saved him bc the practice field changed twice and nobody told parents till last sec.
 Usually answers around lunch or late night after games.
 * ask which field for Sat U12 match
 * ask if kids need white socks again
 * ask abt rain delay rules bc weather looks weird
 His email is mhill.refsched@yahoo.com
 
 Met him by the concession stand, tall guy in the red cap, super fast talker.
 Backup person from league office below
 2) Carla in scheduling
 league cell: +1 678-555-9073
 she told me Fridays are chaos so maybe contact Thurs evening instead.
 Need this note bc I always mix up Marcus w Coach Mark.
 Jayden's team is Eastside Strikers, game usually around 9ish.
 If no reply by Friday 7pm, just text both and be done w it.",42,Male,US,Warehouse Supervisor,contact,people relationships,,,,,
1702,,,HaNTN,accepted,,,2026.03.12,2026.03.12,2%,,Elena Whitaker,"Contacts for the catering mess before Nina's engagement dinner
 
 Do NOT lose Monica's info again.
 Monica Perez - Blue Table Catering
 email first if it's not urgent: monicaperez.events@outlook.com
 
 Her direct line is +1 915-555-1846
 She helped at Tasha's baby shower last spring, brought extra trays w no fuss.
 I need to ask whether she can do gluten-free + one no-dairy plate for Aunt Bev.
 - call window she gave me: 10 to 11:30am
 - tell her est. 18 ppl, maybe 20 if cousins show
 - ask for simple flower setup too, maybe white only
 
 Second person just in case:
 1. Luis at Desert Bloom Rentals
 2. +1 915-555-7312
 3. chairs / linens / maybe heaters if patio gets cold
 I only met him for like 5 min but he was easygoing and not pushy.
 He said texting pics of the backyard is faster than explaining it badly.
 Remember Nina hates blush pink so dont let anybody ""surprise"" decorate.",29,Female,US,Elementary School Teacher,contact,people relationships,,,,,
1703,,,HaNTN,reject,trung format,,2026.03.12,2026.03.12,15%,,Devin Mercer,"random but important contacts from the used car hunt
 dont trust my memory on any of this
 First guy: Ben Russo
 works at that small lot off Route 46, not the giant dealership one.
 +1 973-555-2954
 He called abt the blue Civic, 82k miles, sounded honest-ish.
 said evenings after 6 are easiest bc he's covering front desk before that.
 - ask if carfax is clean for real
 - ask why two owners in only 4 years
 - ask if the tire light was fixed or just reset lol
 Email from his card: ben.russo.auto@gmail.com
 
 Second contact is my cousin's mechanic friend, for a quick opinion before I buy.
 Rico Alvarez
 text only: +1 862-555-6408
 he owes Luis a favor so maybe he'll look at it cheap.
 1. send VIN to Rico first
 2. dont mention budget right away
 3. if both say no, walk away and stop being impatient
 I always get talked into shiny stuff, write that down too.",37,Male,US,High School Counselor,contact,people relationships,,,,,
1704,,,HaNTN,accepted,,,2026.03.12,2026.03.12,5%,,Kiara Bennett,"For community garden stuff + apartment emergency backup
 I keep meaning to save this cleaner and then forgetting.
 Sonia Reed from Maple St garden board
 Met her at the seed swap, she remembered my tomato problem from last summer which was kinda sweet.
 garden phone tree number: +1 216-555-5118
 She said use that one for schedule updates, not her personal unless urgent.
 personal cell though: +1 440-555-8823
 Best to reach her after her nursing shift, so around 7:15pm.
 - ask when plot fees are due
 - ask if kids can come to the Sat cleanup
 - check if there's still a compost key available
 Her email is sonia.reed.cleveland@mail.com
 
 Also adding Mr. Han from downstairs bc he offered help if the radiator acts up again.
 Mr Han cell: +1 216-555-1439
 He fixed the valve noise once with just a wrench, total lifesaver.
 1. dont call him crazy late
 2. bring him banana bread next time
 3. spell his last name right, I think it's Han not Hahn
 keeping all this here bc my contacts app is a hot mess rn",31,Female,US,Dental Hygienist,contact,people relationships,,,,,
1705,,,HaNTN,accepted,,,2026.03.12,2026.03.12,3.70%,,Alyssa Moreno,"Megan Ortiz - dog sitter from my bldg, 3rd floor.
 +1 415-728-3096
 met her when she helped grab Bonny after he slipped the leash lol.
 She said texts are better first bc she's usualy walking dogs.
 
 Need to ask if she can do Fri night + Sat morning next weekend.
 don't call before 8am, she gets grumpy abt that.
 
 - has spare key copy from last winter
 - owes me pic updates if Benny stays over
 - Venmo after, dont forget tip this time
 
 If no answer, wait till lunch break around 12:30.
 Her roomate also helps sometimes but Megan is the main one.
 ask abt holiday rates bc Dec was kinda pricey.
 
 Backup note: she likes when I send feeding stuff in one text, not 5 seperate ones.",29,Female,US,Graphic Designer,contact,people relationships,,,,,
1706,,,HaNTN,accepted,,,2026.03.12,2026.03.12,4%,,Trevor Haines,"1) Leo Carmichael, old auto body guy my cousin recommended for the Civic scrape.
 shop line first: +1 313-555-4827
 2) personal cell maybe faster: +1 313-904-1186
 
 He looked at the bumper in March outside the grocery lot and said he could probly buff most of it out cheap.
 Call after 4:15 bc he works the floor till then.
 Don't bring up insurance right away, he said cash quote is easier.
 
 Need to ask:
 - how long he'd need the car
 - if he can match the silver paint close enough
 - whether Saturday dropoff is okay
 
 He talks kinda fast so write down price while on phone.
 Nice guy, just a little all over the place.
 
 If both numbers fail, try the shop next Tues.
 remember this is the dude with the black lab named Moose.",41,Male,US,Warehouse Supervisor,contact,people relationships,,,,,
1707,,,HaNTN,accepted,,,2026.03.12,2026.03.12,0%,,Nia Calloway,"Call Jasmine Reed tomrrow eve, not during school pickup.
 She's Maya's 4th grade teacher and also the one who mentioned the reading tutor.
 I saved her bc she said to reach out if Maya keeps mixing letters when she's tired.
 
 Best number is +1 404-661-2753.
 Email too in case voicemail is full: jreed.familyhelp@gmail.com
 
 
 I wanna ask whether Tues or Thurs is better for that after-school reading group.
 Also ask if Maya seemed more focused this week or if I'm imagining it.
 
 * be polite, she stayed late at conference night
 * mention the workbook pages we finised at home
 * ask cost before agreeing to anything
 
 Do not call before 6, she said afternoons are chaos.
 She was super kind at parent night, kinda scattered but sweet.
 
 note to self: spell her last name right this time, I wrote Read before ugh.",36,Female,US,Dental Hygienist,contact,event,school_college_life,,,,
1708,,,HaNTN,accepted,,,2026.03.12,2026.03.12,10%,,Marcus Ellison,"Erin Pike
 neighbor from unit 2B who knows all the landlord stuff and had the pest control guy's direct number.
 
 Need her contact bc the kitchen sink leak came back and management is ghosting ppl again.
 text first: +1 602-817-6441
 
 why saved:
 she helped me shut the water valve last summer
 she also said her brother is a plumber if emergency gets worse
 
 Things to ask when I reach out:
 1. did the office ever reimburse her for the mold cleanup
 2. name of the after-hours maintenance person
 3. if Thurs night is okay to compare photos / damage
 
 She works nights at the hospital so don't ring her bell in daytime, duh.
 Best window is around 7:30pm.
 
 bring up the weird smell under sink too, not just the drip.
 she spells it Erin not Aaron, keep messing that up.",33,Male,US,High School Counselor,contact,people relationships,,,,,
1709,,,HaNTN,accepted,,,2026.03.12,2026.03.12,16%,,Danielle Foster,"Contacts from bridal expo, keep these straight bc I mixed the cards up.
 
 • Tessa Bloom - florist, does smaller weddings and said she can reuse aisle pieces for reception tables.
 best cell +1 206-772-5914
 call on Monday, not weekends bc she's at events all day.
 
 • Owen Harper - photographer my sister actualy liked, more candid style, less cheesy poses.
 +1 206-410-8832
 email: owenharper.frames@gmail.com
 
 said sunset engagement shoot is included only on some packages.
 
 Need to ask both abt Sept 18 availibility before putting deposit anywhere.
 
 Questions:
 - travel fee outside Seattle?
 - payment plan or all upfront
 - how fast they reply during busy season
 
 Tessa wore green boots, Owen had the film camera on the table.
 Don't forget: call after lunch so I sound awake + organized-ish.",27,Female,US,Marketing Coordinator,contact,event,traditions celebrations,,,,
1710,,,HaNTN,accepted,,,2026.03.12,2026.03.12,0%,,Marissa Cole,"Jake from old apt bldg maintenance - +1 312-555-0187
 saved bc he said to call direct if the sink acts up again
 usually awake early, best before 8:30am
 
 met him last Tues when he fixed the hall leak.
 nice guy, talks fast, wears the red Sox cap.
 do not call during lunch, he sounded kinda annoyed then.
 
 1. ask about bathroom fan noise
 2. ask if parking sticker was mailed yet
 3. mention the kitchen faucet still drips a little
 
 - backup email: jake.moreno.chi@gmail.com
 
 - said texting is fine if it's not urgent
 - if no answer, leave unit # clearly bc he forgets names
 
 Need this done before mom visits friday.",29,Female,US,Elementary School Teacher,contact,people relationships,,,,,
1711,,,HaNTN,reject,,,2026.03.12,2026.03.12,,,Darren Whitfield,"=+1 404-555-0142 Tanya P. from the dog groomer
 dont lose this again
 she squeezed in Milo last month after i missed the appmnt
 
 Call after 10, not super early.
 She said mondays are less nuts at the shop.
 
 * Tanya Price
 * Peach Grove Pet Spa near Decatur
 * remembers Milo is scared of the dryer noise
 
 1) ask for nail trim only maybe
 2) check price for bath + ears
 3) ask if she still does late pickups on Thurs
 
 email she wrote on the reciept: tanyaprice.petcare@yahoo.com
 
 if she doesnt answer, text first bc she's with dogs most of the day
 
 very helpful, a little scatterbrained but sweet.",41,Male,US,Auto Claims Adjuster,contact,people relationships,,,,,
1712,,,HaNTN,reject,trung format,,2026.03.12,2026.03.12,,,Kiara Benson,"Reggie Hall - cousin's friend from church, does side jobs w moving stuff
 
 I saved him bc he helped haul my dresser up 3 flights and didnt complain once.
 might need him again when lease is up in Aug.
 phone: +1 615-555-0176
 
 He said evenings are better since he drives for delivery in the daytime.
 prob text first, he answers calls weird lol.
 
 - truck is ""not huge huge"" but fits a mattress
 - cash or Venmo, ask ahead so it's not awkard
 - knows uncle Terrell so mention family
 
 1. ask rate for 2 hr min
 2. see if his brother still helps
 3. remember to ask about dolly/cart
 
 alt email from his card: reggiehall.moves@gmail.com
 
 seems reliable, just spells my name wrong every time.",26,Female,US,Barista,contact,people relationships,,,,,
1713,,,HaNTN,accepted,,,2026.03.12,2026.03.12,,,Nolan Pierce,"Mrs. Elena Vargas from community college fin aid office
 email first if it's not urgent: elena.vargas.aid@outlook.com
 
 
 her direct line is +1 602-555-0129
 saved bc she actually explained the grant mess in plain english.
 call window she gave me: 1:30 to 4pm Arizona time.
 
 Do not ramble, have student ID ready.
 She hates when ppl ""just vent"" and dont have docs.
 
 1. ask whether summer units count
 2. check if income form was uploaded right
 3. ask about deadline i maybe wrote down wrong
 
 - met her after orientation, green glasses
 - said voicemail is okay but speak slooowly
 - if no reply in 2 days, send follow-up w subject line + student ID
 
 super sharp, kinda stern, but she got things fixed.",33,Male,US,Warehouse Supervisor,contact,people relationships,,,,,
1714,,,HaNTN,accepted,,,2026.03.12,2026.03.12,3%,,Bethany Russo,"Keep this contact for later: Maya Lin, wedding florist my coworker used
 
 She answered a bunch of random qustions even though I wasnt booking yet.
 very calm voice, not pushy, which i apreciated.
 
 best # to reach her: +1 718-555-0164
 texting works better than calling on Saturdays.
 
 * does smaller weddings too, not only fancy huge ones
 * based in Brooklyn but said she can come to Jersey City
 * likes inspo pics sent ahead
 
 1. ask about white/green only bouquet pricing
 2. ask if candles are included or not
 3. ask how far ahead deposit is due
 
 site email from her brochure: mayalinblooms@gmail.com
 
 saved bc i will 100% forget who recommended her if I wait.",38,Female,US,Payroll Specialist,contact,people relationships,,,,,
1715,,,HaNTN,accepted,,,2026.03.12,2026.03.12,6%,,Marissa Cole,"Jay Mendez +1 415-728-9034
 met him at the apt leasing office tues, he said call after 6 bc front desk is chaos before then
 need to ask if pkg from mom got left in mail room again
 
 also has alt # from his work cell
 +1 628-441-7752
 dont ring that one unless urgent urgent
 
 things to mention:
 - gate code still not working for food delivery
 - washer on 3rd floor keeps eatting quarters
 - he said he'd text the vendor name for locksmith
 
 email maybe easier if he doesnt pick up:
 jay.mendez.bayside@gmail.com
 
 
 call script so i dont blank:
 “hi Jay, it's Marissa from 2B, just checking the package + laundry thing”
 
 he was nice, kinda fast talker tho
 try wed eve instead of morning",29,Female,US,Floral Designer,contact,people relationships,,,,,
1716,,,HaNTN,accepted,,,2026.03.12,2026.03.12,5%,,Trevor Haines,"1) Rosa Ellery, old piano teacher from Tacoma visit last fall
 2) +1 206-593-1847
 3) text first, dont just call, she hates random ringing during lessons
 4) ask if she still wants the blue metronome i found in garage
 5) her niece might want beginner books too
 
 email I wrote on reciept: rosa.ellery.music@protonmail.com
 
 
 couple things not to forget
 * met at St Mark's recital, she remembered dad somehow
 * best time = fri after 3:30 pacific
 * she mentioned knee acting up so maybe offer to drop stuff off
 
 backup note
 if no reply by next week, send pic of the metronome first
 dont ramble
 just ask simple: still teaching? still at same studio?",41,Male,US,High School Counselor,contact,people relationships,,,,,
1717,,,HaNTN,accepted,,,2026.03.12,2026.03.12,13%,,Denise Whitaker,"plumber rec from Tasha — Ben L. fixed the sink under kitchen last month, super quick
 +1 917-440-2861
 saved bc bathroom pipe is making that clunk noise agian
 
 said mornings are bad, usually free after 1ish
 works around Queens + Brooklyn mostly
 
 Ben Larkin
 benlarkin.homefix@mail.com
 
 
 - ask est. price before he comes, last time I forgot and felt dumb
 - mention apt 4C buzzer is broken so text when outside
 - maybe also ask about low water pressure in shower
 
 other contact from same convo:
 parts supplier he uses maybe? ""Mikey""
 +1 347-812-6649
 only call that if Ben says he cant get the faucet cartridge
 
 note to self: Tasha said Ben talks rough but does solid work",36,Female,US,Restaurant Manager,contact,people relationships,,,,,
1718,,,HaNTN,accepted,,,2026.03.12,2026.03.12,1%,,Owen Barrett,"Need this all in one spot before i lose the sticky note again
 
 Nina Park - daycare parent from the library story hour, she offered sitter recs when Lila had that meltdown by the train table
 
 best # +1 312-660-1948
 usually answers text faster than calls
 
 other way to reach her:
 nina.park.chi@outlook.com
 
 
 what i need from her:
 • name of the weekend babysitter she trusts
 • whether sitter is ok w/ dogs
 • rate per hr, and if late night is extra
 
 important:
 call after 7:15 once her twins are asleep
 don't call saturday morning bc soccer + groceries or whatever she said
 
 if convo goes well, ask abt that preschool open house too
 she seemed really genuin, not salesy",33,Male,US,Transit Planner,contact,people relationships,,,,,
1719,,,HaNTN,accepted,,,2026.03.12,2026.03.12,2%,,Kendra Bishop,"Contacts from the community garden board, writing messy so i remember who is who
 
 Ari Nolan
 volunteer coord, helped me get the extra tomato cages in July
 email first if its not urgent: ari.nolan.garden@fastmail.com
 
 
 cell at the end bc i always scroll for it
 notes before that:
 - usually at the plots sun morning
 - knows who has spare compost bins
 - ask abt waitlist for plot 18 transfer
 - remind him i was the one with the basil seedlings, not “Kathy” lol
 
 second contact in same note:
 Mrs. DeShawn Price, neighbor from unit 5
 +1 404-731-5520
 only saved bc she collects mail when i'm out of town and knows Ari too
 
 Ari's number:
 +1 470-229-6183
 call after lunch, not early, he said he's not human before coffee",52,Female,US,Insurance Claims Adjuster,contact,people relationships,,,,,
1720,,,HaNTN,reject,trung noi dung,,2026.03.12,2026.03.12,,,Marissa Holt,"forgot where I put Jenna's new number again
 met her at the dog park by Lake Eola when Bean stole her tennis ball lol
 Jenna Morales
 +1 407-555-1826
 best time to call = after 6:30 pm, not during clinic hrs
 works at the vet place on Orange Ave
 said she knows a cheaper groomer too, ask abt that
 email she gave me: jmorales.petcare@gmail.com
 
 need to txt first bc she hates random calls
 
 also save this:
 - her roommate Kayla might answer from Jenna's old phone
 - if Bean's rash comes back, ask what shampoo she mentioned
 - she said Sat mornings are easiest
 
 don't forget she was super nice + offered the pet sitter contact if we travel",29,Female,US,Bakery Supervisor,contact,,,,,,
1721,,,HaNTN,accepted,,,2026.03.12,2026.03.12,6%,,Trevor Gaines,"1. Rob from the building office - +1 312-555-9044
 2. met him after the elevator got stuck last Tues, he actually followed up
 3. call before 4pm, after that he says he is ""off the clock"" and prob wont pick up
 4. need to ask about mailbox key replacement + parking pass
 
 backup stuff
 • rob.henderson.office@gmail.com
 
 • office is in the lobby by the mail room
 • said to mention unit 5C right away
 
 I keep mixing him up w/ the other Rob, this one has the navy Cubs hat
 if he doesn't answer, leave vm slooowly with apt number
 
 also maybe ask him who does weekend maintnence
 he mentioned some guy named Luis
 don't wait till Friday again bc then nothing gets done
 seriously call tomorrow",41,Male,US,Transit Dispatcher,contact,people relationships,,,,,
1722,,,HaNTN,accepted,,,2026.03.12,2026.03.12,6%,,Elaine Porter,"Aunt Renee's church friend from Tulsa, saved bc she knows the lady renting the small guest house near St. Francis hospital.
 I might need it for Mom's follow-up in May, so don't lose this one.
 
 Sharon Bell
 sharonb.notes@gmail.com
 
 prefers phone over email tho
 +1 918-555-6631
 
 call in the evening, like 7ish central
 she said mornings are chaos bc she drives her grandson to school
 
 - ask if the guest house has laundry
 - ask if parking is weird there
 - tell her Renee already gave me the heads up
 
 she sounded sweet but kinda fast talkin
 write things down during the call or I'll miss half of it
 don't bring up price first, ask dates first
 if no answer, try again the next day not 5 mins later",54,Female,US,High School Counselor,contact,people relationships,,,,,
1723,,,HaNTN,accepted,,,2026.03.12,2026.03.12,8%,,Darius Wynn,"Need this all in one spot bc my contacts are a mess.
 
 Marcus Lee from the community gym
 +1 702-555-2477
 text only first, dont just call outta nowhere
 he runs the Saturday rec league and said there may be an opening next month
 
 What to ask him:
 1) team fee
 2) if beginners are okay bc I'm rusty as heck
 3) what time they usu start
 
 Extra:
 - met him when I asked abt the dead vending machine lol
 - he said ""remind me you're the lefty guy""
 - email is marcusleehoops@gmail.com
 
 
 best chance to reach him is late morning
 NOT after 8pm, he said he's with his kids then
 if he replies, add gym address right after so I quit searching for it every week",33,Male,US,Auto Claims Adjuster,contact,people relationships,,,,,
1724,,,HaNTN,accepted,,,2026.03.12,2026.03.12,3%,,Natalie Brooks,"okay, TWO numbers for Carla bc she switches phones and then I think she's ghosting me when she's not
 
 Carla Nguyen - florist from my cousin's wedding
 main: +1 714-555-7318
 shop line: +1 657-555-2884
 
 she did those white ranunculus centerpieces I liked
 might use her for Mia's engagement dinner in Sept
 
 notes to self
 • call Tues thru Thurs only
 • before noon is better, after that she's out on deliveries
 • ask for rough budget on 6 table arrangments yes I know I spelled that wrong
 
 email: carla.nguyen.flowers@gmail.com
 
 say I got her info from Vanessa Brooks wedding in Laguna
 she remembered the gold ribbons detail, so that's def the right Carla
 
 if shop line goes to voicemail, leave date + my name twice
 she said her hands are usually covered in stems/water and she misses calls alot",27,Female,US,UX Researcher,contact,people relationships,,,,,
1725,,,HaNTN,accepted,,,2026.03.12,2026.03.12,5%,,Marissa Cole,"Tina Alvarez - florist from Jae +1 415-555-0184
 met her at the Oak St wedding expo, super nice and actually listens
 Need to ask if she can do smaller centerpeices for mom's bday dinner
 Call after 10am, she said mornings are nuts at the shop
 
 things to ask
 - white roses + eucalyptus ok?
 - can she delvier to aunt Kay's house in Berkeley
 - price for 4 tables not 6
 
 also email was tina.alvarez.flowers@gmail.com
 
 she told me to text pics first bc she forgets details on calls lol
 
 1. mention the peach ribbon idea
 2. ask if Saturday pickup is easier
 3. dont forget to say Jae sent me
 
 backup note: she said if i leave voicemail, say ""birthday dinner order"" so she calls back faster",29,Female,US,Elementary School Teacher,contact,event,traditions celebrations,,,,
1726,,,HaNTN,accepted,,,2026.03.12,2026.03.12,14%,,Derek Vaughn,"Need this saved before I lose the sticky note again
 
 Marcus Bell, old building super from the place on Huron Ave
 good guy, fixed the leak that one winter even tho it was late
 best time to reach him is around lunch, not evenings
 email: mbell.repairs@outlook.com
 
 
 +1 312-555-0147
 
 ask him about
 1. rec for cheap handyman in Logan Sq
 2. if he still has that plumber's number
 3. whether he can look at the closet door himself maybe Friday
 
 tiny reminder to self
 - he talks fast, write stuff down
 - mention apartment 3B so he remembers me
 - cash only last time, kinda oldschool
 
 dont call before 11 bc he said mornings are for building rounds",41,Male,US,Auto Claims Adjuster,contact,people relationships,,,,,
1727,,,HaNTN,accepted,,,2026.03.12,2026.03.12,7%,,Naomi Hart,"Dad said keep all the church people in one note bc I keep misplacing contacts
 
 * Mrs. Loretta Greene
 choir director, helped with the memorial lunch list
 sweet but hard of hearing so call, dont mumble
 +1 919-555-0126
 
 * Reggie Greene
 her son, handles rides for Sunday group
 works nights so text first at +1 919-555-0163
 he'll answer faster if I say ""from Loretta""
 
 emails if needed
 - loretta.greene.music@yahoo.com
 
 - reggie.g.carpentry@gmail.com
 
 
 need to ask about Aunt Bev's casserole dish, might still be in fellowship hall
 
 also ask if they want me to bring extra ice this weekend
 spelling on Loretta maybe double check, I always mess it up",34,Female,US,Dental Hygienist,contact,event,work_life,,,,
1728,,,HaNTN,accepted,,,2026.03.12,2026.03.12,10%,,Ethan Mercer,"Samir Patel from the used bike shop downtown
 email first maybe: samir.patel.rides@gmail.com
 
 met him when chain snapped near 8th, he tightened it for free which was honestly huge
 
 stuff I need from him
 1. quote for tune-up on the blue Trek
 2. if he has a medium helmet left
 3. whether Tuesday after work is less crowded
 
 note: he said texts are easiest if I'm sending bike pics
 his number is +1 206-555-0171
 
 and
 Jen Wu - cycling club organizer from Green Lake loop
 +1 206-555-0118
 she invited me to the beginner ride, starts stupid early at 7 lol
 dont forget to ask if newbies can rent pedals or whatever
 
 Jen's email was jenwu.rides@proton.me
 
 prob text her Friday night, not Sat morning when everyones already out",27,Male,US,UX Designer,contact,people relationships,,,,,
1729,,,HaNTN,accepted,,,2026.03.12,2026.03.12,2%,,Alicia Boone,"random contact dump but keep it neat this time
 
 +1 713-555-0135 - Nina Brooks
 freelance pet sitter, watched Bean over Labor Day and sent actual updates
 worth calling again for the Austin weekend in April
 prefers texts first bc she's usualy driving between houses
 
 other ways to reach her
 nina.brooks.pets@gmail.com
 
 IG maybe too but dont use that unless urgent
 
 questions
 - overnight rate for 2 cats not 1
 - can she do meds reminders even if I pre-sort them
 - ask if she still covers Montrose area
 
 backup contact:
 her cousin Leah, +1 281-555-0192
 only if Nina is booked, Leah did the meet-and-greet once
 
 important: call after 6:30pm, before that she's prob in somebody's backyard chasing escape artist dogs",38,Female,US,Restaurant Manager,contact,people relationships,,,,,
1730,,,HaNTN,accepted,,,2026.03.12,2026.03.12,11%,,Alyssa Moreno,"Need to call Marcy Hollen back tmrw, she does dog sitting and came rec by Nina from downstairs.
 +1 312-555-0184
 Met her outside the bldg Sunday, super nice but I forgot half the details.
 She said mornings are best before 10ish.
 
 For Rocket: ask abt overnight rate, meds, and if she can do July 14-17.
 email she wrote down was marcy.hollen78@gmail.com
  I think, double check spelling tho.
 
 1. text first, don't randomly call late
 2. mention Rocket hates loud vacuums
 3. ask if she can water the basil too maybe?
 
 - lives near Waveland, easy dropoff
 - has 2 older labs, so prob good w anxious dogs
 - said ""no problem w early walk""
 
 If she doesn't answer by lunch, try again after 6.
 Don't forget I saved this bc last sitter bailed last min and I am not doing that mess again.",29,Female,US,Graphic Designer,contact,people relationships,,,,,
1731,,,HaNTN,accepted,,,2026.03.12,2026.03.12,10%,,Trevor Pike,"Ethan Bressler from the auto glass place, saved bc he fixed the Civic windshield fast and didn't overcharge me.
 Call after 1 pm only, he does installs all morning.
 shop line: +1 614-555-0276
 
 Also his direct cell maybe better if I need weekend help:
 +1 380-555-0119
 
 Things to ask next time
 - quote for passenger window
 - can he come to my apt lot
 - cash discount or nah
 
 Met him thru Darnell at the garage on 5th, so say Darnell sent me.
 He remembered the blue Honda right away which was kinda funny.
 
 Backup email from his card: ethan.bressler.glass@outlook.com
 
 
 dont call too early, seriously.
 Last time I rang at 8 and he texted ""on a ladder rn"" lol.
 If insurance asks, date of last repair was around Feb 6 I think.",41,Male,US,Warehouse Supervisor,contact,people relationships,,,,,
1732,,,HaNTN,accepted,,,2026.03.12,2026.03.12,10%,,Brianna Cho,"Contacts for wedding flower stuff before I lose another sticky note:
 
 * Lila Vance, florist from my cousin Dani's wedding, very calm even when everything got delayed.
 * best number +1 503-555-0132
 * said to text pics first bc she forgets names but rememebers color palettes
 
 I want dusty pink, cream, nothing too fussy.
 She told me not to wait past next Wed for peony pricing.
 
 Other person just in case:
 1) Margo Ellis at the market stand
 2) +1 971-555-0225
 3) only works Fri-Sun mornings
 4) maybe cheaper for table stems, not full bouquets
 
 Email for invoices was lila.vance.flowers@icloud.com
 
 
 Need to ask who can deliver to the church in Beaverton by 11.
 Saved both bc mom keeps changing her mind and I need options, ugh.
 Do not call during school pickup, try around 7:15 pm.",33,Female,US,Elementary School Teacher,contact,people relationships,,,,,
1733,,,HaNTN,accepted,,,2026.03.12,2026.03.12,12%,,Marcus Bell,"Rosa Duran from the apartment office gave me her personal number for the package mess, keep this somewhere safe.
 +1 702-555-0197
 
 She said use it only if the front desk loses another delivery after hours.
 I talked to her Tues in the lobby when the lamp order went missing.
 She's the one w red glasses, super direct but helpful.
 
 Need to remember:
 my building is Cedar South, unit 4B
 tracking for lamp ended in 8821
 she asked me to send pic of package label if it shows up damaged.
 
 - office line is useless after 5
 - Rosa works late Thu a lot
 - do not bother her on Sundays unless emergency
 
 Possible email, writing is messy on her card, maybe rosa.duran@cedarresliving.com
 
 
 If calling, start w ""hey this is Marcus from 4B about the UPS drop""
 Saved bc she actually followed up, which almost never happens here.",38,Male,US,High School Counselor,contact,people relationships,,,,,
1734,,,HaNTN,accepted,,,2026.03.12,2026.03.12,,,Jenna Whitaker,"Random but important: keep Dana Reeve's contact bc she's the freelance bookkeeper Sara mentioned for the bakery and I really might need her by quarter end.
 
 Her number was on the back of that coffee receipt lol: +1 404-555-0163
 
 Met her for like 10 min after the chamber mixer downtown.
 She said Mondays are chaos, better call Wed or Thu afternoon.
 Seems sharp, a little scattered, but in a normal small biz way.
 
 Questions for Dana
 1. can she untangle Square + bank deposits
 2. monthly rate or hourly?
 3. does she cleanup old books too or only current stuff
 
 - worked w two restaurants already
 - knows payroll basics
 - said she hates doing taxes, so ask before assuming
 
 email: d.reeve.books@gmail.com
 
 
 Save this bc I keep complaining abt receipts and then forgetting who people recomend.
 If no reply, send short text first, don't dump the whole story in one msg.",46,Female,US,Bakery Owner,contact,people relationships,,,,,
1735,,,HaNTN,accepted,,,2026.03.12,2026.03.12,,,Marissa Cole,"Jose Pruitt - florist from Cedar Ave wedding shop, met her when I went in abt table garlands for Kayla's shower.
 +1 312-555-1846
 said to call after 10:30am bc she does early market runs.
 
 Need to ask if she still has the dusty pink roses and those tiny white filler stems.
 she was super nice but I forgot half of what she said lol.
 
 1. ask price for 6 small centerpieces
 2. confirm pickup Fri evening not Sat mornng
 3. check if she texts photos first
 
 - alt email: jpruitt.flowers@gmail.com
 
 - mention I was the one w/ the green notebook and my sis
 - maybe ask abt last-min add on for entry table
 
 If no answer, try again around lunch.
 do not call too late, she sounded kinda swamped.
 save this bc I keep losing her card.",29,Female,US,Elementary School Teacher,contact,people relationships,,,,,
1736,,,HaNTN,accepted,,,2026.03.12,2026.03.12,0%,,Daniel Mercer,"Garage note so I dont forget: +1 404-555-2971 is Luis Herrera, mobile mechanic my neighbor Rob reccomended after the Civic made that weird rattly noise again.
 He said texts are better first, calls ok after 6.
 
 last time he helped Rob w/ brakes in the apartment lot, so prob trustworthy enough.
 I need quote for battery + maybe alternator, not trying to get upsold.
 
 * ask if he can come by Oakview Apts bldg C
 * ask if cash is cheaper
 * ask if Sat morning is open
 
 1) send pics of dash lights
 2) mention car is 2014 Honda Civic
 3) remind him the issue gets worse when AC is on
 
 backup contact if Luis is booked: shop line +1 470-555-6612
 tiny note: dont msg before 8am, that feels rude.
 email from his card looked like luis.herrera.auto@outlook.com
  I think.
 double-check spelling of Herrera before sending.",41,Male,US,Warehouse Supervisor,contact,people relationships,,,,,
1737,,,HaNTN,accepted,,,2026.03.12,2026.03.12,,,Tasha Nguyen,"Mom gave me this one at church potluck — Renee Walters, runs the little home bakery and also does emergency cakes if ppl bail last min.
 her number is saved nowhere else so KEEP IT HERE.
 
 Renee Walters
 sweet voice, short blond hair, from Plano
 renee.walters.bakes@gmail.com
 
 
 +1 972-555-4308
 
 For contacting:
 - best after 1pm bc mornings are school dropoff chaos
 - mention lemon cupcakes for Eli's bday
 - ask if nut-free is possible, not 100% sure yet
 
 1. check dozen vs 24 price
 2. ask if she delivers or only pickup
 3. dont forget date: next Thurs
 
 She said “txt me first pls” and honestly yes, do that.
 I always panic-call ppl and then blank out, so write the msg first.",34,Female,US,Dental Hygienist,contact,people relationships,,,,,
1738,,,HaNTN,reject,trung format,,2026.03.12,2026.03.12,23%,,Bryce Holloway,"New contact from the community center board mtg: Erin Salazar, volunteer coordnator for the food pantry downtown.
 I wanted her info bc she mentioned weekend shifts that might fit around my route hours.
 
 She said evenings are easier since she's in and out all day.
 best call window prob 5:15-7 ish.
 
 - Erin Salazar
 - +1 602-555-9184
 - pantry email: erin.salazar.phx@gmail.com
 
 
 Need to ask abt:
 1. Saturday check-in desk spots
 2. whether they still need Spanish speakers
 3. if teens can volunteer w/ parent bc maybe take Mason
 
 also mention we met by the donation bins and talked abt canned beans being weirdly expensive now.
 She laughed a lot, seemed easygoing, not stiff.
 
 If she doesnt pick up, leave short voicemail only.
 dont ramble!! just say Bryce from the center mtg.",38,Male,US,Delivery Driver,contact,people relationships,,,,,
1739,,,HaNTN,accepted,,,2026.03.12,2026.03.12,1%,,Felicia Rowan,"Contact note before I misplace another sticky note: Drina West isn't a doctor lol, she's the freelance graphic designer Mia used for her coffee truck menu.
 Need her for the church fundraiser flyer + maybe insta post sizes too.
 
 drinawest.design@gmail.com
 
 said she prefers email for files but phone for quick yes/no stuff.
 
 +1 503-555-7429
 
 Remember:
 - she works late, so no calls before 11am
 - mention Mia from Stumptown Brew sent me
 - ask if she can keep the kids art look, not too polished
 
 1. get rate for one flyer + one banner
 2. ask turnaround, hopefully by Tues night
 3. see if she can fix my typo mess if I send rough copy
 
 she seemed chill and not judgey abt rushed projects thank god.
 prob start w/ text first bc I hate random calling.
 don't forget to include the venmo question.",52,Female,US,Librarian,contact,people relationships,,,,,
1740,,,HaNTN,accepted,,,2026.03.12,2026.03.12,5%,,Melissa Grant,"Nate from bldg maint. +1 312-555-0187
 saved bc he fixed the heater in Jan + knows the weird fuse box thing
 Call after 8:30am, not super early, he said mornings are chaos
 email: nate.hollis73@gmail.com
 
 Need to ask abt the leak under kitchen sink again
 also if he can check hallway light flicker on 3rd floor
 1) mention apt 4B buzzer still cuts out
 2) ask if he still does small side jobs on Sat
 3) get rough price before saying yes

 Last time he was nice but talks fast so write stuff down
 do NOT forget to send pics first
 sink leak got worse after Tues rain somehow??
 If no answer, text instead of calling twice
 met him thru Mrs. Donnelly downstairs
 prob best day to reach him = Thursday",34,Female,US,Elementary School Teacher,contact,people relationships,,,,,
1741,,,HaNTN,accepted,,,2026.03.12,2026.03.12,0%,,Brian Holloway,"• Tasha Reed - wedding florist, cousin Maren used her last spring
 • +1 404-555-0274
 • t.reed.flowers@gmail.com
 
 She said to call in the afternoon, after 1ish when shop slows down
 Need her for June anniversary dinner setup, not huge, just 3 tables + entry
 Ask if she can do mostly white tulips + some green filler, no roses pls
 also if she delivers to Decatur or if pickup only
 I liked her bc she remembered Maren's crazy peony request lol
 - check min order amount
 - ask abt candles or only flowers
 - see if she has photos from smaller events
 don't blank on budget... stay under 350
 She seemed chill on the phone, not sales-y
 If she sounds booked, ask for recs
 Save this bc I keep losing the number",41,Male,US,Auto Claims Adjuster,contact,people relationships,,,,,
1742,,,HaNTN,accepted,,,2026.03.12,2026.03.12,7%,,Carla Mendez,"Devon Pike
 new dog sitter from the park
 +1 206-555-0142 is his cell, text first bc he works nights
 His partner's email was devon.pike.sea@gmail.com
  - Double-check spelling maybe
 Met him by the lake when Luna slipped her leash, he helped catch her
 He said he does overnights for nervous dogs and sends photo updates
 Need someone for the Portland trip next month
 Things to ask when I remember:
 1. can he do Fri evening drop-in and Sat overnight
 2. is he okay with old dogs + meds hidden in peanut butter
 3. price for 2 walks plus feeding
 4. whether he has refs besides park people
 Luna liked him right away which never happns
 Call around 4pm, not before, he sleeps late
 Important: mention back gate sticks so he has to shove it hard
 also warn him Luna barks at men in hats lol
 keep this note till trip is booked",29,Female,US,Graphic Designer,contact,people relationships,,,,,
1743,,,HaNTN,accepted,,,2026.03.12,2026.03.12,9%,,David Mercer,"- Renee Alvarez, CPA lady from church finance workshop
 - office: +1 713-555-0216
 - direct email: r.alvarez.taxhelp@gmail.com
 
 I saved her bc I need help fixing the freelance 1099 mess before filing
 She told me late Feb was better but obviously I waited again
 Best time to call = lunch hour or right before 5
 ask if she still takes small clients, not just biz accounts
 Need answers on quarterly taxes + mileage logs
 maybe ask if first consult is free or I'm imagining that
 She explained stuff normal, not all accountant robot talk
 1) tell her I'm the guy who asked abt home office deduction
 2) bring up side video gigs from last summer
 3) ask what docs to email over first
 Do not call Monday morning, she said those are brutal
 keep her info here until taxes are done fr",38,Male,US,Videographer,contact,people relationships,,,,,
1744,,,HaNTN,accepted,,,2026.03.12,2026.03.12,5%,,Aisha Coleman,"Call maybe tomorrow night: Dria Benson / not a doctor lol just Andrea
 +1 917-555-0199
 old roommate's friend from Brooklyn, now does custom cakes + dessert tables
 Her backup number from biz card was +1 646-555-0135
 wrote this down after the pop-up in Queens bc her banana pudding was insanly good
 Need her for Mom's 60th, family party, around 25 ppl
 email she uses for orders: andrea.bakes.nyc@gmail.com
 
 What to ask:
 - can she do less sugar frosting bc Mom hates super sweet stuff
 - delivery fee to Harlem?
 - deposit amount + when final count is due
 - whether she can add gold little stars, not huge fondant flowers
 She said texting pics/inspo is easier than explaining by phone
 don't forget to mention event is prob Sunday afternoon
 if she sounds rushed, just text and wait
 saved bc everyone at the table asked for her card and I nearly lost it twice",46,Female,US,Human Resources Manager,contact,people relationships,,,,,
1745,,,HaNTN,accepted,,,2026.03.12,2026.03.12,3%,,Avery Collins,"=+1 312-555-1847
 Marisol Vega - florist from Logan Sq market
 met her Sat when I was panicing abt centerpieces
 she said text is better first, calls after 10am only
 Need to ask if she still has those dusty pink ranunculus
 also eucalyptus garland pricing
 
 email: marisolvega.flowers@gmail.com
 
 1) mention wedding is prob small, around 8 tables
 2) ask if she can deliver to Oak Park on Friday eve
 3) dont forget to say I was the one w/ the green jacket + my sister
 
 - very nice but talks fast
 - writes stuff down on recipts lol
 - backup contact for shop: +1 773-555-9021
 
 If no reply by Wed, call during lunch break not before
 Would rather book her than that overpriced place on Milwaukee",29,Female,US,Graphic Designer,contact,people relationships,,,,,
1746,,,HaNTN,accepted,,,2026.03.12,2026.03.12,1%,,Benjamin Hart,"Call Nate R. sometime after 6:30 tonight, not during his route
 He fixes garage doors + said he can prob look at ours cheap since he already did Mrs. Leland's place
 I saved him b/c the left spring is making that awful clank again and the door jerks halfway up
 
 Nate Ruiz
 cell +1 602-555-4471
 shop line +1 480-555-6618
 email nateruiz.service@gmail.com
 
 
 * ask if he does Sat mornings
 * ask rough estamate before he comes out
 * remind him address is the blue duplex off Hampton, gate sticks sometimes
 
 Met him in July when neighbor gave me his number scribbled on mail flyer
 pretty sure he said cash or Zelle both ok
 dont ramble, just ask about spring + sensor alignment
 
 if he sounds slammed, maybe book next week and stop messing w/ it myself",41,Male,US,High School History Teacher,contact,people relationships,,,,,
1747,,,HaNTN,accepted,,,2026.03.12,2026.03.12,12%,,Kiara Monroe,"1. Sonia Patel - old coworker from St. Agnes front desk
 2. We ran into each other at Target and she said her brother does taxes on the side
 3. Need this for Mom too maybe, if he's taking new ppl
 
 phone first: +1 917-555-2384
 email: sonia.patel.home@gmail.com
 
 
 4. Best time to reach her = after 8 pm bc kids/homework chaos before then
 5. Ask for brother's full name, fee, and whether he handles 1099 messes
 6. She remembers me as ""Kiara w the coffee thermos"" haha
 
 - super organized, maybe has old payroll contact list still
 - do NOT call during her church thing Sunday morning
 - if no answer, leave short voicemail only
 
 Also ask abt that babysitter she mentioned last fall
 Could be useful later
 backup number she texted from once: +1 646-555-7810",34,Female,US,Dental Receptionist,contact,people relationships,,,,,
1748,,,HaNTN,accepted,,,2026.03.12,2026.03.12,7%,,Owen Mercer,"Re: boat slip guy from the marina
 
 Trevor McKee
 Harbor office dude who helped when my battery died in August
 seemed trustworthy, kinda grumpy but nice underneath it
 
 +1 941-555-5036 is his direct line I think
 office alt +1 941-555-1189
 email: t.mckee.harbor@gmail.com
 
 
 I need to ask about monthly slip rates for spring
 and whether they still allow overnight parking for truck + trailer
 
 - call before noon, he said afternoons get nuts
 - mention I had the old white Pathfinder + red cooler
 - ask if ramp repair is finally done or still delayed
 
 If rates are wild, forget it and just keep the boat at uncle Ray's place
 but still maybe worth checking bc it's closer to the bay
 dont forget pen this time, last call I lost half the details",52,Male,US,Auto Body Technician,contact,people relationships,,,,,
1749,,,HaNTN,accepted,,,2026.03.12,2026.03.12,2%,,Danielle Brooks,"Jessa from the rescue fundraiser
 met her while buying raffle tix, she fosters senior dogs and said she knows a good low-cost groomer
 I wanted to save this before the napkin number disappears again
 
 Name: Jessa Holloway
 Email: jessa.holloway84@gmail.com
 
 
 • mobile +1 404-555-2693
 • her friend Mia at the grooming van: +1 678-555-4305
 • said texting is easiest bc she works weird shifts
 
 Please ask abt openings for Bean near end of month
 Need gentle groomer, no long crate time
 
 small reminders:
 1) say Bean is anxious but sweet
 2) ask if they trim nails separate or all-in
 3) mention I can do weekday mornings only
 
 She was wearing a sunflower pin, very chatty, maybe spell my name for her bc people always hear ""Darnielle"" somehow",27,Female,US,Payroll Specialist,contact,people relationships,,,,,
1750,,,HaNTN,accepted,,,2026.03.12,2026.03.12,7%,,Marissa Doyle,"Need to keep this bc I always forget why I saved ppl.
 May Morales - +1 312-555-0148
 met her at the Logan Square dog adoption fair on Sat.
 she fosters beagles + said to text, not call first.
 
 Ask abt that smaller brown pup if he's still avail.
 also she knows a cheap groomer on the north side.
 
 - best after 6:30 pm
 - not during work, she teaches 3rd grade
 - mention I was the one w/ the red raincoat
 
 Backup info:
 may.morales.art@gmail.com
 
 she wrote it on the shelter flyer kinda fast so double check spelling.
 
 If no reply by Thurs, try calling +1 312-555-0148 and leave short vm only.",29,Female,US,Floral Designer,contact,people relationships,,,,,
1751,,,HaNTN,accepted,,,2026.03.12,2026.03.12,5%,,Trevor Haines,"1) Auto stuff
 Ray Pritchard from the body shop
 Call him re: the weird rattle + the left brake light
 +1 614-555-0192
 
 2) He looked at my Civic for like 2 mins in the grocery lot and said it was prob not urgent but don’t drag it out.
 works at Buckeye Collision off Dublin Rd, nice guy, talks fast.
 
 * said mornings are chaos
 * better window is lunch-ish 12 to 1:15
 * ask for estimate before he orders parts
 
 Alt contact:
 ray.pritchard82@yahoo.com
 
 
 Remember: tell him I’m the friend of Denise from apt 4B.
 Do NOT forget pics of bumper scrape this time.
 if I miss him, leave plate # and last 4 of VIN.",41,Male,US,Warehouse Supervisor,contact,people relationships,,,,,
1752,,,HaNTN,accepted,,,2026.03.12,2026.03.12,12%,,Alina Reese,"Mrs. Karen Bell from church directory, but really saving this for babysitting recs.
 I need to call her next week before Mom flies in.
 
 +1 404-555-0176
 Keeps a list of teen sitters in Decatur and knows who’s actually reliable.
 She helped Ava M. find someone last fall.
 
 Little note to self:
 don’t ramble, just ask if she still has Mia and Jordan’s numbers.
 mention Noah is 4 and bedtime is 8:15ish.
 
 - Karen prefers voicemail over long texts
 - evenings after choir practce are okay
 - maybe Tue or Wed
 
 Email in case phone goes nowhere:
 kbell.familynotes@gmail.com
 
 
 She is sweet but hard of hearing sometimes, so talk slow and not all mumbly.",34,Female,US,Claims Adjuster,contact,people relationships,,,,,
1753,,,HaNTN,accepted,,,2026.03.12,2026.03.12,8.60%,,Elliot Mercer,"Contact dump before I lose the sticky note again:
 
 Samir Patel
 samir.patel.design@gmail.com
 
 met him at the coworking place downtown, he offered freelance logo help for the food truck sign.
 
 main number: +1 702-555-0133
 best to reach him late morning bc he does school dropoff first.
 
 Things to ask:
 1. rough price for simple menu board redo
 2. can he make the taco icon less cartoon-y
 3. turnaround before the April street fair?
 
 - said he likes texts w/ refs attached
 - don’t send blurry screenshot, he teased me last time lol
 
 If no answer in 2 days, ping again one time only.
 Seems chill, just busy.",27,Male,US,Line Cook,contact,people relationships,,,,,
1754,,,HaNTN,reject,trung format,,2026.03.12,2026.03.12,,,Nicole Vaughn,"okay, saving this bc I already lost her card once.
 
 Drina Cole from the community garden waitlist team
 not a doctor lol just her name is Drina.
 She handles plot openings on the east side.
 
 Call after 5 pm: +1 503-555-0187
 or send a short email first at drina.cole.green@gmail.com
 
 
 What this is for:
 I want the small raised bed plot, not the shared herb box.
 She said a few people might drop by end of month.
 
 * mention I went to the compost workshop in June
 * ask if water access is included
 * ask fee again bc I wrote down 40? maybe 45?
 
 She was super nice, kinda soft spoken.
 Don’t call during her lunch break, she sounded rushed then.
 if she answers, write everyhting down right away.",38,Female,US,High School Counselor,contact,,,,,,
1755,,,HaNTN,reject,trung format,,2026.03.12,2026.03.12,15%,,Lauren McBride,"dentist rec from Jess - Dr. Nina Patel
 +1 415-555-0187
 front desk said call after 2pm, not lunch hr
 email: nina.patel.dds@bayviewsmiles.com
 
 
 Need to ask abt whitening quote + night guard
 she saw me once last fall, was super nice, didnt rush
 
 - office near old Target plaza
 - ask if they still do Sat appts
 - mention insurance changed in Jan
 
 backup contact is Marco at desk
 +1 415-555-0124
 he told me ""try Thurs, phones less crazy""
 
 1. call Thurs morning if I forget after work
 2. save card pic next time
 3. dont mix this up w/ the ortho place lol",29,Female,US,Graphic Designer,contact,people relationships,,,,,
1756,,,HaNTN,accepted,,,2026.03.12,2026.03.12,7%,,Darnell Price,"Mom's church friend who knows a good handyman
 His name is Reggie Coleman and the number is +1 404-555-0196
 Said text first, he hates random calls
 mostly does small stuff: leaky sink, loose cabinet, door that sticks in humid weather
 
 Met him at the cookout in June, tall guy w/ Braves cap
 seemed solid, not pushy
 email maybe easier for estimates: reggie.c.fixit@gmail.com
 
 
 * ask abt patching hallway drywall too
 * tell him dog is friendly but loud at first
 * weekend mornings prob best
 
 Also wrote down his cousin's number in case he is booked
 Malik - +1 678-555-0113
 dont call too late, they start jobs early
 
 note to self: get pics of sink before texting, otherwise I'll forget half the problem",41,Male,US,Bus Driver,contact,people relationships,,,,,
1757,,,HaNTN,accepted,,,2026.03.12,2026.03.12,2%,,Priya Hensley,"1) Ava from the farmers market soap stand
 email first: ava.wren.studio@protonmail.com
 
 she mentioned custom wedding favors maybe by Sept
 
 2) Her cell is +1 503-555-0172
 text, dont call during market hrs
 she said Sundays are chaos and she wont answer
 
 Met her when buying the cedar-lavender bars for mom
 super chatty, remembered my name somehow, kinda impressive
 
 - ask about unscented batch for Ethan's skin b/c fragrence bugs him
 - ask min order + pickup in Portland or ship?
 - remind her I liked the little kraft labels
 
 backup shop line
 +1 971-555-0148
 only use if festival weekend gets close and she goes missing again lol",34,Female,US,High School Counselor,contact,people relationships,,,,,
1758,,,HaNTN,accepted,,,2026.03.12,2026.03.12,5%,,Scott Delaney,"Kira Mendez
 neighbor from bldg 3, the one with the goldendoodle named Pepper
 
 +1 312-555-0165
 best for texts abt package mixups or if my car lights are on again
 she works nights some weeks so dont ring bell unless it's urgent
 
 We traded spare keys during the snow mess in Jan
 she watered the plants once and somehow kept the basil alive better than me
 
 - email in case of condo stuff: kira.mendez.arch@gmail.com
 
 - ask if she still wants my folding ladder Saturday
 
 Quick things to rember:
 1. she said parking permit office opens stupid early
 2. her brother tows cars, maybe useful someday
 3. return casserole dish!!
 
 nice to have one normal person in this building tbh",38,Male,US,Warehouse Supervisor,contact,people relationships,,,,,
1759,,,HaNTN,accepted,,,2026.03.12,2026.03.12,15%,,Melissa Vaughn,"Contacts from the bridal shop trip yday.
 Keep all this in one spot pls.
 
 1) Monica Reed - alterations lady my cousin used for her wedding, very chill and didnt overcharge.
 Phone: +1 404-555-0328
 Email: monicareed.stitches@yahoo.com
 
 Call after 10 bc she does school dropoff first.
 
 Things to ask:
 - can she shorten straps by next month
 - bustle cost
 - if she works w/ crepe fabric or only lace mostly
 
 2) backup seamstress from same area
 Lena Cho
 +1 404-555-0382
 Only if Monica is booked out.
 Lena was recommnded by Tasha from work, said she is fast but kinda blunt.
 
 dont forget to bring shoes when calling for fitting time, I always forget that part.",46,Female,US,Product Manager,contact,people relationships,,,,,
1760,,,HaNTN,reject,"trung noi dung, trung format",,2026.03.12,2026.03.12,,,Marissa Cole,"Jenna from dog grooming place, super nice, saved bc she squeezed Milo in last min once.
 +1 312-555-0148
 Call her Tues after 9:30, not Mondays bc she said they get slammed.
 Email too: jennaparkside@gmail.com
 
 
 Need to ask 3 things:
 1. nail trim only price
 2. if they still do nervous dogs in the back room
 3. whether Sat pickup is before 2
 
 Also her coworker maybe ""Tori"" handles bookings if Jenna's off.
 Tori line was written on receipt kinda messy:
 +1 312-555-0196
 
 - mention Milo hates the dryer noise
 - ask for same lavender shamppoo if possible
 - dont forget to say referral from Nina at the dog park
 
 If no answer, text instead of voicemail bc Jenna said she checks msgs late.",34,Female,US,Elementary School Teacher,contact,,,,,,
1761,,,HaNTN,accepted,,,2026.03.12,2026.03.12,6%,,Damien Brooks,"Apartment stuff — keep this so I stop digging thru old emails.
 
 Mr. Louis Danvedour, building manager, fixed the leaky sink in 4B and told me to call direct next time.
 Best window is lunch-ish, around 12 to 1, bc mornings he's walking units.
 His cell: +1 415-555-0274
 
 - ask about parking tag renewal
 - remind him hallway light outside laundry is flickering again
 - see if he still has extra mailbox key from last yr
 
 backup contact
 Renee in the office
 renewals@harborviewleasing.com
 
 +1 415-555-0211
 
 Probly mention I'm in unit 4B right away or they get me mixed up w/ 4D.
 Do not call after 6, Luis sounded annoyed when I did that once.
 
 Small note to self: he said ""text photo if it's maintnence.""",41,Male,US,Auto Claims Adjuster,contact,people relationships,,,,,
1762,,,HaNTN,reject,"trung noi dung, trung format",,2026.03.12,2026.03.12,12%,,Aaliyah Turner,"Contacts from the bridal shop trip yday.
 Keep all this in one spot pls.
 
 1) Monica Reed - alterations lady my cousin used for her wedding, very chill and didnt overcharge.
 Phone: +1 404-555-0328
 Email: monicareed.stitches@yahoo.com
 
 Call after 10 bc she does school dropoff first.
 
 Things to ask:
 - can she shorten straps by next month
 - bustle cost
 - if she works w/ crepe fabric or only lace mostly
 
 2) backup seamstress from same area
 Lena Cho
 +1 404-555-0382
 Only if Monica is booked out.
 Lena was recommnded by Tasha from work, said she is fast but kinda blunt.
 
 dont forget to bring shoes when calling for fitting time, I always forget that part.",29,Female,US,Product Manager,contact,people relationships,,,,,
1763,,,HaNTN,reject,trung format,,2026.03.12,2026.03.12,,,Gregory Hale,"Random but important — contacts from last storm cleanup on the block.
 
 Neil Harper, neighbor across from the Johnsons, loaned me the big chainsaw and said call anytime before buying one myself.
 +1 503-555-0467
 Better to text first bc he's usuallly on a roofing job.
 
 - ask what fuel mix he uses
 - see if he wants the extra extension cord back this wknd
 - maybe ask who he uses for stump grinding
 
 Also wrote down his brother's tree service number:
 Harper Tree & Haul
 +1 503-555-0441
 owner maybe ""Ben""
 
 Need this context so I remember: saved after that wind mess in January when the maple branch came down.
 Neil said mention his name for a discount, not sure if he was kidding lol.
 
 Email from the flyer: ben@harpertreehaul.com
 
 Call in the evening, around 7, that's when they do return calls aparently.",52,Male,US,City Bus Driver,contact,,,,,,
1764,,,HaNTN,accepted,,,2026.03.12,2026.03.12,7%,,Sofia Bennett,"Babysitter + pet backup note bc my schedule is getting weird again.
 
 Maya Ellison
 NICU nurse's daughter, senior in college, watched Owen twice and was rly patient.
 Her number is +1 602-555-0539
 Text first, no surprise calls during class.
 
 If I need help for date night or late clinic shift:
 1. ask if Friday after 6 still works
 2. remind her peanut allergy snack rule
 3. tell her Baxter has to go out by 8:30 sharp
 
 Second contact just in case:
 Mrs. Carla Dominguez from church
 +1 602-555-0575
 mostly for emergency pickup, not regular sitting
 She said mornings are easiest.
 
 Email I scribbled from bulletin: carladominguez.az@outlook.com
 
 - mention she already met Owen at the fall picnic
 - pay Maya cash unless she says Venmo is okay this time
 
 spelling note: Baxter meds are in the blue bag, dont forget to say that.",37,Female,US,Dental Hygienist,contact,people relationships,,,,,
1765,,,HaNTN,accepted,,,2026.03.12,2026.03.12,9.40%,,Marissa Cole,"Mia from the dog grooming place finally texted back.
 +1 312-555-1846
 Need to call her tmrw after 10, not during school dropoff.
 She said she can prob squeeze Benny in before the holiday weekend.
 
 also wrote down her email bc I always lose it
 mia.rendon.chi@gmail.com
 
 
 Things to ask:
 1) full groom or just bath + nails
 2) if they still do the oatmeal shampoo
 3) price bc last time I swear it was diff
 
 Met her thru Jen at the park, very nice, talks fast lol.
 Do not call super early, she sounded exausted last week.
 
 If no answer, leave msg w/ my name + Benny's breed.
 goldendoodle, kinda matted rn sadly",34,Female,US,Elementary School Teacher,contact,people relationships,,,,,
1766,,,HaNTN,accepted,,,2026.03.12,2026.03.12,0%,,Trevor Haines,"plumber guy for apt leak under kitchen sink
 name: Raul Mendoza
 came by bldg 4 on Tues, said to reach him direct next time
 
 - phone +1 415-555-2639
 - backup office line +1 628-555-9074
 - email raulfixes.sf@gmail.com
 
 
 best time to call = evenings after 6 bc he's on jobs all day
 mention unit 4C and the weird rattling pipe.
 He already knows the landlord is slow w approvals.
 
 dont forget:
 • ask if he can also check bathroom faucet drip
 • ask for rough estmate first
 • tell him parking in alley is annoying
 
 seems solid, kinda grumpy but helpful.
 saved bc I do NOT wanna dig thru old texts again.",29,Male,US,Restaurant Manager,contact,people relationships,,,,,
1767,,,HaNTN,accepted,,,2026.03.12,2026.03.12,9%,,Denise Whitaker,"Contacts from the bridal expo, keep all in one spot before I lose the card again.
 
 1. Lila Park - florist, did the blue wildflower setup I liked
 Call weekdays before lunch she said mornings are chaos.
 lila.park.flowers@gmail.com
 
 +1 404-555-1182
 
 2. Devon Pike - string trio booking person
 Met him near the sample cake table, super chatty, prob remembers me as ""green dress girl""
 +1 678-555-4415
 Only text first, don't random call.
 
 Stuff to ask both:
 - are they free for Oct 18
 - travel fee to Savannah?
 - deposit amount + cancelation policy
 
 Need to do this by Fri night or I'll keep putting it off.
 seriously Denise, stop procrasting.",41,Female,US,Insurance Claims Adjuster,contact,people relationships,,,,,
1768,,,HaNTN,accepted,,,2026.03.12,2026.03.12,4%,,Nolan Reeves,"Omar Khan +1 646-555-7328
 guy from the coworking space on 23rd.
 Helps startups w quick contract review, not full legal stuff.
 
 I saved him bc he gave actual useful advice after that messy vendor call.
 said texting is better than email if it's urgent.
 
 email: omar.k.consults@gmail.com
 
 
 Need to reach out next Wed afternoon, not Monday.
 He coaches his kid's soccer then and ignores the phone.
 
 Ask about:
 1) NDA wording for freelance designers
 2) whether the payment clause I wrote is dumb lol
 3) hourly rate before I send docs
 
 Very calm, kinda quiet, navy jacket and orange notebook.
 Do not forget to mention Rebecca referred me.
 backup note: if no reply in 2 days, send follow-up short not weird.",37,Male,US,Product Manager,contact,people relationships,,,,,
1769,,,HaNTN,accepted,,,2026.03.12,2026.03.12,5%,,Evelyn Brooks,"people to call re mom's porch repair, keeping notes seperate bc family group chat is a mess
 
 * Hank Porter, neighbor's cousin, does small carpentry jobs
 * email: hank.porter.woodwork@gmail.com
 
 * said weekends are packed but Thurs maybe open
 
 His number is at the bottom so I stop dialing the wrong Hank.
 He came by once last summer and noticed the loose rail right away.
 seemed honest, boots covered in sawdust, nice enough.
 
 Questions for him:
 1. can he replace only the bad boards?
 2. does he haul debris or nah
 3. rough timeline before Easter
 
 also maybe ask if he does mailbox posts too.
 Mom prefers calls after 9:30am so loop her in later, not first thing.
 Need estimate in writing this time, last dude was too vauge.
 
 Hank Porter
 +1 919-555-5801",52,Female,US,Dental Hygienist,contact,people relationships,,,,,
1770,,,HaNTN,accepted,,,2026.03.12,2026.03.12,6.70%,,Melissa Carter,"Katie from old apt building laundry room said to call after 6 bc she works weird shifts.
 Her cell: +1 312-555-1847
 Met her when my package got delivred to 3B by mistake.
 Need to ask if her cousin still does cheap moving help.
 
 - dont call during lunch, she said boss is nosy
 - maybe text first so she knows it's me, not random spam
 - mention the blue lamp i still owe her from the hallway swap
 
 1. ask abt small truck for Sat
 2. ask price before saying yes
 3. if no answer, try again Thurs nite
 
 She was nice, a little fast talker tho.
 Said ""save my number bc I never check email"".
 Email anyway just in case: katie.moreno.chi@gmail.com
 
 Best time prob 6:30ish or later.
 dont forget this is the Katie w/ orange cat, not work Katie",34,Female,US,Dental Hygienist,contact,people relationships,,,,,
1771,,,HaNTN,accepted,,,2026.03.12,2026.03.12,2%,,Jordan Whitaker,"=+1 404-555-2981 — Marcus Bell, HVAC guy my sister used last summer.
 Need him for upstairs vent rattling and the guest room not getting cold air.
 He answered late last time around 7:45 pm, so evening is prob best.
 
 • saved from sis Jenna after July cookout
 • said to mention her name for ""family rate"" maybe lol
 • comes out to Decatur and nearby, gotta confirm my zip tho
 
 Marcus also said texting pics helps.
 The loose vent cover in hall is the noisy one.
 Maybe send pic first then ask if he does Sat calls.
 
 Backup contact if Marcus flakes:
 Andre's office: +1 678-555-4402
 Front desk email: service.andrehvac@peachtreecooling.com
 
 Only use backup if no reply by Fri noon.
 
 Need to write down quote this time, i always forget numbers.
 Not emergency, just annoying as heck at night.",41,Male,US,High School Counselor,contact,people relationships,,,,,
1772,,,HaNTN,accepted,,,2026.03.12,2026.03.12,4%,,Brianna Lopez,"Call mom's church friend Teresa Nguyen tmw morning maybe before 10.
 She offered a lead on part-time bookkeeping for weekends.
 I met her after the fundraiser, she remembered I ""used to work payroll stuff."" 
 
 Name first so I don't blank: Teresa Nguyen
 Email: tnguyen.ledgerhome@gmail.com
 
 Phone is in my contacts too but writing it here bc I lose things: +1 281-555-6734
 
 - ask whether it's remote or if she needs me onsite
 - ask how many hrs, bc Sat afternoons are bad for me
 - mention I can do QuickBooks, invoicing, messy reciepts etc
 
 1) be polite and not too chatty
 2) don't say desperate even if rent is wild rn
 3) thank her again for the banana bread, seriously
 
 If she doesnt answer, leave voicemail slowwwly.
 This is Teresa from Houston banquet hall event, not Teresa from daycare group.",28,Female,US,Barista,contact,people relationships,,,,,
1773,,,HaNTN,accepted,,,2026.03.12,2026.03.12,0%,,Stephen Holloway,"Nico Ramirez helped me out at the trail shop in Flagstaff when my bike chain snapped.
 Need his contact bc he said he might know someone selling a used gravel bike in decent shape.
 
 shop line first: +1 928-555-1186
 Nico direct cell maybe easier: +1 602-555-7319
 
 * text, don't call before noon, guy opens late alot
 * mention green Kona and busted chain from Labor Day trip
 * ask if the red frame one is still available
 
 He also scribbled his email on the reciept: nico.rides.az@gmail.com
 
 Said weekends are chaos so Mon or Tue is smarter.
 
 1. ask bike size again bc I forgot if 56 or 58
 2. ask if cash offer is okay
 3. see if he can hold it till payday
 
 Seems trustworthy, kinda scattered tho.
 Don't confuse him w/ Noel from Phoenix bike swap.
 If number dead, call the shop and ask what days Nico's in.",37,Male,US,Park Ranger,contact,people relationships,,,,,
1774,,,HaNTN,accepted,,,2026.03.12,2026.03.12,7%,,Aaliyah Brooks,"Re: daycare pickup backup list bc mine is a mess.
 
 Nora Patel
 neighbor from across the hall, daughter is in same pre-K room as Zuri.
 Can grab Z if train is delayed again.
 Phone +1 917-555-5064
 Usually okay after 4 pm, except Wed bc piano for her kid.
 
 - text first, she hates surprise calls
 - say ""it's Aaliyah in 5C"" bc she has too many moms in contacts
 
 2nd option if Nora can't:
 Camille Reed from old job
 works downtown but lives nearby now.
 Email: camille.reed.home@gmail.com
 
 Cell: +1 646-555-8823
 Said emergency-only is fine, just not every week obv.
 
 1. ask both if they still want gate code or just front desk call
 2. update preschool form Friday
 Need to do this tonight, keep putting it off and then panicing.",32,Female,US,Product Designer,contact,people relationships,,,,,
1775,,,HaNTN,accepted,,,2026.03.12,2026.03.12,5%,,Marissa Cole,"Samir Patel from the building reno job.
 +1 312-555-0148
 Met him Tues after he checked the leaky ceiling in unit 4B.
 Really nice, talked fast, said text is better than calling before 8am.
 Email: samir.patel.chi@gmail.com
 
 
 Need to ask him 3 things:
 1. quote for patch + paint
 2. can he do Sat morning
 3. if he also fixes that closet door that sticks
 
 He said remind him I was the one w the blue notebook lol.
 Do not forget he spelled his name Sameer at first then corrected it to Samir.
 
 - call after lunch if he hasnt texted back
 - backup number from card maybe office: +1 773-555-0196
 - probly keep both til job is done",29,Female,US,Elementary School Teacher,contact,people relationships,,,,,
1776,,,HaNTN,accepted,,,2026.03.12,2026.03.12,2%,,Darren Whitaker,"ERIN from dog daycare, not the vet.
 Her cell is +1 404-555-0177 and she said weekends get crazy.
 Best time to reach her is around 1:30 when nap block starts.
 
 I saved this bc Bixby liked her right away and thats rare.
 She mentioned the shy-dog room in the back, might be good for first few visits.
 Email she actually uses: erin.m.holloway@yahoo.com
 
 
 * ask if they still do half-days on Fridays
 * ask what shots records they need resent
 * ask if she can trim nails too or if thats separate
 
 Also there was another number on the brochure +1 678-555-0124.
 Not sure if that one goes to front desk or owner.
 Dont ramble when I call.
 Just say I’m the guy with the black terrier mix from the open house.
 She’ll prob remember.
 Need this sorted before next work trip.",41,Male,US,Auto Claims Adjuster,contact,people relationships,,,,,
1777,,,HaNTN,reject,trung format,,2026.03.12,2026.03.12,0%,,Tiana Brooks,"Notes from today so I dont lose this again.
 
 Nina Alvarez, florist from my cousin’s wedding rec.
 Said she can do small dinner party stems too, not just big events.
 Email first if possible: ninalvarez.flowers@outlook.com
 
 then text if urgent at +1 619-555-0162
 
 Why I saved her:
 1) she knew peonies were out of season and didnt bs me
 2) works within budget, kinda important rn
 3) delivers to North Park after 4pm
 
 - mention the yellow tablecloths
 - ask for loose, garden-ish style not stiff
 - check if she still has that ceramic vase rental
 
 Her assistant maybe? Jo or Joe wrote another contact on receipt: +1 858-555-0135
 I think thats only for delivery day stuff.
 Call Wed eve, not morning, she said school dropoff is hectic.",34,Female,US,Dental Hygienist,contact,,,,,,
1778,,,HaNTN,accepted,,,2026.03.12,2026.03.12,5.60%,,Leon Murphy,"Marcus Reed
 old coworker from the Phoenix warehouse, now does freelance appliance repair.
 
 Phone first: +1 602-555-0183
 Backup bc he breaks phones constantly: +1 480-555-0117
 
marcus.reed.repairs@gmail.com

 Need him for Mom’s dryer making that burnt sock smell.
 He told me not to say “dryer is dead” bc then he brings extra parts for no reason.
 Just say drum turns, heat weird, takes 2 cycles.
 
 Stuff to remember:
 • text pics of model sticker
 • ask if he still waives visit fee for friends/fam
 • dont call before 10, he works late nights
 
 
 Met up w him in Jan at Nate’s bbq, so mention that or he may not place me right away.
 He owes me one anyway after I helped w his resume lol.
 Try Fri afternoon.",52,Male,US,City Bus Driver,contact,people relationships,,,,,
1779,,,HaNTN,accepted,,,2026.03.12,2026.03.12,11%,,Kayla Nguyen,"Keep this one, she seems solid.
 
 Priya Desai — freelance math tutor from Janelle’s parent group.
 +1 917-555-0155
 She tutors high school algebra + pre-calc, mostly online but can meet at library some evenings.
 
 I’m saving her for Mason, since his grades dipped after winter break.
 Said he doesnt need “more homework,” just someone patient who explains stuff slower.
 That sounded right tbh.
 
 Quick ask list:
 1. rate per hour
 2. if she can do Sundays
 3. whether she gives short progress notes after sessions
 
 Email was in her follow-up: priyadesai.nyc@gmail.com
 
 - mention Mason is quiet at first
 - mention we’re in Queens, Forest Hills branch easier for us
 - if no reply by Thurs night, use alt number from flyer +1 646-555-0109
 Spelled her name Priyanka on one post, but she signed message Priya, so double-check before sending.",38,Female,US,Payroll Specialist,contact,people relationships,,,,,
1780,,,HaNTN,accepted,,,2026.03.12,2026.03.12,19%,,Marissa Cole,"Elouise Park - florist from the wedding expo
 +1 206-555-1843
 Met her Sat when I was asking about last-min centerpieces.
 She said text is better than calling before 10am.
 Need to ask if she still has cream roses + eucalyptus bundles.
 
 also keep this
 elouise.park.flowers@gmail.com
 
 she answers kinda late but she does answer lol
 
 - call Tues after school
 - mention the navy table runners
 - ask about delivery fee to Tacoma
 
 backup note:
 her assistant might pick up first, name sounded like Kira or Keera
 don’t forget I already told them budget is around 450 max",31,Female,US,Elementary School Teacher,contact,people relationships,,,,,
1781,,,PhucVQ,accepted,,,2026.03.12,2026.03.12,1,,Darren Whitaker,"1) Ray Molina, appliance repair guy from my landlord
 works on older washers, not just new ones
 said the rattling noise is probly the drum belt again
 
 2) best number: +1 915-555-6721
 if no answer try after 6 bc he's on jobs all day
 
 3) ask him abt the GE in unit B
 gray washer, leaks a little from bottom left
 quoted me “roughly 80 just to look” last spring
 
 * alt contact his niece handles scheduling
 * marina.molina.bookings@gmail.com
 * spell my last name slowly bc he got it wrong before
 
 Need this saved bc landlord never remembers who he used last time",44,Male,US,Auto Parts Sales Representative,contact,,,,,,
1782,,,PhucVQ,accepted,,,2026.03.12,2026.03.12,0,,Talia Nguyen,"Mia from dog boarding place in Tempe
 +1 480-555-9037 is front desk but ask for Mia direct
 she usually works Wed-Fri mornings
 super nice, remembered Poppy was the beagle who hates loud kennels
 I wanna call her before booking July trip
 
 boarding note:
 - ask if they still do med-free calming room
 - check pickup on Sunday evening
 - tell her Poppy eats weirdly if bowl is too full
 
 Email from the little card:
 mia@deserttrailpets.com
 
 
 last time she gave me a first-time discount, maybe don't be awkward and just ask lol
 also mention I was the one who forgot the leash by the counter",27,Female,US,Graphic Designer,contact,,,,,,
1783,,,PhucVQ,,,,2026.03.12,2026.03.12,,,Leonard Price,"Pastor Neil Harper
 church referral for Mom’s porch ramp project
 not a contractor exactly, more like he knows ppl who can help cheap
 
 Call after dinner, not during office hrs bc he does visits in the afternoon
 His number: +1 502-555-2418
 
 Things to mention when I ring:
 1. Mom lives on Sycamore Ln in Louisville
 2. two steps only, maybe simple wood ramp
 3. need estimate before end of month
 
 He also said his brother-in-law does handrails
 maybe ask for that contact too
 
 email was on the bulletin i think
 nharper@gracechapelky.org
 
 Don’t ramble. Just say Carla from choir told me to reach out.",58,Male,US,City Bus Driver,contact,,,,,,
1784,,,PhucVQ,,,,2026.03.12,2026.03.12,,,Simone Alvarez,"Contacts for the condo insurance mess
 
 Becca Sloan = claims adjuster from Harbor State
 becca.sloan@harborstate.com
 
 said email docs first, then phone if urgent
 
 main line
 +1 617-555-3186
 
 what this is about:
 water stain in hallway ceiling from unit 4C
 she opened the file Monday but I still dont have the claim # written anywhere ugh
 
 remember:
 - call around lunch, she said 12:30-ish is easiest
 - ask whether plumber invoice has to be itemized
 - send the two photos with timestamps
 - mention neighbor Luis already admitted leak came from his AC pan
 
 secondary person maybe if Becca is out: Tom in intake, sounded rushed but helpful",39,Female,US,Restaurant Manager,contact,,,,,,
1785,,,PhucVQ,,,,2026.03.12,2026.03.12,,,Marissa Cole,"Need to keep this all in one spot before I lose that sticky note again.
 Andre Bennett +1 415-882-7314
 met him at the Oakland landlord meetup, knows the handyman who fixed unit 3 sink fast.
 Call after 6:30 pm bc he teaches during day.
 
 Also ask if his cousin still does cheap paint touchups.
 don't forget I owe him pics of the hallway wall.
 
 1. ask abt avail next Thurs
 2. price for patching + repaint by the mailboxes
 3. whether he can text instead of voicemail bc I never check it
 
 - super nice, talked a lot abt old victorian houses
 - said ""remind me you're the one w/ the blue entry door""
 - maybe mention Jasmine referred me
 
 If no answer, wait till Sat morning and try again.",34,Female,US,Property Manager,contact,,,,,,
1786,,,PhucVQ,accepted,,,2026.03.12,2026.03.12,0,,Darren Whitlock,"mom said i gotta save these people right this time or Mom will be annoyed.
 Felicia Moreno, church friend from Glendale, +1 818-440-2659
backup number she actually answers more: +1 747-619-8042
 She does cakes on weekends and basically my only hope for Ava's grad party.
 honestly just text her first because she hates random calls and i dont want to annoy her or make her not wanna do the cake.


 only use if she hasnt replied by Wed afternoon, ugh i hate waiting.
 For the order ask:
 1) half sheet vanilla w strawberries
 2) absolutely no nuts anywhere because Eli's allergy is scary
 3) pickup around 10ish Sat if possible
 note to self—she remembers me from that fall fair booth, im the person who spilled coffee everywhere.
 still embarassing to think about but maybe it helps her know who i am actually.
 gotta send inspo pics after dinner tonight.
 dont wait till the last minute again, im so bad at this.",42,Male,US,Bus Driver,contact,,,,,,
1787,,,PhucVQ,accepted,,,2026.03.12,2026.03.12,4.1,,Tiana Brooks,"Roofer contact stuff bc the leak is def getting worse by the window.
 Trevor Ng was rec by my upstairs neighbor Mina.
 said he works mostly around Tacoma / south Seattle jobs.
 
 +1 253-771-5086
 
 He came by in Feb for a quick look, seemed honest, not sales-y.
 Call before 8 am or on lunch break, he starts early.
 
 - ask if the shingle color """"weathered wood"""" is close enough
 - ask if flashing near chimney was included or not
 - ask for emailed estimate to my real inbox, not work one
 
 1. mention small brown dog so he doesn't freak when he comes by
 2. gate sticks, pull up then push hard
 3. remind him parking in alley is easier
 
 If he can't do it this month, ask who he trusts instead.",29,Female,US,Veterinary Assistant,contact,,,,,,
1788,,,PhucVQ,accepted,,,2026.03.12,2026.03.12,6,,Colin Mercer,"random contacts from the film fest weekend so I dont forget who was who.
 
 Jules Harper — sound mixer I chatted with after the doc screening.
 said to reach out if I still wanna shadow on a short set.
 Not a morning person, text after 11.
 email: jules.harper.audio@gmail.com
 
 
 phone for urgent day-of stuff: +1 323-905-4471
 
 Things to say when I message:
 - I was the guy asking abt lav mics near the snack table
 - loved her note abt room tone, write that down maybe
 - free most Sundays and some Fri nights
 - don't make it too formal
 - ask if she still needs help on that Pasadena shoot
 
 She seemed cool, just a little rushed, so keep msg short-ish.
 follow up once, then leave it.",24,Male,US,Production Assistant,contact,,,,,,
1789,,,PhucVQ,accepted,,,2026.03.12,2026.03.12,11,,Renee Halstead,"""contacts for the dog + house situation while I'm in Denver next month.
 
I love Nina Park because she took care of Leah's corgi and sent updates on time, which was really great.
And more importantly, she lives only 10 mins away!
 
 Nina Park
 backup email: nina.park.homehelp@outlook.com
 
 prefers calls in the evening, after her last client.
 
 - main phone +1 614-558-3921
 - alt if voicemail full +1 380-244-7816
 
 1. ask about overnight Fri + Sat rates
 2. make sure she's okay with giving Pepper his stupid green chew at 9
 3. tell her back door sticks when it's humid
 4. ask if plant watering is extra or included
 
 met her once at Leah's bbq, soft-spoken, seemed reliabe.
 send garage code only after dates are confirmed.
 don't forget to mention Pepper barks like crazy for two mins then quits.""",51,Female,US,High School Counselor,contact,,,,,,
1790,,,PhucVQ,accepted,,,2026.03.12,2026.03.12,8,,Melissa Hart,"dentist rec from Jenna - Dr. Aaron Pike
 call after 3:30 bc front desk gets less crazy then
 +1 415-728-9034
 Oak + Pearl Dental, downtown near the old post office
 he fixed mom's crown last yr and she said he was super patient
 
  ask if they do Sat appts
 check cleaning price w/o full xrays
 mention jaw clenching at nite
 ask abt teeth whitening + night guard


 dont forget insurance card stuff
 email from the reminder was aaron.pike.dds@gmail.com I think

 if no answer, leave msg slow bc last time I rushed it
 maybe call Friday, not Monday mornings
 saved bc I keep putting this off and my tooth feels weird again",29,Female,US,Elementary School Teacher,contact,,,,,,
1791,,,PhucVQ,accepted,,,2026.03.12,2026.03.12,6,,Darren Cole,"""Need this all in one place before I lose the sticky note again
 
 - Maya Rios, apartment leasing office
 - email: maya.rios.leasing@outlook.com
 
 - best for questions abt parking permit + mailbox key
 
 phone is prob easiest in the morning: +1 312-664-1187
 she told me Tue/Wed are less hectic
 should ask Maya abt guest pass for Erin this weekend
 Also
 Jared Blum from Spectrum install
 came by last month, nice guy, said text first
 +1 773-555-4826
 should  ask Jared if he can come after 6 bc work

 Maya wears huge green glasses, Jared had the white van w/ ladder on top""",41,Male,US,Auto Claims Adjuster,contact,,,,,,
1792,,,PhucVQ,accepted,,,2026.03.12,2026.03.12,7,,Priya Donnelly,"""Contacts to keep for the move next month
 
 1) Nico Salazar
 moving helper, friend of Tasha from yoga
 used him when she left Queens and said he didnt flake
 can prob do boxes + small couch
 text only first: +1 646-902-7713
 
 2) Blue Lantern Storage office
 manager name was Keisha maybe? need to confim
 main line +1 718-440-6295
 email receipt came from bluelantern.units@gmail.com
 
 Call Nico after lunch, call storage before 11
 saving this here bc my inbox is a mess and I keep spelling his name wrong
 
 Things to ask
 - any first month discount
 - elevator access hours
 - if they sell tape / mattress covers",34,Female,US,Product Manager,contact,,,,,,
1793,,,PhucVQ,accepted,,,2026.03.12,2026.03.12,1,,Brandon Whitaker,"Samir Pandrea
 old mechanic from the shop on 8th, good for quick brake checks and weird rattles
 he said call, not app booking nonsense
 
 last number I used was +1 602-817-3349
 if that one is dead try the desk +1 602-817-3312
 
 notes to self:
 • mention the scraping sound when backing out
 • ask if he can look at tires too
 
 email maybe for invoices: samir.patel.auto@protonmail.com
 
 
 Best time = around 7:45 a.m. before they start stacking jobs
 he helped me last summer when the battery died in the Fry's lot
 
 dont wait till payday Friday night again, just call him tomrrow",38,Male,US,Warehouse Supervisor,contact,,,,,,
1795,,,,,,,,,,,,,,,,,contact,,,,,,
1796,,,,,,,,,,,,,,,,,contact,,,,,,
1797,,,,,,,,,,,,,,,,,contact,,,,,,
1798,,,,,,,,,,,,,,,,,contact,,,,,,
1799,,,,,,,,,,,,,,,,,contact,,,,,,
1800,,,,,,,,,,,,,,,,,contact,,,,,,
1801,,,,,,,,,,,,,,,,,contact,,,,,,
1802,,,,,,,,,,,,,,,,,contact,,,,,,
1803,,,,,,,,,,,,,,,,,contact,,,,,,
1804,,,,,,,,,,,,,,,,,contact,,,,,,
1805,,,,,,,,,,,,,,,,,contact,,,,,,
1806,,,,,,,,,,,,,,,,,contact,,,,,,
1807,,,,,,,,,,,,,,,,,contact,,,,,,
1808,,,,,,,,,,,,,,,,,contact,,,,,,
1809,,,,,,,,,,,,,,,,,contact,,,,,,
1810,,,,,,,,,,,,,,,,,contact,,,,,,
1811,,,,,,,,,,,,,,,,,contact,,,,,,
1812,,,,,,,,,,,,,,,,,contact,,,,,,
1813,,,,,,,,,,,,,,,,,contact,,,,,,
1814,,,,,,,,,,,,,,,,,contact,,,,,,
1815,,,,,,,,,,,,,,,,,contact,,,,,,
1816,,,,,,,,,,,,,,,,,contact,,,,,,
1817,,,,,,,,,,,,,,,,,contact,,,,,,
1818,,,,,,,,,,,,,,,,,contact,,,,,,
1819,,,,,,,,,,,,,,,,,contact,,,,,,
1820,,,,,,,,,,,,,,,,,contact,,,,,,
1821,,,,,,,,,,,,,,,,,contact,,,,,,
1822,,,,,,,,,,,,,,,,,contact,,,,,,
1823,,,,,,,,,,,,,,,,,contact,,,,,,
1824,,,,,,,,,,,,,,,,,contact,,,,,,
1825,,,,,,,,,,,,,,,,,contact,,,,,,
1826,,,,,,,,,,,,,,,,,contact,,,,,,
1827,,,,,,,,,,,,,,,,,contact,,,,,,
1828,,,,,,,,,,,,,,,,,contact,,,,,,
1829,,,,,,,,,,,,,,,,,contact,,,,,,
1830,,,,,,,,,,,,,,,,,contact,,,,,,
1831,,,,,,,,,,,,,,,,,contact,,,,,,
1832,,,,,,,,,,,,,,,,,contact,,,,,,
1833,,,,,,,,,,,,,,,,,contact,,,,,,
1834,,,,,,,,,,,,,,,,,contact,,,,,,
1835,,,,,,,,,,,,,,,,,contact,,,,,,
1836,,,,,,,,,,,,,,,,,contact,,,,,,
1837,,,,,,,,,,,,,,,,,contact,,,,,,
1838,,,,,,,,,,,,,,,,,contact,,,,,,
1839,,,,,,,,,,,,,,,,,contact,,,,,,
1840,,,,,,,,,,,,,,,,,contact,,,,,,
1841,,,,,,,,,,,,,,,,,contact,,,,,,
1842,,,,,,,,,,,,,,,,,contact,,,,,,
1843,,,,,,,,,,,,,,,,,contact,,,,,,
1844,,,,,,,,,,,,,,,,,contact,,,,,,
1845,,,,,,,,,,,,,,,,,contact,,,,,,
1846,,,,,,,,,,,,,,,,,contact,,,,,,
1847,,,,,,,,,,,,,,,,,contact,,,,,,
1848,,,,,,,,,,,,,,,,,contact,,,,,,
1849,,,,,,,,,,,,,,,,,contact,,,,,,
1850,,,,,,,,,,,,,,,,,contact,,,,,,
1851,,,,,,,,,,,,,,,,,contact,,,,,,
1852,,,,,,,,,,,,,,,,,contact,,,,,,
1853,,,,,,,,,,,,,,,,,contact,,,,,,
1854,,,,,,,,,,,,,,,,,contact,,,,,,
1855,,,,,,,,,,,,,,,,,contact,,,,,,
1856,,,,,,,,,,,,,,,,,contact,,,,,,
1857,,,,,,,,,,,,,,,,,contact,,,,,,
1858,,,,,,,,,,,,,,,,,contact,,,,,,
1859,,,,,,,,,,,,,,,,,contact,,,,,,
1860,,,,,,,,,,,,,,,,,contact,,,,,,
1861,,,,,,,,,,,,,,,,,contact,,,,,,
1862,,,,,,,,,,,,,,,,,contact,,,,,,
1863,,,,,,,,,,,,,,,,,contact,,,,,,
1864,,,,,,,,,,,,,,,,,contact,,,,,,
1865,,,,,,,,,,,,,,,,,contact,,,,,,
1866,,,,,,,,,,,,,,,,,contact,,,,,,
1867,,,,,,,,,,,,,,,,,contact,,,,,,
1868,,,,,,,,,,,,,,,,,contact,,,,,,
1869,,,,,,,,,,,,,,,,,contact,,,,,,
1870,,,,,,,,,,,,,,,,,contact,,,,,,
1871,,,,,,,,,,,,,,,,,contact,,,,,,
1872,,,,,,,,,,,,,,,,,contact,,,,,,
1873,,,,,,,,,,,,,,,,,contact,,,,,,
1874,,,,,,,,,,,,,,,,,contact,,,,,,
1875,,,,,,,,,,,,,,,,,contact,,,,,,
1876,,,,,,,,,,,,,,,,,contact,,,,,,
1877,,,,,,,,,,,,,,,,,contact,,,,,,
1878,,,,,,,,,,,,,,,,,contact,,,,,,
1879,,,,,,,,,,,,,,,,,contact,,,,,,
1880,,,,,,,,,,,,,,,,,contact,,,,,,
1881,,,,,,,,,,,,,,,,,contact,,,,,,
1882,,,,,,,,,,,,,,,,,contact,,,,,,
1883,,,,,,,,,,,,,,,,,contact,,,,,,
1884,,,,,,,,,,,,,,,,,contact,,,,,,
1885,,,,,,,,,,,,,,,,,contact,,,,,,
1886,,,,,,,,,,,,,,,,,contact,,,,,,
1887,,,,,,,,,,,,,,,,,contact,,,,,,
1888,,,,,,,,,,,,,,,,,contact,,,,,,
1889,,,,,,,,,,,,,,,,,contact,,,,,,
1890,,,,,,,,,,,,,,,,,contact,,,,,,
1891,,,,,,,,,,,,,,,,,contact,,,,,,
1892,,,,,,,,,,,,,,,,,contact,,,,,,
1893,,,,,,,,,,,,,,,,,contact,,,,,,
1894,,,,,,,,,,,,,,,,,contact,,,,,,
1895,,,,,,,,,,,,,,,,,contact,,,,,,
1896,,,,,,,,,,,,,,,,,contact,,,,,,
1897,,,,,,,,,,,,,,,,,contact,,,,,,
1898,,,,,,,,,,,,,,,,,contact,,,,,,
1899,,,,,,,,,,,,,,,,,contact,,,,,,
1900,,,,,,,,,,,,,,,,,contact,,,,,,
1901,,,,,,,,,,,,,,,,,contact,,,,,,
1902,,,,,,,,,,,,,,,,,contact,,,,,,
1903,,,,,,,,,,,,,,,,,contact,,,,,,
1904,,,,,,,,,,,,,,,,,contact,,,,,,
1905,,,,,,,,,,,,,,,,,contact,,,,,,
1906,,,,,,,,,,,,,,,,,contact,,,,,,
1907,,,,,,,,,,,,,,,,,contact,,,,,,
1908,,,,,,,,,,,,,,,,,contact,,,,,,
1909,,,,,,,,,,,,,,,,,contact,,,,,,
1910,,,,,,,,,,,,,,,,,contact,,,,,,
1911,,,,,,,,,,,,,,,,,contact,,,,,,
1912,,,,,,,,,,,,,,,,,contact,,,,,,
1913,,,,,,,,,,,,,,,,,contact,,,,,,
1914,,,,,,,,,,,,,,,,,contact,,,,,,
1915,,,,,,,,,,,,,,,,,contact,,,,,,
1916,,,,,,,,,,,,,,,,,contact,,,,,,
1917,,,,,,,,,,,,,,,,,contact,,,,,,
1918,,,,,,,,,,,,,,,,,contact,,,,,,
1919,,,,,,,,,,,,,,,,,contact,,,,,,
1920,,,,,,,,,,,,,,,,,contact,,,,,,
1921,,,,,,,,,,,,,,,,,contact,,,,,,
1922,,,,,,,,,,,,,,,,,contact,,,,,,
1923,,,,,,,,,,,,,,,,,contact,,,,,,
1924,,,,,,,,,,,,,,,,,contact,,,,,,
1925,,,,,,,,,,,,,,,,,contact,,,,,,
1926,,,,,,,,,,,,,,,,,contact,,,,,,
1927,,,,,,,,,,,,,,,,,contact,,,,,,
1928,,,,,,,,,,,,,,,,,contact,,,,,,
1929,,,,,,,,,,,,,,,,,contact,,,,,,
1930,,,,,,,,,,,,,,,,,contact,,,,,,
1931,,,,,,,,,,,,,,,,,contact,,,,,,
1932,,,,,,,,,,,,,,,,,contact,,,,,,
1933,,,,,,,,,,,,,,,,,contact,,,,,,
1934,,,,,,,,,,,,,,,,,contact,,,,,,
1935,,,,,,,,,,,,,,,,,contact,,,,,,
1936,,,,,,,,,,,,,,,,,contact,,,,,,
1937,,,,,,,,,,,,,,,,,contact,,,,,,
1938,,,,,,,,,,,,,,,,,contact,,,,,,
1939,,,,,,,,,,,,,,,,,contact,,,,,,
1940,,,,,,,,,,,,,,,,,contact,,,,,,
1941,,,,,,,,,,,,,,,,,contact,,,,,,
1942,,,,,,,,,,,,,,,,,contact,,,,,,
1943,,,,,,,,,,,,,,,,,contact,,,,,,
1944,,,,,,,,,,,,,,,,,contact,,,,,,
1945,,,,,,,,,,,,,,,,,contact,,,,,,
1946,,,,,,,,,,,,,,,,,contact,,,,,,
1947,,,,,,,,,,,,,,,,,contact,,,,,,
1948,,,,,,,,,,,,,,,,,contact,,,,,,
1949,,,,,,,,,,,,,,,,,contact,,,,,,
1950,,,,,,,,,,,,,,,,,contact,,,,,,
1951,,,,,,,,,,,,,,,,,contact,,,,,,
1952,,,,,,,,,,,,,,,,,contact,,,,,,
1953,,,,,,,,,,,,,,,,,contact,,,,,,
1954,,,,,,,,,,,,,,,,,contact,,,,,,
1955,,,,,,,,,,,,,,,,,contact,,,,,,
1956,,,,,,,,,,,,,,,,,contact,,,,,,
1957,,,,,,,,,,,,,,,,,contact,,,,,,
1958,,,,,,,,,,,,,,,,,contact,,,,,,
1959,,,,,,,,,,,,,,,,,contact,,,,,,
1960,,,,,,,,,,,,,,,,,contact,,,,,,
1961,,,,,,,,,,,,,,,,,contact,,,,,,
1962,,,,,,,,,,,,,,,,,contact,,,,,,
1963,,,,,,,,,,,,,,,,,contact,,,,,,
1964,,,,,,,,,,,,,,,,,contact,,,,,,
1965,,,,,,,,,,,,,,,,,contact,,,,,,
1966,,,,,,,,,,,,,,,,,contact,,,,,,
1967,,,,,,,,,,,,,,,,,contact,,,,,,
1968,,,,,,,,,,,,,,,,,contact,,,,,,
1969,,,,,,,,,,,,,,,,,contact,,,,,,
1970,,,,,,,,,,,,,,,,,contact,,,,,,
1971,,,,,,,,,,,,,,,,,contact,,,,,,
1972,,,,,,,,,,,,,,,,,contact,,,,,,
1973,,,,,,,,,,,,,,,,,contact,,,,,,
1974,,,,,,,,,,,,,,,,,contact,,,,,,
1975,,,,,,,,,,,,,,,,,contact,,,,,,
1976,,,,,,,,,,,,,,,,,contact,,,,,,
1977,,,,,,,,,,,,,,,,,contact,,,,,,
1978,,,,,,,,,,,,,,,,,contact,,,,,,
1979,,,,,,,,,,,,,,,,,contact,,,,,,
1980,,,,,,,,,,,,,,,,,contact,,,,,,
1981,,,,,,,,,,,,,,,,,contact,,,,,,
1982,,,,,,,,,,,,,,,,,contact,,,,,,
1983,,,,,,,,,,,,,,,,,contact,,,,,,
1984,,,,,,,,,,,,,,,,,contact,,,,,,
1985,,,,,,,,,,,,,,,,,contact,,,,,,
1986,,,,,,,,,,,,,,,,,contact,,,,,,
1987,,,,,,,,,,,,,,,,,contact,,,,,,
1988,,,,,,,,,,,,,,,,,contact,,,,,,
1989,,,,,,,,,,,,,,,,,contact,,,,,,
1990,,,,,,,,,,,,,,,,,contact,,,,,,
1991,,,,,,,,,,,,,,,,,contact,,,,,,
1992,,,,,,,,,,,,,,,,,contact,,,,,,
1993,,,,,,,,,,,,,,,,,contact,,,,,,
1994,,,,,,,,,,,,,,,,,contact,,,,,,
1995,,,,,,,,,,,,,,,,,contact,,,,,,
1996,,,,,,,,,,,,,,,,,contact,,,,,,
1997,,,,,,,,,,,,,,,,,contact,,,,,,
1998,,,,,,,,,,,,,,,,,contact,,,,,,
1999,,,,,,,,,,,,,,,,,contact,,,,,,
2000,,,,,,,,,,,,,,,,,contact,,,,,,
2001,,,,,,,,,,,,,,,,,contact,,,,,,
2002,,,,,,,,,,,,,,,,,contact,,,,,,
2003,,,,,,,,,,,,,,,,,contact,,,,,,
2004,,,,,,,,,,,,,,,,,contact,,,,,,
2005,,,,,,,,,,,,,,,,,contact,,,,,,
2006,,,,,,,,,,,,,,,,,contact,,,,,,
2007,,,,,,,,,,,,,,,,,contact,,,,,,
2008,,,,,,,,,,,,,,,,,contact,,,,,,
2009,,,,,,,,,,,,,,,,,contact,,,,,,
2010,,,,,,,,,,,,,,,,,contact,,,,,,
2011,,,,,,,,,,,,,,,,,contact,,,,,,
2012,,,,,,,,,,,,,,,,,contact,,,,,,
2013,,,,,,,,,,,,,,,,,contact,,,,,,
2014,,,,,,,,,,,,,,,,,contact,,,,,,
2015,,,,,,,,,,,,,,,,,contact,,,,,,
2016,,,,,,,,,,,,,,,,,contact,,,,,,
2017,,,,,,,,,,,,,,,,,contact,,,,,,
2018,,,,,,,,,,,,,,,,,contact,,,,,,
2019,,,,,,,,,,,,,,,,,contact,,,,,,
2020,,,,,,,,,,,,,,,,,contact,,,,,,
2021,,,,,,,,,,,,,,,,,contact,,,,,,
2022,,,,,,,,,,,,,,,,,contact,,,,,,
2023,,,,,,,,,,,,,,,,,contact,,,,,,
2024,,,,,,,,,,,,,,,,,contact,,,,,,
2025,,,,,,,,,,,,,,,,,contact,,,,,,
2026,,,,,,,,,,,,,,,,,contact,,,,,,
2027,,,,,,,,,,,,,,,,,contact,,,,,,
2028,,,,,,,,,,,,,,,,,contact,,,,,,
2029,,,,,,,,,,,,,,,,,contact,,,,,,
2030,,,,,,,,,,,,,,,,,contact,,,,,,
2031,,,,,,,,,,,,,,,,,contact,,,,,,
2032,,,,,,,,,,,,,,,,,contact,,,,,,
2033,,,,,,,,,,,,,,,,,contact,,,,,,
2034,,,,,,,,,,,,,,,,,contact,,,,,,
2035,,,,,,,,,,,,,,,,,contact,,,,,,
2036,,,,,,,,,,,,,,,,,contact,,,,,,
2037,,,,,,,,,,,,,,,,,contact,,,,,,
2038,,,,,,,,,,,,,,,,,contact,,,,,,
2039,,,,,,,,,,,,,,,,,contact,,,,,,
2040,,,,,,,,,,,,,,,,,contact,,,,,,
2041,,,,,,,,,,,,,,,,,contact,,,,,,
2042,,,,,,,,,,,,,,,,,contact,,,,,,
2043,,,,,,,,,,,,,,,,,contact,,,,,,
2044,,,,,,,,,,,,,,,,,contact,,,,,,
2045,,,,,,,,,,,,,,,,,contact,,,,,,
2046,,,,,,,,,,,,,,,,,contact,,,,,,
2047,,,,,,,,,,,,,,,,,contact,,,,,,
2048,,,,,,,,,,,,,,,,,contact,,,,,,
2049,,,,,,,,,,,,,,,,,contact,,,,,,
2050,,,,,,,,,,,,,,,,,contact,,,,,,
2051,,,,,,,,,,,,,,,,,contact,,,,,,
2052,,,,,,,,,,,,,,,,,contact,,,,,,
2053,,,,,,,,,,,,,,,,,contact,,,,,,
2054,,,,,,,,,,,,,,,,,contact,,,,,,
2055,,,,,,,,,,,,,,,,,contact,,,,,,
2056,,,,,,,,,,,,,,,,,contact,,,,,,
2057,,,,,,,,,,,,,,,,,contact,,,,,,
2058,,,,,,,,,,,,,,,,,contact,,,,,,
2059,,,,,,,,,,,,,,,,,contact,,,,,,
2060,,,,,,,,,,,,,,,,,contact,,,,,,
2061,,,,,,,,,,,,,,,,,contact,,,,,,
2062,,,,,,,,,,,,,,,,,contact,,,,,,
2063,,,,,,,,,,,,,,,,,contact,,,,,,
2064,,,,,,,,,,,,,,,,,contact,,,,,,
2065,,,,,,,,,,,,,,,,,contact,,,,,,
2066,,,,,,,,,,,,,,,,,contact,,,,,,
2067,,,,,,,,,,,,,,,,,contact,,,,,,
2068,,,,,,,,,,,,,,,,,contact,,,,,,
2069,,,,,,,,,,,,,,,,,contact,,,,,,
2070,,,,,,,,,,,,,,,,,contact,,,,,,
2071,,,,,,,,,,,,,,,,,contact,,,,,,
2072,,,,,,,,,,,,,,,,,contact,,,,,,
2073,,,,,,,,,,,,,,,,,contact,,,,,,
2074,,,,,,,,,,,,,,,,,contact,,,,,,
2075,,,,,,,,,,,,,,,,,contact,,,,,,
2076,,,,,,,,,,,,,,,,,contact,,,,,,
2077,,,,,,,,,,,,,,,,,contact,,,,,,
2078,,,,,,,,,,,,,,,,,contact,,,,,,
2079,,,,,,,,,,,,,,,,,contact,,,,,,
2080,,,,,,,,,,,,,,,,,contact,,,,,,
2081,,,,,,,,,,,,,,,,,contact,,,,,,
2082,,,,,,,,,,,,,,,,,contact,,,,,,
2083,,,,,,,,,,,,,,,,,contact,,,,,,
2084,,,,,,,,,,,,,,,,,contact,,,,,,
2085,,,,,,,,,,,,,,,,,contact,,,,,,
2086,,,,,,,,,,,,,,,,,contact,,,,,,
2087,,,,,,,,,,,,,,,,,contact,,,,,,
2088,,,,,,,,,,,,,,,,,contact,,,,,,
2089,,,,,,,,,,,,,,,,,contact,,,,,,
2090,,,,,,,,,,,,,,,,,contact,,,,,,
2091,,,,,,,,,,,,,,,,,contact,,,,,,
2092,,,,,,,,,,,,,,,,,contact,,,,,,
2093,,,,,,,,,,,,,,,,,contact,,,,,,
2094,,,,,,,,,,,,,,,,,contact,,,,,,
2095,,,,,,,,,,,,,,,,,contact,,,,,,
2096,,,,,,,,,,,,,,,,,contact,,,,,,
2097,,,,,,,,,,,,,,,,,contact,,,,,,
2098,,,,,,,,,,,,,,,,,contact,,,,,,
2099,,,,,,,,,,,,,,,,,contact,,,,,,
2100,,,,,,,,,,,,,,,,,contact,,,,,,
2101,,,,,,,,,,,,,,,,,contact,,,,,,
2102,,,,,,,,,,,,,,,,,contact,,,,,,
2103,,,,,,,,,,,,,,,,,contact,,,,,,
2104,,,,,,,,,,,,,,,,,contact,,,,,,
2105,,,,,,,,,,,,,,,,,contact,,,,,,
2106,,,,,,,,,,,,,,,,,contact,,,,,,
2107,,,,,,,,,,,,,,,,,contact,,,,,,
2108,,,,,,,,,,,,,,,,,contact,,,,,,
2109,,,,,,,,,,,,,,,,,contact,,,,,,
2110,,,,,,,,,,,,,,,,,contact,,,,,,
2111,,,,,,,,,,,,,,,,,contact,,,,,,
2112,,,,,,,,,,,,,,,,,contact,,,,,,
2113,,,,,,,,,,,,,,,,,contact,,,,,,
2114,,,,,,,,,,,,,,,,,contact,,,,,,
2115,,,,,,,,,,,,,,,,,contact,,,,,,
2116,,,,,,,,,,,,,,,,,contact,,,,,,
2117,,,,,,,,,,,,,,,,,contact,,,,,,
2118,,,,,,,,,,,,,,,,,contact,,,,,,
2119,,,,,,,,,,,,,,,,,contact,,,,,,
2120,,,,,,,,,,,,,,,,,contact,,,,,,
,,,,,,,,,,Note,,,,,,,contact,,,,,,
,,,,,,,,,,Note,,,,,,,contact,,,,,,
,,,,,,,,,,Note,,,,,,,contact,,,,,,
,,,,,,,,,,Note,,,,,,,contact,,,,,,
,,,,,,,,,,Note,,,,,,,contact,,,,,,
,,,,,,,,,,Note,,,,,,,contact,,,,,,
,,,,,,,,,,Note,,,,,,,contact,,,,,,
,,,,,,,,,,Note,,,,,,,contact,,,,,,
,,,,,,,,,,Note,,,,,,,contact,,,,,,
,,,,,,,,,,Note,,,,,,,contact,,,,,,
,,,,,,,,,,Note,,,,,,,contact,,,,,,
,,,,,,,,,,Note,,,,,,,contact,,,,,,
,,,,,,,,,,Note,,,,,,,contact,,,,,,
,,,,,,,,,,Note,,,,,,,contact,,,,,,
,,,,,,,,,,Note,,,,,,,contact,,,,,,
,,,,,,,,,,Note,,,,,,,contact,,,,,,
,,,,,,,,,,Note,,,,,,,contact,,,,,,
,,,,,,,,,,Note,,,,,,,contact,,,,,,
,,,,,,,,,,Note,,,,,,,contact,,,,,,
,,,,,,,,,,Note,,,,,,,contact,,,,,,
,,,,,,,,,,Note,,,,,,,contact,,,,,,
,,,,,,,,,,Note,,,,,,,contact,,,,,,
,,,,,,,,,,Note,,,,,,,contact,,,,,,
,,,,,,,,,,Note,,,,,,,contact,,,,,,
,,,,,,,,,,Note,,,,,,,contact,,,,,,
,,,,,,,,,,Note,,,,,,,contact,,,,,,
,,,,,,,,,,Note,,,,,,,contact,,,,,,
,,,,,,,,,,Note,,,,,,,contact,,,,,,
,,,,,,,,,,Note,,,,,,,contact,,,,,,
,,,,,,,,,,Note,,,,,,,contact,,,,,,
,,,,,,,,,,Note,,,,,,,contact,,,,,,
,,,,,,,,,,Note,,,,,,,contact,,,,,,
,,,,,,,,,,Note,,,,,,,contact,,,,,,
,,,,,,,,,,Note,,,,,,,contact,,,,,,
,,,,,,,,,,Note,,,,,,,contact,,,,,,
,,,,,,,,,,Note,,,,,,,contact,,,,,,
,,,,,,,,,,Note,,,,,,,contact,,,,,,
,,,,,,,,,,Note,,,,,,,contact,,,,,,
,,,,,,,,,,Note,,,,,,,contact,,,,,,
,,,,,,,,,,Note,,,,,,,contact,,,,,,
,,,,,,,,,,Note,,,,,,,contact,,,,,,
,,,,,,,,,,Note,,,,,,,contact,,,,,,
,,,,,,,,,,Note,,,,,,,contact,,,,,,
,,,,,,,,,,Note,,,,,,,contact,,,,,,
,,,,,,,,,,Note,,,,,,,contact,,,,,,
,,,,,,,,,,Note,,,,,,,contact,,,,,,
,,,,,,,,,,Note,,,,,,,contact,,,,,,
,,,,,,,,,,Note,,,,,,,contact,,,,,,
,,,,,,,,,,Note,,,,,,,contact,,,,,,
,,,,,,,,,,Note,,,,,,,contact,,,,,,
,,,,,,,,,,Note,,,,,,,contact,,,,,,
,,,,,,,,,,Note,,,,,,,contact,,,,,,
,,,,,,,,,,Note,,,,,,,contact,,,,,,
,,,,,,,,,,Note,,,,,,,contact,,,,,,
,,,,,,,,,,Note,,,,,,,contact,,,,,,
,,,,,,,,,,Note,,,,,,,contact,,,,,,
,,,,,,,,,,Note,,,,,,,contact,,,,,,
,,,,,,,,,,Note,,,,,,,contact,,,,,,
,,,,,,,,,,Note,,,,,,,contact,,,,,,
,,,,,,,,,,Note,,,,,,,contact,,,,,,
,,,,,,,,,,Note,,,,,,,contact,,,,,,
,,,,,,,,,,Note,,,,,,,contact,,,,,,
,,,,,,,,,,Note,,,,,,,contact,,,,,,
,,,,,,,,,,Note,,,,,,,contact,,,,,,
,,,,,,,,,,Note,,,,,,,contact,,,,,,
,,,,,,,,,,Note,,,,,,,contact,,,,,,
,,,,,,,,,,Note,,,,,,,contact,,,,,,
,,,,,,,,,,Note,,,,,,,contact,,,,,,
,,,,,,,,,,Note,,,,,,,contact,,,,,,
,,,,,,,,,,Note,,,,,,,contact,,,,,,
,,,,,,,,,,Note,,,,,,,contact,,,,,,
,,,,,,,,,,Note,,,,,,,contact,,,,,,
,,,,,,,,,,Note,,,,,,,contact,,,,,,
,,,,,,,,,,Note,,,,,,,contact,,,,,,
,,,,,,,,,,Note,,,,,,,contact,,,,,,
,,,,,,,,,,Note,,,,,,,contact,,,,,,
,,,,,,,,,,Note,,,,,,,contact,,,,,,
,,,,,,,,,,Note,,,,,,,contact,,,,,,
,,,,,,,,,,Note,,,,,,,contact,,,,,,
,,,,,,,,,,Note,,,,,,,contact,,,,,,
,,,,,,,,,,Note,,,,,,,contact,,,,,,
,,,,,,,,,,Note,,,,,,,contact,,,,,,
,,,,,,,,,,Note,,,,,,,contact,,,,,,
,,,,,,,,,,Note,,,,,,,contact,,,,,,
,,,,,,,,,,Note,,,,,,,contact,,,,,,
,,,,,,,,,,Note,,,,,,,contact,,,,,,
,,,,,,,,,,Note,,,,,,,contact,,,,,,
,,,,,,,,,,Note,,,,,,,contact,,,,,,
,,,,,,,,,,Note,,,,,,,contact,,,,,,
,,,,,,,,,,Note,,,,,,,contact,,,,,,
,,,,,,,,,,Note,,,,,,,contact,,,,,,
,,,,,,,,,,Note,,,,,,,contact,,,,,,
,,,,,,,,,,Note,,,,,,,contact,,,,,,
,,,,,,,,,,Note,,,,,,,contact,,,,,,
,,,,,,,,,,Note,,,,,,,contact,,,,,,
,,,,,,,,,,Note,,,,,,,contact,,,,,,
,,,,,,,,,,Note,,,,,,,contact,,,,,,
,,,,,,,,,,Note,,,,,,,contact,,,,,,
,,,,,,,,,,Note,,,,,,,contact,,,,,,
,,,,,,,,,,Note,,,,,,,contact,,,,,,
,,,,,,,,,,Note,,,,,,,contact,,,,,,
,,,,,,,,,,Note,,,,,,,contact,,,,,,
,,,,,,,,,,Note,,,,,,,contact,,,,,,
,,,,,,,,,,Note,,,,,,,contact,,,,,,
,,,,,,,,,,Note,,,,,,,contact,,,,,,
,,,,,,,,,,Note,,,,,,,contact,,,,,,
,,,,,,,,,,Note,,,,,,,contact,,,,,,
,,,,,,,,,,Note,,,,,,,contact,,,,,,
,,,,,,,,,,Note,,,,,,,contact,,,,,,
,,,,,,,,,,Note,,,,,,,contact,,,,,,
,,,,,,,,,,Note,,,,,,,contact,,,,,,
,,,,,,,,,,Note,,,,,,,contact,,,,,,
,,,,,,,,,,Note,,,,,,,contact,,,,,,
,,,,,,,,,,Note,,,,,,,contact,,,,,,
,,,,,,,,,,Note,,,,,,,contact,,,,,,
,,,,,,,,,,Note,,,,,,,contact,,,,,,
,,,,,,,,,,Note,,,,,,,contact,,,,,,
,,,,,,,,,,Note,,,,,,,contact,,,,,,
,,,,,,,,,,Note,,,,,,,contact,,,,,,
,,,,,,,,,,Note,,,,,,,contact,,,,,,
,,,,,,,,,,Note,,,,,,,contact,,,,,,
,,,,,,,,,,Note,,,,,,,contact,,,,,,
,,,,,,,,,,Note,,,,,,,contact,,,,,,
,,,,,,,,,,Note,,,,,,,contact,,,,,,
,,,,,,,,,,Note,,,,,,,contact,,,,,,
,,,,,,,,,,Note,,,,,,,contact,,,,,,
,,,,,,,,,,Note,,,,,,,contact,,,,,,
,,,,,,,,,,Note,,,,,,,contact,,,,,,
,,,,,,,,,,Note,,,,,,,contact,,,,,,
,,,,,,,,,,Note,,,,,,,contact,,,,,,
,,,,,,,,,,Note,,,,,,,contact,,,,,,
,,,,,,,,,,Note,,,,,,,contact,,,,,,
,,,,,,,,,,Note,,,,,,,contact,,,,,,
,,,,,,,,,,Note,,,,,,,contact,,,,,,
,,,,,,,,,,Note,,,,,,,contact,,,,,,
,,,,,,,,,,Note,,,,,,,contact,,,,,,
,,,,,,,,,,Note,,,,,,,contact,,,,,,
,,,,,,,,,,Note,,,,,,,contact,,,,,,
,,,,,,,,,,Note,,,,,,,contact,,,,,,
,,,,,,,,,,Note,,,,,,,contact,,,,,,
,,,,,,,,,,Note,,,,,,,contact,,,,,,
,,,,,,,,,,Note,,,,,,,contact,,,,,,
,,,,,,,,,,Note,,,,,,,contact,,,,,,
,,,,,,,,,,Note,,,,,,,contact,,,,,,
,,,,,,,,,,Note,,,,,,,contact,,,,,,
,,,,,,,,,,Note,,,,,,,contact,,,,,,
,,,,,,,,,,Note,,,,,,,contact,,,,,,
,,,,,,,,,,Note,,,,,,,contact,,,,,,
,,,,,,,,,,Note,,,,,,,contact,,,,,,
,,,,,,,,,,Note,,,,,,,contact,,,,,,
,,,,,,,,,,Note,,,,,,,contact,,,,,,
,,,,,,,,,,Note,,,,,,,contact,,,,,,
,,,,,,,,,,Note,,,,,,,contact,,,,,,
,,,,,,,,,,Note,,,,,,,contact,,,,,,
,,,,,,,,,,Note,,,,,,,contact,,,,,,
,,,,,,,,,,Note,,,,,,,contact,,,,,,
,,,,,,,,,,Note,,,,,,,contact,,,,,,
,,,,,,,,,,Note,,,,,,,contact,,,,,,
,,,,,,,,,,Note,,,,,,,contact,,,,,,
,,,,,,,,,,Note,,,,,,,contact,,,,,,
,,,,,,,,,,Note,,,,,,,contact,,,,,,
,,,,,,,,,,Note,,,,,,,contact,,,,,,
,,,,,,,,,,Note,,,,,,,contact,,,,,,
,,,,,,,,,,Note,,,,,,,contact,,,,,,
,,,,,,,,,,Note,,,,,,,contact,,,,,,
,,,,,,,,,,Note,,,,,,,contact,,,,,,
,,,,,,,,,,Note,,,,,,,contact,,,,,,
,,,,,,,,,,Note,,,,,,,contact,,,,,,
,,,,,,,,,,Note,,,,,,,contact,,,,,,
,,,,,,,,,,Note,,,,,,,contact,,,,,,
,,,,,,,,,,Note,,,,,,,contact,,,,,,
,,,,,,,,,,Note,,,,,,,contact,,,,,,
,,,,,,,,,,Note,,,,,,,contact,,,,,,
,,,,,,,,,,Note,,,,,,,contact,,,,,,
