#,ID Anno,Anno Status ,ID QA,QA Status,Feedback,Double check,"Upload Date
(YYYY.MM.DD)","Check date
(YYYY.MM.DD)",% AI,Data_type,participant,Script,age,gender,country,occupation,primary category,secondary category,topics of interest,application used,OS,device info,YYYY.MM.DD
1,HUNGNV5,,,reject,,,,2026/03/07,,Note,Ryan,Prep for dentist tomorrow.Root canal at Dr. Smith's clinic.Downtown Seattle.Appt is at 2:30 PM.Need to leave work by 1:45 to find parking.Remember to take the antibiotics tonight!- grab ibuprofen from pharmacy- download podcasts for the waiting room- eat a big lunch beforebecause I won't be able to eat after.I am so terrified of this procedure.Hope it doesn't cost a fortune out of pocket.,41,Male,en_US,Accountant,event,,,,,,
2,HUNGNV5,,,reject,,,,2026/03/07,,Note,Jessica,"Q3 Marketing Offsite planningNext Thursday, 9 AM to 4 PMThe Grand Hotel conference room, Austin- Print 15 copies of the Q2 review deck- Order the catered lunch (sandwiches & salads)- Get dietary restrictions from the new hiresMake sure the projector actually works this time!We need to focus on the holiday campaign ideas.Brainstorming session at 1 PM.Team drinks afterwards at the lobby bar.Remind everyone to expense their Ubers.Gonna be a long exhausting day.",32,Female,en_US,Marketing Manager,event,,,,,,
3,HUNGNV5,,,reject,,,,2026/03/07,,Note,David,Montreal Jazz Festival Weekend!Finally going on July 12th.Main stage at Place des Arts.Meeting up with the guys around 4 PM.Things to bring:- Picnic blanket- Sunscreen (supposed to be 30 degrees)- Cash for the food trucks- Portable phone chargerGotta see the Kamasi Washington set at 8.Maybe sneak in some water bottles if they allow it.So excited for some live music and good vibes.,27,Male,en_US,Graphic Designer,event,,,,,,
4,HUNGNV5,,,reject,,,,2026/03/07,,Note,Maria,"U12 Regional Soccer FinalsSaturday, 8:00 AM kick-off (ugh so early)Pine Valley Sports Complex, Field 4I am on snack duty this week!- Buy orange slices- Get two cases of Gatorade- Ice for the coolerMake sure Tommy packs his backup cleats.And his shin guards, he always forgets them.Supposed to rain, bring the big golf umbrella.And the folding chairs from the garage.Hope we beat the Eagles this time.",38,Female,en_US,Registered Nurse,event,,,,,,
5,HUNGNV5,,,reject,,,,2026/03/07,,Note,Kevin,"Sam & Alex's Housewarming PartyThis Friday around 7 PM1422 Oak Street, Brooklyn, Apt 4BNeed to figure out a gift for them.- maybe a nice bottle of wine?- or a weird houseplant from that shop downtown- gift card to Home Depot? (boring but useful)I think taking the subway is best, parking will be a nightmare.L train to Bedford Ave should work.Sarah is coming too, maybe we can split a cab back.Don't stay too late, have to work on Saturday.Wonder if they finished painting the living room yet.",29,Male,en_US,Software Engineer,event,,,,,,
6,HUNGNV5,,,reject,,,,2026/03/07,,Note,Olivia,"Vacation start! Flight to LondonDec 15th, flight takes off at 10:30 PMLeaving from JFK Terminal 4Need to be at the airport by 7:30 PM at the latest.Pre-flight checklist:- PASSPORT (do not forget again)- Travel adapter for UK plugs- Print the hotel confirmation- Download movies on iPad- Melatonin for the flightDid I arrange the cat sitter? Yes, Jenny is coming.Can't wait to see the Christmas lights on Oxford Street.",45,Female,en_US,Architect,event,,,,,,
7,HUNGNV5,,,reject,,,,2026/03/07,,Note,Emma,"Weekend Mindfulness RetreatMarch 20-22 (Friday to Sunday)Sedona Retreat Center, AZCheck-in is between 3 PM and 5 PM on Friday.Packing list:- Yoga mat and blocks- Comfortable lounge wear- Journal and favorite pens- Reusable water bottleThe schedule says strictly no phones during meals.Honestly I need a digital detox so badly.Hoping to finally reset my sleep schedule here.",34,Female,en_US,Yoga Instructor,event,,,,,,
8,HUNGNV5,,,reject,,,,2026/03/07,,Note,James,"Parent-Teacher Meeting for LeoTuesday at 4:15 PMLincoln Elementary, Room 204 (Mr. Davis)Questions I need to ask him:- How is Leo doing in math lately?- Is he still talking during quiet reading time?- Details about the upcoming science fair project.Need to leave the store early at 3:30 to make it.Traffic on I-5 is always terrible at that time.Make sure to review Leo's latest report card tonight.He's been trying really hard with his homework.Maybe promise him ice cream if the meeting goes well.",50,Male,en_US,Store Manager,event,,,,,,
9,HUNGNV5,,,reject,,,,2026/03/07,,Note,Aisha,Local Python Developers MeetupWednesday 6:30 PMThe Co-Working Space on 5th AveTopic tonight: Machine Learning basics with scikit-learn.Goal: Talk to at least 3 new people.I need to network for a new junior dev role.- Bring laptop fully charged.- Make sure my GitHub repo is public and updated.- Have my elevator pitch ready.They usually have free pizza and beer which is a plus.Really hope it's not too intimidating.I should probably review some basic syntax before I go.,25,Female,en_US,Data Analyst,event,,,,,,
10,HUNGNV5,,,reject,,,,2026/03/07,,Note,Michael,"30th Anniversary DinnerOctober 10th at 6:00 PMThe French Laundry, YountvilleFinally got the reservation after trying for months!Need to pick up my suit from the dry cleaners tomorrow.And buy a nice card for Susan.- maybe get some flowers delivered to the house earlier?The drive from the city will take at least an hour and a half.So we should leave by 4 PM just to be safe.I heard their tasting menu is an absolute experience.Definitely getting the wine pairing.Gonna be expensive but 30 years is a big deal.",60,Male,en_US,Retired,event,,,,,,
11,NhiNX,,,reject,,,,2026/03/07,0,Note,Jordan,"grocery store opening event
grand opening celebration new Fresh Market location
address: 2145 Maple Avenue Columbus Ohio
date: saturday september 6
starts around 10:00 morning
giving out free samples small gift bags
promised Lisa stop by check out
parking might be messy neighborhood waiting
remember bring reusable grocery bags trunk
maybe pick up fruit bread
take few photos store looks huge inside
dont forget sign up loyalty card if line isnt too long",32,Male,en_US,Retail Supervisor,event,,,,,,
12,NhiNX,,,reject,,,,2026/03/07,0,Note,Ashley,"dinner with mom dad next week
location planned: Harbor Grill waterfront Tampa
wednesday evening march 19
reservation made 6:45 pm
they driving down from Clearwater afternoon
need leave work by 6 not rushing across town
Dad mentioned he wanted try seafood pasta
bring family photos printed for them
parking garage next restaurant easiest
text them when leave office so they know timing
hopefully weather stays nice sit outside",28,Female,en_US,Dental Hygienist,event,,,,,,
13,NhiNX,,,reject,,,,2026/03/07,0,Note,Trevor,"annual physical checkup reminder
clinic: Lakeside Family Health Madison WI
appointment date april 8
check-in time 8:20 am actual appointment 8:40
doctor is Dr. Reynolds
need fast beforehand blood work
bring insurance card ID
parking lot fills quickly early morning
plan stop by coffee shop nearby afterward
put reminder calendar night before
ask about exercise recommendations marathon training",45,Male,en_US,High School Coach,event,,,,,,
14,NhiNX,,,reject,,,,2026/03/07,0,Note,Emily,"cousin Jake wedding weekend notes
ceremony: Willow Creek Barn near Asheville North Carolina
saturday october 11
ceremony begins 4:30 pm
reception dinner same venue
arrive 3:45 family photos
hotel: Mountain View Lodge friday night
pack navy blue dress comfortable shoes
bring card gift bought last month
drive time from Charlotte two hours
check weather week case chilly outside",35,Female,en_US,Accountant,event,,,,,,
15,NhiNX,,,reject,,,,2026/03/07,0,Note,Derek,"meeting contractor kitchen remodel
location: our house 581 Pine Ridge Drive Nashville
thursday june 12
contractor arriving 5:30 pm look cabinets flooring
need show photos saved design ideas
ask about timeline cost estimate
check whether permits required changes
clear kitchen counter before he arrives
make sure wife home so she can ask questions
write down measurements he gives
hopefully start project later summer",42,Male,en_US,HVAC Technician,event,,,,,,
16,NhiNX,,,reject,,,,2026/03/07,12,Note,Rachel,"saturday pottery workshop
studio: Clay Corner Art Studio Santa Fe
workshop date: May 17
class runs 1 pm 4 pm
beginner wheel-throwing session instructor Daniel
need wear clothes dont mind getting messy
bring water bottle small towel
parking lot behind studio entrance
finished pieces ready pickup two weeks
looking forward trying pottery first time
maybe invite Anna next time if like class",30,Female,en_US,Travel Agent,event,,,,,,
17,NhiNX,,,reject,,,,2026/03/07,0,Note,Nathan,"early flight work conference
departure airport: Denver International Airport
flight leaves monday July 7 6:10 am
destination: Chicago O’Hare
plan arrive airport 4:30 am safe
need print boarding pass sunday night
pack laptop charger conference badge
taxi scheduled pick me up 4 am
conference hotel near river downtown
remember email team once land
bring jacket because Chicago can be windy",37,Male,en_US,Software Developer,event,,,,,,
18,NhiNX,,,reject,,,,2026/03/07,30,Note,Melissa,"neighborhood association meeting
community center Oak Street Raleigh
tuesday March 25
meeting scheduled 7:00 pm
topic new park renovation project
volunteered help planning committee
bring notes from last month discussion
parking behind library next door
meeting lasts about hour
might stop grocery store before heading home
need set reminder earlier evening",46,Female,en_US,Property Manager,event,,,,,,
19,NhiNX,,,reject,,,,2026/03/07,11,Note,Kyle,"basketball game night friends
local recreation center gym Boise
friday April 18
start playing 8:15 pm
texted group confirm who coming
bring black sneakers water bottle
parking side entrance gym
game goes about two hours
afterward might grab burgers diner nearby
need stretch beforehand because knee stiff
dont forget bring spare basketball case",26,Male,en_US,Warehouse Worker,event,,,,,,
20,NhiNX,,,reject,,,,2026/03/07,12,Note,Sofia,"visit city art museum
Denver Art Museum downtown
planning go sunday May 4
museum opens 10 am
new modern art exhibit everyone talking about
buy ticket online night before avoid line
meet friend Clara near main entrance
bring small notebook jot down pieces like
parking garage across street from museum
maybe grab lunch café inside afterward
should head home before evening traffic picks up",34,Female,en_US,Interior Designer,event,,,,,,
21,Nganp1,,HAINV2,reject,,ok,,2026/03/07,7,Note,Emily Carter,"Birthday Dinner for Mommm

Event: Mom’s 60th Birthdayyyy
Location: Cake Garden, 1540 Market St,Philadelphia
Date: Saturday, April 12
Time: 6:30 PM or later (wait someone)

Call restaurant two days before to confirm table for 8 people :OO
Bring the photo album I’ve been putting together <3
Ask the staff if they can bring out a small cake at the end :
Dad will pick Mom up so she doesn’t suspect anything.
Remind Jake to arrive early and help decorate the table.
Dress a little nicer since we’re taking family photos.
Also remember to bring the birthday card from Aunt Lisa.",32,Female,en_US,Marketing Coordinator,event,,,,,,
22,Nganp1,,HAINV2,reject,,ok,,2026/03/07,17,Note,Daniel Price,"Project Planning Meeting

Title: Q2 Product Strategy Meeting
Location: Office conference room B, Seattle headquarters
Date:Monday, March 17
Time:10:00 AM-12:00 PM

Bring laptop and printed roadmap draft.
Need to present feature timeline for the new release.
Ask finance team about revised budget estimates.
Jordan will cover analytics updates.
Try to arrive by 9:45 to set up slides.
Grab coffee before meeting because it may run long.
Send follow-up summary notes to the team afterward.",41,Male,en_US,Product Manager,event,,,,,,
23,Nganp1,,HAINV2,reject,,ok,,2026/03/07,12,Note,Sophia ,"Dental appointment schedule

Event: Dental appointment schedule
Location: Bright Smile Dental Clinic, 224 Westlake Ave, Seattlee
Date: May 5?
Time:2:15 PM

Need to leave work at 1:45 PM or maybelater
Bring insurance card and ID
Last visit was almost a year ago
Ask the dentist about sensitivity in the back tooth.
Parking lot behind the building usually fills quickly.
Maybe schedule next cleaning before leaving.
Do not forget to floss that morning.
Set phone reminder the day before",27,Female,en_US,Barista,event,,,,,,
24,Nganp1,,HAINV2,reject,,ok,,2026/03/07,,Note,Michael Torres,"Baseball Game Plan

Event: Yankees vs Red Sox Gameeeee
Location: Yankee Stadium, Bronx, New York cityy
Date: July 9
Time:7:05 PM first pitch

Going with Kevin and Luis from work.
Meet them outside Gate 4 around 6:30PM
Buy tickets online this weekend before prices go up🤑
Wear the navy Yankees jersey.
Check subway schedule from Queens to the Bronx
Maybe grab hot dogs before the game starts
Bring a small jacket in case it gets chillyyyy
Take photos for Instagram during the game",36,Male,en_US,Delivery Driver,event,,,,,,
25,Nganp1,,HAINV2,reject,,ok,,2026/03/07,11,Note,Rachel Simmons,"Weekend Yoga Workshop

Event: Beginner Yoga,Mindfulness Workshop
Location: Peaceful Flow Studio, Boulder, Colorado
on Sunday, March 23
Time:9:00 AM – 12:30 PM

Instructor is Maya Patel.
Need to arrive at least 15 minutes earlyy
Bring yoga mat and water bottle
Workshop focuses on breathing and posture basics
Parking lot behind the studio should be open Sunday mornings.
Wear comfortable stretch clothes.
Maybe invite Hannah if she’s free.
Write down any techniques I want to practice later.",29,Female,en_US,Physical Therapy Assistant,event,,,,,,
26,Nganp1,,HAINV2,reject,,ok,,2026/03/07,16,Note,Brian Wallace,"Cousin’s Wedding Trip

Event: Mark & Jenna Wedding Ceremony
Location: Lakeside Chapel, Madison, Wisconsin
Date: August 16
Time:starts at 4:00 PM

Flight arrives earlier that afternoon.
Hotel check-in at Lakeview Inn nearby.
Need to pack suit and dress shoes.
Gift envelope already prepared.
Reception dinner right after ceremony.
Remember to take photos with the family.
Text Mark when I land in Madison.
Leave airport by 2:30 to avoid traffic.",38,Male,en_US,Insurance Agent,event,,,,,,
27,Nganp1,,HAINV2,reject,,ok,,2026/03/07,9.7,Note,Hannah Brooks,"College Orientation Day

Event:Student Orientation
Location: University of Texas Campus, Austin
Date: June 3
Time:8:00AM check-in

Main hall registration first thing in the morning.
Campus tour scheduled at 10 AM.
Bring student ID paperwork and admission letter.
Meet with academic advisor in the afternoon.
Parents might attend the welcome session.
Wear comfortable shoes for walking around campuss
Take notes about course registration.
Grab lunch at the student union after sessions.",18,Female,en_US,Student,event,,,,,,
28,Nganp1,,HAINV2,reject,,ok,,2026/03/07,18,Note,Kevin Douglas,"Car Service

Event: Car Maintenance Appointment
Location: Midtown Auto Service, Dallas
Date:April 4
Time:8:30AM drop-off

Service for the Toyota Camry.
Oil change and tire rotation scheduled.
Mechanic said it should take about two hours(so long :<)
Bring the maintenance booklet.
Wait at the nearby coffee shop while they work.
Ask them to check the brake pads too.
Set reminder the night before.
Pick up the car before noon.",44,Male,en_US,Construction Manager,event,,,,,,
29,Nganp1,,HAINV2,reject,,ok,,2026/03/07,24,Note,Olivia Bennett,"Friend’s Baby Shower

Event: Baby Shower for Jessica
Location: Community Center Hall, Columbus, Ohio
Date:May 18
Time:2:00 PM

Need to wrap the baby gift beforehand.
Theme is pastel colors.
Bring the diaper cake I volunteered to make.
Arrive early to helop set up decoratilons
Several college friends will be there.
Games planned during the afternoon.
Remember to sign the guest book.
Take photos for Jessica afterward.",31,Female,en_US,Interior Designer,event,,,,,,
30,Nganp1,,HAINV2,reject,,ok,,2026/03/07,21,Note,Thomas Reed,"Fishing Trip with Dad

Event:Fishing Trip
Location: Lake Tahoe, California
Date: September 6
Time: Leave home at 5:30AM

Drive should take about 3hours
Pack fishing rods and tackle box Friday night.
Bring sandwiches and a lot of snacks for the day
Dad wants to try the norsth side of the lake.
Check weather forecast the night before.
Don’t forget fishing license in wallet.
Bring camera in case we catch something big.
Plan to head back home before sunset.",40,Male,en_US,Electrician,event,,,,,,
31,PhucVQ,,,reject,,,,2026/03/07,9.4,Note,Melissa Grant,"Workshop on Doctoral Theses
Friday May 9
Graduate Center Library Room 402 New York City
Starts at 2:00PM
Things to do before you go:
- print the latest chapter draft
- highlight sections needing feedback
- bring laptop charger (outlets are limited)
- professor Langley will be there to review outlines
- coffee beforehand at the campus café around 1:30
- expect session to last about 2 hours
- afterward a few of us might continue discussion nearby
- remember to bring notebook for comments
- send updated doc to group after meeting",29,Female,en_US,PhD Student,event,,,,,,
32,PhucVQ,,,reject,,,,2026/03/07,7,Note,Kevin Morales,"Dads Sixtieth Birthday Dinner
Saturday August 23
Harbor View Restaurant on San Diego Waterfront
Reservation time: 7:00 PM

Plan for the night:
- arrive around 6:30 to help decorate table
- bring the photo album Mom asked me to make
- confirm cake pickup earlier that afternoon
- sister Ana bringing balloons and candles
- remind everyone it’s a surprise party
- parking garage across the street if street parking full
- speech from me and my brother after dinner
- check with restaurant about bringing outside cake
- take lots of family photos",41,Male,en_US,Construction Project Manager,event,,,,,,
33,PhucVQ,,,reject,,,,2026/03/07,0,Note,Ethan Brooks,"Team Offsite Planning Day
Lakeside Conference Center Austin Texas
Date: April 18
Last call is at eight thirty in the morning for signing in
Remember your laptop. Its power cord comes along too during the strategy meeting
Morning Agenda Begins at 9 AM
Middle of the day, food arrives near half past twelve. Main eating area hosts the meal. Clock hits that time, people gather inside. Group seating opens when hands point just past noon
A session unfolds later today, focused on organizing projects - it begins at two in the afternoon
Quarterly Roadmap Notes Ready to Print
Parking behind building by Lake Shore Dr
Mark if I'm late that morning",34,Male,en_US,Product Manager,event,,,,,,
34,PhucVQ,,,reject,,,,2026/03/07,7,Note,Robin McGill,"Weekend Hiking Trip Shenandoah National Park
Skyline Drive Shenandoah National Park Virginia
Saturday April 12

Not later than seven, stand near the sidewalk closest to the big sign.

Things to remember:
-Last time, regular shoes slipped too much - hiking boots hold better on rough ground
-pack at least 2 liters of water
-snacks for the trail – trail mix + bananas
-check weather Friday night


Plan:
-Start at 7:30AM
-Pause midday for lunch
-Take time off near twelve if needed
-Head toward DC again close to four in the afternoon",34,Male,en_US,Civil Engineer,event,,,,,,
35,PhucVQ,,,reject,,,,2026/03/07,6.2,Note,Olivia Sanders,"Title: Apartment Lease Signing				
Location: Greenview Apartments Leasing Office, Nashville					
Date: June 3					
Appointment time: 1:00 PM					
Bring driver’s license and deposit check					
Review lease terms carefully before signing					
Ask about pet policy for future					
Parking for visitors in front of office building					
Meet leasing agent Carla there					
Take photos of apartment condition after walkthrough					
Call utilities company later that day to start service					
Move-in scheduled for June 10",31,Female,en_US,Primary School Teacher,event,,,,,,
36,PhucVQ,,,reject,,,,2026/03/07,0,Note,Daniel Ortega,"Cousin Miguel's Wedding
Location: St. Mary’s Church, San Antonio TX
Date September 14 Ceremony four PM

Reception later at Riverwalk Ballroom
-Need to book hotel close to downtown
-Buy wedding gift before September
-Dress code: formal suit (dark blue)
-Drive down early Saturday morning
-Take photos with the family after ceremony
Last thing - grab a card for Miguel plus Sofia",41,Male,en_US,Auto Mechanic,event,,,,,,
37,PhucVQ,,,reject,,,,2026/03/07,0,Note,Josh Bennett,"Photography Meetup Walk
Sunday Morning June 2
Golden Gate Park San Francisco start near conservatory of flowers
8:15 AM meeting time

Notes for myself:
- bring 50mm and wide lens
- charge camera batteries Saturday night
- group plans to photograph morning fog and gardens
- organizer said we’ll walk toward Stow Lake
- wear comfortable shoes since it’s a long loop
- coffee truck usually parked near entrance
- introduce myself to the landscape photography group
- maybe practice long exposure by the water
- upload best shots to the meetup page later",26,Female,en_US,Graphic Designer,event,,,,,,
38,PhucVQ,,,reject,,,,2026/03/07,0,Note,Lauren Bishop,"Title: University Alumni Meetup				
Location: The Brickhouse Pub, Boston MA					
Date: October 5					
Meetup starts around 6:30 PM					
Alumni group from Northeastern organizing it					
Good chance to reconnect with old classmates					
Bring updated resume just in case networking comes up					
Try to talk to at least a few people from the engineering cohort					
Parking garage across the street on Hanover Ave					
Wear something business casual					
Event should wrap up by about 9 PM",33,Female,en_US,Civil Engineer,event,,,,,,
39,PhucVQ,,,reject,,,,2026/03/07,8.2,Note,Lily Andree,"Photography Meetup Walk
Sunday morning - June 2
Golden Gate Park San Francisco start near conservatory of flowers
Meeting at 8:15 AM

Notes for myself:
- bring 50mm and wide lens
- charge camera batteries Saturday night
- group plans to photograph morning fog and gardens
- organizer said we’ll walk toward Stow Lake
- wear comfortable shoes since it’s a long loop
- coffee truck usually parked near entrance
- introduce myself to the landscape photography group
- maybe practice long exposure by the water
- upload best shots to the meetup page later",26,Female,en_US,Graphic Designer,event,,,,,,
40,PhucVQ,,,reject,,,,2026/03/07,8.4,Note,Hannah Walters,"Spring Photography Walk

Bethesda Terrace
April 5th, 2026
Meeting at 8 AM

Plan:
walk through cherry blossom area
practice street photography
try new 50mm lens

Things to bring:
camera bag
extra batteries
memory cards
small tripod

Coffee stop planned around 10 near Columbus Circle",24,Female,en_US,Photography Student,event,,,,,,
41,HungLD,,NhiNX,reject,,,,2026/03/07,1.7,Note,Daniel Harper,"Phoenix App Redesign Project Begins

Conference Room B Downtown Office Austin Floor

April 14 2026

Time is from 10:00 AM to 12:00 PM.



A big pile of topics waits for the Phoenix App Redesign talk. Sentence lengths shift - some short, some longer - to keep rhythm uneven. Each idea connects without ""and"" or ""plus"" - using twists like ""while"", ""against"", ""beside"" instead. Tone stays flat but clear, never flashy. Words avoid polish; nothing feels rehearsed. Sentences begin mid-thought sometimes. Others trail off oddly. Length matches original exactly. Not one extra word sneaks in.

Finding my place in the Phoenix App Redesign talk feels right.

Let me introduce the folks who are working on the design of the Phoenix App Redesign.

Facing problems with the Phoenix App? Here’s what users are running into lately.

From customer comments on the Phoenix App came our understanding of these issues.

Timing for the Phoenix App update comes down to what the calendar shows. Look at the plan first, then decide on a date. The next steps depend entirely on how things line up that week.

Finding the person behind the layouts matters just as much as spotting who manages desktop versions for the Phoenix App Redesign. One task ties into the next without needing both names at once.

Besides grabbing my notes, I should probably pick up a pen. Just in case the Wi-Fi acts up again during the Phoenix App Redesign talk.

My laptop is coming along with its charger.

Fresh off the press, those design sheets for the Phoenix App Redesign - this week’s batch - are coming along too.

Besides my sketches, there's a stack of feedback from Tuesday’s talk with the design crew on the Phoenix update. Hidden between pages are comments they tossed out while we walked through early screens.

Once we finish talking about the new look of the Phoenix app, a message will go out to all.

Right now, thoughts from the Phoenix App Redesign talk are taking shape here. Sentences shift - each one built different.",34,Male,en_US,Product Manager,event,,,,,,
42,HungLD,,NhiNX,reject,,,,2026/03/07,9.3,Note,Alicia Benton,"Dental Cleaning Appointment
BrightSmile Dental Clinic at 245 Lakeview Ave in Denver
May 3 2026
Time: 2:30 PM

Remember before going:
Last thing - be out the door by 1:45, otherwise roads get jammed fast
- bring dental insurance card
- ask dentist about teeth sensitivity lately

Parking is usually tight near the clinic
maybe try the garage across the street

After appointment:
Grab a moment at the corner market on your way through. Maybe pick up what you need while passing by that shop close to home
Grab toothpaste along with mouthwash
- schedule next cleaning while there",29,Female,en_US,Graphic Designer,event,,,,,,
43,HungLD,,NhiNX,reject,,,,2026/03/07,9.6,Note,Marcus Hill,"Pickup Game on Saturday

Where: Lincoln Park Outdoor Courts, Chicago
When: June 7, 2026, 9:00 AM

Morning plan:
- Meet Chris and Tyler by the south entrance
- Remember blue jersey and water
- Stretch beforehand (don't want to pull a hamstring again)

Other stuff:
- The court gets crowded after 9:30
- Coffee at the cafe on Clark after?
- See if Chris’s cousin wants to play next week

Also, basketball in the trunk tonight.
",38,Male,en_US,Warehouse Supervisor,event,,,,,,
44,HungLD,,NhiNX,reject,,,,2026/03/07,4.7,Note,Emily Rhodes,"Emily's Birthday Dinner Reservation
Harbor Grill Restaurant at 92 Seaport Boulevard Boston
August 18 2026
Time: 7:00 PM

Dinner plan:
Under Emily Rhodes, a booking exists. Held in that surname it waits. Name given was hers. Booking made is tied to her identity. Place set aside using those details
- table for 6 people
Invite List Sarah Mia Jordan Alex Mom

Things to remember:
Out the door by six, just to make sure timing stays right
- wear the green dress I bought last month
Maybe grab a little present for Sarah - her birthday just passed. A tiny token could work well. Perhaps something modest fits best now. Last week marked her special day, after all. Small gestures sometimes say enough

Perhaps snap some pictures near the water once you finish eating.",27,Female,en_US,Marketing Coordinator,event,,,,,,
45,HungLD,,NhiNX,reject,,,,2026/03/07,6.8,Note,Kevin Patel,"Okay, here's a more casual version of your travel info:

Headed to Seattle for a work thing!

Where: JFK, Terminal 4, NYC
When: Sept 10, 2026
Time to leave: 6:45 AM

To-do's before I Go:

*   Get to the airport at, like, 4:45 AM
*   Do the online check-in thing the night before
*   Laptop + USB for Presentation

At the Conference:

*   Networking thing Friday Night
*   See the cloud computing panel
*   Meet Rachel from the company we partner with

Other:

*   Get an Uber when I land back home on Sunday.",41,Male,en_US,IT Consultant,event,,,,,,
46,HungLD,,NhiNX,reject,,,,2026/03/07,6.1,Note,Hannah Collins,"Community Yoga Class
Riverside Wellness Studio Portland
April 22 2026
Evening Session at 6:30 PM

Notes for the class:
Funny how her name came up just yesterday. That teacher, Maya, seems to know what she's doing. Word gets around when someone stands out. People mention her like they’ve seen something worth noticing. Not much else needs saying
- bring my own yoga mat just in case
wearing something stretchy on your legs helps movement, while a loose top layer keeps you warm without weighing you down

Goals for this session:
- focus on flexibility and breathing
- try to hold plank longer than last time
- stay after class for the meditation part

Early arrival helps secure a spot since the studio's back parking area gets crowded fast. That space near the building tends to vanish by midmorning most days.",31,Female,en_US,Elementary School Teacher,event,,,,,,
47,HungLD,,NhiNX,reject,,,,2026/03/07,9.7,Note,Brandon Lewis,"Car Service Appointment Oil Change
MIDTOWN AUTO SERVICE AT 1180 PEACHTREE ST NE ATLANTA
July 12 2026
Time: 8:15 AM

Things to mention to the mechanic:
- slight rattling noise when starting the engine
- check tire pressure and brake pads
- ask if air filter needs replacement

While waiting:
- bring laptop and answer a few emails
Perhaps stop by the café just beside it for a cup. Might be worth stepping out for something warm. The place opens early, so timing should work. Could always walk over whenever you’re ready

Last time, it ran closer to sixty minutes. That timing might hold true again now. Could stretch a bit longer, depending on how things move. The clock last visit set that mark for good reason. Maybe quicker if luck shifts. Still, best to plan for the full span seen before.",45,Male,en_US,Insurance Agent,event,,,,,,
48,HungLD,,NhiNX,reject,,,,2026/03/07,3.4,Note,Natalie Brooks,"Beginner Street Photography Workshop
ArtSpace Studio at 310 Market Street San Francisco
October 3 2026
11:00 AM to 2:00 PM

Preparation notes:
- charge camera battery tonight
- clear memory card space
- bring notebook for tips

Workshop schedule (approx):
- intro lecture about lighting and framing
- short walk around downtown for practice shots
A fresh look at the pictures happens together once things wrap up

Fine weather makes me eager to start. Photography feels like a skill worth growing lately because moments wait for no one. This chance arrives just right.",26,Female,en_US,Barista,event,,,,,,
49,HungLD,,NhiNX,reject,,,,2026/03/07,9.7,Note,Gregory Adams,"Meeting about Lucas with parents and teachers
Maple Grove Elementary School Room 204 Minneapolis
November 6 2026
Time: 3:40 PM

Questions to ask the teacher:
- how Lucas is doing in math this semester
Does he join in when students talk during lessons?
- any recommended reading practice at home

Besides that, take a look at this too
- upcoming school field trip details
- if he should join the after-school science club

Maybe I’ll head out before the day ends to make sure I arrive when needed.",44,Male,en_US,Civil Engineer,event,,,,,,
50,HungLD,,NhiNX,reject,,,,2026/03/07,6.6,Note,Sophia Ramirez,"Hair Salon Appointment Color Touch Up
Bella Style Salon at 54 Sunset Blvd Los Angeles
May 28 2026
Time: 1:15 PM

Notes before the appointment:
- bring reference photo for the shade I want
- ask stylist about keeping color from fading quickly
Last bit - snip stray tips when minutes allow

After appointment:
- walk over to the bookstore nearby
Perhaps stop by the taco spot around the block for lunch

Last thing - when they ring, make sure to double-check the meeting date one day prior.",33,Female,en_US,Real Estate Agent,event,,,,,,
51,DuongTC,,,reject,,,,2026/03/07,0,Note,Daniel,"Title: Team Strategy Meeting
Location: Office conference room B, Chicago headquarters
Date: Monday, April 6 – 9:00 AM
Agenda review for upcoming product launch.
Bring printed quarterly sales numbers.
Need to present marketing feedback summary.
Reminder to charge laptop the night before.
Grab coffee before meeting starts.
Ask Jenna about updated timeline slides.
Expect meeting to last about 90 minutes.
Take notes about budget approvals.
Follow up emails afterward.",38,Male,en_US,Sales Manager,event,,,,,,
52,DuongTC,,,reject,,,,2026/03/07,0,Note,Alyssa,"Title: Dinner with college friends.
Location: Bella Roma Restaurant, Austin.
Date: Friday May 14 – 7:30 PM
Plan to meet Emma and Luis there.
Make reservation earlier that week just in case.
Try the pasta dish everyone recommended.
Bring small birthday card for Emma.
Parking downtown might be tight.
Leave around 6:50 PM.
Wear black dress from last weekend.
Good chance to catch up since it’s been months.
Take a few photos for memories.
Remember to split the bill fairly.
Text group when I arrive.",27,Female,en_US,Social Media Coordinator,event,,,,,,
53,DuongTC,,,reject,,,,2026/03/07,0,Note,Martin,"Title: Family road trip planning day.
Location: Our house – dining room table planning session.
Date: Saturday March 20 – starting around 10:00 AM
The goal is to finalize summer vacation route.
Possible stops: Yellowstone, Grand Teton, then Salt Lake City.
Need to check hotel prices on laptop.
Print maps just in case the phone signal is bad.
Kids want to see wildlife and waterfalls.
Discuss driving schedule so nobody gets too tired.
Bring out the travel notebook with old trip ideas.
Maybe watch a few YouTube travel guides.
Also check the car maintenance schedule before the trip.
Look at campground reservations too.
Make a snack list for long drives.
Budget planning for gas and park passes.
Will rent a bigger SUV if needed.
Discuss kid-friendly hikes.
Should decide how many days to spend in Yellowstone.
Each person should suggest one activity.
End the session with rough itinerary written down.
Hopefully finalize bookings next weekend.",45,Male,en_US,Civil Engineer,event,,,,,,
54,DuongTC,,,reject,,,,2026/03/07,0,Note,Natalie,"Title: Dentist cleaning appointment.
Location: BrightSmile Dental Clinic, Phoenix.
Date: Tuesday June 8 – 2:15 PM.
Routine six month cleaning visit.
Bring dental insurance card.
Try to arrive about 10 minutes earlier.
Remember to floss more consistently before visit.
Ask about tooth sensitivity on the right side.
Parking garage sticks to the building.
The appointment would take about 45 minutes.
Schedule next checkup while there.
Maybe stop by grocery store after appointment.
Don’t forget to set phone reminder the day before.",31,Female,en_US,Interior Designer,event,,,,,,
55,DuongTC,,,reject,,,,2026/03/07,5.8,Note,Jordan,"Title: Community basketball game night.
Location: Westbrook Recreation Center, Denver.
Date: Wednesday, July 6 - 6:30 PM.
Weekly pickup basketball with neighborhood group.
Remember to bring water bottles.
Bring blue athletic shoes.
Warm up before game starts.
Usually about 10–12 people show up.
Teams are chosen randomly each week.
Good chance to get cardio and meet neighbors.
Remember to stretch after playing.
Gym floor can be slippery sometimes.
Parking lot fills up after 6pm.
Maybe invite coworker Kyle this week.
Bring small first aid tape just in case.
The game usually runs until around 8pm.
Stop for a smoothie afterward maybe.
Track points scored just for fun.
Also bring a spare shirt.
Need to leave the office right at 5:45.
Good midweek stress relief.
Hope turnout is strong this time.",34,Male,en_US,Software Developer,event,,,,,,
56,DuongTC,,,reject,,,,2026/03/07,0,Note,Rebecca,"Title: Online photography workshop.
Location: Zoom session hosted by Creative Lens Academy.
Date: Sunday April 18 - 4:00 PM EST.
Workshop about landscape photography basics.
Log in 10 minutes early.
Charge camera battery before session.
Notebook ready for tips and settings.
Instructor apparently very experienced.
Session lasts around two hours.
Practice exercises after class.
Ask question about sunset exposure settings.
Keep Zoom link saved in email.
Maybe invite my friend Claire too.
Good opportunity to improve hobby skills.
Look through old photos afterward.",29,Female,en_US,Barista,event,,,,,,
57,DuongTC,,,reject,,,,2026/03/07,0,Note,Kevin,"Title: Car service appointment.
Location: Midtown Auto Service, Atlanta.
Date: Thursday May 6 – 8:30 AM.
Oil change and tire rotation are scheduled.
Also ask the mechanic about strange engine sound.
Bring vehicle registration documents.
Waiting area usually has coffee.
Expect service to take about one hour.
Bring a laptop to answer emails while waiting.
Ask about brake pad condition.
Check if next service date should be in fall.
Confirm warranty details if needed.
Pay with credit card.",40,Male,en_US,Logistics Coordinator,event,,,,,,
58,DuongTC,,,reject,,,,2026/03/07,0,Note,Tiffany,"Title: Yoga class trial session.
Location: Lotus Wellness Studio, Seattle.
Date: Monday March 15 – 6:00 PM
First time trying this yoga studio.
Remember bringing yoga mat and a water bottle.
Wear comfortable workout clothes.
Arrive early to fill out membership form.
Instructor name might be Maya.
Class described as beginner friendly.
Studio located near Pike Street.
Parking street meter nearby.
Focus on breathing and stretching.
Good chance to relax after work.
Maybe sign up for weekly classes if I like it.",26,Female,en_US,Receptionist,event,,,,,,
59,DuongTC,,,reject,,,,2026/03/07,0,Note,Eric,"Title: Doctor annual checkup.
Location: Northside Medical Center, Minneapolis.
Date: Wednesday September 1 – 10:45 AM.
Routine yearly physical exam.
Bring health insurance documents.
Write down any questions beforehand.
Ask about improving sleep habit.
Should arrive 15 minutes early.
Parking next to the clinic building.
The appointment expected to take 30 minutes.
Remember to fast if a blood test is required.
Take a morning off work.",47,Male,en_US,Architect,event,,,,,,
60,DuongTC,,,reject,,,,2026/03/07,,Note,Samantha,"Title: Weekend hiking.
Location: Shenandoah National Park, Virginia.
Date: Saturday, October 9 - around 8:00 AM.
Meeting group at the park entrance parking area.
Trail planned is Hawksbill Summit route.
Bring backpack with water and snacks.
The weather might be cold early morning.
Pack a jacket just in case.
Phone fully charged for photos.
Hiking with boots, not with sneakers.
Stop for breakfast on drive there.
Trail expected about 3-4 hours.
Take scenic overlook photos.
Bring small first aid kit.
Respect park rules and stay on trail.
Maybe picnic lunch after the hike.
Drive back home before sunset.
Text group Friday night to confirm plan.",32,Female,en_US,Travel Agent,event,,,,,,
61,HAINV2,rework done,Nganp1,reject,,,,2026/03/08,23,Note,Ethan,"Travel agenda – Chicago conference trip
Traveler: Ethan
Role: Product Manager
Date of travel: March 18
Flight route: Los Angeles → Chicago
Airline: United Airlines
Recommended airport arrival: 5:30 AM for luggage check
Departure scheduled shortly after 7 AM
Hotel planned: Hilton near downtown event center
Conference registration begins at 10 AM
Reminder to pack business cards before leaving
Prepare printed presentation copy in case technology fails
Dress code note: bring the pressed shirt for Wednesday meeting
Transportation tip: use a rideshare instead of airport parking
Expense reports will need to be submitted after returning",36,Male,en_US,Product Manager,event,,,,,,
62,HAINV2,rework done,Nganp1,reject,,,,2026/03/08,16.7,Note,Ashley,"Event preparation checklist – Emma’s birthday dinner
Event: Emma’s birthday celebration
Date: Friday, April 4
Time reservation: 7:00 PM
Restaurant: Bella Italia, downtown Denver
Planned departure from apartment: around 6:15 PM
Stop by Sweet Cravings bakery earlier to pick up chocolate cake
Remember candles for the cake
Gift prepared: yoga mat from hall closet
Wrap present using blue wrapping paper
Send reminder messages to Lila and Mark Friday morning
Consider arriving early and waiting at the upstairs bar
Notify restaurant staff to bring cake after pasta course
Goal: relaxed evening with close friends",,Female,en_US,Interior Designer,event,,,,,,
63,HAINV2,,Nganp1,reject,,,,2026/03/08,7,Note,Marcus ,"Downstairs later to handle the apartment paperwork. Set for three p.m., Tuesday the sixth - no wiggle room on timing. Riverside Property Management runs the show; find them at 221 Harbor Street, deep into Tampa’s stretch along the water. Job wraps by two-fifteen that afternoon, just right for crossing town without sweat. Plenty of minutes before the clock tightens.
Bring your ID – maybe one from the DMV will do – plus have the money ready and stored securely. The full amount due up front is best handled by a cashier’s check. Just in case someone asks, carry a printed copy of that email about the parking pass.
Half an hour - that’s what Daniel said. Or was it someone else from the office? Doesn’t matter much now. Paperwork needs signing before anything shifts. Only then does the key for Unit 5B pass over. Next thing, likely a walk through the space. Light switches get tested one by one. Windows slide open - just enough to check their glide. Maybe tape measure comes out. Living room wall gets measured. Just to know - where the couch could land.
When night falls, it will be time to phone Spectrum about getting online sorted. Boxes filled with four years of stuff make the former apartment seem unfamiliar, almost foreign now.",34,Male,en_US,electrician,event,,,,,,
64,HAINV2,rework done,Nganp1,reject,,,,2026/03/08,21.3,Note,Lauren ,"Workshop schedule – ClayWorks pottery session
Activity: pottery class at ClayWorks studio
Date: Saturday, April 12
Time block: 11:00 AM – 2:00 PM
Arrival suggestion: 10:45 AM for apron and setup
Location: 8th Avenue, Nashville (red-brick building)
Parking: small lot behind the studio
Clothing advice: wear older clothes suitable for clay splashes
Hair tie recommended to keep hair away from wheel
Instructor plan: practice forming a simple bowl
Possible coffee stop at café across the street before class
Expect first attempts to be imperfect but fun
Consider signing up for next session cycle if experience is enjoyable",25,Female,en_US,Barista,event,,,,,,
65,HAINV2,rework done,Nganp1,reject,,,,2026/03/08,15,Note,Tyler,"Draft night preparation log
Event: fantasy football league draft
Date: August 24
Start time: 6:30 PM
Location: Jake’s house in Arlington, Texas
Earlier task: review player statistics during the afternoon
Equipment needed: laptop and printed draft rankings sheet
League entry payment: $50 cash
Bring a six pack of beer for the group
Plan to order pizza once everyone arrives
Strategy note: focus on running backs early
Reminder not to repeat last year’s quarterback mistake
Expect a noisy and competitive evening with friends",31,Male,en_US,Auto Mechanic,event,,,,,,
66,HAINV2,rework done,Nganp1,reject,,,,2026/03/08,23,Note,Hannah,"Volunteer activity record – park cleanup
Volunteer: Hannah
Event: neighborhood cleanup day
Date: Sunday June 15
Start time: 9:00 AM
Location: Riverside Park, Portland
Meeting point: east entrance area
Organizer: neighborhood association
Items to bring: gloves and reusable water bottle
Supplies provided onsite: trash bags and cleanup tools
Parking suggestion: near tennis courts
Estimated end time: around noon
Follow-up activity: volunteer picnic near playground",40,Female,en_US,Elementary School Teacher,event,,,,,,
67,HAINV2,rework done,Nganp1,reject,,,,2026/03/08,11.2,Note,Brandon,"Workplace meeting briefing note
Employee: Brandon
Event: annual performance review
Date: Monday July 7
Meeting time: 10:30 AM
Location: Conference Room B, Minneapolis office
Participants: manager Sarah and HR representative
Preparation: notes on warehouse efficiency project
Bring printed quarterly performance metrics
Highlight improvements in overtime scheduling
Expected meeting duration: approximately one hour
After meeting task: email updated goals for next quarter
Possible topic: promotion opportunity discussion",37,Male,en_US,Logistics Superviso,event,,,,,,
68,HAINV2,rework done,Nganp1,reject,,,,2026/03/08,12.4,Note,Olivia ,"Personal event reminder – bridal shower
Guest: Olivia
Event: Lily’s bridal shower
Date: Saturday May 10
Start time: 1:00 PM
Location: Aunt Karen’s house, Columbus Ohio
Arrival suggestion: 12:30 PM for setup help
Gift idea: ceramic mixing bowls from registry
Dress suggestion: cheerful casual outfit
Parking caution: street spaces fill quickly
Possible activities: games and light contests
Beverage expected: mimosas during celebration
Main purpose: spend time celebrating with friends and family",28,Female,en_US,Dental Hygienist,event,,,,,,
69,HAINV2,rework done,Nganp1,reject,,,,2026/03/08,22,Note,Kevin ,"DMV appointment preparation checklist
Person: Kevin
Purpose: driver license renewal visit
Office: Market Street DMV, San Diego
Date planned: Thursday April 17
Appointment time: 8:40 AM
Arrival goal: reach office by 8:15 AM
Bring renewal notice letter from mail
Carry proof of residence document
Passport acceptable as identification
Expect new photo during renewal process
Waiting time could reach about one hour
After leaving the DMV, head toward downtown office for work",45,Male,en_US,Construction Foreman,event,,,,,,
70,HAINV2,rework done,Nganp1,reject,,,,2026/03/08,15.8,Note,Natalie,"Event briefing – Central Park summer concert
Event type: outdoor music performance
Location: Bethesda Fountain area, Central Park
Date: Saturday July 19
Expected arrival: around 5:30 PM
Friends attending: Claire and Ben
Main performance estimated: about 7:30 PM
Preparation items: picnic blanket for grass seating
Bring small cooler with drinks
Weather expected to be warm – sunscreen recommended
Transportation plan: subway to 72nd Street station
Short walk from station to the fountain area
Possible fireworks display after the concert",26,Female,en_US,Fashion Retail Associate,event,,,,,,
76,DuongTC,,NhiNX,,,,,2026/03/10,,Note,,,36,Male,en_US,Delivery Driver,event,,,,,,
81,DuongTC,,NhiNX,,,,,2026/03/10,,Note,,,,,,,event,,,,,,
83,DuongTC,,NhiNX,hold ,,,,2026/03/10,0,Note,Rachel,"Event note: Local Writers Meetup
Location for the meetup itself: PageTurner Bookstore, Boston
Date: September 9
Main start time: 6:00 PM

I kinda wanna go because it might help with my short story project. They said new people are welcome and there's a short reading session first. I should bring the printed draft in case anyone wants to look at it.

Another detail: before the meetup some ppl gather earlier around 4:45 PM at Brew Harbor Café down the street, same block as the bookstore. Might join that if I'm not stuck at work. Contact email listed on the flyer was writerscircleboston@gmail.com. Also wrote down a phone just in case: +1 617-555-3308. Hopefully I don't chicken out last minute :)",26,Female,en_US,Library Assistant,event,,,,,,
97,DuongTC,,NhiNX,hold ,,,,2026/03/10,22,Note,Marcus,"Got that note about the food truck event downtown - April eighteenth at Liberty Plaza in Phoenix. Happening this time of month, right after the week begins to wind down. Trucks begin dishing out meals by five, though the band doesn't kick in until half past six. Jess mentioned showing up nearer seven, maybe just before dusk settles in. That gives enough room to wrap things up at the office without hurrying. A fresh spot to sit opened near the Jefferson Street parking area, according to the handout. Could mean less walking while searching for an open chair. The email you need is events@phxstreetbites.com - phone number too, +1 602-555-1183 - if plans shift somehow.Ending at 9PM, just so you know. It'll likely still feel warm, which means maybe grab something cool to wear. Heard enough about that BBQ taco spot… might actually go give it a shot tonight.",38,Male,en_US,Construction Supervisor,event,,,,,,
111,DuongTC,,NhiNX,hold ,,,,2026/03/10,19,Note,Brian,"Flight to Seattle for Work.
Airport: Chicago O'Hare Terminal 2.
Departure 6:45am (ugh early).
Need Uber around 4:50am.
Northwest Logistics Expo at Seattle Convention Center.
Pickup August 18 at 10 am.
Check in at Pine Street Hotel 620 Pine St Seattle.
Call hotel if late +1 206 555 6614. 
Dinner w/ team planned 7pm that night.
Dont forget slides on USB.
also pack business cards",41,Male,en_US,Logistics manager,event,,,,,,
120,DuongTC,,NhiNX,,,,,2026/03/10,10,Note,Ethan,"Event: photography walk downtown.
Location: Union Station plaza, Washington DC.
Date: October 11.
Main meetup time: 5:30 PM.

Organizer said sunset that day about 6:25 PM so we’ll walk toward the Capitol area for golden hour pics.

Contact person Jake – +1 202-555-9027. 
Email they posted: dcphotowalk@gmail.com.

Bring camera, spare battery, maybe tripod 📷. 
Walk probably ends around 7:45 PM.",38,Male,en_US,Freelance Photographer,event,,,,,,
124,DuongTC,,NhiNX,hold ,,,,2026/03/10,0,Note,Jonathan,"Planning reminder for book club evening at Maple Leaf Café in Chicago, happening April 28. The discussion starts 7:00 PM, but Emma suggested arriving closer to 6:40 PM to grab the long table near the back wall. This month's book is The Silent Harbor. If anything changes the host number is +1 312-555-7036 and her email cityreadersclub@gmail.com. Usually the discussion runs about an hour and then ppl just chat till around 8:45 PM. Parking lot behind the café gets full fast so maybe street park on Elm Ave. Need to finish the last two chapters before then or I'll be totally lost again :(",35,Male,en_US,Copywriter,event,,,,,,
130,DuongTC,,NhiNX,hold ,,,,2026/03/10,20,Note,Derek,"Planning note for city tech networking meetup happening downtown.
Main venue: Innovation Hub Center, Austin.
Date: October 14.
Doors open 5:30 PM.
Main talk session begins 6:15 PM.
Speaker listed: Daniel Brooks.
Organizer phone right here +1 512-555-6643.
Email hello@atxtechcircle.org.
Some ppl meeting earlier at Byte Café.
Café meetup time 4:45 PM.
Friend Kevin thinking of going.
Kevin phone +1 512-555-7740.
Networking drinks around 7:45 PM.
Afterparty location maybe Circuit Bar.
Bar address 302 Trinity St.",38,Male,en_US,Software Engineer,event,,,,,,
131,DuongTC,,NhiNX,hold ,,,,2026/03/10,14,Note,Olivia,"Event: yoga class in the park.
Location: Sunset Park Santa Monica.
Date June 22.
Start time 8AM.
Instructor Maya contact +1 310-555-9102.
Backup location Ocean Wellness Studio.
Studio phone: +1 310-555-3017.
Should arrive at 7AM.
Bring yoga mat, water.
After class smoothies nearby.
Remember sunscreen.",26,Female,en_US,Yoga Instructor,event,,,,,,
132,DuongTC,,NhiNX,hold ,,,,2026/03/10,18,Note,Tyler,"Event reminder: community movie night.
Location: Maple Grove Field, Columbus.
Date: September 5.
Movie starts 8:45 PM.
People arrive earlier around 7:30.
Organizer Mark phone +1 614-555-2083.
Email mgcommunityevents@yahoo.com.
Bring blanket and snacks.
Backup rain location school gym.
Gym contact +1 614-555-4402.
Walk there if weather good.
Dont forget bug spray.",32,Male,en_US,Electrician,event,,,,,,
133,DuongTC,,NhiNX,hold ,,,,2026/03/10,17,Note,Patricia,"Planning notes for Saturday farmers market visit.
Main location: Old Town Market Square, San Diego.
Date: April 27.
Market opens 8:00 AM.
I'll prob arrive closer to 9:00.
Meet friend Carla there.
Carla phone +1 619-555-1880.
Also meeting Jake later maybe.
Jake number +1 619-555-4413.
Fresh bakery stand opens 8:30 AM.
Local music starts around 10:00 AM.
Email info@oldtownmarket.org.
Parking behind post office building.
Bring reusable bags.
Maybe buy honey from that farm stand again.
Market closes 1:00 PM.",48,Female,en_US,Real Estate Agent,event,,,,,,
141,DuongTC,,NhiNX,hold ,,,,2026/03/10,0,Note,Devin,"I wrote this quick reminder for the local fishing meetup happening at Lake Norman Dock C near Charlotte. Date is July 6. Early meetup 6:30 AM cause ppl wanna catch the morning bite. Organizer Frank left his number +1 704-555-8103. My neighbor Kyle said he’d come too, his phone +1 704-555-4107. They’ll move to the east pier about 8:00 AM if the water’s calmer there. Email listed lakeanglermeet@gmail.com. Event prob wraps up around 10:30 AM when it gets too hot.",42,Male,en_US,Auto Mechanic,event,,,,,,
143,DuongTC,,NhiNX,hold ,,,,2026/03/10,6,Note,Steven,"Reminder for the weekend kayaking trip.
Clearwater River launch area near Boise.
Date August 2.
Group arrival 7:10 AM.
Trip leader Dan contact +1 208-555-3441.
Backup meeting point Pine Bridge dock if water level changes.
My friend Marco joining too phone +1 208-555-6290.
Bring life jacket and dry bag.
Paddle start about 7:45 AM.
Trip lasts maybe three hours.",38,Male,en_US,Construction Worker,event,,,,,,
145,DuongTC,,NhiNX,hold ,,,,2026/03/10,15.1,Note,Martin,Event: local history walking tour downtown Savannah. Date March 4. Start point Johnson Square monument. Tour guide Henry phone +1 912-555-2840. Meetup time 3:15 PM. Second stop Chippewa Square about 3:50 PM. Friend Daniel joining maybe phone +1 912-555-7319. Email savannahwalkingtours@gmail.com. Tour ends around 5:00 PM near River Street.,46,Male,en_US,Museum Assistant,event,,,,,,
148,DuongTC,,NhiNX,hold ,,,,2026/03/10,0,Note,Tyler,"Quick reminder for the river photography meetup this Sunday. Location Hudson River overlook in Albany. Date June 30. Gathering starts 6:10 AM so ppl can catch sunrise shots. Coordinator Jamie left phone +1 518-555-6093. My friend Pete might join too, number +1 518-555-1447. They said best photo light around 6:35 AM. Email hudsonphotowalk@gmail.com. Meetup probably done by 8:00 AM.",33,Male,en_US,Electrician,event,,,,,,
151,HUNGNV5,,,,,,,2026/03/09,0,Note,Daniel Carter,"Team Offsite Planning Day
Location: Lakeview Retreat Center, Boulder CO
Date: April 18 – it starts at 8:30 AM.
I want to remember some Team Offsite Planning Day agenda ideas.
For the Team Offsite Planning Day we will have morning coffee and a welcome talk.
Then we will do a Team Offsite Planning Day strategy review from quarter.
For the Team Offsite Planning Day we will have lunch around noon. If the weather is good we will have lunch outside.
We will also go for a hike, after the Team Offsite Planning Day sessions.
I need to remember to bring my laptop charger to the Team Offsite Planning Day.",34,Male,en_US,Product Manager,event,,,,,,
152,HUNGNV5,,,,,,,2026/03/09,17,Note,Melissa Grant,"I have a dentist appointment with Dr. Harper on Monday, May 6. The appointment is at 3:40 PM at the Midtown Dental Clinic. The Midtown Dental Clinic is located at 214 W 47th St, New York.
I need to remember a things for my dentist appointment with Dr. Harper. I need to bring my insurance card to the dentist appointment with Dr. Harper. I also want to ask Dr. Harper about the sensitivity I have been feeling on my molar.
I think I might need a cleaning and an x-ray at my dentist appointment with Dr. Harper.
To get to the Midtown Dental Clinic I can park my car at the parking garage on street it is usually the easiest way to park.
",29,Female,en_US,Graphic Designer,event,,,,,,
153,HUNGNV5,,,,,,,2026/03/09,10,Note,Andrew Phillips,"This Saturday we are going to play basketball at the Riverside Community Gym in Sacramento. The games will start at 9 AM on March 22.
People who said they might come to the Saturday pickup basketball run are Mike Jordan, Luis and Tyler. Tyler is bringing two coworkers to the Saturday pickup basketball run.
Maybe we can grab tacos after the Saturday pickup basketball run, at a place.",41,Male,en_US,Auto Mechanic,event,,,,,,
154,HUNGNV5,,,,,,,2026/03/09,12,Note,Natalie Brooks,"I am going to the Emily and Chris Engagement Party on July 12 which's a Saturday. The party will start around 6 PM in the evening. The party is at the Harbor View Rooftop in San Diego.
I need to remember a things. I have to buy a gift for Emily and Chris before I go to the party. I should also talk to Sarah. Find out if she is driving to the party. I will wear the navy dress that I have. Emily asked me if I can take some photos at the party so I might do that.
My plan for the day is to have brunch with Jenna. Then I will go home. Get ready, for the party. I should leave my house by 5:15 PM so I can get to the party on time. I am a little worried that parking might be hard to find downtown.",32,Female,en_US,Event Coordinator,event,,,,,,
155,HUNGNV5,,,,,,,2026/03/09,9,Note,Kevin Douglas,"Conference: Midwest Logistics Summit at the Chicago Convention Center – Hall B on June 3-4.
I plan to travel on the evening of June 2.
My hotel is the Hampton Inn Downtown.
Here are the schedule details I care about:
* Keynote at 9 AM on day one
* A panel on warehouse automation. I really need to attend this one
* Networking lunch around 12:30
* An evening mixer, at the Hyatt bar
To prepare:
* I need to print 20 business cards
* Bring a notebook
* Practice my intro pitch
* Follow up with Mark after the session",45,Male,en_US,Supply Chain Analyst,event,,,,,,
156,HUNGNV5,,,,,,,2026/03/09,17,Note,Rachel Kim,"Parent-Teacher Conference for Noah on Wednesday, October 9th at 7:15 PM at Lincoln Elementary School, Room 204.
I have some questions to ask the teacher.
* How is Noah doing with reading
* His math homework seems easy.
I also want to ask about the science fair.
* What are the logistics for it?
* Where is it being held?
The park, behind the gym building.
I will bring a notebook to take notes.
Maybe we can stop for ice cream with Noah after the meeting.",38,Female,en_US,Nurse,event,,,,,,
157,HUNGNV5,,,,,,,2026/03/09,9,Note,Jason Morales,"I am going to Yosemite National Park in California for a weekend hike. My trip plan is to leave on Friday, August 15 and drive early around 6 AM. I have a campsite reserved at Upper Pines, which's number 114 and the check-in time is 12 PM.
On Saturday I want to hike the Mist Trail to Vernal Fall. I might continue hiking toward Nevada Fall.
On Sunday I plan to have a day.
I need to pack some gear for my Yosemite weekend hike, including hiking boots, a water filter, a small stove, a headlamp, a bear canister and extra socks. My Yosemite weekend hike is going to be fun. I am looking forward to my trip, to Yosemite National Park.",36,Male,en_US,Park Ranger,event,,,,,,
158,HUNGNV5,,,,,,,2026/03/09,16,Note,Olivia Bennett,"I have a dress fitting appointment at Bella Couture Studio in Dallas on April 27 at 11:30 AM. I need to bring some things with me to the dress fitting appointment at Bella Couture Studio. These things include heels that're similar in height to my wedding shoes and a hair tie and clips for my hair.
My mom and Katie are coming with me to the dress fitting appointment at Bella Couture Studio. We should arrive 15 minutes early. There is parking behind the Bella Couture Studio boutique.
After the bridal dress appointment, at Bella Couture Studio we might go get some lunch at a place nearby.",27,Female,en_US,Marketing Assistant,event,,,,,,
159,HUNGNV5,,,,,,,2026/03/09,0,Note,Thomas Reed,"Our monthly book club is going to meet up at the Greenleaf Café in Portland, Oregon on Thursday, May 15. We will start 7 o'clock in the evening. This month we are reading ""The Night Circus"".
There are a things to remember for the book club. We should jot down our quotes from ""The Night Circus"". We need to bring some discussion questions about ""The Night Circus"" to talk about.
When we get to the Greenleaf Café we should order the chai latte. We also need to confirm if Anna has reserved the table, for our book club.",50,Male,en_US,Librarian,event,,,,,,
160,HUNGNV5,,,,,,,2026/03/09,3,Note,Brooke Simmons,"Community volunteer clean-up day at Riverfront Park in Kansas City is on Sunday, September 7. The community volunteer clean-up day starts at 8:00 AM.
The community volunteer clean-up day is organized by a neighborhood group.
For the community volunteer clean-up day we will meet near the boat ramp.
You should bring some things to the community volunteer clean-up day: gloves, a water bottle and sunscreen.
You might also want to bring a hat to the community volunteer clean-up day.
After the community volunteer clean-up day we will have coffee with the volunteers, at Corner Bean café.",31,Female,en_US,Real Estate Agent,event,,,,,,
161,HUNGNV5,,,,,,,2026/03/09,8,Note,Michael Torres,"Project Kickoff Meeting – Phoenix Client Location: Horizon Tech Office, Conference Room B – Denver Date: April 9 Time: 10:00 AM prep before meeting print 8 copies of proposal deck bring laptop + HDMI adapter check if Zoom backup is working agenda outline intro + team roles timeline discussion budget clarification follow-up afterwards email meeting notes to client",39,Male,en_US,IT Consultant,event,,,,,,
162,HUNGNV5,,,,,,,2026/03/09,3,Note,Hannah Cooper,"Saturday Pottery Workshop Clay Studio Downtown – 418 Market St, Philadelphia April 20 1:00 PM – 4:00 PM session things to remember wear old clothes tie hair back bring small notebook for glaze notes instructor: Maya Chen class theme: beginner wheel throwing maybe grab coffee after with Lisa",28,Female,en_US,Interior Designer,event,,,,,,
163,HUNGNV5,,,,,,,2026/03/09,16,Note,Brandon Scott,Company softball game Friday May 16 6:30 PM first pitch location Jefferson Park Field #2 – Columbus OH quick checklist bring glove red team shirt water bottle after game team heading to Brickhouse Bar nearby should be fun if weather holds,37,Male,en_US,Insurance Agent,event,,,,,,
164,HUNGNV5,,,,,,,2026/03/09,3,Note,Lauren Mitchell,"Hair appointment – color refresh Salon: Willow & Pine Studio Address: 82 King Street, Charleston SC Date: June 2 Time: 11:15 AM stylist: Andrea reminders show reference photo on phone ask about trimming bangs bring cash tip parking garage two blocks away",33,Female,en_US,HR Specialist,event,,,,,,
165,HUNGNV5,,,,,,,2026/03/09,0,Note,Gregory Adams,Annual neighborhood BBQ gathering Sunday August 10 starting around 3 PM location Maplewood Community Park – Pavilion C what I’m bringing burger patties charcoal bag cooler with drinks folding chairs remember to invite Dave + his family,52,Male,en_US,Electrician,event,,,,,,
166,HUNGNV5,,,,,,,2026/03/09,7,Note,Sophie Delgado,Photography walk – downtown architecture Saturday March 29 8:30 AM meetup start point Union Station plaza – Washington DC route idea Capitol area streets National Gallery courtyard maybe end near the river gear checklist camera body 50mm lens spare battery memory cards,30,Female,en_US,Freelance Photographer,event,,,,,,
167,HUNGNV5,,,,,,,2026/03/09,11,Note,Ethan Blake,"Flight training lesson Tuesday July 14 2:00 PM – simulator + flight time location Skyview Aviation School Scottsdale Airport, Arizona things instructor mentioned review takeoff checklist tonight practice radio phrases bring pilot logbook",26,Male,en_US,Aviation Student,event,,,,,,
168,HUNGNV5,,,,,,,2026/03/09,0,Note,Claire Donovan,Yoga retreat day pass Blue Ridge Wellness Center – Asheville NC September 5 9 AM morning session schedule meditation class first vinyasa flow at 11 lunch break around 1 PM restorative yoga later pack tonight yoga mat water bottle light sweater,44,Female,en_US,Therapist,event,,,,,,
169,HUNGNV5,,,,,,,2026/03/09,0,Note,Patrick O’Neill,Local tech meetup – AI developers group Wednesday April 23 7:00 PM start venue Innovate Hub Coworking Space Austin TX topics listed short talk on machine learning APIs networking after presentations remember to bring business cards,35,Male,en_US,Software Engineer,event,,,,,,
170,HUNGNV5,,,,,,,2026/03/09,18,Note,Jessica Walters,Mom’s birthday dinner Saturday November 15 reservation 6:45 PM restaurant La Trattoria Italian Kitchen San Jose CA small plan for evening bring cake from bakery pick up flowers earlier family arriving around 6:30 don’t forget camera for photos,31,Female,en_US,Elementary School Teacher,event,,,,,,
171,HUNGNV5,,,,,,,2026/03/09,19,Note,Liam,"Dentist appointment tmrw at 2:30 PM

Location is Dr Smiths clinic in downtown seattle

i am literally dreading this so much

need to remember a few things before i go:

- take the antibiotics tonight with dinner

- grab ibuprofen from the pharmacy on the way

- eat a massive lunch bc i wont be able to eat after

- download a podcast to distract myself

hope my insurance actually covers the root canal

dental work is insanely expensive rn

i might ask for the laughing gas tbh

just wanna get this over with",25,Male,en_US,Freelance Writer,event,,,,,,
172,HUNGNV5,,,,,,,2026/03/09,4,Note,Chloe,"Got the confirmation for our 5 year anniversary dinner!


It is this Friday night at 7:30 PM which is perfect.


We are going to The Melting Pot in downtown Chicago.


I requested a quiet booth in the back so it feels more private for us.

Hopefully traffic isnt a nightmare getting into the city on a friday.


I definitely need to pick up my suit from the dry cleaners tmrw after work.

Also gotta remember to buy a nice card from target.

And actually write something meaningful in it this time.


Praying the bill isnt over 200 bucks but it probably will be.

Totally worth it though she deserves a nice night out.",28,Female,en_US,HR Specialist,event,,,,,,
173,HUNGNV5,,,,,,,2026/03/09,4,Note,Marcus,"arctic monkeys gig this weekend!!!

finally get to see them live after waiting for three years

doors open at 7 but the show actually starts around 8 pm

venue is the o2 arena down in greenwich

need to figure out how we are getting there from my place

gotta check if the jubilee line is running normally on saturday

buying a portable charger today bc my phone battery is trash

we should pregame at that pub near the station beforehand

im so hyped i could literally cry rn

hope they play 505 as the encore song

gonna lose my voice singing i swear",22,Male,en_US,Student,event,,,,,,
174,HUNGNV5,,,,,,,2026/03/09,8,Note,Sarah,"Camping checklist for the weekend:

* Yosemite National Park trip at the Upper Pines campground

* Dates are Oct 12th through the 14th

* Gotta leave by 5am on friday to beat the bay area traffic

* Pack the 4 person tent and the extra rain tarp just in case

* Buy more propane canisters for the portable stove

* Do NOT forget the bear spray this time omg

* Download some spotify playlists offline bc there is zero signal

* Grab some firewood from the gas station right outside the park

* Need to break in my new hiking boots before the half dome trail

* Hopefully it gets cold enough at night to use the heavy sleeping bags

* Pack extra granola bars and beef jerky for the hikes

* Bring the good camera and empty the SD card

* Im so ready to disconnect from my laptop for three days

* Nature is exactly what my mental health needs rn",42,Female,en_US,Retail Worker,event,,,,,,
175,HUNGNV5,,,,,,,2026/03/09,8,Note,Evan,"I am so nervous about this meeting tmrw bc leo has been acting up in math class again.

The Parent-Teacher Conference is at Lincoln Elementary in Room 104.

It is scheduled for Wednesday at 4:15 PM.

I need to leave work early at 3:30 to make it on time.

Traffic on the highway is always terrible around then so I cant be late.

Mr davis said he wants to discuss his recent test scores.

I really hope they dont suggest holding him back a year.

He is trying his best but he gets distracted easily in class.

Maybe I need to hire a tutor for him this semester.

I will bring a notebook to take notes during the meeting.

Parenting is so hard sometimes i swear.

Hopefully Leo doesn't get grounded for a month after this.

Wish me luck bc i hate these meetings so much.",35,Male,en_US,IT Support,event,,,,,,
176,HUNGNV5,,,,,,,2026/03/09,11,Note,Nina,"Prep notes for the stupid corporate offsite next week

Why do we always have to do these things??

Event: Q3 Marketing Team Offsite

Where: Riverfront Hotel conference room (the big one on the 2nd floor)

When: Thursday morning at 9 AM sharp (kill me)

I need to prepare a few things tonight:

- The slideshow for the new social media metrics

- Print 15 copies of the Q2 review deck

- Make sure my laptop is fully charged

i swear if dave asks me another dumb question during my presentation

i am going to lose my absolute mind

at least they are catering lunch from panera this time

i better get the broccoli cheddar soup

just gotta survive 8 hours of corporate buzzwords

gonna drink so much coffee to stay awake

updating my resume the second i get home",27,Female,en_US,Nurse,event,,,,,,
177,HUNGNV5,,,,,,,2026/03/09,14,Note,Jack,"omg i cant believe the japan trip is actually happening next week


Flight NH106 to Tokyo departs LAX terminal B

It takes off on Nov 5th at 11 pm


i need to be at the airport by like 8 pm minimum

bc security is always a massive nightmare there


i still haven't packed my suitcase and i am starting to panic

buying a universal adapter from amazon rn


so hyped for the ramen and sushi tbh",33,Male,en_US,Architect,event,,,,,,
178,HUNGNV5,,,,,,,2026/03/09,13,Note,Mia,"Chicago marathon is literally this weekend

Starting line is at City Hall Plaza downtown

Corral C opens at 6 AM on Sunday so i need to wake up at 4

Eat two plain bagels and a banana for breakfast

Do NOT drink milk or my stomach will be ruined

Pin the bib to my running shirt the night before

Pack extra energy gels in my shorts pockets

i am terrified i didn't train enough on the hills

but it is too late to worry about that now

just gotta trust the taper and pace myself

my knee has been acting up so i will wear the brace

if i finish under 4 hours i will be so happy

going to eat a massive pizza after the race

wish me luck guys",24,Female,en_US,Designer,event,,,,,,
179,HUNGNV5,,,,,,,2026/03/09,,Note,Leo,"- errands i absolutely have to do tomorrow on my lunch break

- car inspection and synthetic oil change for the honda

- appointment is at 12:30 PM at the Jiffy Lube on Main St

- pray that my brake pads don't need replacing yet

- grab the updated insurance card from the glovebox before i go in

- they always try to upsell me on cabin air filters

- just say no to everything extra they offer

- bring my laptop so i can answer emails in the waiting room

- if it takes longer than an hour i am going to be late back to work

- owning a car is literally just a money pit

- at least it will be good for another 5k miles after this",29,Male,en_US,Electrician,event,,,,,,
180,HUNGNV5,,,,,,,2026/03/09,8,Note,Zoe,"moving day is finally here and i am already exhausted

we get the keys to the new place on saturday morning

address is 124 Oak Street, apt 3B

uhaul is booked for 8 AM pickup at the depot

i need to buy a ton of packing tape tonight

and heavy duty boxes from home depot

gotta get bubble wrap for the tv and monitors too

i bribed mark and jason with pizza to help me carry the couch

wrap all my fragile dishes in towels so they dont break

call the internet company to activate the wifi on saturday afternoon

i am so excited to finally have in-unit laundry tbh

no more going to the creepy laundromat down the street

just gotta survive the actual moving process

someone is probably gonna drop a box on their foot

cant wait to sleep in my own bed at the new place",38,Female,en_US,Store Manager,event,,,,,,
181,HUNGNV5,,,,,,,2026/03/09,10,Note,Tyler Brooks,"I need to remember to go to the dentist. I have a dentist cleaning reminder with Dr. Andrew Patel at Midtown Dental Care. The location of Mid. Andrew Patels office is 540 W St, New York NY. My dentist appointment is on July 8 at 10:20 AM. I should get to Dr. Andrew Patels office 10 minutes early so I can do the paperwork. I need to bring my insurance card and my ID to Dr. Andrew Patels office. I also want to ask Dr. Andrew Patel about the tooth sensitivity I have been having on the side. If I am running late to my dentist appointment I should call the desk at Midtown Dental Care at +1 212 555 1943. There is a parking garage around the corner on street. I should not drink coffee before my dentist appointment, with Dr. Andrew Patel again. I do not want to make the mistake I made last time I visited Dr. Andrew Patel at Midtown Dental Care.",34,Male,en_US,Sales Manager,event,,,,,,
182,HUNGNV5,,,,,,,2026/03/09,11,Note,Rebecca Lawson,"I am writing this down so I can remember the design workshop.
The event is the UX Portfolio Review Meetup.
It will be at the Design Hub Studio, which is located at 118 Market St, San Francisco CA.
The UX Portfolio Review Meetup is, on June 18.
It starts at 5:30 PM.
I should try to get to the Design Hub Studio by 5:10 PM for check-in.
I need to bring my laptop and some UX portfolio samples with me to the UX Portfolio Review Meetup.
The host of the UX Portfolio Review Meetup is Carla Gomez.
If I need to contact Carla Gomez I can call her at +1 415 555 2091.
After the UX Portfolio Review Meetup some people are going to grab tacos at a place.",29,Female,en_US,UX Designer,event,,,,,,
183,HUNGNV5,,,,,,,2026/03/09,0,Note,Marcus Hill,"Weekend fishing trip planning notes.
* Location: Lake Travis dock area, Austin TX
* Date: July 26
* Meet time around 5:45 AM at the gas station off Hwy 71.
I am going with Ryan and Cole.
You can reach Ryan at +1 512 555 4428.
Here is a checklist of gear:
* Fishing rods
* Cooler with ice
* Sunscreen
* Snacks, for the morning
We will probably wrap up afternoon.",42,Male,en_US,Construction Supervisor,event,,,,,,
184,HUNGNV5,,,,,,,2026/03/09,13,Note,Lauren Diaz,"My moms birthday dinner is coming up. I want to make sure I get everything right. We are going to have dinner at Bella Roma Italian Kitchen, which is located at 92 Harbor Blvd, Santa Ana CA. The dinner is on August 14. Our reservation is at 7:00 PM.
We are all going to meet at Bella Roma Kitchen about 6:45 PM. I need to remember to bring the chocolate cake from the bakery.
If I am running late I should call my sister at +1 714 555 3117.
The parking lot for Bella Roma Italian Kitchen is behind the restaurant. It fills up quickly so we should get there a little early.
Maybe after we have dinner, at Bella Roma Italian Kitchen we can take some photos outside.",31,Female,en_US,Office Administrator,event,,,,,,
185,HUNGNV5,,,,,,,2026/03/09,0,Note,Aaron Collins,"Board game night reminder
* Place: Jakes apartment, 317 Cedar Ave, Minneapolis MN
* Date: May 24
* Start around 7:30 PM
* Games planned:
Catan
Ticket, to Ride
Wingspan if we have time
* Contact Jake: +1 612 555 7740
* Bring snacks and soda.
We stayed till midnight time lol.",27,Male,en_US,IT Support Specialist,event,,,,,,
186,HUNGNV5,,,,,,,2026/03/09,12,Note,Danielle Foster,"I am going to the Pulse Fitness Cycling studio for an early morning spin class. The studio is located at 205 Park Ave in Atlanta, Georgia. My class is on June 6. It starts at 6:15 AM. Kelly Turner is the instructor for the class. I need to arrive by 6:00 AM so I can set up my bike. I should bring a water bottle and a towel with me.
If I need to call the desk the phone number is +1 404 555 8826. After the Pulse Fitness Cycling class I might go to the cafe door to grab a smoothie. The Pulse Fitness Cycling class is going to be a lot of fun. I am really looking forward to the Pulse Fitness Cycling class, with Kelly Turner.",36,Female,en_US,Accountant,event,,,,,,
187,HUNGNV5,,,,,,,2026/03/09,7,Note,Jeremy Walters,"I want to remind you about the car show event it is the Summer Classic Car Meet. The Summer Classic Car Meet is happening at the Fairgrounds Pavilion in Tampa, Florida. The date of the Summer Classic Car Meet is August 3.
The gates of the Summer Classic Car Meet will open at 9:00 AM. I am planning to meet Dave near the entrance of the Summer Classic Car Meet around 9:20 AM. You can call Dave at +1 813 555 6632 if you need to reach him.
Do not forget to bring your camera to the Summer Classic Car Meet so we can take some photos. The Summer Classic Car Meet has a cool vintage Mustang section that we should check out.
There will be food trucks at the Summer Classic Car Meet, around noon so we can grab something to eat then.",40,Male,en_US,Auto Technician,event,,,,,,
188,HUNGNV5,,,,,,,2026/03/09,5,Note,Olivia Harper,"The yoga retreat day is going to be at the Serenity Wellness Center in Sedona, Arizona on September 12.
We will start the yoga retreat day with an opening meditation at 8:30 AM.
Then we have a yoga flow session at 10:00 AM.
You should bring your yoga mat and a water bottle to the yoga flow session.
If you need to contact the organizer you can call them at +1 928 555 4710.
The yoga retreat day will have a lunch break around 12:30.
Later in the evening the yoga retreat day will include a sunset meditation.
After the sunset meditation session we will drive back to the hotel.
The yoga retreat day at the Serenity Wellness Center in Sedona Arizona is going to be an experience.
Remember to bring your yoga mat and water bottle to the yoga retreat day.
The yoga retreat day is on September 12, at the Serenity Wellness Center.",33,Female,en_US,Wellness Coach,event,,,,,,
189,HUNGNV5,,,,,,,2026/03/09,11,Note,Nathan Pierce,"I have a plan for the Data Analytics Summit event. The Data Analytics Summit is going to be at the Seattle Convention Center in Hall A. The Data Analytics Summit will take place on October 17. I need to check in at 8:30 AM for the Data Analytics Summit. Then there is a talk at 9:00 AM at the Data Analytics Summit.
My workshop session at the Data Analytics Summit is at 1:15 PM in room 306. The organizer of the Data Analytics Summit can be reached at +1 206 555 9241. I should remember to bring my laptop and charger to the Data Analytics Summit.
After the Data Analytics Summit there is a networking mixer, around 5 PM. I am looking forward to the Data Analytics Summit.",38,Male,en_US,Data Analyst,event,,,,,,
190,HUNGNV5,,,,,,,2026/03/09,17,Note,Megan Sullivan,"The community charity run is coming up. It is the Hope 5K Run. This event will be at Riverwalk Park in San Antonio, Texas. The Hope 5K Run is on November 2. The Hope 5K Run starts at 7:30 in the morning.
You can get your packet at 6:45. My friend Kelly will be near the registration tent. If you need to call Kelly her phone number is +1 210 555 5578.
Do not forget to bring your running watch and water to the Hope 5K Run. After the Hope 5K Run we will have brunch, as a group maybe.",30,Female,en_US,Physical Therapist,event,,,,,,
191,HUNGNV5,,,,,,,2026/03/09,0,Note,Derek Simmons,"Reminder. Saturday fishing trip
Location: Clearwater Pier, 1 Causeway Blvd, Clearwater FL
Date: June 21
Meet time: 5:50 AM
Going with:
* Mike Turner. +1 727 555 2193
* Josh Rivera. +1 727 555 9031
Things to bring:
* Tackle box
* fishing line
* Sunscreen
* Hat
* Cooler with ice
* Maybe a breakfast sandwich, before heading out",44,Male,en_US,Boat Mechanic,event,,,,,,
192,HUNGNV5,,,,,,,2026/03/09,0,Note,Alicia Bennett,"I want to remember the details of the Women in Marketing Networking Night event. The Women in Marketing Networking Night event is happening at The Collective Workspace, which is located at 410 Ave in New York. The Women in Marketing Networking Night event is on July 11. The Women in Marketing Networking Night event starts at 6:30 PM. The doors will open at 6:00 PM.
Sarah Lopez is the one organizing the Women in Marketing Networking Night event. You can reach her at +1 917 555 7411. Megan Clarke will also be attending the Women in Marketing Networking Night event. Her number is +1 646 555 2882.
It would be an idea to bring a printed resume and some business cards to the Women in Marketing Networking Night event. You should probably dress in business clothes for the Women in Marketing Networking Night event.
After the Women, in Marketing Networking Night event some people are planning to grab drinks at a place.",28,Female,en_US,Digital Marketer,event,,,,,,
193,HUNGNV5,,,,,,,2026/03/09,5,Note,Kevin Hartley,"I am having a shower for my cousin Ana. The bridal shower is going to be at the Garden Terrace Hall, which is located at 88 Palm St, San Diego CA.
The date of the shower is August 2.
It will start at 1:00 PM.
You can also call Aunt Rosa her number is +1 619 555 6634.
Remember to bring a gift bag for my cousin Ana.
It is an idea to wear a light dress because the bridal shower is going to be on an outdoor patio.
The parking is across the street in a garage.
Maybe we should leave our home around noon for the shower.
The bridal shower, for my cousin Ana is going to be much fun.
I am really looking forward to celebrating with my cousin Ana.",36,Male,en_US,High School Coach,event,,,,,,
194,HUNGNV5,,,,,,,2026/03/09,11,Note,Monica Reyes,"I have a note for tomorrows meetup at the Startup founders breakfast. The Startup founders breakfast is going to be at Capital Coffee Roasters, which is located at 112 King St, in Seattle WA. The Startup founders breakfast will take place on June 3. We will be meeting at 7:30 AM.
The people attending the Startup founders breakfast are David Ng. His phone number is +1 206 555 3199 and Emma Walsh. Her phone number is +1 206 555 8872.
There are a things I need to prepare for the Startup founders breakfast tonight. I need to make sure my laptop is fully charged for the Startup founders breakfast. I also need to work on a pitch about my app idea for the Startup founders breakfast.
I should also get a notebook ready so I can write down contacts, at the Startup founders breakfast.",33,Female,en_US,Dental Assistant,event,,,,,,
195,HUNGNV5,,,,,,,2026/03/09,9,Note,Jordan Blake,"This photography meetup is a sunset shoot. The location of the photography meetup is at Santa Monica Pier, CA. The date of the photography meetup is September 8. The photography meetup will start at 6:10 PM.
The person, in charge of the photography meetup is Daniel Park. If you need to ask Daniel Park something you can call Daniel Park at +1 310 555 4208.
The photography meetup also has a host and that is Lily Chen. If you need to ask Lily Chen something you can call Lily Chen at +1 310 555 8413.
Here is what you need to bring to the photography meetup:
* DSLR camera
* 50mm lens
* tripod
* memory cards
The photography meetup will be a time and the photography meetup will be something to look forward to.",31,Male,en_US,Startup Founder,event,,,,,,
196,HUNGNV5,,,,,,,2026/03/09,2,Note,Carla Medina,"We are having a photography meetup. It is a sunset shoot. The photography meetup will be at the Santa Monica Pier in California. We will meet on September 8. The photography meetup will start at 6:10 in the evening.
The person in charge of the photography meetup is Daniel Park. You can call Daniel Park at +1 310 555 4208 if you need to.
For the photography meetup you should bring a things. You should bring a camera that's a DSLR. You should also bring a lens that's 50mm.
You should bring a tripod to the photography meetup. You should also bring memory cards for your camera.
The photography meetup is going to be a lot of fun. The photography meetup is a chance to take some really nice pictures of the sunset at the Santa Monica Pier, in California.",27,Female,en_US,Freelance Photographer,event,,,,,,
197,HUNGNV5,,,,,,,2026/03/09,0,Note,Brian Wallace,"Here is a reminder about the Homeowners Association meeting.
The meeting will be at the Lakewood Community Center.
The Lakewood Community Center is at 55 Pine Lake Rd in Orlando, Florida.
The Homeowners Association meeting is on July 7.
It starts at 7:00 PM.
If you have questions about the Homeowners Association meeting you can ask Linda Parker.
Linda Parker is the chair.
You can call Linda Parker at +1 407 555 5521.
You can also ask your neighbor Tom Ellis.
Tom Ellis can be reached at +1 407 555 1189.
Please bring a printed photo about the parking issue to the Homeowners Association meeting.
You should also ask about the street lights, at the Homeowners Association meeting.
The Homeowners Association meeting is a time to ask about the new street lights and the parking issue.",49,Male,en_US,Property Manager,event,,,,,,
198,HUNGNV5,,,,,,,2026/03/09,15,Note,Emily Carter,"The Book club meetup is at the Maple Street Library in Boston MA.
The Book club meetup is on June 28 at 5:45 PM.
People coming to the Book club meetup are Julia Sanders and Mark Holloway.
I have the phone number of Julia Sanders which's +1 617 555 7219.
I also have the phone number of Mark Holloway which's +1 617 555 4426.
The Book club meetup will have a book discussion, about the Book club meetup book which's The Night Circus”.
I have to bring my notes and sticky tabs to the Book club meetup.",35,Female,en_US,Librarian,event,,,,,,
199,HUNGNV5,,,,,,,2026/03/09,4,Note,Scott Delgado,"On Saturday we are going on a mountain bike ride. The mountain bike ride will be, on the Bear Creek Trail. We will meet at the Bear Creek Trailhead. The Bear Creek Trailhead is located at 920 Canyon Rd, Boulder CO. We will meet on May 31. Our meeting time is 8:00 AM.
I will be riding with Kyle Morgan. You can call Kyle Morgan at +1 303 555 6783. I will also be riding with Adam Lewis. You can call Adam Lewis at +1 303 555 4029.
Before the mountain bike ride we need to do a gear check. We need to check that we have a helmet. We also need to check that we have a tube. A mini pump is also necessary. We should also bring snacks and water for the mountain bike ride. The mountain bike ride will be fun. We will ride on the Bear Creek Trail.",38,Male,en_US,Landscape Architect,event,,,,,,
200,HUNGNV5,,,,,,,2026/03/09,0,Note,Natalie Greene,"writing down details for our family reunion picnic

* Location: Willow Creek Park 220 Parkside Ave, Columbus OH

* Date: July 20

* Start time: 12:00 PM noon

contacts

* Aunt Carol – +1 614 555 1833

* Cousin Jake – +1 614 555 5570

We are going to bring potato salad and drinks.

Maybe we should also bring some chairs.

The kids games are going to start around 1:30 PM.

Our family reunion picnic is going to be, at Willow Creek Park.

We will have a lot of fun at the picnic.",41,Female,en_US,Elementary School Teacher,event,,,,,,
201,HUNGNV5,,,,,,,2026/03/09,16,Note,Brandon Cole,"I really do not want to be late for the Downtown Startup Demo Night. The Downtown Startup Demo Night is taking place at Innovation Garage, which is located at 325 Howard St, San Francisco CA on July 17. The presentations for the Downtown Startup Demo Night will start at 6:30 PM.
Ethan from the development group told me that I should get to the Downtown Startup Demo Night early because the seats for the Downtown Startup Demo Night fill up fast. If I have trouble finding the entrance to the Downtown Startup Demo Night I can call Ethan Reed at +1 415 555 7314.
I need to remember to bring my laptop and its charger to the Downtown Startup Demo Night because there is a networking session after the demos, at the Downtown Startup Demo Night. I learned this the way last time when my laptop battery died in the middle of the question and answer session at the Downtown Startup Demo Night.",35,Male,en_US,Software Developer,event,,,,,,
202,HUNGNV5,,,,,,,2026/03/09,11,Note,Melissa Grant,"I am going to the Saturday pottery class at the ClayWorks Studio. The ClayWorks Studio is located at 88 Market St in Portland, Oregon. The Saturday pottery class is on May 10. The Saturday pottery class starts at 11:00 AM. Carla Jensen is the instructor for the Saturday pottery class.
If I need to contact the ClayWorks Studio I can call them at +1 503 555 1163. My friend Lily Torres is also joining the Saturday pottery class. I can reach Lily Torres at +1 503 555 4420.
I should wear clothes to the Saturday pottery class because the clay can be messy. I should also bring a sketchbook to the Saturday pottery class to write down my ideas. The Saturday pottery class is 2 hours long.
After the Saturday pottery class we will get coffee at the cafe next door, to the ClayWorks Studio.",29,Female,en_US,Art Teacher,event,,,,,,
203,HUNGNV5,,,,,,,2026/03/09,15,Note,Daniel Brooks,"Saturday Basketball Run at Riverside Court
Location: Riverside Park courts, 123 River St, Chicago
Date: Saturday June 14 – 8:30 AM
I have to remember to bring the orange Wilson ball.
I will text Mike to see if he is still joining. He said maybe time we talked.
We will probably play 3v3 games like we did weekend.
The court gets busy after 9:30 AM so we should get there early.
Parking is usually full near the playground so I might bike there instead.
I will bring a water bottle and a towel.
The person who loses buys coffee at the cafe, across the street.
I will stretch first because my calf cramped again time.
I will check the weather on Friday night in case it rains.",32,Male,en_US,Warehouse Supervisor,event,,,,,,
204,HUNGNV5,,,,,,,2026/03/09,17,Note,Olivia Carter,"I have a dentist cleaning appointment at BrightSmile Dental Clinic.
The BrightSmile Dental Clinic is located at 455 Pine Ave, Portland OR.
My appointment is on Tuesday September 9 at 3:15 PM.
I need to call the BrightSmile Dental Clinic on Monday morning to confirm my dentist cleaning appointment.
They told me to arrive ten minutes to fill out some paperwork.
I already have my insurance card in my wallet.
The parking lot is behind the BrightSmile Dental Clinic building. The spaces are really tight.
I should take some time off work around 2:30 PM so I can get to the BrightSmile Dental Clinic on time.
I will bring my headphones to listen to music while I am waiting at the BrightSmile Dental Clinic.
I should remember not to drink coffee right before I go to the BrightSmile Dental Clinic
",28,Female,en_US,Graphic Designer,event,,,,,,
205,HUNGNV5,,,,,,,2026/03/09,13,Note,Marcus Hill,"Apartment viewing at the Maple Street building
Location: 890 Maple St, Denver CO
Date: Friday July 18 at 6:00 PM
I will meet with leasing agent Sarah.
I want to check the size of the kitchen and see how storage space it has.
I also need to look at the room.
I will ask her about the parking permit, for people who live there.
I will also ask if they allow pets because I am thinking about getting a dog.
I should take pictures of the living room layout.
I will compare it with the Oak Street place I saw week.
The rent online was $1,450. I need to verify what utilities they cover.
I will bring a notebook to take measurements.
Maybe I will grab dinner after the tour.",35,Male,en_US,Auto Mechanic,event,,,,,,
206,HUNGNV5,,,,,,,2026/03/09,0,Note,Hannah Lewis,"I am going to check out the Maple Street building for an apartment.
The apartment is located at 890 Maple St, Denver CO.
I will be meeting the leasing agent Sarah on Friday July 18 at 6:00 PM.
I want to meet with the leasing agent Sarah at the Maple Street building.
I need to check the size of the kitchen at the Maple Street building and the storage space at the Maple Street building.
I also want to look at the laundry room situation at the Maple Street building.
I will ask the leasing agent Sarah about the parking permit for residents at the Maple Street building.
I will take pictures of the living room layout at the Maple Street building.
I will compare the Maple Street building with the Oak Street place I saw week.
The rent for the apartment, at the Maple Street building is listed online as $1,450. I need to verify the utilities at the Maple Street building.
I will bring a notebook to take measurements of the apartment at the Maple Street building.
Maybe I will grab dinner after the tour of the Maple Street building.",41,Female,en_US,Librarian,event,,,,,,
207,HUNGNV5,,,,,,,2026/03/09,9,Note,Kevin Patel,"Seattle Trip ✈️

Flight: Oct 5 @ 6:40 AM (Boston Logan).

Alarm: 4:15 AM (ugh, hate early starts).

Transport: Uber to airport around 5:00 AM.

To-do: Check in online the night before. Seat is 14A (window).

Conf: Check-in starts 9:30 AM downtown Seattle. Remember laptop charger + badge email printout!

Packing: Pack a light jacket – Seattle is probably cold.

Stay: Harborview Suites (near Pike Place). Maybe explore the market after sessions.

Family: Text Mom when I land.",29,Male,en_US,Software Developer,event,,,,,,
208,HUNGNV5,,,,,,,2026/03/09,5,Note,Emily Rogers,"Hey. This Sunday May 17 we are going to the Union Square Greenmarket. Let us meet near the fountain at 10:15. I am going to get around 10:00 to use the ATM first because some of the stalls at the Union Square Greenmarket only take cash.
I really need to buy strawberries and fresh tomatoes from the Union Square Greenmarket. I also want to find the honey vendor that was at the Union Square Greenmarket year and try the sourdough stand at the Union Square Greenmarket again. Do not forget your tote bags when you come to the Union Square Greenmarket. Let us buy coffee from the corner cart at the Union Square Greenmarket and take some photos for Instagram. If we have time we can walk around the park after we are done at the Union Square Greenmarket. I will check the train schedule for the way home, from the Union Square Greenmarket later.",26,Female,en_US,Social Media Coordinator,event,,,,,,
209,HUNGNV5,,,,,,,2026/03/09,16,Note,Robert Chen,"EVENT: Parent-Teacher Conference (Lily’s School)

Date/Time: Thursday, Nov 6 – 4:30 PM

Location: Brookside Elementary, Room 214 (Mrs. Carter)

Logistics: Leave work by 3:45 PM. Parking lot fills quickly near the gym entrance!

Agenda: >     * Ask about math progress (Lily’s struggling with fractions).

Check reading level update.

Sign permission slip.

Notes: Bring notebook for feedback. Meeting is ~20 mins. Maybe bring Lily along or ask Anna to pick her up. Stop by grocery store on the way home.",38,Male,en_US,Civil Engineer,event,,,,,,
210,HUNGNV5,,,,,,,2026/03/09,11,Note,Sophie Bennett,"Hair @ Golden Scissors (210 Market St)

Saturday Aug 8 – 11:30 AM. Cut + highlights (show her that Pinterest photo).

Pro-tip: She’s always 10 mins behind, so no need to panic-run.

Prep: Don't wash hair before. Confirm the appt on Friday.

Money: Bring cash for the tip. Use the garage across the street.

Post-hair: Ask about the product she used last time. Brunch nearby after?",31,Female,en_US,Real Estate Agent,event,,,,,,
211,HUNGNV5,,,,,,,2026/03/09,,Note,,,44,Male,en_US,Electrician,event,,,,,,
212,HUNGNV5,,,,,,,2026/03/09,7,Note,Laura Kim,"Monday Yoga - Flow Center


[ ] Arrive @ 6:05 PM (Class starts 6:15 with Maya - it’ll be crowded!)


[ ] Pack Bag: Yoga mat + towel.


[ ] Storage: Use the lockers for keys/phone.


[ ] Goal: Focus on those tight shoulders.


[ ] Meal Plan: Skip dinner before class. Reward: Smoothie next door after.


[ ] Post-workout: Log in fitness app.",27,Female,en_US,Physical Therapist,event,,,,,,
213,HUNGNV5,,,,,,,2026/03/09,"9,3",Note,Ethan Miller,"Bear Mtn Hiking w/ the boys 🥾

When: April 12. Meet @ 7:30 AM. Need to head out by 6:30 AM or traffic will be brutal.

The Route: Major Welch trail loop. Mike & Jason are in.

Pack: Small bag, 2 bottles of water, and a PB sandwich.

Vibe check: 58°F so just a light jacket.

Note: Parking near the visitor center fills up fast, so don’t be late. Sunscreen is a MUST this time. Take some fire summit pics for the gram. Drive back before dark.",34,Male,en_US,Delivery Manager,event,,,,,,
214,HUNGNV5,,,,,,,2026/03/09,17,Note,Natalie Ward,"Lunch Meeting with the MT
At Olive Garden - 2300 Market St, Philly.
The meeting is on Tuesday, June 3. It will start at 12:15 PM.
We need to talk about the Marketing Team campaign ideas for the quarter and also go over how our ads did last month. We will also discuss what we can do on media.
You should bring your laptop. Make sure you have a charger and also bring the printed analytics and a notebook.
A other things to keep in mind: Emily, from the Marketing Team might be about ten minutes late.. For lunch let us just get the soup and salad combo.",29,Female,en_US,Marketing Coordinator,event,,,,,,
215,HUNGNV5,,,,,,,2026/03/09,18,Note,Brandon Hayes,"DMV. License Renewal (August 21 at 10:40 AM)

Address: 3615 South Hope Street, Los Angeles.

Things to bring:

* drivers license

* Passport

* Utility bill to prove my address

Some tips:

* There's a parking garage, across the street

* Mornings are usually quicker. I should still plan for at least an hour

My plan:

* Get a cup of coffee before I go

* Bring the confirmation email with me

* Find out if they accept credit cards

* Hopefully my photo turns out okay this time...",42,Male,en_US,Construction Supervisor,event,,,,,,
216,HUNGNV5,,,,,,,2026/03/09,8,Note,Claire Donovan,"Pottery wk 2! 🏺 @ ClayWorks

Wed May 14 @ 6:30.

Learning trimming tonight (practiced basic bowls last time).

Wear messy clothes!! Bring the small towel again.

Instructor: Daniel.

Note: Get there early to claim a wheel. Locker key for my shelf. Take a pic if the piece actually looks good. Focus on centering the clay better pls.",37,Female,en_US,Interior Designer,event,,,,,,
217,HUNGNV5,,,,,,,2026/03/09,,Note,Lucas Graham,,31,Male,en_US,Bartender,event,,,,,,
218,HUNGNV5,,,,,,,2026/03/09,,Note,Rachel Kim,,22,Female,en_US,College Student,event,,,,,,
219,HUNGNV5,,,,,,,2026/03/09,,Note,Thomas Riley,,40,Male,en_US,Firefighter,event,,,,,,
220,HUNGNV5,,,,,,,2026/03/09,,Note,Megan Foster,,33,Female,en_US,Event Planner,event,,,,,,
224,NhiNX,,DuongTC,hold ,,2 câu liên tiếp,,2026/03/09,0,Note,Alicia, ,33,Female,,Dental Hygienist,event,,,,,,
225,NhiNX,,DuongTC,hold ,,AI 36,,2026/03/09,9,Note,Marcus,"HOA meeting checklist
- Event: Brookfield neighborhood meeting
- Place: Community Clubhouse, 402 Maple Ave, Dallas TX
- Date: Aug 7
- Time: 7:00 PM evening
- Chair: Linda Patterson
- Questions about street parking again
- Bring printed photo of that blocked driveway
- Neighbor Tom said he'd come too
- If needed call him +1 972 555 9043
- meeting usually drags like an hr
- dont forget sign-in sheet when arriving
- maybe grab coffee before cause work day long",51,Male,,Property Manager,event,,,,,,
228,NhiNX,rework done,DuongTC,hold ,,AI 32,,2026/03/09,0,Note,Linda,writing down schedule for megan & josh wedding weekend so i dont confuse times... ceremonia at lakeview chapel in madison wi on oct 5. starts at 3 pm sharp but mom is stressing about family photos :D so gotta be there early like 2:15 or something. reception later at habror hall dontwn around 5:30. bride megan texted if issues call rachel (sister) at +1 608 555 7310. booked idk room at hilton monona terrace 4 sat night—need to pack that navy dress + heels too. also bring the gift env from mom. oh hair appt that morning is at 10 am across 🏠 street from hotel... hope i dont cry during vows again lol it was so embarrassing last time.,44,Female,,Librarian,event,,,,,,
232,NhiNX,,DuongTC,,,AI 50,,2026/03/09,19.8,Note,Angela,"Writing this down so I dont mess up the timing again. Event: “Downtown Food Truck Festival”. Location is Civic Plaza Park in San Jose CA. 
main date is August 9 start 4:00 pm, but the cooking demo stage opens earlier 2:30 pM. My friend Nora said to meet by the fountain at 3:40. 
If I get lost call +1 408 555 7783 or email nora.foodie@mail.com. After the festival we might go to the small rooftop bar across Market Street around 7:30 PM. Parking garage address also listed as 77 Market St but might be full. Need cash for some trucks cause last yr card readers were glitchy. Also bring tote bag for snacks to take home lol.",28,Female,,Social Media Manager,event,,,,,,
235,NhiNX,,DuongTC,hold ,,AI 35,,2026/03/09,12,Note,Daniel,"band practice notes for later
- Title: Friday Night Jam
- studio: Red Brick Music Studio, 4028 Maple St, Portland OR, i hope i remember the way lol
- date: May 23
- arrive: 6:30 PM so we can actually set up
- start playing: 7:00 PM
- Possible break: 8:15 PM, i'm prob gonna be dying for a drink by then
- End around: 9:30 PM
- Bandmates: Leo, Chris
- Leo phone +1 503 555 8841
- Chris phone +1 503 555 6610
- Bring guitar pedal board, honestly dont forget it again or i'm screwed
- snacks maybe? idk im hungry 🍕",27,Male,,Barista,event,,,,,,
236,NhiNX,rework done,DuongTC,hold ,,AI 52,,2026/03/09,6,Note,Rachel,"dentist cleaning reminder bc i literally almost missed the last one.
BrightSmile Dental Center at 450 Pine St, Seattle WA.
June 18 is the day. check-in at 10:20 am and cleaning is at 10:40 am.
Dr Patel is doing the exam.
prob need to call the front desk if i gotta reschedule
+1 206 555 1098
 email desk@brightsmile.com.
they said the parking garage is on the 4th Ave entrance but honestly the spaces are tiny so i'll prob mess up the parking lol. also dont forget to ask about the tooth sensitivity again cause it still feels super weird when im drinking cold coffee... hate that feeling 🏠 🦷.",33,Female,,Librarian,event,,,,,,
237,NhiNX,rework done,DuongTC,hold ,,2 câu liên tiếp,,2026/03/09,0,Note,Marcus,"camping trip notes for Yosemite so i actually remember stuff this time around (writing it here so i dont lose it) - Yosemite hiking + camping
Yosemite Valley Campground CA July 11 – 13
basically the big hike starts July 12 at 7:30 am, hope i actually wake up for it since i'm usually so dead in the morning, meet friends first night July 11 around 6 PM at campsite
Camp office num +1 209 555 7801
Friend contacts:
– Ryan +1 209 555 9901
– Joel +1 209 555 5542
Email thread: yosemitecrew@mail.com
need to pack tent + flashlight
cooler + food supplies
prob should check weather Fri morning, basically if it rains i'll be so mad.
leave home about 1 PM Friday
drive is 4 hours.
dont forget park entry pass 🌲",44,Male,,Civil Engineer,event,,,,,,
240,NhiNX,,DuongTC,hold ,,AI 31,,2026/03/09,11.7,Note,Linda,"Community yoga session
Location: Lakeside Park lawn area, Denver CO
Date: July 2
Check-in: 8:30 AM
Class start: 9:00 AM
Instructor Maya Lopez
Contact studio: +1 720 555 1148
Bring yoga mat + towel
water bottle
light breakfast before
stretch after class
maybe smoothie after w/ Sara",41,Female,,School Counselor,event,,,,,,
242,NhiNX,,DuongTC,hold ,,AI 26,,2026/03/09,19,Note,Clara,"Should really write this down before I forget again.Katie invited me to a small book launch event for a local author. 
Maple Street Bookstore-417 Maple st Portland, OR. 
July 22 and the reading starts at 7:00 PM but doors open earlier around 6:15 PM. 
meet outside the café part of the store at about 6:30 so we can grab seats together. 
If  cant find her- call +1 503 555 1843 or contact events@maplestbooks.com
 in case anything changes. After the reading, there might be a Q&A and signing around 8:15 PM. I kinda wanna buy the book too if its good :))",29,Female,,Copywriter,event,,,,,,
243,NhiNX,,DuongTC,hold ,,AI 27,,2026/03/09,0,Note,Leo,"Quick plan for Sunday cycling ride 🚴‍♂️
• Event: Lake Loop Bike Ride
• Location: Lakefront Trail start, Chicago IL
• Date: Aug 3
• Meet: 7:45 AM
• Ride start: 8:00 AM
• Coffee stop maybe 9:10 AM at Harbor Café
• Friend contacts:
• Sam +1 773 555 4102
• Dylan +1 773 555 6628
• Bring helmet + water
• Check tire pressure night before
• Might ride about 15 miles total",41,Male,,Architect,event,,,,,,
245,NhiNX,,DuongTC,,,AI 40,,2026/03/09,11.8,Note,Chris,"Garage band rehearsal 🎸
- Title: Friday practice session
- Studio: SoundLab Garage, 95 Pine St, Seattle WA
- Date: May 30
- Arrive: 6:45 PM
- Start playing: 7:00 PM
- Break around: 8:00 PM
- Finish approx: 9:30 PM
- Bandmates: Eric, Tom
- Eric phone +1 206 555 1142
- Tom phone +1 206 555 9934
- Bring guitar amp + cables
- maybe order pizza later :))
- remember lyrics sheet",32,Male,,Warehouse Worker,event,,,,,,
249,NhiNX,,DuongTC,hold ,,AI 34,,2026/03/09,10.4,Note,Ethan,"Startup networking night I'm thinking about going to.event Tech Founders Meetup in Innovation Hub Center, 220 Market St, San Francisco CA. Date Nov 14. Check-in opens 5:30 PM. Opening talk scheduled 6:15 PM then networking session about 7:00 PM. End time around 8:45 PM they said. Organizer contact Alex Wong phone +1 415 555 6081. Backup event email founders@techhub.com
. My coworker Jamie might join (+1 415 555 9920). Need to bring a few business cards. Parking garage entrance on Mission St. Maybe grab ramen after nearby if the meetup goes well ",35,Male,,Product Manager,event,,,,,,
250,NhiNX,,DuongTC,,,AI 31,,2026/03/09,8,Note,Dana,"Yoga in the park 🌞
Location: Central Park Great Lawn NYC
Date: July 12
Meet Emma 8:40 AM
Class start 9:00 AM
Instructor Maya Lopez
Studio phone +1 646 555 3108
Bring yoga mat
water bottle
small towel
stretch before class
smoothie after maybe ",25,Female,,Barista,event,,,,,,
256,NhiNX,,DuongTC,,,AI 24,,2026/03/09,14.1,Note,Brandon,"Saturday morning farmers market visit :)))
Location: Old Town Market Square, Alexandria VA
Date: May 3
Time: around 8:30 AM meetup

Meeting Tom there to check out local produce stands.

Market info number: +1 703 555 3419

Stuff to look for
fresh strawberries
local honey
maybe sourdough bread

Bring reusable bags so I don’t have to carry everything by hand.

Also bring small cash bills since some stalls dont take cards.

If weather bad we might move brunch to the cafe nearby.",40,Male,United States,Delivery Driver,event,,,,,,
264,NhiNX,,DuongTC,,,AI 45,,2026/03/09,14.1,Note,Lili,"Signed up for this summer cooking class called “Italian Pasta Workshop” at Greenfield Community Kitchen, 88 Harper Ave in Boston. Date is July 14 and class runs from about 6:00 PM to 8:30 PM. The instructor is Chef Paolo Ricci and apperently we’ll learn how to make handmade ravioli plus a basic tomato sauce from scratch which actually sounds pretty fun. They said most of the class is standing so comfy clothes prob better than anything fancy. I should also bring a small container in case we get to take leftovers home (hope so). Parking behind the building is kinda limited so subway might be easier. If anything changes the contact number they listed is +1 617 555 8802. Need to leave work around 5:15 PM so I dont end up rushing across town again.",28,Female,United States,Barista,event,,,,,,
266,NhiNX,,DuongTC,,,AI 39,,2026/03/09,0,Note,Tyler ,"Team Offsite Planning Day next week at Lakeview Conference Center in Madison, WI on April 18. Whole product team supposed to be there around 9:00 AM but Sarah mentioned arriving earlier like 8:30 if we wanna grab coffee first. Address I wrote down: 214 Lakeshore Dr, Madison. Parking apparently behind the west building. Need to remember HR said lunch starts about 12:15 and the strategy workshop runs again at 1:30 PM in room B2. Mark from ops said if anything changes we can text him +1 608 555 7811 but hopefully schedule stays same. Also there’s a short networking thing around 4:00 PM before everyone leaves. I should bring the draft slides and the updated roadmap doc. Might also be a group dinner after 6ish downtown but not 100% confirmed yet. I really dont wanna forget the charger this time lol. Weather forecast said maybe rain so prob bring jacket too.",34,Male,,Product Manager,event,,,,,,
269,NhiNX,rework done,DuongTC,hold ,,AI 24,,2026/03/09,10,Note,Kevin,"Road Trip Planning Meetup w/ friends :))
Destination idea: Grand Canyon weekend drive

Meeting to plan everything
Place: Desert Bean Cafe, Flagstaff AZ
Date: Sunday June 2
Time: 3:00 PM (Tom said maybe 3:15 realistically lol)

Things to talk about:
* car rentals
* campsite reservations
* sunrise viewpoint spots
* who brings cooking gear

Contact people coming:
* Tom – +1 928 555 6610
* Alicia – text first she hates calls

Possible travel dates we’ll vote on:
1. June 14–16
2. June 21–23

Cafe address I saved: 41 Aspen Ave.
They have big tables in back.
Also apparently good cold brew :)

Need to bring my park pass info.
And check weather conditions beforehand.
Should be fun honestly.",27,Male,,Auto Mechanic,event,,,,,,
270,NhiNX,,DuongTC,hold ,,Ai 100,,2026/03/09,17.43,Note,Hannah ,"Dentist cleaning appointment coming up next Thursday at BrightSmile Dental in Columbus. Address: 5532 Riverside Dr. Scheduled date July 11 at 2:30 PM though they said arrive 15 min early for paperwork. I remember last time parking was behind the clinic building. Dr Patel usually does the checkup after the hygienist finishes. If I need to reschedule the front desk number is +1 614 555 4472 and email appointments@brightsmileoh.com
. They mentioned the visit should be about 45 minutes unless they do extra x rays. Reminder to bring insurance card and ID cause they asked last time. Might grab coffee nearby before the appointment since it’s across from the Riverwalk plaza. Hopefully no cavities again fingers crossed :(",41,Female,,Accountant,event,,,,,,
276,NhiNX,,DuongTC,,,AI 50,,2026/03/09,0,Note,Aaron ,"Annual team planning workshop coming up at the Chicago regional office, location 233 West Adams St floor 7 conference hall. Main date June 4 starting about 9:00 AM but manager said arrive closer to 8:40 so coffee and setup dont delay things. Second breakout meeting later same afternoon around 2:15 PM in room B. HR contact for the event is Melissa Hart and her phone is +1 312 555 9844 if anyone gets lost in the building. Also got an email reminder from mhart@corpbridge.com. Need to bring laptop, charger and printed quarterly report. Lunch session planned roughly 12:30 PM in the cafeteria downstairs. Hopefully meeting ends before 4:30 because train home gets busy.",39,Male,,Operations Analyst,event,,,,,,
277,NhiNX,,DuongTC,,,AI 29,,2026/03/09,9,Note,Carla,"Community cleanup day notes
• Event: River Park volunteer cleanup
• Location: Riverside Park entrance gate B, El Paso TX
• Date: April 27
• Meet time: 8:00 AM
• Expected finish about 11:30 AM
• Organizer contact Maria Lopez +1 915 555 7032
• Bring gloves, hat, water bottle
• They provide trash bags and tools
• Parking lot near the playground area
• Might grab tacos with volunteers after
• Reminder wear old shoes ",42,Female,,Nurse,event,,,,,,
278,NhiNX,rework done,DuongTC,hold ,,AI 31,,2026/03/09,18.3,Note,Natalie ,"A conference is happening shortly.
The Midwest Design Expo – Kansas City Convention Center, 301 West 13th Street, Kansas City, Missouri – has its main day on August 21st, with the show beginning at approximately 9.30am, though early sign-in is at 8.45am.
I’ve reserved a little hotel close by so I am able to go on foot in the morning. Kevin Dalton is the person to contact, on +1 816 555 1294; he also emailed the programme from kevin@midwestdesignexpo.com. The important address is at 10.30am, and a lunch to meet people is scheduled for around 12.15pm. I ought to take business cards and perhaps a tablet to demonstrate work. It is to be hoped it is not too busy this year.",31,Female,,Graphic Designer,event,,,,,,
280,NhiNX,,DuongTC,,,2 câu liên tiếp?,,2026/03/09,19.6,Note,Daniel,"Planning dinner for Mom’s birthday next month. 

Reservation made at Seaside Grill, 455 Ocean Ave, Santa Monica CA 12/07 at 7:00pm. Restaurant asked us to confirm guest count by July 8. Phone for reservations +1 310 555 4412. I might stop by earlier same day around 5:30 PM to drop off the cake from Sweet Harbor Bakery. Mom doesn’t know about the surprise yet so keep quie - dinner prob ends around 9:30 PM then maybe short walk on the pier after.remind Jenny to bring the old photo album and candles. Weather should be nice but check forecast just in case.",34,Male,,Civil Engineer,event,,,,,,
282,NhiNX,rework done,DuongTC,hold ,,AI 45,,2026/03/09,,Note,Michael ,"Place: Lantern Taproom, 82 Broad Street, Boston, Massachusetts. The event - a college alumni get-together next Friday night - is set for May 3rd, starting approximately 7:15 in the evening, and Laura Mitchell, who is organising it, has booked the room upstairs; she added that attendees could be there from around 6:50.
If there are alterations to the arrangement, contact alumni@neuconnect.org or call +1 617 555 7803.
About twenty-five people from the years 2017 through 2019 are anticipated; the group may remain until roughly half past nine, depending on how many show up.
I ought to take a small quantity of my calling cards, on the off-chance someone is recruiting.",36,Male,,Financial Advisor,event,,,,,,
284,NhiNX,,DuongTC,hold ,,AI 100,,2026/03/09,0,Note,Brianna ,"Saturday farmers market visit happening downtown this weekend at Riverfront Plaza, 118 Market St, Louisville KY on May 18 starting around 8:30 AM though Emily said she’ll probably show up closer to 9:00. Market usually runs until about 1:00 PM and there’s also a small craft section near the east corner where local artists sell prints. If anything changes organizer phone listed on the flyer was +1 502 555 6621 and email markets@riverfrontlocal.org. Plan is to meet near the coffee truck first then walk through veggie stalls. I wanna check the honey stand again because last time it sold out early. Remember bring cash and tote bag cause some vendors dont take cards :)",28,Female,,Freelance Photographer,event,,,,,,
290,NhiNX,,DuongTC,hold ,,2 câu liên tiếp,,2026/03/09,11.3,Note,Marcus Hill,"Tech Conference trip idea — FutureDev Summit 2026 happening in Seattle.
Location: Washington State Convention Center downtown.
Date: August 3–4, 2026.
I wanna catch the AI infrastructure keynote at 10 AM on Aug 3 cause ppl said last yrs talk was wild.
Quick notes before I forget:
• registration desk opens 8:00 AM
• check badge pickup night before if flight arrives early

Book hotel near Pike St maybe Hyatt Regency

Email organizer about startup meetup session

Ask if coworker Lina wants to join
Support contact from event page: +1 206 555 0136
Also heard theres a rooftop networking thing evening Aug 3 at 7 PM which sounds cool :)
Need to pack business cards this time… forgot them last conf lol",42,Male,United States,Software Developer,event,,,,,,
291,NhiNX,,DuongTC,,,AI 85,,2026/03/10,0,Note,Daniel ,"Reminder before I totally forget — next Thursday I'm supposed to attend the Austin Startup Pitch Night downtown. It’s happening at Capital Factory, 701 Brazos St, Austin TX and I think doors open around 6:00 PM but the actual pitching starts closer to 6:30 PM on April 18. Jason from the coworking space told me about it last week and said investors usually hang around after the presentations so might be worth bringing business cards. I should try to get there a little earlier like 5:45 PM cause parking around Brazos is always a mess. There’s also an after-mixer at Antone’s Nightclub on 5th Street around 8:30 PM if the schedule runs normal. Need to email the organizer beforehand too because they said attendees should RSVP — contact is events@capitalfactory.com  Also Jason told me to text him once I arrive so we can grab a drink first. Honestly kinda nervous but excited lol :) good chance to hear some weird startup ideas at least.",32,Male,,Product Manager,event,,,,,,
297,NhiNX,,DuongTC,hold ,,AI 82,,2026/03/10,18.2,Note,Jordan ,"Need to remember the Seattle Indie Film Night thing Sarah told me about before I totally forget. It’s happening April 22 around 7:30 PM at SIFF Cinema Uptown, 511 Queen Anne Ave N, Seattle and apparently the doors open closer to 6:45 PM. Sarah said we should try to meet outside first around 7:00 PM cause seating fills fast. I might grab food earlier at Dick’s Drive-In on Queen Anne Ave around 6:15 PM if I leave work on time. The event email confirmation came from tickets@siff.net so search that later if I lose the ticket again. She also mentioned there’s a Q&A with one of the directors after the screening which should end around 9:40 PM or something. Parking near the theater can be annoying so maybe take the bus instead. If plans change just text Sarah at +1 206 555 7743. Should be fun honestly :) haven’t been to a small film event in ages.",31,Male,United States,Graphic Designer,event,,,,,,
301,Nganp1,,HAINV2,hold ,,ok,,2026/03/09,,Note,Olivia,"Community Art Walk evening in the warehouse district. Happening at 455 Riverfront Ave, Portland on October 5 around 6:30 PM. I’m planning to check out the small gallery installations and maybe sketch a few ideas for future poster work. Need to bring my small notebook and charcoal pencils. Parking might be limited so arriving a bit earlier could help. Some friends from the design studio might show up too. The event usually ends around 9 PM but people often stay longer chatting outside the studios. Could grab tacos nearby afterward.",29,Female,en_US,Graphic Designer,event,,,,,,
302,Nganp1,,HAINV2,hold ,,ok,,2026/03/09,18,Note,Mason,"• Site Inspection – Riverside Bridge Expansion
• Location: Construction Zone B, Riverside Ave, Sacramento
• Date: Aug 22, 7:30 AM
• Meeting with structural safety team
• Bring helmet + updated blueprints
• Need to verify concrete curing schedule
• Contractor walkthrough planned around 8:15
• Coffee truck usually parked near entrance ☕
• After inspection write summary report
• Send notes to project manager by noon",41,Male,en_US,Civil Engineer,event,,,,,,
303,Nganp1,,HAINV2,hold ,,ok,,2026/03/09,,Note,Sophia,"Interior Design Expo visit at the Dallas Convention Center, Hall C, on November 9 at 11:00 AM. Planning to explore new lighting concepts and furniture layouts for upcoming projects. Need to register at the entrance desk first. Bring business cards because vendors usually ask for them. There’s a panel discussion about sustainable materials at 1:30 PM that might be worth attending. Also wanna check a booth showing modular shelving systems. If time allows grab lunch at the café inside the venue. Event probably ends around 5 PM but I might leave earlier depending on crowds.",26,Female,en_US,Interior Designer,event,,,,,,
304,Nganp1,,HAINV2,hold ,,ok,,2026/03/09,17,Note,Liam,"Open House Event
Location: 77 Harbor View Dr, San Diego
Date: July 18 – 2:00 PM
Need property flyers ready
Bring sign-in sheet for visitors
Put directional signs near main road
Check backyard lights before guests arrive
Potential buyers scheduled around 2:30
Call staging company if furniture looks messy",38,Male,en_US,Real Estate Agent,event,,,,,,
305,Nganp1,,HAINV2,hold ,,ok,,2026/03/09,,Note,Ava,"Wedding planning meeting for Clara & Josh. The consultation is scheduled at Bloom Garden Venue, 221 Magnolia Ln, Charleston on May 14 at 4 PM. Need to review decoration ideas and table arrangements. Bring sample fabric swatches and the floral color palette. The couple wants a relaxed outdoor ceremony vibe so I should also bring some photos of previous setups. Reminder: confirm catering availability during the meeting. Afterward send them a summary email with the timeline draft.",31,Female,en_US,Event Planner,event,,,,,,
306,Nganp1,,HAINV2,hold ,,,,2026/03/09,13,Note,Noah,"Photo Walk Meetup – downtown Brooklyn
Saturday, 9:00 AM
Starting point: Washington St & Water St corner
Bring mirrorless camera + spare battery
Plan to shoot morning light near the bridge
Maybe try some street portraits if ppl ok with it
Coffee stop around 10 probably ☕
Upload best shots to group chat later
Event usually wraps before noon",27,Male,en_US,Photographer,event,,,,,,
308,Nganp1,,HAINV2,hold ,,ok,,2026/03/09,,Note,Lucas,"Electricians Association Workshop happening June 10 at 8:30 AM at the Technical Training Center, 442 Industrial Blvd, Phoenix. Planning to attend the safety demonstration about new circuit breaker systems. Need to bring work gloves and ID badge. Also wanna check the equipment exhibition area because a few tool brands will be showing new gear. Coffee and donuts usually provided in the lobby before the session starts.",44,Male,en_US,Electrician,event,,,,,,
309,Nganp1,,HAINV2,hold ,,ok,,2026/03/09,8,Note,Mia,"Yoga & Wellness Retreat Day – Lakeview Garden Studio, Boulder
Date: Sept 21, starts 7:00 AM
Morning meditation session first
Then outdoor yoga flow around the lake
Remember to pack mat + water bottle
Light vegetarian brunch served at 10:30
Breathing workshop later in the afternoon
Event closes with sunset relaxation practice
Drive back before it gets dark",30,Female,en_US,Yoga Instructor,event,,,,,,
311,Nganp1,,HAINV2,hold ,,ok,,2026/03/09,,Note,Charlotte,"I signed up for a community oral health outreach event happening on October 3 at 9:30 AM inside the Lincoln Community Center, 210 Maple Street in Chicago. The goal is to offer quick dental checkups and basic advice for families who might not regularly visit a clinic. I’ll be helping with the consultation table and explaining brushing routines to kids. Need to pack extra gloves and sample toothbrush kits before leaving. The organizers said around 60 people registered already. There will also be a short talk about cavity prevention around 11 AM. After that we’ll distribute information pamphlets. The event should wrap up sometime around early afternoon if everything runs smoothly.",33,Female,en_US,Dentist,event,,,,,,
312,Nganp1,,HAINV2,hold ,,ok,,2026/03/09,,Note,Benjamin,"• Personal Finance Book Launch
• Location: Harbor Bookstore, 44 Pier Ave, Boston
• Date: Sept 8 – 6:30 PM
• Author discussing long-term saving habits
• Planning to attend Q&A session
• Bring notebook for investment ideas
• Book signing afterward
• Coffee bar open inside ☕
• Might meet a few finance colleagues
• Event closes around 8 PM",39,Male,en_US,Accountant,event,,,,,,
313,Nganp1,,HAINV2,hold ,,ok,,2026/03/09,0,Note,Amelia,"Travel Storytelling Night planned at WanderHub Café, 88 Pine Street, Seattle on July 12 starting around 7 PM. Local travelers gather there to share stories from unusual destinations and show photos from their trips. I’m thinking about presenting a short story about that train journey across Vietnam. Need to prepare a few photos on the laptop before going. The host usually lets speakers talk for about ten minutes each. After presentations there’s a relaxed open discussion where people exchange travel tips and destination ideas. Snacks and tea are usually available. Might stay a bit longer afterward just chatting with other travel nerds.",28,Female,en_US,Travel Consultant,event,,,,,,
315,Nganp1,,HAINV2,hold ,,ok,,2026/03/09,,Note,Harper,"Content Creator Street Shoot happening May 26 around 4 PM at Venice Beach Boardwalk, Los Angeles. A bunch of creators are meeting there to film short travel-style videos and practice new editing ideas. I’m planning to bring the ring light, tripod, and maybe shoot a few sunset clips. Someone suggested doing a quick “day at the beach” reel challenge which sounds fun. Need to charge phone batteries beforehand. After filming we’ll probably review clips together and exchange editing tricks. Might grab smoothies nearby afterward.",24,Female,en_US,Social Media Manager,event,,,,,,
317,Nganp1,,HAINV2,hold ,,ok,,2026/03/09,,Note,Evelyn,"Community Night Run
Location: Riverside Jogging Trail, Columbus
Date: April 10 – 7:30 PM start
Helping at first aid tent
Need portable medical kit
About 150 runners registered
Warm-up session before race
Finish line near River Bridge
Volunteers handing out water
Live music stage nearby 🎵
Event wraps around 9:30 PM
Check runner list before start",32,Female,en_US,Nurse,event,,,,,,
318,Nganp1,,HAINV2,hold ,,ok,,2026/03/09,,Note,Daniel,"Urban Sketch Meetup scheduled for August 15 at 5:00 PM near the old courthouse plaza, 410 Market Square in Chicago. Architects and designers gather there to draw city buildings and discuss urban design ideas. Planning to bring a sketchbook and ink pen. The group usually walks around the block to sketch different perspectives of the historic buildings. Afterward there’s a small discussion about architectural details people noticed while drawing.",42,Male,en_US,Architect,event,,,,,,
319,Nganp1,,HAINV2,hold ,,ok,,2026/03/09,,Note,Abigail,"Dessert Tasting Night – Sweet Harbor Bakery, Boston
Date: March 11 – starts 6:00 PM
New seasonal dessert menu preview
Guests sampling mini pastries
Need feedback cards prepared
Trying three chocolate recipes
Invite local food bloggers
Tea and espresso available
Small kitchen tour included
Photos allowed for social posts
Event ends around 8 PM
Clean up afterward
Share final recipe notes",27,Female,en_US,Pastry Chef,event,,,,,,
321,Nganp1,,HAINV2,hold ,,ok,,2026/03/09,,Note,Emily,I wrote this reminder about the school spring fair happening at Lincoln Elementary playground on May 12 starting at 3:30 PM. The teachers asked parents to help organize activity booths and I volunteered to supervise the face painting station. Need to bring the small table decorations and a box of colorful markers before the kids arrive. The event usually gets really busy because families from the whole neighborhood come. There will also be a short student music performance around 5 PM. After that the PTA plans a raffle drawing. I should stay until the cleanup starts around 6:30 PM to help pack supplies.,34,Female,en_US,Kindergarten Teacher,event,,,,,,
323,Nganp1,,HAINV2,hold ,,ok,,2026/03/09,,Note,Ella,"Makeup Workshop Event scheduled for June 14 at Glow Studio, 92 Sunset Blvd in Los Angeles starting around 11 AM. I’m helping demonstrate quick daytime makeup routines and sharing tips for blending foundation smoothly. Need to bring my brush kit, mirror lights, and a few example palettes. The organizer expects about twenty participants so it should feel like a small class. After the demo there’s a practice session where people try the techniques themselves. Might film a short tutorial clip for social media too. The workshop should wrap up mid-afternoon.",29,Female,en_US,Makeup Artist,event,,,,,,
324,Nganp1,,HAINV2,hold ,,ok,,2026/03/09,,Note,Joseph,"Restaurant Anniversary Dinner
Location: Harbor Grill Dining Room, San Diego
Date: Nov 18 – 6:30 PM
Celebrating 10 years of the restaurant
Invite regular customers
Special tasting menu planned
Live jazz trio playing 🎷
Need to check table setup early
Remember thank-you speech",48,Male,en_US,Restaurant Owner,event,,,,,,
325,Nganp1,,HAINV2,hold ,,ok,,2026/03/09,,Note,Avery,"UX Community Design Jam happening on August 20 at the Innovation Lab, 150 Tech Square, Atlanta starting around 10 AM. Designers gather there to solve small product design challenges in teams. I want to join the morning brainstorming session and maybe test a few wireframe ideas. Need to bring laptop and sketch markers. The organizers said teams will present solutions around 2 PM. Could be a good chance to meet other researchers and exchange ideas about usability testing.",31,Female,en_US,UX Researcher,event,,,,,,
326,Nganp1,,HAINV2,hold ,,ok,,2026/03/09,,Note,Samuel,"Construction Site Safety Day
Location: Midtown Tower Project Site, Dallas
Date: Sept 9 – 8:00 AM
Review new safety procedures
Meet subcontractor supervisors
Check scaffold inspection logs
Morning briefing at main trailer
Free lunch provided on site
End-of-day report needed",40,Male,en_US,Construction Manager,event,,,,,,
327,Nganp1,,HAINV2,hold ,,ok,,2026/03/09,,Note,Scarlett,"Jewelry Pop-Up Market planned for April 22 at Artisan Street Market, 33 Orchard Ave, New York starting around noon. I’ll be setting up a small booth to display handmade rings and necklaces. Need to bring the velvet display stands, price tags, and packaging boxes. Hoping to meet new customers and maybe a few boutique buyers. The market usually gets crowded in the afternoon so arriving early will help. Live acoustic music happening nearby too.",26,Female,en_US,Jewelry Designer,event,,,,,,
328,Nganp1,,HAINV2,hold ,,ok,,2026/03/09,,Note,Sebastian,"Gym Charity Fitness Event
Location: IronCore Fitness Center, Miami
Date: Dec 5 – 9:00 AM
Group workout fundraiser
Helping lead warm-up exercises
Participants donating for local shelter
Bring stopwatch + training bands
Energy drinks provided
Event ends before noon",35,Male,en_US,Fitness Trainer,event,,,,,,
329,Nganp1,,HAINV2,hold ,,ok,,2026/03/09,,Note,Chloe,"Flower Arrangement Workshop – Bloom Garden Shop, Portland
Date: May 28 – 2:00 PM
Teaching basic bouquet techniques.Prepare fresh roses + eucalyptus.Participants bring their own vases.Short intro about seasonal flowers.Hands-on arranging session.Take photos of final bouquets 📸.Event should last about 2 hours
Clean up stems afterward",28,Female,en_US,Florist,event,,,,,,
331,Nganp1,,HAINV2,hold ,,ok,,2026/03/09,,Note,Grace,"Nutrition Workshop for local community happening at GreenLife Wellness Center, Denver on May 17 starting at 4 PM. The goal is to teach simple meal planning for busy families. I’ll prepare a short presentation about balanced plates and healthy snacks. Need to bring printed recipe sheets and sample ingredient packs. After the talk there will be a small cooking demonstration in the kitchen area. Participants can ask questions at the end.",33,Female,en_US,Nutritionist,event,,,,,,
332,Nganp1,,HAINV2,hold ,,ok,,2026/03/09,,Note,Owen,"Firefighter Charity Stair Climb Event
Location: Summit Tower, Denver
Date: Sept 14 – 9:00 AM
Participants climbing 40 floors
Fundraiser for burn victims
Need full gear demonstration
Warm-up outside building
Local news covering event
Medics on standby
Finish line at rooftop
Awards ceremony afterward
Remember hydration pack",38,Male,en_US,Firefighter,event,,,,,,
333,Nganp1,,HAINV2,hold ,,ok,,2026/03/09,,Note,Victoria,Marketing conference trip to Chicago planned for October 6–7 at the Grand Convention Center downtown. I’ll attend sessions about digital storytelling and brand strategy. Need to print business cards and update the portfolio presentation before traveling. There’s also a networking dinner on the first evening where agencies meet potential clients. Might stay an extra day to explore the city and collect ideas for upcoming campaigns.,30,Female,en_US,Marketing Strategist,event,,,,,,
334,Nganp1,,HAINV2,hold ,,ok,,2026/03/09,,Note,Wyatt,"• Weekend fishing trip with cousins
• Location: Lake Pleasant, Arizona
• Date: June 3 – early morning
• Bring portable cooler
• Pack fishing rods + spare line
• Boat rental booked already
• Grill burgers for lunch
• Sunscreen needed
• Expect hot weather ☀️
• Drive back before sunset
• Clean gear after returning",41,Male,en_US,Plumber,event,,,,,,
335,Nganp1,,HAINV2,hold ,,ok,,2026/03/09,,Note,Lily,"Ballet Recital Night for my students scheduled on December 12 at Riverside Performing Arts Hall, San Diego starting 7 PM. The kids have been practicing choreography for weeks and are really excited. Need to arrive early to help with costumes and warm-up exercises backstage. Parents will be seated in the front rows. After the performance we’ll have a small celebration with photos and cake in the lobby area.",25,Female,en_US,Ballet Instructor,event,,,,,,
337,Nganp1,,HAINV2,hold ,,ok,,2026/03/09,,Note,Hannah,Monthly Book Club Evening at Maple Street Library on April 18 around 6:30 PM. This month the group is discussing a historical novel set in Europe. I want to prepare a few discussion questions to keep the conversation flowing. Snacks and tea are usually provided by the library volunteers. After the discussion we often share reading recommendations for next month’s book list.,29,Female,en_US,Librarian,event,,,,,,
339,Nganp1,,HAINV2,hold ,,ok,,2026/03/09,,Note,Zoey,"Tattoo convention day planned for August 26 at InkHouse Convention Hall, Portland starting around noon. Many tattoo artists will display their newest designs and compete in style categories. I want to walk around the booths and exchange sketch ideas with other artists. There will also be a live tattoo demonstration stage and music playing all afternoon. Need to bring my sketchbook and camera.",27,Female,en_US,Tattoo Artist,event,,,,,,
340,Nganp1,,HAINV2,hold ,,ok,,2026/03/09,,Note,Caleb,"• Community Harvest Day setup
• Location: Green Valley Farm, Vermont
• Date: October 8 – early morning start
• Bring extra apple baskets
• Prepare cider press station
• Set hayride wagon near orchard entrance
• Volunteers arriving around 9 AM
• Food trucks parking behind the barn
• Expect many families visiting
• Weather forecast sunny ☀️
• Clean equipment before closing",45,Male,en_US,Farmer,event,,,,,,
341,Nganp1,,HAINV2,hold ,,ok,,2026/03/09,,Note,Nora,"I’m planning a small pet wellness afternoon at SunnyPaws Clinic on July 14 around 3 PM. The goal is just to help pet owners ask random questions about their animals and maybe get quick health checks. Need to bring nutrition charts, sample treats, and a few printed care guides. Last year only a few ppl showed up so hopefully more this time. After the talk there’ll be a small Q&A session and maybe some follow-up appointments booked.",32,Female,en_US,Veterinarian,event,,,,,,
343,Nganp1,,HAINV2,hold ,,ok,,2026/03/09,,Note,Stella,"Wedding Photo Scouting Plan
Venue: Silver Lake Garden – Napa Valley
Date: July 5

5:00 PM — arrive + check ceremony spot
6:15 PM — portrait location test
7:30 PM — sunset lighting shots

Need 2 lenses, tripod, spare batteries.
Also checking dock area near lake for couple portraits.
Planner contact: 707-555-9183",28,Female,en_US,Wedding Photographer,event,,,,,,
345,Nganp1,,HAINV2,hold ,,ok,,2026/03/09,,Note,Aurora,"Podcast Creators Hangout tonight at SoundWave Studio, Austin. Meetup starts around 5:30 PM but the recording demo probly begins closer to 6:15. I mainly wanna meet other local podcasters and maybe record a short test episode. Need to bring the portable mic + headphones. Someone said snacks are welcome so I might grab cookies on the way.",31,Female,en_US,Podcast Producer,event,,,,,,
347,Nganp1,,HAINV2,hold ,,ok,,2026/03/09,,Note,Ellie,Student Art Exhibition tonight at Riverside Cultural Hall in Kansas City. Doors open at 6 PM but I should arrive earlier to set up the paintings and sculptures. Parents usually start showing up before the speech at 6:30 so the gallery space has to look nice. Need to prepare voting cards and arrange the photo corner. Kids are nervous but excited tbh.,26,Female,en_US,Art Teacher,event,,,,,,
350,Nganp1,,HAINV2,hold ,,ok,,2026/03/09,,Note,Caleb,"• Community Harvest Day setup
• Location: Green Valley Farm, Vermont
• Date: October 8 – early morning start
• Bring extra apple baskets
• Prepare cider press station
• Set hayride wagon near orchard entrance
• Volunteers arriving around 9 AM
• Food trucks parking behind the barn
• Expect many families visiting
• Weather forecast sunny ☀️
• Clean equipment before closing",45,Male,en_US,Farmer,event,,,,,,
351,Nganp1,,HAINV2,hold ,,ok,,2026/03/09,,Note,Nora,"I’m planning a small pet wellness afternoon at SunnyPaws Clinic on July 14 around 3 PM. The goal is just to help pet owners ask random questions about their animals and maybe get quick health checks. Need to bring nutrition charts, sample treats, and a few printed care guides. Last year only a few ppl showed up so hopefully more this time. After the talk there’ll be a small Q&A session and maybe some follow-up appointments booked.",32,Female,en_US,Veterinarian,event,,,,,,
355,Nganp1,,HAINV2,hold ,,ok,,2026/03/09,,Note,Aurora,"Podcast Creators Hangout tonight at SoundWave Studio, Austin. Meetup starts around 5:30 PM but the recording demo probly begins closer to 6:15. I mainly wanna meet other local podcasters and maybe record a short test episode. Need to bring the portable mic + headphones. Someone said snacks are welcome so I might grab cookies on the way.",31,Female,en_US,Podcast Producer,event,,,,,,
357,Nganp1,,HAINV2,hold ,,ok,,2026/03/09,,Note,Ellie,Student Art Exhibition tonight at Riverside Cultural Hall in Kansas City. Doors open at 6 PM but I should arrive earlier to set up the paintings and sculptures. Parents usually start showing up before the speech at 6:30 so the gallery space has to look nice. Need to prepare voting cards and arrange the photo corner. Kids are nervous but excited tbh.,26,Female,en_US,Art Teacher,event,,,,,,
361,Nganp1,,HAINV2,hold ,,ok,,2026/03/09,,Note,Violet,"I’m attending a small spa wellness retreat this Saturday at Serenity Hills Center near Sedona. It starts around 10 AM and includes breathing exercises, meditation, and a short massage therapy workshop. I probly should arrive early because parking fills up fast on weekends. Need to bring water, yoga mat, and a light lunch. Mostly going to relax and maybe learn a few new stress relief techniques.",31,Female,en_US,Massage Therapist,event,,,,,,
364,Nganp1,,HAINV2,hold ,,ok,,2026/03/09,,Note,Jason,"Harbor Boat Show – Miami Marina
Aug 9
Start 12 PM

- inspect new boat engines
- check navigation tech booths
- meet marine equipment sellers
- take photos of custom boats
- maybe schedule sea trial
- weather forecast sunny 🌊",41,Male,en_US,Boat Technician,event,,,,,,
365,Nganp1,,HAINV2,hold ,,ok,,2026/03/09,,Note,Eliza,Travel Photography Meetup happening at GlobeTrek Hostel in Denver on October 4 around 7 PM. Travelers bring photos from their trips and share stories behind them. I wanna show a few shots from my Iceland trip and maybe get feedback from other photographers. Need to bring my laptop and camera card reader. Could be fun hearing everyone’s travel stories.,33,Female,en_US,Travel Blogger,event,,,,,,
367,Nganp1,,HAINV2,hold ,,ok,,2026/03/09,,Note,Naomi,"Healthy Cooking Class Plan

Location 1: Green Kitchen Studio
Location 2: Outdoor Patio Area
Date: April 5
Time: 6 PM cooking / 7:30 tasting

• prep vegetables early
• show plant-based recipes
• hand out nutrition guides
• group dinner after class",29,Female,en_US,Dietitian,event,,,,,,
369,Nganp1,,HAINV2,hold ,,ok,,2026/03/09,,Note,Daisy,"Nail Art Workshop tonight at BeautyLab Studio in Orlando starting around 5:30 PM. I’ll be showing beginners how to create simple floral nail patterns. Need to pack gel polish sets, brushes, and sample design boards. Hopefully the class runs smoothly because some students signed up last minute and might be totally new to nail art lol.",27,Female,en_US,Nail Technician,event,,,,,,
371,Nganp1,,HAINV2,hold ,,ok,,2026/03/09,,Note,Clara,I’m visiting the city history museum for a cultural evening event this Friday around 7 PM. They’re opening a new exhibit about early railroad expansion and the curator will give a short guided tour. I kinda wanna take notes because some of the historical maps could be useful for research later. Need to bring my notebook and maybe a camera for reference photos.,32,Female,en_US,Museum Curator,event,,,,,,
372,Nganp1,,HAINV2,hold ,,ok,,2026/03/09,,Note,Brandon,"Delivery Logistics Meetup – planning note

Location: Transport Center, Chicago
Date: May 18
Start: 9 AM

Topics to check:
• route optimization software
• warehouse dispatch tools
• talk with fleet managers
• collect supplier brochures",37,Male,en_US,Delivery Dispatcher,event,,,,,,
375,Nganp1,,HAINV2,hold ,,ok,,2026/03/09,,Note,Freya,"Herbal Tea Workshop happening at GreenLeaf Garden Center on April 29 around 2 PM. I’m planning to show how to mix simple herbal blends for relaxation and digestion. Need to bring dried chamomile, mint, and lavender samples. Participants will also get small recipe cards to take home. Should be a cozy little class.",28,Female,en_US,Herbalist,event,,,,,,
376,Nganp1,,HAINV2,hold ,,ok,,2026/03/09,,Note,Marcus,"Sailing Club Race Day – Harbor Marina
San Diego
July 30

Timeline:
9:00 AM — crew meeting
9:45 AM — safety check
10:30 AM — race start
12:15 PM — finish line
1:00 PM — lunch at marina café",45,Male,en_US,Boat Captain,event,,,,,,
378,Nganp1,,HAINV2,hold ,,ok,,2026/03/09,,Note,Peter,"Vintage Watch Collectors Meetup

Clocktower Hall – Chicago
Date: Sept 14
Time: 2 PM

Checklist:
• bring restored pocket watch
• compare mechanical movements
• discuss repair techniques
• take photos of rare models",47,Male,en_US,Watch Repair Technician,event,,,,,,
379,Nganp1,,HAINV2,hold ,,ok,,2026/03/09,,Note,Alina,"Creator Picnic Meetup at Riverside Park in New York this Sunday around 1 PM. A bunch of small content creators are meeting just to hang out, film some short clips, and share editing tips. I’m gonna bring my tripod and maybe record a short vlog. Someone said there might be snacks and music too so the vibe should be pretty chill.",24,Female,en_US,Content Creator,event,,,,,,
383,HAINV2,rework done,Nganp1,hold ,,ok,,2026/03/09,18,Note,Stephanie Hall,"Creative conference preparation card
Attendee: Stephanie Hall
Event title: Creative Visual Design Conference
Main venue: San Francisco Art & Design Center
Additional studio: Market Street Creative Hub
Date scheduled: August 3
Expected arrival before 9:30 AM
Opening session on design trends begins at 10:00 AM
Portfolio review workshop estimated around 1:45 PM
Branding panel discussion scheduled close to 4:00 PM
Organizer contact: designconference@visualcreators.org

Preparation items: printed portfolio samples
Carry sketchbook for quick concept ideas
Review travel plan before departure from hotel",60,Male,en_US,Graphic Designer,event,,,,,,
387,HAINV2,rework done,Nganp1,hold ,,,,2026/03/09,24,Note,Brian Clark,"Event checklist – HR leadership meetup
Participant: Brian Clark
Event: Human Resources Leadership Networking Event
Venue: Washington DC Workforce Leadership Center
Backup meeting space: Capitol Business Suites
Date recorded: November 12
Arrival target: around 9:15 AM before registration
9:30 AM – registration desk opens
10:15 AM – keynote presentation about employee engagement
1:30 PM – HR policy discussion session
3:30 PM – networking session with other professionals
Email contact: hrleaders@workforceforum.org

Bring employee survey data summary
Prepare business cards for introductions",49,Male,en_US,HR Manager,event,,,,,,
392,HAINV2,rework done,Nganp1,hold ,,,,2026/03/09,14,Note,Karen Perez,"Conference planning notebook entry
Dental technology conference scheduled for September 18
Main venue noted as Las Vegas Convention Hall B
Expect large audience for keynote sessions there
Overflow workshops possibly moved to Sunrise Medical Plaza
Second conference day might occur on September 19
Travel arrival recommended before 9:30 AM
Morning introduction speech planned near 10:20 AM
Equipment demonstrations expected around 2:30 PM
Different dental devices may be tested during afternoon labs
Organizer email listed as info@denttechconf.org

Remember to carry clinic business cards for networking
Printed hotel reservation confirmation required at check-in
Keep conference badge visible when entering workshops",50,Male,en_US,Dentist,event,,,,,,
393,HAINV2,rework done,Nganp1,hold ,,,,2026/03/09,8,Note,Richard Jackson,"Calendar entry – Developer Cloud Summit
Participant: Richard Jackson
Event category: technology conference
Primary venue: San Jose Convention Center
Alternate location possibility: Silicon Valley Tech Campus
Main conference day scheduled July 10
Hands-on developer labs expected July 11
Arrival recommended before 8:45 AM for check-in
Registration desk planned to open around 9:00 AM
Keynote presentation likely begins 10:30 AM
Architecture panel discussion estimated 1:15 PM
Coding workshop session around 4:00 PM
Organizer contact email: devsummit@cloudlabs.io

Items required: laptop with latest developer tools installed
Verify hotspot connection before traveling
Badge pickup usually handled in main lobby
Possible networking meetup after final session",52,Female,en_US,Software Engineer,event,,,,,,
399,HAINV2,rework done,Nganp1,hold ,,,,2026/03/09,8,Note,Lisa Taylor,"Event planning log – sales strategy meetup
Participant recorded: Lisa Taylor
Event name: West Coast Sales Strategy Roundtable
Primary venue: San Diego Business Convention Center
Backup discussion room: Harbor Meeting Suites
Date scheduled: June 12
Optional follow-up training session: June 13 morning
Recommended arrival: about 9:00 AM for check-in
Sales performance keynote expected near 10:15 AM
Afternoon strategy workshop estimated around 2:30 PM
Invitation contact email: salesroundtable@marketleaders.org

Preparation: bring quarterly sales report and tablet device
Review presentation slides the evening before the event
Parking garage entrance located on Harbor Drive",27,Male,en_US,Sales Manager,event,,,,,,
402,HAINV2,rework done,Nganp1,hold ,,,,2026/03/09,0,Note,Elizabeth Wilson,"Technical seminar preparation checklist
Attendee: Elizabeth Wilson
Event title: Structural Bridge Engineering Seminar
Location: Denver Structural Engineering Center
Additional workshop venue: Rocky Mountain Tech Institute
Date planned: July 7
Arrival time goal: approximately 8:30 AM
Opening engineering lecture begins around 9:15 AM
Technical discussion panel scheduled near 1:30 PM
Organizer contact: seminar@bridgeengineering.org

Important materials: river crossing project drawings
Bring engineering notebook for calculations and notes
Confirm travel route the night before departure
Prepare questions related to bridge load analysis",35,Female,en_US,Civil Engineer,event,,,,,,
405,HAINV2,rework done,Nganp1,hold ,,,,2026/03/09,14,Note,Matthew Garcia,"Marketing meetup preparation log
Attendee Matthew Garcia planning notes
Location expected Los Angeles Creative Marketing Studio
Alternative meeting area Sunset Tech Workspace if rooms change
Date planned May 28 for the meetup session
Arrival window targeted about 9:20 in the morning
Main presentation on social media strategy scheduled near 10:00 AM
Afternoon workshop focused on campaign analytics roughly 2:00 PM
Contact reference meetup@digitalmarketingskills.org

Preparation reminder bring laptop showing analytics dashboard examples
Ask speakers about internship or junior marketing opportunities
Download digital ticket QR code before the event day",23,Female,en_US,Marketing Specialist,event,,,,,,
406,HAINV2,rework done,Nganp1,hold ,,,,2026/03/09,22,Note,Richard Robinson,"Event schedule outline – Customer Support Excellence Workshop
1. Location Seattle Customer Service Training Center
2. Overflow classroom possibly Harbor Tech Building
3. Event date June 6
4. Plan to arrive around 9:00 AM
5. Official training start time 9:45 AM
6. Early session focuses on service response methods
7. Afternoon case study discussion around 2:15 PM
8. Organizer contact supporttraining@serviceleaders.org

9. Bring notebook to record support workflow ideas
10. Review complaint report data from last month before attending
11. Confirm registration email and entry confirmation",31,Female,en_US,Customer Service Representative,event,,,,,,
407,HAINV2,rework done,Nganp1,hold ,,,,2026/03/09,24,Note,Robert Sanchez,"Accounting conference preparation record
Participant Robert Sanchez
Event National Accounting Strategy Forum
Main venue New York Finance Institute Hall
Backup discussion space Midtown Professional Center
Conference date November 18
Optional breakfast networking begins 8:30 AM
Main keynote session scheduled 10:00 AM
Investment analysis panel discussion planned near 2:00 PM
Organizer email accountingforum@financeexperts.org

Bring portfolio performance report for discussion reference
Print travel itinerary before departure
Double check hotel reservation confirmation",60,Male,en_US,Accountant,event,,,,,,
414,HungLD,,,,,,,2026/03/09,10,Note,Tyler Brooks,"The plan with Dentist Cleaning Appointment Reminder at BrightSmile Dental, 2458 Westlake Ave, Seattle. Schedue April 12 at 9:30 AM, need to leaved the house around 8:50 so I don’t rush traffic. They said arrive 10 min early for paperwork since it’s been over a year since my last cleaning. Dr. Patel will check that back molar again because it was sensitive last time. If I need to reschedule call their desk at +1 206-555-1844 (don’t forget). Parking garage entrance is on Mercer St behind the clinic. Bring insurance card + that form they emailed last week. Might grab coffee nearby after if there’s time. Reminder: floss tonight lol. Also double check Google calendar the night before just in case. Feeling kinda overdue for this cleaning honestly.",34,Male,en_US,Electrician,event,,,,,,
415,HungLD,,,,,,,2026/03/09,8,Note,Natalie Kim,"Team Strategy Meet
The conference facility situated on 3rf floor of the Downtown Hub in San Fancisco
Thursday, May 7th
The meeting is scheduled to commence at 2:00 PM; participant requested to arriive by 1:45 PM.
The forthcoming session is dedicated to prime objectives: 
the ideation of features for the subsequent quarter and a comprehensive review of accumulated user review.
Please provide your laptop and the printed draft of the roadmap.
Please contact Mark at +1 415-555-7721.",29,Female,en_US,Product Manager,event,,,,,,
416,HungLD,,,,,,,2026/03/09,15,Note,Marcus Delgado,"Charity 5K Run Planning Meeting
Location: Riverside Community Center – Hall B    
 890 River Rd, Austin TX    
 Date: June 3    
 Time: 6:30 PM    
     
 1. Review volunteer signups    
 2. Confirm race route permits with city office    
 3. Talk about sponsorship banners    
 4. Check water station locations    
     
 Might also meet earlier at Riverside Park trail around 5:30 PM to walk the route    
 If anything changes text Laura with the phoen+1 512-555-3982    
 Bring notebook + last year’s race plan doc    
 Hope turnout is bigger this year :))    
 Reminder to print extra sign-in sheets",41,Male,en_US,Physical Therapist,event,,,,,,
417,HungLD,,,,,,,2026/03/09,15,Note,Melissa Greene,"Project kickoff meeting for the new marketing campaign – scheduled for Tuesday Sept 9 at 10:00 AM. The office conference room B at 455 Market Street, San Francisco is booked but they also added a Zoom option in case anyone is remote. I wrote the coordinator’s contact down just in case: Julia from admin +1 415 332 8741. Need to arrive a bit early (around 9:45) because the client from Portland will join right at ten and apparently they’re strict with timing.

After the meeting we’re supposed to walk over to that cafe on 4th Street for a quick lunch discussion, maybe around 12:15 or so. I should bring printed drafts of the campaign timeline and the rough design sketches. Also remember to email Tom the presentation slides Monday night so he can double-check them before the meeting.",29,Female,en_US,Marketing Coordinator,event,,,,,,
418,HungLD,,,,,,,2026/03/09,18.7,Note,Olivia Brooks,"• Weekend pottery workshop
• Location – ClayWorks Studio, 78 Harbor Lane, Seattle
• Date: Sunday May 4
• Time: 11:00 AM – 2:00 PM
• Instructor: Maya Lopez
• Bring old clothes (clay gets everywhere)
• Call studio if late → +1 206 884 9031
• Parking lot behind the building
• Try to arrive around 10:40 so I can pick a wheel spot :)
• After class maybe walk down to the waterfront market
• Reminder to pack water bottle
• Might invite Emma next time if this class is good
• Check email receipt for the booking confirmation
• Cost already paid so just show up",37,Female,en_US,Graphic Designer,event,,,,,,
419,HungLD,,,,,,,2026/03/09,20,Note,Jason Patel,"Saturday pickup basketball game
Location: Westbrook Community Gym – 210 Lakeview Rd
Date: April 12
Time: 9:30 AM tip-off (doors open around 9)
Bring the blue jersey this time
Coach said warm-ups start 20 mins earlier
If running late text Mark +1 617 555 4093
Parking usually full by 9:15
There’s also an outdoor court nearby if gym is busy
Game usually lasts about 2 hrs
Grab coffee after at that corner spot
Don’t forget knee brace again",41,Male,en_US,High School Teacher,event,,,,,,
420,HungLD,,,,,,,2026/03/09,14.1,Note,Trevor Mills,"Flight to Chicago – work trip ✈️
Tue Oct 14
Depart 6:25 AM from Dallas Love Field
Gate B12 (double check night before)
Arrive Chicago around 8:45 AM local time

Hotel check-in later that afternoon at Lakeshore Business Hotel, 212 E Ohio St, Chicago
Conference event: Midwest Tech Expo
Main venue – McCormick Place Convention Center
Registration desk opens 1:30 PM
Panel session I wanna see starts 3:00 PM :))
Event help desk phone: +1 312 765 4410

Wed morning networking breakfast 7:30 AM same venue
Return flight Thurs night 8:10 PM
Remember charger + business cards!",45,Male,en_US,IT Consultant,event,,,,,,
421,HungLD,,,,,,,2026/03/09,17,Note,Tyler H.,"Team Strategy Meetup next week for the product launch planning at our office in Austin, 410 Colorado St conference room B, putting this here so I dont forget the details.
Date should be April 18 and we’re starting around 9:30 AM but people might show earlier for coffee so maybe get there by 9:10.
Agenda mostly about the Q2 rollout and ad campaign ideas that marketing keeps asking about.
Location again: main office building downtown Austin just in case someone asks me where I’m going that morning.
Need to bring the draft slides I worked on Sunday night.
Also want to ask Greg about the budget numbers before the meeting actually starts.
If anything changes they said they’d email updates to my work inbox.
Reminder to print the roadmap doc beforehand.
Lunch might happen after around 12:30 somewhere near the office.
Parking garage entrance is on 4th street side.
Possible second session at 2 PM if the discussion runs long.
Should message Rachel beforehand to confirm she’s joining.
Her email again: rachel.m@northpeakco.com
.
Need to charge laptop the night before.
Title of meeting in calendar: “Spring Product Strategy Sync”.
Dont schedule other calls that morning.",34,Male,en_US,Product Manager,event,,,,,,
422,HungLD,,,,,,,2026/03/09,19,Note,Melissa J.,"Spring Garden Workshop at Greenleaf Community Center in Portland.
The flyer said it’s happening Saturday May 10 around 11 AM and lasts roughly two hours.
I signed up because I’ve been wanting to learn better composting tricks.

Location again: 2456 NW Irving St, Portland, OR.
Apparently they’ll also show how to build a small herb planter box.

If I get lost I can call the fronted desk on +1 503-555-7814.
The organizer’s email is info@greenleafgarden.org.

Bring gardening gloves and maybe a notebook.
Also they suggested wearing older clothes because soil gets everywhere lol.

Could grab coffee nearby after, there’s that cafe on 23rd I like.
Workshop title written on ticket: “Urban Backyard Growing Basics”.

Set reminder Friday night so I dont forget to drive over.",41,Female,en_US,Elementary School Teacher,event,,,,,,
423,HungLD,,,,,,,2026/03/09,19,Note,Angela R.,"• Event title: Cousin Jamie’s engagement party
• Date: August 3 6:30
• Location: Harbor View Banquet Hall – 880 Seaside Ave, San Diego
• Mom said family photos happen around 5:45 so dont be late
• Jamie asked me to help check guest list at the entrance
• Her fiancé Mark booked a small live band for later in the evening
• Contact for questions: Jamie cell +1 619-555-2098
• Parking lot is behind the building near the marina
• Might bring a small gift card from that home decor store
• Dress code: semi formal (no jeans lol)
• Aunt Carol flying in that afternoon so she may arrive late
• They also mentioned a dessert table around 8 PM
• Need to confirm RSVP by July 20
• Could stay overnight at my sister’s place nearby
• Save Jamie’s email too: jamie.rivera@gmail.com

• Reminder: leave work early that Friday",37,Female,en_US,Dental Hygienist,event,,,,,,
424,HungLD,,,,,,,2026/03/09,19,Note,Brandon,"Office Quarterly Planning Meetup for the marketing team coming up soon, need to keep the details in one place so I don’t forget anything.
Location will be WeWork SoHo – 175 Varick St, New York, NY conference room 3B.
Date penciled in: April 18.
Start time around 9:30 AM but ppl usually show up closer to 9:45 lol.
I should arrive earlier to check the projector and slides.
Also reserve the small breakout room if strategy talk runs long.
Lunch planned nearby at Joe’s Pizza on Carmine St about 12:30.
Need to text the interns to bring printed reports.
Reminder to send agenda to the team the night before.
Call building reception if guest badges are needed.
Reception number +1 212-555-3471 (just in case).
Parking might be annoying in SoHo so subway prob easier.
Take the PATH then transfer downtown.
Bring the client proposal draft for review.
Also check if Megan confirmed attendance yet.
Email thread said maybe 10–12 ppl total.
If anyone gets lost they can call my work cell.
Need coffee ready before meeting starts.
Don’t forget laptop charger!!",34,Male,en_US,Marketing Coordinator,event,,,,,,
425,HungLD,,,,,,,2026/03/09,13.1,Note,Alicia,"Dinner with college girls – NYC catch-up night :))
So we finally planned it after like months of group chat chaos. The idea is just a relaxed dinner where everyone can show up after work and gossip for hours.
Location: Little Italy, Manhattan – restaurant called Rubirosa (I think 235 Mulberry St but double check).
Date: March 22. Time roughly 7 PM, but ppl might drift in around 7:30.

Jess said she’s coming from Brooklyn so she might be late. I should text her earlier that day. Also might invite Dani if she’s free. If reservation messes up call the place directly +1 646-555-8290. Just remember to bring the old photo album from sophomore year lol.",27,Female,en_US,Graphic Designer,event,,,,,,
426,HungLD,,,,,,,2026/03/09,20,Note,Trevor,"Community Volunteer Day reminder.
Event: Brooklyn Park Spring Clean-Up.
Location: Prospect Park main entrance, Brooklyn NY.
Date: May 3.
Start time: 8:00 AM.
They said volunteers should arrive 15 min early.
Registration table near the boathouse.
Bring gloves and old sneakers.
Lunch break scheduled around noon.
Organizer contact: Maria Lopez.
Her phone is +1 917-555-6634.
Email she gave me: maria.lopez.volunteer@gmail.com
.
Possible rain backup date: May 10.
Meeting spot if lost: park fountain area.
Subway directions: B or Q train to Prospect Park station.
Need to sign the volunteer waiver when I arrive.
They’ll give trash bags and grabbers.
Try to invite Sam and Eric to help too.
Don’t forget sunscreen.
Maybe grab coffee nearby before starting.
This actually sounds kinda fun tbh.
Good chance to meet ppl in the neighborhood.
Also good excuse to spend whole morning outside.
Put reminder in calendar night before.
Wake up early so I’m not rushing.",41,Male,en_US,High School Teacher,event,,,,,,
427,HungLD,,,,,,,2026/03/09,18,Note,Dana,"Road Trip Meetup – Boston Crew
• Main plan: weekend meetup with everyone driving up to Boston.
• Date: June 14 (Saturday).
• First gathering time: 10:00 AM.
• Spot #1: Boston Common park entrance.
• Spot #2 later: Quincy Market food hall around 1 PM.
• Might also check the harbor walk if weather’s good.
• Emily suggested dinner at Neptune Oyster.
• Need reservation maybe.
• If ppl get lost call me ☎ +1 617-555-2044.
• Parking garage near Tremont St recommended.
• Bring camera – skyline pics!
• Weather could be windy near water :(
• Backup indoor hangout: Boston Public Market.
• Text group chat the night before to confirm attendance.
• I should leave NYC around 5 AM to beat traffic.
• Gas stop somewhere in Connecticut.
• Print small map just in case phone dies.
• Charge power bank.
• Don’t forget hoodie for evening.
• This trip’s been overdue honestly.",30,Female,en_US,Travel Blogger,event,,,,,,
428,HungLD,,,,,,,2026/03/09,13,Note,Marcus,"Graduation Celebration Plan for my younger sister

Event title: Lily’s College Graduation Party 🎉
Date locked in: May 25 (Sunday).
Main ceremony earlier that day at UCLA campus, Los Angeles.
Ceremony time listed as 2:00 PM at Royce Hall.

After-party idea:
- Dinner reservation 6:30 PM
- Restaurant: Granville, Westwood Village
- Address noted somewhere around 10824 Lindbrook Dr

Things I still gotta organize:
1. Pick up flowers in the morning.
2. Bring small gift + card.
3. Call restaurant if headcount changes +1 310-555-1189.
4. Aunt May arriving flight around noon LAX.
5. Text cousins the parking instructions.

Extra note: maybe take family photos near campus fountain before dinner
Would be nice to capture the moment since she worked sooo hard for this degree :)",38,Male,en_US,Electrician,event,,,,,,
429,HungLD,,,,,,,2026/03/09,18,Note,Brandon,"Office Quarterly Planning Meetup for the marketing team coming up soon, need to keep the details in one place so I don’t forget anything.
Location will be WeWork SoHo – 175 Varick St, New York, NY conference room 3B.
Date penciled in: April 18.
Start time around 9:30 AM but ppl usually show up closer to 9:45 lol.
I should arrive earlier to check the projector and slides.
Also reserve the small breakout room if strategy talk runs long.
Lunch planned nearby at Joe’s Pizza on Carmine St about 12:30.
Need to text the interns to bring printed reports.
Reminder to send agenda to the team the night before.
Call building reception if guest badges are needed.
Reception number +1 212-555-3471 (just in case).
Parking might be annoying in SoHo so subway prob easier.
Take the PATH then transfer downtown.
Bring the client proposal draft for review.
Also check if Megan confirmed attendance yet.
Email thread said maybe 10–12 ppl total.
If anyone gets lost they can call my work cell.
Need coffee ready before meeting starts.
Don’t forget laptop charger!!",34,Male,en_US,Marketing Coordinator,event,,,,,,
430,HungLD,,,,,,,2026/03/09,13.1,Note,Derek,"Saturday neighborhood BBQ hangout happening at Riverside Park near the 96th St entrance in New York, planning this mostly for the building folks and a couple friends from work. Date I wrote down earlier was June 7, aiming to start setting up around 3:30 PM but people can prob arrive anytime after 4. Need to bring folding chairs and the portable grill from storage. Tom said he might show up earlier like 2:45 PM to help reserve the picnic tables. Backup indoor option if weather sucks would be my apartment lobby at 275 W 96th St, tho hopefully not needed. Text invite list tomorrow morning and confirm food stuff. Grocery run same day around noon at Trader Joe’s nearby. If someone can’t find the park they can call my phone +1 917-555-1483. Might also email details to the neighbors list at building96social@gmail.com
 so ppl remember. Thinking burgers, corn, chips, maybe some veggie skewers. Remember to bring the bluetooth speaker and extra trash bags. Also double check park closing time because last year they kicked everyone out early lol. Should be a chill afternoon thing, nothing fancy just good weather and hanging out.",36,Male,en_US,Building Superintendent,event,,,,,,
431,HungLD,,,,,,,2026/03/09,13,Note,Nicole,"Event idea written down so I don’t forget the details for Mom’s surprise birthday dinner. Planning it at Olive Garden, 1910 W Chandler Blvd, Chandler AZ on April 12 around 6:00 PM, but I told Mom dinner is “just family coffee” earlier that afternoon so she doesn’t suspect anything :)). Need to show up early with decorations and balloons, prob around 5:15 PM. Dad said he’ll picked up the cake from Safewayfirst. I shoud call the restauran wth the phone +1 480-555-2274 to confirm  my name. Guest list right now is about 9 people including Aunt Carla and my brother Josh. If timing changes we might move the meet-up to the patio area first. Also texting cousins the address again because they always get lost lol.",29,Female,en_US,Dental Assistant,event,,,,,,
432,HungLD,,,,,,,2026/03/09,0,Note,Marcus,"Reminder: Annual Tech Meetup.
Location: Austin Convention Center, Austin TX.
Date written in calendar: September 18.
Main keynote starts 10:00 AM.
Doors open earlier at 8:30 AM.
Breakfast networking session scheduled for 9:00 AM.
I should arrive around 8:15 just to avoid line.
Event name: Lone Star Developer Summit.
Evening mixer later same day.
Second location for mixer: The Driskill Bar downtown.
Mixer time: 7:00 PM.
Need to register online tonight.
Website contact listed support@lsdevsummit.org
.
Help desk number: +1 512-555-3394.
Bring business cards.
Also pack laptop charger and notebook.
Remember hotel check-in earlier that day at Hilton Austin.
Hotel address: 500 E 4th St.
Check-in time roughly 3 PM.
Morning coffee spot maybe Jo’s Coffee nearby.
Goal: meet recruiters and attend AI workshop.
Workshop session starts 2:30 PM.
Need to review schedule again the night before.
Should be a long but interesting day.",33,Male,en_US,Software Engineer,event,,,,,,
433,HungLD,,,,,,,2026/03/09,19.2,Note,Rachel,"Weekend Photography Walk – Chicago Riverwalk
• Date planned: July 20 (Sunday)
• Start around 8:00 AM for good light
• Meet spot → Riverwalk entrance near Michigan Ave bridge
• Backup meet spot → café called Goddess and the Baker
• If anyone late they can text me +1 312-555-6408
• Bringing my Nikon + tripod
• Theme idea: morning city reflections
• Might walk toward Navy Pier later
• Around 11:30 AM maybe brunch nearby
• Restaurant idea: Beatrix Market
• Need to check if it gets too crowded
• Invite list: Sam, Kelly, Marco
• Kelly said maybe arriving closer to 8:30
• Weather check Friday night
• If rain then moving to July 27 same time
• Could also shoot inside the Chicago Cultural Center
• Address there: 78 E Washington St
• Note: charge camera batteries the night before!
• Bring extra memory cards
• Also maybe film a few short clips for IG :)",42,Female,en_US,Wedding Photographer,event,,,,,,
434,HungLD,,,,,,,2026/03/09,10,Note,Tyler,"Idea for Saturday Game Night 🎮 at my place, just writing stuff down randomly so I don’t forget anything.

1. Date: May 10.
2. Start time maybe 7 PM but ppl usually show late lol.
3. Location: my apartment – 214 Maple St, Denver CO.
4. Parking easier on Elm St side.

• Games to play: Mario Kart + Smash Bros
• Extra controllers in desk drawer
• Snacks run earlier at Target around 5:30 PM

5. Invite Jake, Luis, Hannah, and Chloe.
6. Jake might arrive earlier like 6:30 PM to help setup.

- Pizza pickup from Benny’s Pizza
- Address: 401 E Colfax Ave
- Order around 8:15 PM maybe

Contact in case delivery messes up ☎ +1 303-555-8892

Things I gotta do:
• Clean living room (seriously lol)
• Put drinks in fridge
• Move coffee table for space
• Remember HDMI cable for the Switch

Should be a fun chill night honestly :))",24,Male,en_US,Retail Sales Associate,event,,,,,,
435,HungLD,,,,,,,2026/03/09,14,Note,Kevin,"Planning note for the company softball game and the team picnic happening at Grant Park Field #2 Chicago IL on May 16th 2026.
The company softball game is supposed to start around 4:30. However our company softball team should arrive at 3:45 to warm up and grab the jerseys.
After the company softball game everyone will be walking over to the picnic tables near Buckingham Fountain around 6:30 PM for food.
I need to remember to bring a cooler and ice and the extra gloves from the garage.
Coach Ryan said that if the weather turns bad we might move the company softball game to May 18 at the time.
If anyone cannot find the field they can call the rec office at +1 312-555-7782.
I should text the company softball team group chat on Friday night with the exact location pin. Remind people to bring sunscreen.
The parking lot closest to the field is on Columbus Dr. It fills up quickly so maybe we should use the garage, on Monroe St instead.
Also someone should bring a bluetooth speaker for music after the company softball game.",40,Male,en_US,Insurance Agent,event,,,,,,
436,HungLD,,,,,,,2026/03/09,13,Note,Alicia,"Plan for Emma’s bridal shower coming up soon. Location is The Garden Room Café, 482 Pine St, Seattle WA and the booking iz under myname. The date we agreed from August 2th, starting 11:30 AM for brunch. The place said we could also use the small patio area if weather is nice.

Guest list about 14 people right now including her sister and cousins. Need to send reminder messages the week before. If the reservation changes call them directly +1 206-555-4180. Also thinking about organizing a quick games section around 1:00 PM after brunch. Don’t forget the gift table sign and the polaroid camera :)",31,Female,en_US,Event Planner,event,,,,,,
437,HungLD,,,,,,,2026/03/09,0,Note,Jordan,"Reminder: dentist checkup appointment.
Clinic name: Midtown Dental Care.
Address: 220 W 42nd St, New York.
Date scheduled for April 3.
Appointment time: 9:15 AM.
Reception told me check-in starts at 9:00.
Call at +1 212-555-9031.
After appointment planning to grab coffee nearby.
Coffee place maybe Blue Bottle on Bryant Park side.
Parking garage on 43rd street if subway is delayed.
Email confirmation from office: appointments@midtowndental.com
.
Bring insurance card and ID.
Also ask about teeth whitening option.
Calendar reminder night before.
Subway route: B or D train to Bryant Park.
Hope this one is quick lol.
Leave apartment by 8:25 to be safe.",27,Male,en_US,Video Editor,event,,,,,,
438,HungLD,,,,,,,2026/03/09,11,Note,Melissa,"Summer hiking meetup 🏞️
• Trail: Camelback Mountain – Echo Canyon Trail (Phoenix AZ)
• Date: June 14 at 6 AM
• Parking lot fills fast so arrive early
• Backup meetup spot: Starbucks on 44th St
• If anyone lost they can call ranger station +1 602-555-2477
• Group so far: me, Dana, Luis, Tyler
• Bring at least 2 liters of water each
• Maybe breakfast after around 9:30 AM
• Café idea: Snooze AM Eatery nearby
• Weather check night before
• If extreme heat move to June 21 instead
• Remember sunscreen + hat!
• Also charge phone for photos
• This hike gonna be tough but fun :))",35,Female,en_US,Physical Therapist,event,,,,,,
439,HungLD,,,,,,,2026/03/09,18,Note,Daniel,"Local Book Club Meetup

1. Date locked in: October 4
2. Time: around 7:00 PM evening
3. Main location → Oakwood Public Library, Room B, Dallas TX

• Book we’re discussing: “The Night Circus”
• I should bring printed discussion notes

4. Early arrival around 6:30 PM to set up chairs
5. Library address: 2330 Oakwood Ave

- Contact librarian if issues: +1 214-555-7311
- Her email also written down somewhere: oakwood.events@library.org


6. After discussion maybe short coffee meetup
7. Coffee shop option → White Rock Coffee

Things to remember:
• bring notebook
• bring extra pens
• bring snacks maybe cookies

Backup idea:
If library room unavailable we meet at White Rock Coffee, 10105 E NW Hwy around 7:15 PM instead.

Send reminder message to group chat the day before.",46,Male,en_US,Librarian,event,,,,,,
440,HungLD,,,,,,,2026/03/09,13,Note,Aaron,"Quick note so I don't forget about Jake’s birthday bowling night happening at Lucky Strike Bowling – 624-660 W 42nd St, New York on July 12. Plan is to meet everyone around 7:15 PM, but the lane reservation actually starts 7:30 PM so don’t be late. Jake said some people might grab drinks first at a bar nearby around 6:30 PM. If anything changes I should call the bowling place directly +1 212-555-8410. Need to text the group chat the day before and confirm headcount. Also remember to bring the small gift and the funny birthday card I bought earlier. Parking is annoying there so prob easier to take the subway to Times Sq and walk over. Should be a fun night honestly, haven’t bowled in years lol.",28,Male,en_US,IT Support Specialist,event,,,,,,
441,HungLD,,,,,,,2026/03/10,0,Note,Natalie,"Plan: Sunday farmers market trip with Mom. We're going to the Santa Monica Farmers Market on May 5 and the market openaround 8:30 AM but Mom said we'll closer to 9:00. I should leave my apartment by 8:15 so parking isn't terrible.
We needs to bring the reusable shopping bags because last time we forgot lol.
If something changes call Mom's phone +1 310-555-2298. Also want to check the flower stand near the north entrance because they had those nice tulips last time :)).",35,Female,en_US,Interior Designer,event,,,,,,
442,HungLD,,,,,,,2026/03/10,17,Note,Brittany,"Friend’s baby shower plan 👶
• Event: Hannah’s Baby Shower
• Date: September 14
• Time: 2:00 PM start
• Place: The Willow Event Hall, Portland OR
• Address: 7712 SE Milwaukie Ave
• Arrive earlier like 1:15 to help decorate
• Bring the diaper cake gift
• Hannah’s sister organizing games
• If any issue call venue ☎ +1 503-555-7201
• Parking behind the hall building
• Maybe coffee run after around 4:30 PM
• Café option: Fairlane Coffee nearby
• Don’t forget camera for photos!
• Hope Hannah isn’t too tired that day :))",26,Female,en_US,Kindergarten Teacher,event,,,,,,
443,HungLD,,,,,,,2026/03/10,20,Note,Leonard,"Neighborhood Movie Night Planning

1. Date idea → August 2
2. Start time around 8:30 PM when it gets dark
3. Location: community park lawn at Maplewood Park, 88 Lake Dr, Madison WI

• Movie choice maybe “Back to the Future”
• Need projector + extension cord

Second meetup spot if park closes early:
- Maplewood Community Center
- Address: 14 Parkside Ave
- Alternate start time 7:45 PM

Things to organize:
• borrow projector from library
• bring folding chairs
• popcorn machine from Tom

Contact city permit office if needed:
+1 608-555-3099

Email for park events also saved:
parks.events@madison.gov


Send flyer to neighborhood Facebook group next week.
Would be cool if a lot of families show up 🎬",52,Male,en_US,City Planner,event,,,,,,
444,HungLD,,,,,,,2026/03/10,20,Note,Daniel Harper,"Dentist Appointment finally booked after putting it off forever lol. The cleaning + checkup is set for Thursday April 18 at 9:30 AM over at BrightSmile Dental Clinic, 245 W Madison St, Chicago. I gotta leave the apartment around 8:45 so traffic doesn’t make me late again. They said parking is behind the building on Adams St which I always forget. Also wrote down their front desk number +1 312-555-7841 in case I need to reschedule. The reminder text should come the night before but I don’t trust myself to remember so I’m writing it here too. Kinda nervous about the x-rays because last time they said I might have a tiny cavity forming. After the appointment I might walk to that coffee place near the clinic since it’ll still be early morning. Oh and insurance card needs to go in my wallet the night before. If anything changes call them before 8 AM. Basically: dentist, Thursday, Chicago, 9:30… don’t forget this time.",34,Male,en_US,Graphic Designer,event,,,,,,
445,HungLD,,,,,,,2026/03/10,16,Note,Tyler R.,"Team Offsite Planning – marketing crew meetup next month so don’t forget the details.
Location will be Lakeview Conference Center, 2148 Shoreline Dr, Madison WI.
Date should be April 18, 2026 if the booking email was correct.
Need to show up around 8:30 AM even tho the agenda officially starts 9:00.
Parking lot apparently fills fast so prob leave hotel earlier.
Dinner reservation later the same day at Harbor Grill downtown.
That dinner is around 6:45 PM according to the itinerary doc.
Also morning coffee meetup planned inside the lobby cafe first.
Reminder to bring printed slides for the strategy talk.
Organizer is Natalie from HR if anything changes.
Her work line was +1 608 555 2147 written in the invite.
Workshop block happens between 11:00 and about 2:30.
Second location might be the rooftop terrace if weather’s good.
Flight back out of Madison scheduled April 19 early morning.
Double check calendar again next week so I dont mess this up.",34,Male,en_US,Marketing Specialist,event,,,,,,
446,HungLD,,,,,,,2026/03/10,14,Note,Alicia M.,"Name of the tirp Cousin Jenny's Engagement Party
Place: The Garden Terrace Hall, Pasadena CA
Date written in family group chat was May 9, 2026 sometime evening.


I should arrive earlier cause Mom said setup help starts around 4:30 PM. The official party start is closer to 6 PM though. Address saved: 88 Green Arbor Rd Pasadena. Need to check parking situation too because that area gets crowded on weekends.


Bring the framed photo gift and the small card I bought last week. Aunt Carol might also ask me to help greet guests near the entrance table. If anything changes Jenny said to text her or call +1 626 555 9014. Also maybe brunch with family the next morning May 10 near Old Town Pasadena.",29,Female,en_US,Dental Hygienist,event,,,,,,
447,HungLD,,,,,,,2026/03/10,10.3,Note,Thomas Hernandez,"Architecture Urban Design Forum planning note
Main event: Urban Architecture & City Planning Forum
Location expected at Chicago Architecture Center Hall
Overflow discussion room reserved at Lakefront Design Studio
Date written June 3
Morning check-in around 9:00 AM
Opening design keynote begins about 10:00
Panel on sustainable buildings roughly 1:30 PM
Contact email: forum@urbanarchdesign.org

Need to bring building concept sketches
Also pack tablet for showing 3D models
Reminder review project notes tonight",32,Male,en_US,Architect,event,,,,,,
448,HungLD,,,,,,,2026/03/10,,Note,,,,,,,event,,,,,,
449,HungLD,,,,,,,2026/03/10,,Note,,,,,,,event,,,,,,
450,HungLD,,,,,,,2026/03/10,,Note,,,,,en_US,,event,,,,,,
451,HungLD,,,,,,,2026/03/10,,Note,,,,,en_US,,event,,,,,,
452,HungLD,,,,,,,2026/03/10,,Note,,,,,en_US,,event,,,,,,
453,HungLD,,,,,,,2026/03/10,,Note,,,,,en_US,,event,,,,,,
454,HungLD,,,,,,,2026/03/10,,Note,,,,,en_US,,event,,,,,,
455,HungLD,,,,,,,2026/03/10,,Note,,,,,en_US,,event,,,,,,
456,HungLD,,,,,,,2026/03/10,,Note,,,,,en_US,,event,,,,,,
457,HungLD,,,,,,,2026/03/10,,Note,,,,,en_US,,event,,,,,,
458,HungLD,,,,,,,2026/03/10,,Note,,,,,en_US,,event,,,,,,
459,HungLD,,,,,,,2026/03/10,,Note,,,,,en_US,,event,,,,,,
460,HungLD,,,,,,,2026/03/10,,Note,,,,,en_US,,event,,,,,,
461,HungLD,,,,,,,2026/03/10,,Note,,,,,en_US,,event,,,,,,
462,HungLD,,,,,,,2026/03/10,,Note,,,,,en_US,,event,,,,,,
463,HungLD,,,,,,,2026/03/10,,Note,,,,,en_US,,event,,,,,,
464,,,,,,,,,,,,,,,,,event,,,,,,
465,HAINV2,,Nganp1,hold ,,,,2026/03/09,0,Note,Richard Garcia,"Financial Planning Seminar Checklist
Over by the Boston Financial Education Center - extra room available if needed across at the Harbor Business Learning Hub.
Date: April 18
Key Times:
Be there at 9:15 in the morning.
Morning talk begins at ten about handling money smart.
Retirement Planning Talk at 2 PM
Contact: financeworkshop@wealthplanning.org
To Bring:
A screen glowing beside a stack of past projects. One machine holds years of work, names, outcomes - ready when needed.
Questions about current market trends.",27,Female,en_US,Financial Advisor,event,,,,,,
470,HAINV2,rework done,Nganp1,hold ,,,,2026/03/09,17,Note,Kevin Hernandez,"Workshop schedule notes – pharmacy practice training
Location Phoenix Medical Education Center
Backup training room Desert Health Learning Institute
Training date June 28
Check-in begins around 9:00 AM
Opening session discussing medication risk awareness at 10:00 AM
Break around midday before afternoon session
Main discussion about patient guidance scheduled 2:00 PM
Organizer email pharmacytraining@medlearning.org

Bring clinical handbook reference copy
Review drug interaction section before attending
Carry printed entry ticket for confirmation
Confirm travel plan the evening before",23,Female,en_US,Pharmacist,event,,,,,,
471,HAINV2,rework done,Nganp1,hold ,,,,2026/03/09,12,Note,Thomas Allen,"Architecture expo planning log
Event Construction Materials and Modern Design Expo
Main venue New York Architectural Convention Center
Additional exhibit hall Midtown Design Lab
Date scheduled October 15
Arrival target around 9:15 AM
Opening keynote on sustainable materials 10:00 AM
Exhibit walkthrough session about 12:45 PM
Architecture panel discussion planned 3:00 PM
Organizer email expo@archmaterialsforum.org

Bring building material samples for reference
Carry sketchbook for design ideas
Ensure tablet battery is fully charged",36,Female,en_US,Architect,event,,,,,,
472,HAINV2,rework done,Nganp1,hold ,,,,2026/03/09,16,Note,Donald Harris,"Developer meetup preparation checklist
Participant Donald Harris
Event Frontend Web Development Meetup
Main location San Jose Tech Community Hub
Additional coding area Silicon Workspace Center
Date April 10
Check-in expected around 9:15 AM
Interface development tools discussion about 10:00 AM
Live coding demonstration near 1:30 PM
Organizer contact devmeetup@webbuilders.io

Bring laptop and charging cable
Install latest development tools before the meetup
Prepare example code for discussion",18,Female,en_US,Web Developer,event,,,,,,
473,HAINV2,rework done,Nganp1,hold ,,,,2026/03/09,15,Note,Susan Anderson,"Conference session tracker
Participant: Susan Anderson
Event: Advanced Pharmacy Practice Conference
Main venue: Boston Medical Research Hall
Overflow room: Harbor Clinical Education Center
Date: November 9
Registration check expected around 9:30 AM
Session 1 – Medicine support strategies begins near 10:15 AM
Session 2 – Medication treatment discussion around 1:15 PM
Session 3 – Clinical research presentation close to 3:30 PM
Organizer contact: pharmconference@clinicalpharma.org

Materials to carry: pharmacy guideline handbook
Preparation task: review travel plan and hotel confirmation",36,Female,en_US,Pharmacist,event,,,,,,
476,HAINV2,rework done,Nganp1,hold ,,,,2026/03/09,21,Note,Charles Robinson,"Event preparation record – dental management seminar
Participant Charles Robinson
Program Dental Practice Management Seminar
Main venue Orlando Dental Education Hall
Overflow location Lakeview Medical Institute
Date scheduled June 10
Morning clinic workflow lecture planned around 9:45 AM
Networking lunch expected near 12:30 PM
Afternoon marketing strategies discussion about 3:00 PM
Organizer contact seminar@dentalpracticeforum.org

Bring clinic business cards for networking
Check scheduling software update options during sessions
Print event ticket before the seminar day",27,Female,en_US,Dentist,event,,,,,,
480,HAINV2,,Nganp1,hold ,,,,2026/03/09,0,Note,Charles Thompson,"Hi Charles,

I came across your profile and noticed you're an HR Manager. We’re putting together a small professional discussion session called “Workplace Trends Forum.”

Location: Denver, Colorado
Date: July 8
Time: 5:45 PM

Some HR leaders will talk about hiring shifts and side professional opportunities.

If you're interested you can email hrforum.team@mailhub.org
.

Or contact the organizer Mark at 720-335-8821.

Totally fine if you're busy that day, just sharing in case it's useful.",43,Male,en_US,HR Manager,event,,,,,,
484,HAINV2,rework done,Nganp1,hold ,,,,2026/03/09,12,Note,Timothy Martinez,"Conference planning outline – teaching innovation summit
Participant Timothy Martinez
Event National classroom innovation conference
Main venue Orlando Education Convention Center
Additional training site Lakeview Teacher Training School
Date noted June 24
Arrival goal about 9:00 AM
Keynote on modern teaching methods begins 10:00 AM
Small group teaching workshops planned 1:30 PM
Digital classroom tools demonstration scheduled 3:15 PM
Organizer email summit@teachingfuture.org

Bring printed lesson plans and laptop charger
Download event ticket before arrival",43,Male,en_US,Teacher,event,,,,,,
486,HAINV2,rework done,Nganp1,hold ,,,,2026/03/10,24,Note,Angela Thompson,"Field notebook entry – architecture seminar day
Observer Angela Thompson
Subject Modern Urban Housing Seminar visit
Site Austin Architecture Institute campus building
Event date October 2 recorded in planner
Arrival observation expected before 9:00 AM
Check-in desk opens around 8:45 in lobby area
Urban density lecture scheduled near 9:30 AM
Midday case study discussion begins roughly 12:15 PM
Late afternoon collaborative design workshop about 3:00 PM
Contact reference housinglab@archforum.net

Items to carry sketch notebook and pencil drawings from last week
Bring laptop charger to avoid battery issues later",49,Female,en_US,Architect,event,,,,,,
487,HAINV2,rework done,Nganp1,hold ,,,,2026/03/10,15,Note,Barbara Taylor,"Personal event log – analytics conference day
Entry owner Barbara Taylor
Event Business Data Strategy Summit
Main hall Dallas Tech Convention Hall
Date noted November 6 for attendance
Plan arrival roughly 9:15 AM
Data visualization keynote presentation around 10:30 AM
Predictive analytics discussion panel near 1:45 PM
Networking session scheduled approximately 4:30 PM
Conference contact summit@datainsight.org

Bring laptop prepared for analytics demos
Carry updated market analysis report
Save digital entry ticket on phone beforehand",38,Male,en_US,Business Analyst,event,,,,,,
488,HAINV2,rework done,Nganp1,hold ,,,,2026/03/10,18,Note,William Jones,"Conference timeline notes – analytics workshop
Boston Data Science Center event record
Workshop theme understanding event data systems
Date April 21 marked on calendar
08:50 AM arrive and find classroom location
09:00 AM early check-in and system setup
09:45 AM start session on event data modeling
12:30 PM dashboard creation exercise begins
03:00 PM industry trends discussion with instructors
Contact email workshop@datastrategy.org

Bring small notebook for quick ideas
USB drive needed for practice data files
Review slides and workshop materials tonight",21,Female,en_US,Nurse,event,,,,,,
490,HAINV2,rework done,Nganp1,hold ,,,,2026/03/10,15,Note,Michelle Martinez,"Coding workshop agenda card
Event: Web Development Coding Workshop
Venue: Austin Coding Academy
Date: September 14
Agenda outline
• 09:15 – Arrival and registration
• 10:00 – Introduction to modern JavaScript frameworks
• 12:30 – Lunch break and informal discussion
• 15:00 – Framework rollout demonstration and coding lab
Contact email: bootcamp@devacademy.org

Preparation notes: install required development tools
Bring laptop charger and notebook
Test environment setup before leaving home",29,Male,en_US,Web Developer,event,,,,,,
491,HAINV2,rework done,Nganp1,hold ,,,,2026/03/10,23,Note,Mary Allen,"Internal meeting memo – finance department planning
Record owner Mary Allen
Subject: Budget Planning Meeting
Main location Downtown Finance Center, 240 Market Street, Chicago
Date June 17
Arrival expected about 10:00 AM
Primary objective review Q2 expense reports
Backup meeting room Conference Room B
Post-meeting lunch location Lakeview Café on Clark Street
Follow-up discussion around 1:15 PM
Coordinator phone contact 1-312-555-0192
Email reference planningdesk@financehub.com

Reminder confirm parking options before arrival",51,Female,en_US,Accountant,event,,,,,,
494,HAINV2,rework done,Nganp1,hold ,,,,2026/03/10,7,Note,Jeffrey Wilson,"Architecture project meeting record
Participant Jeffrey Wilson
Project review meeting for Lakeside Tower architecture design
Main discussion site Harbor Design Studio
Address 90 East Lake Street Chicago
Date scheduled September 11
Arrival target about 1:30 PM to prepare materials
Main meeting discussion expected near 2:00 PM
Short coffee break around 3:15 PM
Possible move to Studio B if room reaches full capacity
Client contact David Chen phone +1 847 555 2290
Preparation items sketch roll blueprints and design tablet
Discuss facade materials with structural engineering team",45,Male,en_US,Architect,event,,,,,,
495,HAINV2,rework done,Nganp1,hold ,,,,2026/03/10,23,Note,Betty Adams,"Conference preparation checklist – accounting protocols forum
Participant Betty Adams
Event Yearly Accounting Protocols Conference
Main venue Hyatt Meeting Center Chicago
Address 151 West Adams Street Chicago
Date October 6
Registration opens around 8:30 AM
Opening presentation scheduled 9:00 AM
Lunch service expected around 12:15 PM
Director contact phone 1 312 555 6702
Email contact events@acctforum.org

Bring notebook pen and employee badge
Print event ticket before leaving home",52,Male,en_US,Accountant,event,,,,,,
496,HAINV2,rework done,Nganp1,hold ,,,,2026/03/10,19,Note,Carol Thompson,"Engineering site log – bridge design workshop visit
Engineer: Carol Thompson
Workshop topic urban bridge design and structural review
Location Midwest Infrastructure Center Chicago
Address reference 720 Canal Street Chicago
Date recorded November 3
Morning arrival expected near 9:00 AM
Registration desk check around 9:15 AM
Main structural load lecture begins about 10:00 AM
Lunch break estimated around 12:30 PM
Technical lab demonstration scheduled 1:45 PM Room 204
Late afternoon rooftop networking close to 4:00 PM
Admin contact line +1 312 555 8124
Equipment reminder measurement tool and engineering notebook",53,Female,en_US,Civil Engineer,event,,,,,,
503,HAINV2,rework done,Nganp1,hold ,,,,2026/03/10,9,Note,Jennifer Hill,"Personal preparation memo – data visualization training
Owner Jennifer Hill
Event Data Visualization Training workshop
Venue Chicago Data Institute
Address reference 880 Innovation Drive Chicago
Date November 15 saved in calendar
Plan arrival shortly before 9:00 AM
Check-in desk opens about 8:50 AM
Training session starts around 9:20 AM
Lunch expected near 12:30 PM
Afternoon topic dashboard automation tools
Instructor contact phone +1 312 555 7344
Install Python environment before attending
Bring laptop ready for visualization practice",24,Male,en_US,Data Analyst,event,,,,,,
504,HAINV2,rework done,Nganp1,hold ,,,,2026/03/10,20,Note,Sandra Davis,"Evening analytics meetup — short agenda log
Host venue Riverfront Tech Center Chicago
Street address recorded 210 Harbor Street
Date marked December 5 on calendar
Early arrival suggested near 6:00 PM
Main session scheduled 6:15 PM
Opening talk focuses on predictive sales modeling
Live examples expected during first discussion block
Networking window likely around 7:30 PM
Organizer phone line +1 773 555 5188
Event email meetup@analyticscircle.org

Bring tablet containing KPI dashboard preview
Quick review of last campaign analytics before leaving",26,Male,en_US,Business Analyst,event,,,,,,
534,,,HAINV2,reject,trung noi dung,,2026.03.12,2026.03.12,,Note,Priya Nand,"Seattle weekend for Maya's grad + also mini friend reunion 
1) Fri July 17 - land 3:20 pm at SEA
Uber/Lyft to The Maxwell Hotel, 300 Roy St, Seattle
Need to text Maya when wheels down, not before bc she teaches till 4

Saturday ideas:
- graduation ceremony, University of Washington, Alaska Airlines Arena, 3870 Montlake Blvd NE
- be there by 9:30 even tho ticket says 10
- flowers?? maybe buy near campus so I dont drag them on plane

random notes:
bring white blouse, portable charger, and comfy flats
Uncle Dev might join lunch at Pike Place around 1:30
reservation under Priya N. maybe at Lowell's, call if running late +1 206-555-1824

After that
coffee w Lina in Capitol Hill around 4-ish
dinner maybe Stateside, 300 E Pike St, if we can get in
Sunday 11 am brunch at Maya's place in Ballard before airport
dont forget grad card in backpack pocket lol
flight home is 6:55 pm, aim for airport by 4:30 :)",34,Female,US,Civil Engineer,event,,,,,,
536,,,HAINV2,reject,trung noi dung,,2026.03.12,2026.03.12,,Note,Darren Whitaker,"Denver work thing next week. Tech ops meetup + vendor dinner.

Flight lands Tues May 12 around 2:05 pm at DEN. Hotel is The Slate, 1250 Welton St, downtown. Check in first, drop bag, dont drag suitcase around again.
Conference badge pickup at Colorado Convention Center, 700 14th St, from 4 to 6.
Panel starts Wed 9:00 am in Bluebird Room B. Need to be there early bc I'm the one handling intros.

Dinner after w/ the Nexa team at 7:30, Rioja, 1431 Larimer St. Wear the navy shirt not the wrinkled gray one. Sam from Austin might finally show up lol.

Thursday breakfast mtg 8:15 in hotel lobby w/ Priya and Ben to go over pricing notes.
If there’s time before airport, stop by Capitol Hill books? maybe.
Return car by 4:30 Thurs, flight out 6:48 pm.
Keep reciepts for parking + client meal.
Email slides to myself Monday night.
bring charger, backup battery, and those stupid business cards.
Weather prob cooler than here so pack light jacket.
Do NOT forget Erin's birthday call that night.",41,Male,US,IT Operations Manager,event,,,,,,
541,,,HAINV2,reject,trung noi dung,,2026.03.12,2026.03.12,,Note,Brandon Pike,"Dentist cleaning - Midtown Smiles, 411 W 33rd St, New York, Thurs June 11, 2:20pm :)
need to leave office by 1:35 bc traffic near tunnel is always dumb
 
insurance card in backpack front pocket
last time they said maybe x-rays again so ask cost first
Dr. Patel or whoever is open, I don't really care
 
after appt swing by Hudson News downstairs for gum, the mint kind
maybe call Mom back from the train after, she keeps asking if I booked it
 
important: no coffee right before bc teeth stain and they always comment
bring retainer case, not just shove it in jacket
 
meeting title in work calendar says ""OOO 2-4"" so don't let Caleb book over it
subway home from Penn if done by 3:30, uber only if raining bad
 
put this on fridge later too bc somehow I keep almost missing cleanings",29,Male,US,Graphic Designer,event,,,,,,
543,,,HAINV2,reject,trung noi dung,,2026.03.12,2026.03.12,2.9,Note,Jordan Whitaker,"every line for the Austin trip kickoff mtg so I actually stay organized
Title: SXSW client meetup + panel day
Mon March 23
Austin Convention Center, 500 E Cesar Chavez St, Austin
panel check-in 8:10am
coffee w Lena 7:30 at Jo's on 2nd maybe
wear badge before walking in, security was annoyng last yr
bring charger brick
send updated deck to Marcus the night before
lunch slot around 12 but prob gets pushed
text hotel valet 20 min before pickup
remember receipts for finance
ask about side dinner at Comedor 6:45?
dont forget blue blazer from dry cleaner
flight back tues 9:15pm if I keep same booking
call Dana after the panel, she wanted the attendance numbers
sleep early sunday or I’ll be wrecked",37,Male,US,Product Manager,event,,,,,,
547,,,HAINV2,reject,trung noi dung,,2026.03.12,2026.03.12,,Note,Tasha Nguyen,"Dentist cleaning appt called ""South Pearl checkup""
South Pearl Dental, 1542 S Pearl St, Denver, CO.
Mon June 8 at 8:40 am.
Leave apt by 8:05 bc traffic on Evans gets dumb.
Bring new insurance card.
Ask front desk about whitening price, maybe later not now.
Do not forget to floss the night before, seriously.
Parking lot entrance is behind the building.
Dr. Patel usually runs on time.
Need to sign that email form maybe.
No coffee before going or teeth look gross.
Pick up lip balm from bag.
Afterward swing by the bakery next door if there's time.
Set work status to back at 10.
Call them Sunday if i need to move it.
phone says reminder on but double check anyway.",41,Female,US,Payroll Specialist,event,,,,,,
551,,,HAINV2,reject,,,2026.03.12,2026.03.12,34.2,Note,Marcus Ellison,"Denver work trip notes

Flight lands Tue May 12 around 1:10 pm.
Conference check-in starts 3 pm at Colorado Convention Center, 700 14th St, Denver.
Hotel is Hampton Downtown, not far, maybe 12 min walk if bags arent awful.
Need black shoes, chargers, and the printed badge email.

Wed May 13 is the client dinner.
6:30 pm reservation at Rioja, 1431 Larimer St.
Ask if Sam from Phoenix is joining or not.
Dont order anything too messy, last year was a disaster.

Thursday keynote at 9 am in Hall B.
Be there by 8:20 bc coffee line gets insane.
Try to catch return shuttle to hotel at 4:45.
If meeting runs long, just grab Lyft.
Call home before 8 pm mountain time.
Also, pack advil this time.",41,Male,US,Sales Manager,event,,,,,,
560,,,HAINV2,reject,trung noi dung,,2026.03.12,2026.03.12,,Note,Marissa Cole,"Harper wedding shower at The Glass Garden, 2148 W Roscoe St, Chicago, Sat Apr 18.
Need to leave by 12:15 bc traffic is always dumb on Saturdays and parking there is kinda bad.
bring the blue gift bag + card, dont forget cash for group tip.
Lila said brunch starts 1pm but ppl prob show up closer to 1:30.
wear green dress if weather stays warm enough, backup is black jumpsuit.
text Jenna before heading out so we dont show up seperate again.
cake pickup from Sweet Crumb, 3129 N Lincoln Ave, by 11:20.
Call if bakery messes up the name card: +1 773-555-2148.
Table is under ""Harper K. / shower"".
Need ribbon for the gift tower thing, maybe stop at Target on Belmont.
also bring phone charger bc last time my battery died mid pics lol.
remember aunt Denise can only stay till 3:45.
After-party maybe at Nora's place in Logan Sq if ppl still have energy.
Sunday Apr 19 is the cleanup brunch, not the main event, dont mix that up again.
save recipts for flowers + balloons.
leave coat in car if it's sunny, room gets hot fast.
seriously dont be late this time.",29,Female,US,Elementary School Teacher,event,,,,,,
566,,,HAINV2,reject,trung noi dung,,2026.03.12,2026.03.12,,Note,Marcus Lee,"Dad's 60th birthday dinner
Thursday June 11
7:00 pm reservation
Harbor House Grill
18 Bay Street, Annapolis MD

Need to call and make sure they still have the back room.
Count is prob 11 if Tasha brings the kids.
Order cake from Sweet Crumb by Tuesday, chocolate but not too rich.
Dad likes the crab dip there, remind server it's his birthday.

Pick up card from Target after work.
Ask Ben to arrive early for balloons lol :)
Mom said no slideshow, too much hassle.
Parking lot gets full, maybe tell everyone use the garage on Dock St.

Take one decent family photo this time, not blurry pls.
Save receipt in case we split stuff later.",41,Male,US,Auto claims adjuster,event,,,,,,
577,,,HAINV2,reject,trung noi dung,,2026.03.12,2026.03.12,,Note,Priya Raman,"Baby shower for Nina
Rosewood Community Hall, 88 Maple Ave, Edison, NJ
Sunday June 14
Be there by 1:30pm even tho invite says 2
bring the stroller gift receipt too
theme is yellow + sage, so don't wear bright red again
pick up cupcakes from Sweet Crumb, 12:00 noon
text Maya when leaving home
games start around 2:45 I think
need 20 bucks cash for diaper raffle
park behind the library lot if front is full
grab tape + scissors from junk drawer
ask Nina's sister who is handling photos
don't forget to sign the group card
leave by 5 bc dad's birthday dinner same night
maybe bring a light sweater, hall gets weirdly cold
save Nina's new address in phone after
send pics to the cousins chat before bed
also wrap gift tonite, no more procrastinating",29,Female,US,UX Designer,event,,,,,,
580,,,HAINV2,reject,trung noi dung,,2026.03.12,2026.03.12,,Note,Melissa Carter,"Harper wedding shower at Lakeview Loft, 2148 Greenpoint Ave, Chicago
sat April 18
starts 1:30 pm but I should get there by 12:45
bring the blue gift bag + tape bc I still didnt wrap the candle set
text Nina when I park, garage entrance is on Racine not the front
theme is garden brunch so dont wear all black again lol
need card signed from me + aunt Jess
pickup macarons from Sweet Basil around 10:30
ask if they can box them better this time
there might be a short toast around 2:15
remember Harper’s mom is doing photos near the ivy wall
save seat for Tori if she’s late from work
train home prob around 5ish unless we go to the after thing
after thing maybe at Juniper Bar, same neighborhood
charge phone before leaving
wear comfy shoes bc last event there had sooo much standing
also maybe bring tiny umbrella if forecast stays weird
dont forget the invite is in email, not screenshots",31,Female,US,Elementary School Teacher,event,,,,,,
585,,,HAINV2,reject,trung noi dung,,2026.03.12,2026.03.12,,Note,Marissa Cole,"Harper wedding shower at The Garden Room, 2148 Maple Ave, Columbus.
sat Apr 18, 2026, 1:30 pm.
need to leave by 12:40 bc parking there is annoyng.
bring the blue gift bag + tape the card shut.
text Nina if i get lost near the side entrance.
wear green dress, not the black one.
hair appt in the morning so dont wash tonight.
maybe grab flowers at Trader Joe's on the way if time.
host said brunch-ish food, so no need to eat a ton before.
remember Harper's mom is allergic to lillies.
camera charged? prob not, check later.
gift receipt in desk drawer.
after party thing maybe at Seventh Son around 5 but not sure yet.
put gas in car friday nite.
don't be late this time seriously.
also bring cash for valet just in case.
if rain, use tan trench coat.",31,Female,US,Elementary School Teacher,event,,,,,,
593,,,HAINV2,reject,trung noi dung,,2026.03.12,2026.03.12,,Note,Owen Mercer,"Dad's retirement dinner.
The Harbor Room, 9 Bay St, Annapolis.
Friday July 24, 2026.
Reservation under Mercer at 6:30 pm.
Show up by 5:50 bc I said I'd help decorate.
Bring the old Coast Guard photo album.
Pick up cake from Sweet Pillar before 4.
Chocolate, not lemon, he hates lemon.
Call Jenna to make sure she grabs balloons.
Need nicer shoes, mine are scuffed bad.
Toast notes are in jacket pocket maybe.
Table for 14, ask host if they can squeeze in one high chair.
Parking garage on Duke of Gloucester, easier than street spots.
Don't mention the surprise too loudly near Mom.
Take one picture w just siblings and Dad.
Send Uncle Ray the address again bc he never checks email.
Try not to cry, seriously.
Leave a little early from shop that day.",52,Male,US,Marine Mechanic,event,,,,,,
595,,,HAINV2,reject,ngan,,2026.03.12,2026.03.12,,Note,Melissa Grant,"bk club thing at Harborlight Books, 1912 Pine St, Seattle — Thurs Apr 16, 2026, 7:00 pm, dont be late bc parking there is weird. bring the copy of North Woods, not the library one w/ sticky notes in it. maybe leave by 6:10 if traffic is bad from work. text Nina if running behind, she said she’ll save a chair near the back. also ask abt the summer reading list before I forget again. maybe coffee after at that place next door if ppl stay. wear the green sweater bc bookstore always freezing. event title in case I blank: “Spring Book Club Meetup.” kinda wanna go even if tired. no canceling last min this time.",29,Female,US,Elementary School Teacher,event,,,,,,
599,,,HAINV2,reject,trung noi dung,,2026.03.12,2026.03.12,,Note,Jocelyn Ramirez,"cousin baby shower brunch
Olive & Honey Cafe, 16 Market Square, Austin
Sunday Aug 2, 2026
11:00 am

theme is yellow somehow??
need card + maybe a Target gift receipt

leave apt around 10:20 bc downtown parking is annoying
if full, park on 3rd and walk

text Tia when I’m there
+1 512 555 2094

actual event name on invite: “Baby Bloom Brunch for Elena”
bring the little crochet blanket if i finish it in time

dont wear white, thats prob weird
maybe bring extra hair tie lol
remember Elena cant do cinnamon, so skip those rolls

stay at least till gifts are opened
then groceries on way back",38,Female,US,Dental Hygienist,event,,,,,,
602,,,HAINV2,reject,"trung noi dung, trung format",,2026.03.12,2026.03.12,,Note,Tasha Bennett,"PTA budget meeting
Lincoln Middle School library, 550 Oak Ridge Rd, Raleigh.
Tuesday Sept 9 at 6:00 pm.
Bring the receipts folder from kitchen drawer.
Need the revised snack-sale numbers from Carla.
Ask about winter dance deposit before voting starts.
Sit near outlet if bringing laptop again.
The front office locks by 5:45 so use side entrance.
Remember to sign visitor sheet.
Maybe print 3 extra agendas just in case.
Call Mr. Hines earlier in the day if the copier is still jammed: +1 919-555-4412.
Dont forget parking permit on dash.
Pick up iced tea on the way.
Meeting usually drags, maybe pack a granola bar.
Need to leave by 7:20 max for babysitter handoff.
Put this in calendar tonight so I quit almost missing it.",42,Female,US,Dental Hygienist,event,,,,,,
605,,,HAINV2,reject,trung noi dung,,2026.03.12,2026.03.12,,Note,Marissa Cole,"Cousin baby shower at Lakeside Community Hall, 1840 W Byron St, Chicago
Sat April 18
be there by 1:15 pm, starts 2
dont forget gift bag + card for Jenna
park in rear lot off Paulina if front is packed
text Tasha when leaving so she saves me a seat
blue dress maybe, not the green one
need cash for raffle tickets
ask if kids are coming bc seating looked tight
pick up cupcakes from Sweet Crumb around 11:30
Hall phone in case I get lost: +1 312-555-0186
if weather acts up bring flats too
take a few pics for grandma
remember to sign the guestbook this time lol
afterward maybe dinner in Andersonville if not too tired
send thank-you reminder to Jenna next week",29,Female,US,Elementary School Teacher,event,,,,,,
610,,,HAINV2,reject,trung format,,2026.03.12,2026.03.12,,Note,Marissa Holt,"Spring craft fair at Jefferson Park, don’t forget this one.
Sat April 18, 2026.
Starts 10:00 AM but I should get there by 9:15 to help set up the table.
Jefferson Park field house, 4822 N Long Ave, Chicago.
bring folding cash box + extra change.
Need the blue tablecloth, not the holiday one.
Text Nina when I leave so she saves me a parking spot.
Vendor check-in is by the south entrance near the tennis courts.
Try to print price tags Friday night.
maybe grab coffee on Milwaukee before, gonna be a long mornng.
Ask about booth refund policy if rain gets bad.
Card reader charger!! seriously dont forget again.
I said I’d bring 2 extension cords too.
Lunch prob just hot dog stand there.
Need pics of setup for Insta later.
After fair, swing by Target for tape + bags if stock runs low.
Home by 4ish unless teardown takes forever.
Would be nice if this one actually makes decent money lol",34,Female,US,Elementary School Teacher,event,,,,,,
615,,,HAINV2,reject,"trung noi dung, trung format",,2026.03.12,2026.03.12,,Note,Hannah Pierce,"PTO spring fundraiser at Lincoln Elem, Sat Apr 18, 2026, 10am-2pm, school gym + front lawn, 2145 W Palmer St, Chicago.
Need folding cash table by entrance and signs by parking lot.
bring square reader from home bc last time theirs died.
Ms. Ortega said setup starts 8:15, dont roll in late again.
coffee pickup maybe from Bean Yard on Damen around 7:40.
text Carla if raffle tickets arent dropped off by Fri night.
kids art table goes near south wall, away from bake sale.
remember extension cord + blue tape + scissors.
ask front office abt side door key.
volunteer check-in sheet printed? not yet.
if weather gets weird, move ring toss inside cafeteria.
Eli's class performs at 11:30 so stop working for that.
parking prob easiest on Brighton, not staff lot.
email receipt folder after, taxes maybe useful.
wear school tee, comfy shoes, no heels lol.
title for flyer was ""Bloom & Bid"" in case anyone asks.",34,Female,US,Elementary School Teacher,event,,,,,,
636,,,HAINV2,reject,trung noi dung,,2026.03.12,2026.03.12,,Note,Marcus Holloway,"1. Dad's retirement lunch
2. Sunday, May 4
3. 12:30 pm reservation
4. Harbor House Chophouse, 214 E Bay St, Charleston
5. call ahead Sat night to confirm they still have the back room
6. guest list so far: Mom, Aunt Denise, me, Tori, Uncle Ray
7. bring old photo from the fire station locker days
8. ask host abt cake storage when we arrive
9. parking garage on Cumberland might be easier than street spots
10. toast idea - keep it short, not all mushy
11. pick up card from Walgreens before noon
12. flowers? maybe skip, Dad wont care lol
13. tell Tori to come 15 min early for seating
14. if Ray is late again just start appetizers without him
15. wear the navy button down, not the wrinkled gray one
- reminder: title on invite should say Capt. Leon Holloway Retirement Lunch
* location note: entrance is on the side street, kinda easy to miss
• after lunch maybe walk the waterfront if weather holds",41,Male,US,Fire Safety Inspector,event,,,,,,
637,,,HAINV2,reject,trung noi dung,,2026.03.12,2026.03.12,,Note,Sophia Nguyen,"dentist cleaning + x-rays
Mon June 9, 8:40 am
Bright Smiles Dental
5821 Ventura Blvd, Sherman Oaks
leave apt by 7:55 bc traffic is dumb on weekdays

need insurance card + new patient form even tho I swear I filled it already
call if running late: +1 818-555-2746
front desk said ask for Nina, she was actually nice

no coffee before bc teeth stains, ugh
put lip balm in bag
after appt go straight to office downtown, dont come back home first
maybe grab egg bites nearby if there's time

ask abt whitening price but do not book it on impulse
also ask them to check the sensitive spot top left
appt title in calendar is just ""cleaning""
suite 204, second floor, next to the pilates place
remember parking ticket validation",34,Female,US,Marketing Analyst,event,,,,,,
640,,,HAINV2,reject,ngan,,2026.03.12,2026.03.12,,Note,Marissa Cole,"Austin wedding expo at Palmer Events Center, 900 Barton Springs Rd, Austin, TX. Sat Apr 18, 2026, doors 10am, bridal panel at 11:30. Need comfy shoes bc gonna be there awhile. Park in garage on Riverside side if it fills up fast. Text Nina before leaving so we dont end up in diff lines. Booth 214 had those linen invites last yr, check that first. Also ask abt deposit timeline and if they travel to San Marcos. Bring little notebook, not just pics, bc I always forget names. Lunch maybe from the taco truck outside if it's there again. Dont wear the heels lol. If rain, leave by 8:45 instead of 9:15. Reminder: this is the main planning day, not just browsing.",29,Female,US,Graphic Designer,event,,,,,,
644,,,HAINV2,reject,trung noi dung,,2026.03.12,2026.03.12,,Note,Cynthia Monroe,"1) Cousin Tasha baby shower brunch
The Garden Room, 64 Peachtree Ave NE, Atlanta, GA
Sunday July 19, 2026
starts 11:00 but I should get there 10:20 to help set up centerpieces

Need to bring the gift bag + card from kitchen table
2) call bakery Sat to confirm mini lemon cakes, pickup under Monroe name at 9:15
- ask if they can add the tiny yellow flowers, not pink

Wear the green dress, low heels, simple jewlery maybe
Parking is behind the building off Linden alley, tiny lot tho
if full, street parking near the bookstore

little games start after noon I think
dont forget cash for valet just in case
* ask Aunt Renee what time photos are happening
Also maybe leave by 2:30 bc traffic back north gets gross
last thing — bring charger, phone always dies at family stuff lol ✨",52,Female,US,Elementary School Principal,event,,,,,,
645,,,HAINV2,reject,,,2026.03.12,2026.03.12,40,Note,Marissa Cole,"Sat community yard sale at Brookside Park, 1841 Glen Ave, Columbus, OH, Apr 18. Need to be there by 7:15 am bc setup starts early and ppl grab the good stuff fast. Bring folding table, blue cash box, masking tape for prices, charger, and the old lamp from garage. Check if Mia still wants half the spot. Parking is prob on the east lot near tennis courts. Weather said maybe chilly so hoodie first, then switch. Put signs out on High St around 6:40. Venmo sign!! also small bills. If rain looks bad by Fri night, text neighborhood group. Don’t forget the bin marked kitchen stuff, that was the whole point lol. Ask mom if she can keep the dog till noon. Stop for coffee on the way bc i’ll be useless otherwise. End time should be around 1 pm unless traffic stays good.",29,Female,US,Floral Designer,event,,,,,,
650,,,HAINV2,reject,ngan,,2026.03.12,2026.03.12,,Note,Melissa Grant,"Book club at Harbor Lights Cafe, Thurs Apr 16, 7pm, don’t be late again. bring the blue copy of Tomorrow, and maybe a pen bc last time i borrowed one and forgot to give it back. Harbor Lights is on 2147 Maple Ave in Portland, parking behind the bakery if front lot is full. text Nina if tables are weird: +1 503-771-2486. ask if Sam is still bringing lemon bars. wear the green sweater bc that place gets cold for no reason. also rem to venmo $12 for the shared snacks before i forget. if rain gets bad leave by 6:20 not 6:35. maybe grab gas on the way. discussion starts at 7:15 ish, not exactly lol. do NOT mix up this thurs with next thurs again. backup meet spot if cafe closes early = lobby area next door near the plant wall.",34,Female,US,Elementary School Teacher,event,,,,,,
673,,,HAINV2,reject,trung noi dung,,2026.03.12,2026.03.12,,Note,Luis Moreno,"• Jazz in the Park - summer opener
• Bryant Park Lawn, New York, NY
• Fri June 12, 2026
• music starts 7:00 pm, but get there by 5:45 for a decent spot
• bring small blanket, not the huge one that never folds right
→ meet Andre near 6th Ave entrance
→ if crowded, backup spot by the fountain steps
- maybe pick up sandwiches on 40th first
- no glass bottle this time, park staff was annoying abt it last summer
* charge speaker? no wait, dumb, it's a live show lol
* still bring portable battery for phone
• check subway weekend changes Thurs night
• weather app iffy lately so pack light rain shell just in case
• title of band: Harlem Sunset Quartet, dont mix it up when texting ppl
• take a few pics for mom, she loves park concerts
• head home before last train mess if show runs long",27,Male,US,Graphic Designer,event,,,,,,
682,,,HAINV2,reject,trung format,,2026.03.12,2026.03.12,,Note,Tiana Brooks,"dentist cleaning for me + Jayden
Westlake Family Dental, 9820 Lake Ave, Cleveland
Mon Aug 10
my check-in 8:40am
Jayden 9:20am right after
bring new insurance card
dont forget school excuse note
ask abt night guard bc jaw still sore in mornings
parking deck entrance on Hilliard side
coffee after maybe at Birch Cafe :)
call ahead if running late: +1 216-555-0127
need gas the night before
leave house by 8:00 no messing around
Jayden hates mint paste so ask for bubblegum one
also pay balance from last visit maybe $26?
put toothbrushes on shopping list
no crunchy snacks before appt pls
set alarm alarm ALARM",29,Female,US,Payroll Specialist,event,,,,,,
685,,,HAINV2,reject,"trung format, ngan",,2026.03.12,2026.03.12,,Note,Melissa Garner,"Harbor Jazz Night — don't bail again lol. Thurs Apr 16 at 7:15 pm, Blue Lantern Patio, 1842 Seaview Ave, Santa Monica. Need to leave by 6:20 bc parking there is always dumb. Wear the black denim jacket if it gets windy. Maya + Ben said they'll prob get there closer to 7:40. Reservation is under Mel G. maybe check if outdoor heaters are working. Ticket email came to personal inbox, not work one. bring ID. try to eat first so I don't spend $28 on fries again. If running late, text Maya. Sunset should be nice there. also maybe order the lychee drink, the good one from last time. dont forget charger. train home might stop early so check that before heading out.",29,Female,US,Interior Designer,event,,,,,,
692,,,HAINV2,reject,trung noi dung,,2026.03.12,2026.03.12,,Note,Priya Singh,"1. Dentist cleaning + x-rays, not optional this time
2. BrightSmiles Dental, 2458 N Sheffield Ave, Chicago, IL
3. Mon Sept 14, 2026
4. check-in 1:40 pm, appt 2:00 sharp
5. bring new insurance card from HR packet
6. call office in the morning if train is delayed again
7. ask abt night guard quote bc jaw still sore in mornings
8. no coffee right before unless I want awkward teeth stains lol
9. parking garage on Halsted was expensive last time, just take Red Line
10. leave work by 1:05 latest
11. stop at pharmacy after, same block basically
12. put reminder in calendar and NOT just here
13. they sent form by email, finish it Sunday night
14. maybe bring lip balm bc office air was so dry
15. if they ask abt next cleaning, aim for early March
16. reward: iced chai after bc adulting is annoying",34,Female,US,Product Manager,event,,,,,,
693,,,HAINV2,reject,trung noi dung,,2026.03.12,2026.03.12,,Note,Daniel Mercer,"• Cousin Leo engagement dinner 🎉
• Thursday Aug 6, 2026
• 7:00 pm reservation, maybe show up 6:40-ish
• Harbor House, 550 N Harbor Dr, Milwaukee, WI
• valet looked packed in pics, maybe use the lot by Discovery World
• wear navy button-down, not the wrinkled white one
• bring the card from Mom + put cash in it before leaving
• ask Emma if shes still riding with me
• gift idea if needed later: cooking class voucher?
• no jeans, this is def nicer than a normal family dinner
- call aunt Rene on Wed to see if they need help setting anything up
- leave by 5:50 if coming from the shop
- check if the lakefront road is closed again bc of fest stuff
* dont forget to charge phone, family will want pics
* maybe book haircut Tues evening if barber has space
→ congrats text to Leo in the afternoon so I dont forget
→ probably ends around 10, dont park somewhere sketchy",38,Male,US,Auto Mechanic,event,,,,,,
697,,,HAINV2,reject,,,2026.03.12,2026.03.12,25.8,Note,Priya Shah,"Dermatology follow-up for patch test results
Tuesday June 9, 2026.
2:15 PM, check in by 1:50 PM.
Northside Medical Plaza.
Suite 410, 8800 W Irving Park Rd, Chicago.
Take insurance card and photo ID.
Ask about the reaction from that cheap sunscreen.
Do not forget the list of products I used last month.
Parking garage entrance is on Keeler.
Bring a sweater because that office is always freezing.
Maybe stop at Walgreens after, same block.
Need to leave work by 1:05 or I'll be late.
Text Sam once appt is done.
No makeup that day, keep face clean.
Set 2 alarms bc I already almost missed this once.
copay should be around $35 i think.
grab water bottle before heading out.",29,Female,US,UX Researcher,event,,,,,,
705,,,HAINV2,reject,ngan,,2026.03.12,2026.03.12,,Note,Marissa Holt,"Austin conf thing for work next month, dont forget this is the UX meetup not the vendor lunch, title is Design Systems Roundtable, at Capital Factory 701 Brazos St Austin TX, Thursday Apr 16, 2026, check-in 8:15 am and first talk 9ish, parking garage on San Jacinto maybe cheaper before 9, bring laptop + charger bc breakout session after lunch, also business cards if I can find them, lunch prob provided but pack almonds just in case, text Jenna before leaving office, hotel not needed bc same-day flight back got canceled already once so verify again, panel I wanna catch is the accessibility one at 1:30 pm, need receipt for reimbursement, wear the navy blazer not the wrinkled black one, ask about team discount for fall workshop, if running late use side entrance on 8th st, weather might be hot so no boots, save map offline tmrw night",31,Female,US,Product Designer,event,,,,,,
710,,,HAINV2,reject,,,2026.03.12,2026.03.12,,Note,Lauren Whitaker,"Spring Book Fair at Cedar Grove Library Sat May 16, 2026, keep this note bc I always forget the details
starts 10:30 am but vendor setup opens earlier around 9
library lawn + community room, 214 Maple Ave, Cedar Grove, NJ
bring cash for used books bc card reader was glitchy last yr
also dropping off that box of kids books from hall closet
text Amy when parking, she said the side lot fills up fast
need comfy shoes if I stay for the author talk at noon
title of talk was something like Summer Reads kickoff
grab coffee first at Birch Cafe across the street maybe 9:45
dont wear the white sweater again lol, too hot outside last time
ask about volunteer sign-up for June story hour
if it rains they move everything inside, same address tho
leave home by 8:50 to beat traffic on 17
set reminder Friday night to pack tote bags
Book fair, Maple Ave, Sat morning — this is the one not the school fundraiser",34,Female,US,Elementary School Teacher,event,,,,,,
712,,,HAINV2,reject,trung noi dung,,2026.03.12,2026.03.12,,Note,Priya Bennett,"1. Dentist cleaning appt for me
2. Mon Aug 3, 2026 at 8:15 AM
3. Lakeside Dental Center, 4570 W Irving Park Rd, Chicago
4. leave apt by 7:20 bc traffic is dumb on weekday mornings
5. bring new insurance card
6. ask front desk abt whitening quote, just curious
7. no coffee before, last time that was kinda gross
8. call and confirm if Dr. Shah is in office or just hygienist
9. parking in rear alley lot, code might still be 2045
10. maybe stop at Bean Corner after if it goes fast
11. resched haircut if this runs long
12. remember they charged cancellation fee before so dont oversleep
13. this is the early appt I picked on purpose
14. phone reminder night before + morning of
15. teeth stuff first, work calls later
16. dont forget retainer case in purse",29,Female,US,Graphic Designer,event,,,,,,
714,,,HAINV2,reject,trung noi dung,,2026.03.12,2026.03.12,,Note,Jasmine Holloway,"Cousin Nina baby shower
Sun July 19, 2026
The Garden Room, 612 Peachtree Ln, Charlotte
starts 1 pm but I should get there by 12:20

Need the green gift bag and the little book for baby notes.
Ask Mom if she's riding w me or meeting there.
I said I could help set out cupcakes if I arrive early.

- theme is soft yellow + white
- dont wear black, too heavy for daytime
- bring cash for the diaper raffle just in case

Parking entrance is behind the building off 7th, easy to miss.
After party stuff maybe at Nina's place, depends how tired she gets.
Remember this is Charlotte, not Aunt Bev's house in Matthews.
Maybe pick up flowers from Bloom Lane around 11:30.
Also text Kayla the exact room name so she quits asking me.

baby shower, Peachtree Ln, Sunday afternoon, got it",26,Female,US,Veterinary Assistant,event,,,,,,
715,,,HAINV2,reject,ngan,,2026.03.12,2026.03.12,,Note,Marissa Cole,"Harper wedding shower at The Elm Room, 214 W 29th St, Kansas City, Sat Apr 18 at 1:30 pm. need leave by 12:45 bc parking there is always weird. bring the blue gift bag + card, don’t forget tape bc I still havent sealed it. text Nina if table assignment changes. maybe wear the green flats not heels. also ask if Aunt Bev is riding w me or meeting there. if rain, use garage on Wyandotte side. pick up mini bundt tray Friday night from Sweet Crumb. reminder to venmo Jess for decor. kinda nervous seeing everybody lol.",31,Female,US,Elementary School Teacher,event,,,,,,
719,,,HAINV2,reject,trung format,,2026.03.12,2026.03.12,,Note,Kiara Thompson,"Board licensing workshop
Sept 12, Saturday
Seattle Convention Annex, Room B2, 711 Pike St
starts 9 am but check-in opens 8:15

I should prob get there by 7:50 bc downtown is chaos
coffee first from that place across from the Hyatt maybe

bring:
notebook
charger
state ID
printed confirmation email

Questions to ask:
- reciprocity timeline for Oregon?
- fees due same day or later
- who to email abt transcript issue

call mom after lunch break
network a little, dont just hide in the back again

hotel is 2 blocks away so maybe walk unless raining
remember navy blazer, not the wrinkled black one
finish slides review on Thurs night
could be a big step for me, so no bailing",27,Female,US,Civil Engineer,event,,,,,,
722,,,HAINV2,reject,trung format,,2026.03.12,2026.03.12,,Note,Priya Desai,"Denver design meetup title still says ""Spring UX Night""
Thursday June 11.
Venue is Canvas Hall, 2250 Blake St, Denver.
Doors at 6.
Panel starts 6:30.
I’m supposed to check in with Nora at the front desk.
Bring laptop, charger, and those revised mockups.
Name tag prob under Priya D, not company name.
Ask about parking validation before leaving.
Need to leave office by 5:10 latest.
Don’t wear heels, last place had concrete floors.
There’s networking after till around 8:45.
Maybe invite Sam if he’s back from Boulder.
Remember to print 8 resumes just in case.
Text rideshare code to the team.
Send follow-up notes Friday morning while names are fresh.
grab coffee beforehand bc evening events make me sleepy lol.
also check weather bc Blake St gets super windy.",33,Female,US,Product Designer,event,,,,,,
729,,,HAINV2,reject,trung noi dung,,2026.03.12,2026.03.12,,Note,Priya Desai,"Book club + birthday thing for Mel 🎉
Thursday Nov 19
7 pm at Juniper Books Cafe, 18 Hawthorne Ln, Portland

Need to finish at least ch 9 before going
and grab the lemon candles from Target since Mel likes that smell

Quick list:
- card
- book tabs
- charger
- green scarf maybe if it rains

Parking note: tiny lot behind the cafe, entrance off 3rd
backup is street parking near the old pharmacy

I wanna get there 20 mins early
order tea first, then save the corner table if it's open
Mel's brother might bring the cake around 7:30
if he flakes, bakery on Hawthorne closes at 8 so still okay

1) ask Sara abt december host plans
2) don't forget to pay Emma back for last month

honestly this week has been a mess :( but this should be fun
leave office by 6:05 or I'm cooked",29,Female,US,Compliance Analyst,event,,,,,,
730,,,HAINV2,reject,trung noi dung,,2026.03.12,2026.03.12,,Note,Natalie Brooks,"Spring book fair @ Jefferson Elem, dont forget this one. 
 Sat Apr 18 
 gym + cafeteria, 214 Pine St, Dayton 
 doors open 9:00 am 
 need be there by 8:15 to help set up tables 
 bring square reader from desk drawer 
 cash box too 
 call Ms. Herrera if running late +1 937 555 1842 
 kids poetry reading at 10:30 
 my volunteer shift till 1 pm 
 park on Oak side bc front lot gets packed fast 
 maybe wear school tee if its clean 
 grab coffee before, last year i was dead tired 
 ask about extra copies of the mystery series 
 pick up Liam after soccer right after fair ends 
 dont leave poster in trunk again",34,Female,US,Elementary School Teacher,event,,,,,,
739,,,HAINV2,accepted,,,2026.03.12,2026.03.12,16,Note,Fiona Grace,"Saturday city stuff before Maya's engagement party
event starts 5:30 pm at Casa Luna Rooftop, 417 W 8th St, Austin
need hair appt first — 1:15 at Glow Dry Bar on Lamar
then quick stop for gift bag + tissue paper

maybe order rideshare both ways so no parking headache
party colors are peach/gold, dont show up in bright red again ugh
bring the small framed photo for the memory table
call Maya's brother if building code isnt in the text: +1 512-555-4831

- leave apt by 12:40 for hair
- coffee somewhere near salon maybe
- back home by 3:00 to change
- out the door again by 4:45 max

vibe should be classy, not huge, mostly family + a few friends
remember to say congrats to her mom too, she looked stressed last week
and pls dont forget the gift envelope this time :(",31,Female,US,UX Designer,event,,,,,,
740,,,HAINV2,reject,ngan,,2026.03.12,2026.03.12,,Note,Marissa Cole,"Savannah girls weekend maybe finally happening — leave Fri April 18 after work, check in 7:30 pm at The Alida, 412 Williamson St, Savannah, GA 31401. Dinner resy for 9 at Vic's on the River, dont be late again. Sat: Forsyth Park walk around 9ish, Juliette Gordon Low house tour if tix still open, then beach maybe Tybee if weather ok. Need black dress, charger, advil, and that gift bag for Tessa. Parking screenshot still missing. Back home Sunday April 20, prob late afternoon unless traffic is awful on I-16. Text group Thurs night to confirm who's driving.",29,Female,US,Marketing Coordinator,event,,,,,,
745,,,HAINV2,reject,trung format,,2026.03.12,2026.03.12,,Note,Melissa Harper,"thurs plan before i forget: Spring fundraiser mixer for the animal shelter at Greenhouse Loft, 82 Mercer St, Seattle
april 18
doors 6:15 pm, prob starts closer to 6:45
bring the donation jar from kitchen counter
text Nina if parking is awful
there's valet but kinda $$$
wear the navy blouse not the cream one bc last time i spilled coffee
need 20 raffle tickets in purse
ask about volunteer signup for may
remember to stop by Foxglove Bakery on 5th first
pickup mini lemon bars by 4:30
phone charger!!
also confirm if Ben is meeting me there or just showing up late again
if i leave work at 5 i should make it fine
event name on ticket says Paws & Promises Night
dont lose the QR email this time :)",34,Female,US,Elementary School Teacher,event,,,,,,
746,,,HAINV2,reject,trung format,,2026.03.12,2026.03.12,,Note,Daniel Price,"Work thing for next wk
Quarterly vendor breakfast
Hilton Garden Inn downtown, 410 S Broadway, St. Louis
Tuesday May 12
need to be there 7:10 am even tho invite says 7:30

Bring sample packaging board from office lobby shelf
ask front desk to print 3 color copies of the rate sheet
coffee w/ Martin before everyone else gets there maybe 6:50

Panel starts 8:15
my bit is only 10 mins but still need jacket + decent shoes
check if parking validates, last yr it didnt and that was annoying

afterward swing by Union Station for the client drop-in at 11
same day so dont book anything dumb in between
send quick note to Tasha night before so she remembers the banner stand
title on calendar: Midwest Supplier Breakfast 2026",41,Male,US,Procurement Specialist,event,,,,,,
750,,,HAINV2,reject,ngan,,2026.03.12,2026.03.12,,Note,Marissa Cole,"Spring alumni mixer at the river museum, Thurs Apr 16, 7:00 pm, dont be late again. Need navy blazer not black bc last yr pics looked too funeral-ish. Parking garage entrance is on Water St side, 148 Water St, Providence. RSVP email from Jenna said check-in starts 6:30. bring old student ID maybe it still works lol. text Ben if traffic is bad. want to ask Prof. Levin abt the writing fellowship. maybe leave work by 5:40, earlier if rain. no heels this time, feet were dead by 9. gift bag table near lobby. remember to eat smth first. maybe quick salad. also put charger in purse. title on ticket says Brown Arts Alumni Mixer. if anything changes call museum desk. note to self: smile and mingle, not stand by snack table all night.",29,Female,US,Copywriter,event,,,,,,
762,,,HAINV2,reject,"trung format, trung noi dung",,2026.03.12,2026.03.12,,Note,Elena Ruiz,"PTO board meeting is next Thursday, Sept 10.
Starts at 7 pm sharp.
Library media room at Roosevelt Elementary, 55 Pine Ave, Dayton.
I need to get there by 6:40 to help set up chairs.
Agenda printouts still in my tote bag.
Bring signup sheet for fall carnival volunteers.
Ask Mr. Benton about the budget line for art supplies.
Remember coffee pods bc last meeting everyone looked half asleep.
Text Carla around lunch to see if she can cover the front table.
Parking lot on the south side closes weirdly early, use the side entrance.
Need to mention the book fair dates before people leave.
Possible conflict with Mateo's soccer practice, check with Luis tonight.
Don't ramble when talking abt teacher snacks fund.
Blue folder = receipts, yellow folder = donations.
Meeting title on calendar says ""PTO Sept planning"" in case I search for it later.
If it runs past 8:30, skip grocery stop and just go home.",38,Female,US,Elementary School Teacher,event,,,,,,
763,,,HAINV2,reject,ngan,,2026.03.12,2026.03.12,,Note,Terrence Blake,"Cousin Maya's baby shower on Sunday June 14 at The Magnolia House, 78 Willow Creek Rd, Nashville. Starts 1 pm but everybody knows family will drift in around 1:30, so I should still leave by noon to beat the highway mess.

Need the gift bag, the little board books, and the receipt in case the diapers are the wrong size. Also bring the lemon bars if I bake them Saturday night and they dont come out burnt again.

Sis said colors are sage + cream, so no bright red shirt. Games at 2-ish, lunch before that, photos on the patio if weather holds. Maya's friend Keisha is doing the playlist, maybe text her one soft old-school song request. Parking is behind the house, not on the main road. If I can, stay till 4 then head back. she gets tired easy rn so keep convo light, no long labor stories from the aunties pls :(",27,Male,US,Auto Body Technician,event,,,,,,
768,,,HAINV2,reject,trung noi dung,,2026.03.12,2026.03.12,,Note,Daniel Brooks,"- Austin tech meetup for indie devs
- Capital Factory, 701 Brazos St, Austin
- Wed May 6
- check-in 5:30 pm, talks at 6

* bring laptop, charger, biz cards
* maybe demo the budgeting app if build is stable
* ask Sarah if she wants to carpool from office

• grab tacos after? heard Veracruz closes kinda early
• parking garage on 8th might be cheaper
• wear the navy hoodie, conference rooms always freezing

1. send RSVP tonight
2. update intro slide, current one still has typo lol
3. pack gum, dont show up coffee-breath again
4. leave by 4:50 to avoid I-35 mess
5. note: investor guy from last month maybe coming back, remember his name was Glen or Glenn",27,Male,US,Software Engineer,event,,,,,,
772,,,HAINV2,reject,trung noi dung,,2026.03.12,2026.03.12,,Note,Darnell Brooks,"Dentist cleaning appt is on Tuesday, Sept 8.
Office is Lakeview Dental, 2280 N Clark St, Chicago.
Check-in at 8:15 am.
Actual chair time is 8:30.
Bring new insurance card.
Ask front desk abt whitening quote, just curious.
Do not drink coffee before going.
Leave apartment by 7:35 because traffic gets dumb.
Parking garage entrance is on Deming.
Call if running late: +1 312-555-0148.
Need to resched only if work meeting moves.
Put copay money in wallet Monday night.
Remember they said x-rays might happen this visit.
Stop at the pharmacy after, same neighborhood anyway.
Text Nina once done so we can still do lunch.",41,Male,US,Bus Operations Supervisor,event,,,,,,
776,,,HAINV2,reject,trung noi dung,,2026.03.12,2026.03.12,,Note,Devin R. Maddox,"Cousin Tia baby shower

Sun May 3, 1:00 pm-ish, but I should get there by 12:15 to help set up.
Venue: Willow & Pine Event Room, 4428 Harbor Ave, Tampa, FL.
Theme is pastel wildflowers, not butterflies — I keep mixing that up.

Bring diaper raffle cards, tape, the blue gift bag, and the Target receipt just in case she needs an exchange.
Aunt Renee said park in the side lot off 8th, front fills up fast.
Need cash for the mimosa bar tip jar.
Order cupcakes pickup at Sweet Crumb by 10:30 that morning.

Games start around 2, gifts around 3:15 maybe.
Remember to ask Marcus to drop off folding chairs Sat night.
Tia’s registry mostly had bottle stuff + bath things, so don’t buy random blankets again.
Wear the green button-down, not the wrinkly one.

If running late, text in family chat first bc grandma gets worked up :))
Also grab flowers on the way if budget still ok.",29,Male,US,Auto Claims Adjuster,event,,,,,,
777,,,HAINV2,reject,trung format,,2026.03.12,2026.03.12,,Note,Harold Nguyen,"Dentist cleaning - Downtown Smile Studio, 905 Market St, St. Louis, MO.
Mon June 8 at 8:40 am, leave apt by 8:05 bc traffic is annoyng there.
Put insurance card in wallet Sunday night.
Title for calendar should say yearly cleaning, not consult.
Parking garage entrance is on 10th, not Market.
Need to ask about whitening quote but dont agree on spot.
Bring that sensitivity toothpaste note from home.
No coffee before appt bc teeth pics look gross.
Call office if I’m more than 10 min behind: +1 314-555-0186.
Afterward maybe grab bagel at River Bend Cafe across the street.
Remember last time elevator was weird, use stairs if in a rush.
Suite 410, fourth floor.
Dr. Patel usually runs on time, hygienist maybe not.
Next date prob needs to avoid week of July travel.
Set a reminder the night before to floss for real this time.
Take work laptop so I can head straight to office after.",46,Male,US,Warehouse Operations Supervisor,event,,,,,,
779,,,HAINV2,reject,trung noi dung,,2026.03.12,2026.03.12,,Note,Gabriel Sutton,"Friday jazz night notes
Blue Room rooftop set
8/21, doors 7 pm
213 W 52nd St, New York, NY

Need to be there early bc Kira said the host saves tables only till 7:20
1) call babysitter by Wed and confirm end time around 11:30
2) book parking online if garage on 51st still has spots
3) charge phone + tiny camera

wear black jacket maybe, rooftop gets windy even in Aug
grab cash for cover + tips, card machine was flaky last time
Meet Sam outside the lobby first
he’s coming from Midtown East and always gets turned around

- Title on invite: Late Set w/ Marcus Vale Trio
- try the upstairs seating, better sound supposedly
- no huge dinner before, just slice or I’ll feel sleepy lol

If show ends early, maybe walk to 9th Ave for dumplings 🌙
text Mom once seated so she knows babysitter showed up
don’t forget this is the one I actually wanted to make it to :)",38,Male,US,Product Manager,event,,,,,,
781,,,HAINV2,reject,trung noi dung,,2026.03.12,2026.03.12,,Note,Eric Holloway,"1. Dad's retirement dinner
2. Friday, Sept 11
3. 7:00 pm reservation, be there by 6:35 bc he hates waiting
4. Harbor Room, 92 Front St, Baltimore
5. call restaurant Thurs to confirm they kept the table for 9
6. wear the navy button down, not the wrinkled one
7. bring the old family pic for the toast maybe
8. Aunt Denise coming from Towson, she might need parking info
9. ask Maya if she's still making that photo card
10. gift card is in desk drawer, left side
11. order for me: prob salmon unless specials look good
12. Dad doesn't know abt the little speech, keep mouth shut
13. Location note: side entrance is easier for Grandma, less stairs
14. Date again so I dont mess this up: Sept 11, Friday
15. maybe leave office early around 5:15
16. if traffic's bad, take I-83 not downtown
17. save sitter number in case we run late
18. take one decent pic w/ everyone actually smiling",41,Male,US,Insurance Adjuster,event,,,,,,
784,,,HAINV2,reject,trung format,,2026.03.12,2026.03.12,,Note,Alana Brooks,"Bridal shower for Tiff
Sun May 18
11:30 am at Rose & Pine Tea House, 14 Willow Creek Rd, Richmond
hosted by me + Kels so pls do not go into chaos mode

things still not done:
1) confirm the headcount w/ tea house by Wed
2) order extra macarons bc her cousins eat like maniacs lol
3) print the little game cards
4) pick up flowers from Bloom Cart at 9:00 that morning

gift table sign maybe:
""Cards + recipe notes for Tiff & Marco""

people to text:
- Jenna re: pastel tablecloths
- Aunt Roe re: ride from Chesterfield
- Marco's sister abt the photo slideshow file

tiny details I always forget
bring tape
bring scissors
bring phone charger
bring cash tip envelope
wear comfy flats bc standing the whole time

schedule-ish
10:45 arrive / set up
11:30 guests
12:15 food
1:00 silly games maybe :(( but Tiff likes them
2:00 gifts
done by 3 if we're lucky",27,Female,US,Dental Hygienist,event,,,,,,
785,,,HAINV2,reject,trung noi dung,,2026.03.12,2026.03.12,,Note,Marissa Cole,"Jazz in the Park maybe?? dont forget this one downtown summer thing
Grant Park, Chicago
Sat June 20
gates 5:30 pm, music starts 7
bring light jacket bc lake wind gets cold fast
meet Tori by the big fountain on Michigan side
parking prob awful so just take red line to Monroe
ticket in email under personal inbox not work one
maybe get there by 5:15 if I want merch first
food trucks were near the south lawn last yr
pack phone charger and cash for drinks
if it rains, check event page by 3 pm
after maybe walk to Cindy's rooftop if not too packed
wear comfy shoes not the heeled boots again ugh
note to self: this is the resched plan from the missed May date
and text mom before it gets late so she doesnt worry",29,Female,US,Graphic Designer,event,,,,,,
787,,,HAINV2,reject,trung noi dung,,2026.03.12,2026.03.12,,Note,Elena Ramirez,"1. Dad's retirement dinner
2. Sunday Sept 14
3. reservation says 6:30 pm sharp
4. Harbor House, 550 N Harbor Dr, San Diego
5. call restaurant Sat morning to confirm patio seating
6. count ppl again: me, Luis, mom, tia Rosa, Uncle N., maybe Camila + baby
7. bring the old office photo for the card table
8. pick up cake at 3 from Sweet Harbor bakery
9. ask Luis to come early for parking help
10. dress code kinda nice but not super formal
11. Dad hates speeches so keep toast short
12. candles?? maybe no, windy by the water
13. save the server tip in cash envelope
14. remind mom dinner is SUN not Sat, she mixed it up again
15. take pics before everyone starts eatting
16. if cousin bails, move table down from 10 to 8",41,Female,US,Payroll Specialist,event,,,,,,
794,,,HAINV2,reject,trung noi dung,,2026.03.12,2026.03.12,,Note,Kiara Bennett,"1) Bridal shower for Tasha :)
2) Saturday, May 16
3) Willow & Main Tea Room, 14 North Maple Ave, Richmond

Need to be there 11:00, event starts 11:30, brunch part first then games.
I’m bringing the lemon cookies if I can bake friday night, backup is buying some from Ellie's bakery.

- gift = spa certificate + little handwritten note
- wrap it in the green paper, not the christmas-looking one
- ask Nina if she still wants a ride

Call venue thurs to double-check gluten-free plate for Aunt Cheryl.
Also, parking is behind the florist next door, tiny lot, so maybe just Uber tbh.

Remember:
wear the sage dress
bring tape + scissors for decorations
take pics before everyone wrecks the table setup

end note: dont cry during the toast, pls, mascara is expensive",33,Female,US,Dental Hygienist,event,,,,,,
795,,,HAINV2,reject,ngan,,2026.03.12,2026.03.12,,Note,Marissa Holt,"Austin trip reminder: leave office early Friday bc traffic gets dumb fast, check in for Talia’s engagement dinner at Hotel Van Zandt, 605 Davis St, Austin, TX, on April 18 at 7:00 pm, valet might be full so maybe park by Rainey. also bring the small blue gift bag, not the wedding one. text Jenna when I get downtown. brunch next morning is prob at Joann’s Fine Foods, 1224 S Congress Ave, around 10:30 am on April 19, and I seriously need diff shoes bc the black heels are gonna wreck me. don’t forget charger, lint roller, and the card I still havent signed. if Mom asks, dinner starts at seven-ish but I should get there by 6:30. backup hotel note in case plans move: lobby bar first, same place. Sunday drive back before noon.",29,Female,US,Marketing coordinator,event,,,,,,
798,,,HAINV2,reject,2 dong,,2026.03.12,2026.03.12,,Note,Tyler Benson,"- Event: Riverside Jazz Fest
- Date: July 11
- Main set I wanna catch starts 6:00 pm
- Place: Riverfront Plaza, 1 Water St, Wilmington, DE
- Get there earlier maybe 4:45 bc parking is always a mess
- Meet Nate by the fountain, not the food trucks, easier to find
- bring light jacket bc it gets windy off the water
- charge portable speaker? wait no, not needed, festival has stages already lol
* buy tickets online tonight
* screenshot QR code
* pack cash for drinks + tips
• maybe try that dumpling stand from last year
• dont forget earplugs
→ last train back leaves 10:38 pm from Wilmington Station
→ if we miss it, rideshare from Market St
- note to self: no white shirt this time :(",27,Male,US,Audio technician,event,topics of interest,music,,,,
801,,,HAINV2,reject,trung noi dung,,2026.03.12,2026.03.12,,Note,Trevor S. Harlan,"Austin work trip notes
Product meetup called Build Better South
Fri May 9, badge pickup 8:15 AM
Austin Convention Center, 500 E Cesar Chavez St

Hotel check-in after 3 at CitizenM, 617 Colorado St
ask for early check if room's ready
cab from airport prob easier than rental tbh

Dinner w Maya + Dev maybe 7:30 at Loro on S Lamar
need to confirm bc Maya said ""depends on client call""

Sat keynote starts 9 sharp
don't miss panel in room C4, it's the whole reason I'm going
pack extra tee, chargers, advil
return flight Sun 1:20 PM from AUS
leave hotel by 10:45 latest
:)) remember to grab Franklin BBQ sauce for Ben",42,Male,US,Product Manager,event,,,,,,
803,,,HAINV2,reject,trung noi dung,,2026.03.12,2026.03.12,,Note,Brandon Pike,"- Dad's retirement party thing
- Sat Sept 12, starts 5:00 PM, prob speeches by 6
- Oak Ridge Lodge, 77 Timber Falls Rd, Asheville, NC
- call Aunt Rene by Wed, she keeps changing headcount
- bring old fishing photo for memory table
* maybe wear the tan jacket, not the black hoodie obviously
* pick up cake at Bluebird Bakery before 3:30
* ask if lodge has plugs for slideshow laptop
• title on invite says ""40 Years & Finally Free"" haha
• need cash for bartender tip jar
• save seat near Mom, she hates standing around alone
+ leave house early bc mountain road gets slooow near sunset
+ if Josh comes, tell him not to mention the surprise watch yet
- maybe stay overnight? check Hampton rates tomorrow
:(( don't forget tissues, Mom's def gonna cry",38,Male,US,Auto Mechanic,event,,,,,,
804,,,HAINV2,reject,trung noi dung,,2026.03.12,2026.03.12,,Note,Aaliyah Benson,"1) Boston weekend plan for Tasha's marathon trip
Flying in Thurs Oct 2, land 4:10 PM at Logan
2) hotel = The Revolution, 40 Berkeley St
check in first, then quick shower bc red-eye vibes

- Friday expo pickup for her race bib
- Hynes Convention Center, 900 Boylston St
- go around 1ish, less crowded maybe

Coffee after? thinking Pavement on Newbury if legs arent dead
Need to buy safety pins bc somehow we never have any

Saturday
Walk Charles River Esplanade in the morning
Dinner resy 6:45 PM at Giacomo's, 355 Hanover St, North End

Sunday = race day
alarm 5:15
Green Line to Arlington stop, then walk to cheer spot near mile 25
make sign: ""Tash you got this!!!""
backup meet point if phones die: steps outside Boston Public Library
come home Monday noon, dont overpack this time",29,Female,US,Graphic Designer,event,,,,,,
807,,,HAINV2,reject,trung format,,2026.03.12,2026.03.12,,Note,Vanessa Liu,"Bridesmaid dress fitting for Kira
Thursday Sept 17
11:30 am, dont mix it up w dentist appt
Luna Bridal Studio
58 W 21st St, New York, NY
take the downtown train and walk 2 blocks
bring nude heels and that shapewear thing
Kira wants dusty sage, not olive lol
ask about hem time, wedding is close
save receipt in bag right away
maybe grab matcha after at Fell & Co
text Jenna pic of the final fit :))
hair trial maybe same day if theres time
leave office by 10:45 latest
set alarm bc missing this would be sooo bad
venue for wedding is still Prospect Boathouse, note that
double check parking for mom",33,Female,US,Human Resources Specialist,event,,,,,,
815,,,HAINV2,reject,ngan,,2026.03.12,2026.03.12,,Note,Marissa Cole,"Harborview Summer Book Fair next Sat, June 20, at the Santa Monica Civic Center, 1855 Main St, Santa Monica, get there by 9:15 even tho doors open 10 because",,,,,event,,,,,,
818,,,HAINV2,reject,trung noi dung,,2026.03.12,2026.03.12,,Note,Danielle Brooks,"Baby shower for Keisha :)
June 7, Sunday
1:00 pm
Maple & Main Event Loft, 88 Water St, Richmond, VA
host is Tori, not Keisha's mom, dont mix that up
1. bring gift bag + card tonight from trunk
2. pick up lemon cupcakes from Sweet Crumb by 11:30
3. wear the green dress if it still fits okay
- games start around 2, be on time for once
- parking lot is tiny, street parking on Cary might be easier
* ask if they still need extra ice
* maybe take polaroid cam for cute pics
RSVP count was around 22 ppl last I heard
Keisha hates super loud music so maybe it'll be chill
call Maya if I get lost again :( 
leave house 12:15 max bc bridge traffic is awful.",33,Female,US,Elementary School Teacher,event,,,,,,
821,,,HAINV2,reject,ngan,,2026.03.12,2026.03.12,,Note,Marissa Doyle,"still need to lock down stuff for Brooklyn book fest thing before I forget — title: Park Slope Fall Book Fair, Sat Oct 18, 2026, starting around 10:30 AM and prob there till 3ish. Main stop is Old Stone House, 336 3rd St, Brooklyn, but parking might be easier a few blocks off 4th Ave. bring tote bag, cash for small vendors, and the blue sweater bc last yr I froze. text Nina if train is messed up. maybe grab coffee first at that place on 5th Ave if I leave Queens by 8:50. don't miss the poetry reading at noon, that was the whole point lol. check if author signing line needs wristband. also write down booth for kids books for Emma. if rain, still go unless it's pouring hard. phone charger!! and take pics of the tiny press tables for inspo.",34,Female,US,Public Librarian,event,,,,,,
826,,,HAINV2,reject,trung noi dung,,2026.03.12,2026.03.12,,Note,Lauren Pritchard,"Cousin Maya baby shower at The Garden Room, 2148 Green St, Pasadena.
Sat Apr 18.
Get there by 1:15 pm even tho invite says 1:30.
Bring the yellow gift bag from hall closet.
Need card + tape lol.
Parking behind the bakery if front lot is full.
Text Jenna when leaving so we don't both bring ice.
Wear the blue dress, not the black one.
Pick up mini succulents on Friday after work.
Still need to Venmo Kayla for decor share.
Don't forget diaper raffle tix.
Ask mom if she wants a ride from Glendale.
Maybe leave home around 12:25 bc weekend traffic is dumb.
Save address in maps now.
After party maybe coffee at Lavender & Bean next door.
Take a few pics for grandma.
Seriously do not be late again.",29,Female,US,Elementary School Teacher,event,,,,,,
827,,,HAINV2,reject,"trung format, trung noi dung",,2026.03.12,2026.03.12,,Note,Marcus Delaney,"
Work offsite - Q2 planning
Harbor Point Hotel, 600 Queensway Dr, Long Beach
Thursday, May 7
check-in starts 8:00 am, kickoff 8:45 sharp

Need laptop, charger, printed budget pages, and the sticky notes from desk drawer
Ask Nina if she still wants to carpool from Culver City
Wear the navy polo, comfy shoes bc last time lots of walking

Lunch with vendor team around 12:30 in Bay Room B
Remember to bring up ad spend cuts without sounding cranky
Happy hr thing after at Dockside Room 6:15 pm :)

Call hotel if parking validation is weird
front desk: +1 562-555-0184
email from events girl was erin.mills@harborpointevents.com


Leave house no later than 6:50 am
traffic by the bridge gets bad fast
send summary notes to team before bed",41,Male,US,Product Marketing Manager,event,topics of interest,work_life,,,,
828,,,HAINV2,reject,trung noi dung,,2026.03.12,2026.03.12,,Note,Denise Holloway,"- Dad's retirement dinner
- Tuesday June 16, 6:30 pm
- Siena Trattoria, 44 Market Square, Providence
- call restaurant by Mon to confirm 11 ppl
* order cake from Sweet Crumb, write ""Congrats Dad""
* remind Aaron to bring old shop photos
* maybe seat Aunt Lori away from Uncle Ben... just easier
• pick up Dad from the house at 5:40
• he will prob say ""dont fuss"" and still love it lol
• bring the card for everyone to sign
~ ask about gluten free pasta for Mia
~ candles? maybe too cheesy idk
~ save some cash for valet
- after dinner: quick toast, keep it short
- outfit = green blouse + black pants
- text fam the final headcount Tues morning
- address again so i dont mix it up: 44 Market Square downtown",37,Female,US,Dental Hygienist,event,,,,,,
829,,,HAINV2,reject,2 dong,,2026.03.12,2026.03.12,,Note,Trevor Boone,"Annual neighborhood block party
Maple Ave between 8th and 9th, Kansas City
Saturday Aug 22
starts 4 pm, band at 7
I said I'd help w/ setup so be there by 2:45

grab folding chairs from basement
cooler, ice, extension cord
sign for chili contest too maybe

Need cash for raffle tickets and food trucks
Miguel bringing cornhole boards
Jess said kids bike parade is at 5:15

If rain, move to St. Andrew gym on Oak St
check fb group that morning for update :( 

wear the old Royals cap
bring bug spray
dont forget to lock back gate before leaving",33,Male,US,Auto Mechanic,event,,,,,,
831,,,HAINV2,reject,,,2026.03.12,2026.03.12,,Note,Marissa Cole,,31,Female,US,Freelance illustrator,event,,,,,,
838,,,HAINV2,reject,2 dong,,2026.03.12,2026.03.12,,Note,Jenna Morales,"1. Parent-teacher night for Sofia
2. Lincoln Middle School, Room 204, 77 Palmer Ave, Newark
3. Thurs Sept 18
4. 6:00 pm check-in, teacher meetings start 6:20
5. bring math folder + the reading log
6. ask Ms. Keane abt missing science grade
7. cafeteria opens at 5:30 if I get there early
8. parking usually fills by the gym entrance
9. maybe wear the nicer sweater, not the paint one
10. need to ask about fall field trip forms too
11. stop by pharmacy before heading over
12. grab a snack first so I’m not cranky
13. Sofia said the art display is in the main hall
14. text Eric once I’m there
15. don’t forget to sign volunteer sheet
16. if running late, use side doors near bus lane
17. this one matters bc last meeting got rescheduled and I missed half of it",37,Female,US,Payroll Specialist,event,,,,,,
841,,,HAINV2,reject,trung noi dung,,2026.03.12,2026.03.12,,Note,Hannah Brooks,"Austin design meetup tmrw at Capital Factory, 701 Brazos St, Austin.
Thurs Apr 18, get there by 6:15 not 6:30.
Check-in starts 6pm and the panel runs till around 8.
Topic is freelance pricing + finding better clients.
bring sketchbook bc they said there might be a mini workshop.
Parking prob easier in the garage on San Jacinto.
Need black blazer, not the wrinkled one.
Grab coffee first if I leave office by 5:20.
Text Maya when I park so I dont wander in alone.
Her friend Eli is speaking, maybe good contact later.
Remember to ask abt fall volunteer spots too.
badge name should say Hannah B., not full company title.
Take a few pics of the display wall for inspo.
Do not forget chargers, phone was at 14% last time.
Could be chilly inside so bring light sweater.
Afterward maybe tacos on E 7th if energy is still there.
Set alarm for 4:50 bc this day is gonna be chaos.
really dont wanna miss this one again",31,Female,US,Graphic Designer,event,,,,,,
842,,,HAINV2,reject,trung noi dung,,2026.03.12,2026.03.12,,Note,Marcus Ellison,"Dad's retirement dinner
Saturday June 8, 7:00 pm
Harbor House Grill, 114 Water St, Baltimore
Call ahead Friday to confirm private room is still under Ellison

Need to pick up cake from Sweet Bloom around 4:30
flavor = lemon w raspberry, dont let them switch it again
Bring old family pic from the lake house for the table
Mom wants everyone there by 6:30 even tho dinner starts at 7

Guest list in my head: Aunt Renee, Chris + Tasha, Uncle Dev, Nana maybe if her knee feels ok
Save seat near Dad's left side for Coach Miller
ask server abt one veg plate for Tasha

Speech notes:
thank him for all the early mornings + busted weekends
mention the toolbox story maybe, not the embarassing boat thing lol :))
keep it under 3 mins or I'll ramble

Wear navy button-down, polish shoes, bring tissues just in case",42,Male,US,Graphic Designer,event,,,,,,
849,,,HAINV2,reject,ngan,,2026.03.12,2026.03.12,,Note,Caleb Foster,"DMV road test - finally. North Austin Service Center, 5510 S Interstate 35 Frontage Rd, Austin. Friday Oct 2, be there 8:15 even tho test is 8:45. bring permit, insurance printout, registration, and that dumb little appointment code. Car has to be cleaned out bc examiner notices everything. no check engine light pls. Need gas on Thurs night. Mom said practice parallel parking at school lot one more time, esp the right side bc I still overcorrect. If I pass, tacos after. If I dont, resched right away and do not mope around all weekend. Also set two alarms bc I know myself.",19,Male,US,Community college student,event,,,,,,
852,,,HAINV2,reject,2 dong,,2026.03.12,2026.03.12,,Note,Anthony Ruiz,"Brunch w/ Maya & Devon before the baby shower.
Sunday Aug 9, 2026, 10:30 am at Bean & Berry, 214 State St, Madison.
I told them I'd be there early if traffic isnt gross.
Bring the card and tape the gift receipt inside the bag.

Baby shower is ""Little Peach on the Way"" at Lakeside Event Loft, 77 Harbor Rd, Milwaukee.
Starts 1 pm, probly done by 4:30.
Maya's cousin said street parking is hit or miss, use the north lot if full.
Need the cream shirt, not the black one, too funeral-y.
Call mom Sat night to see if she's riding w me or meeting there.

Pick up balloons from Party Planet, 512 Oak Ave, at 9 am.
Order under Devon R.
They still need the small diaper raffle prize, maybe a coffee gift card.
dont forget camera battery this time :))
Maya hates being the first one in pics so give her a sec before snapping any.
If late, text group chat not just Maya.
On way back maybe stop for gas near I-94 bc prices are better there.
save this note, too many moving parts",41,Male,US,High School Counselor,event,,,,,,
855,,,HAINV2,reject,2 dong,,2026.03.12,2026.03.12,,Note,Priya Nand,"Denver work trip note
Rocky Mountain Product Summit
Colorado Convention Center, 700 14th St, Denver
Mon Nov 16, 2026
badge pickup opens 7:30 am

Need to leave hotel by 7 bc registration line gets wild.
Staying at Hampton Inn Downtown, 1845 Sherman St, confirm late check-in on Sunday.
Panel I'm on is at 11:10 in Room Bluebird B, topic is retention stuff.
I should practice the opening once in the mirror, keep it under 2 mins.

- dinner w/ Nora maybe at 8 if flights for her are on time
- if not, order something easy and finish expense notes
• coffee meetup w/ Ben Tues 6:45 am at Crema, 2862 Larimer St
• ask him abt the Seattle role, just casually

Print 20 biz cards from office before leaving.
Laptop dongle, charger, green notebook, all in carry-on.
Dont forget the maroon blazer, the meeting rooms are always freezing.
Uber pickup back to airport Wed 3:30 pm.
also maybe sneak in 15 min at the art museum if lunch break isnt chaos",31,Female,US,Product Manager,event,,,,,,
858,,,HAINV2,reject,trung noi dung,,2026.03.12,2026.03.12,,Note,Priya Lambert,"Dentist cleaning - Thursday May 7.
8:15 am appt, leave apt by 7:35.
BrightSmile Dental, 905 W Cermak Rd, Chicago.
Use garage entrance off Laflin, not the front one.
Bring new insurance card.
Ask about whitening but only if price isnt wild.
Need to reschedule June check if work trip happens.
Set reminder night before.
coffee after? prob no bc teeth thing.
Dr. Nguyen usually runs 10 min late.
call office if train is delayed.
pick up lip balm from bag.
wear retainer case in jacket pocket so I dont lose it again.
meeting at work starts 10:30, should still make it.
text boss once done.",34,Female,US,High School Counselor,event,,,,,,
861,,,HAINV2,reject,ngan,,2026.03.12,2026.03.12,,Note,Marissa Cole,"Harbor Jazz Night tix + stuff to remember — Fri Apr 18 at 7:30 pm, Blue Lantern Club, 1842 Water St, Baltimore. parking looked weird last time so leave by 6:35. meet Nina by the side patio door, not the front bc the line gets dumb long. bring light jacket bc harbor wind gets chilly even when the day feels warm. reservation under M. Cole. call rideshare if rain starts. maybe grab crab fries after if kitchen still open till 10. dont forget ID, they checked super hard in March. text Nina when crossing Pratt. seat area says mezz left row C but I should recheck email. if train is delayed, just go straight there from Penn. backup cash for tips. phone at 40% lately so charge before leaving. no giant bag. def wear the black boots not sneakers.",29,Female,US,Graphic Designer,event,,,,,,
863,,,HAINV2,reject,2 dong,,2026.03.12,2026.03.12,2.1,Note,Tasha Nguyen,"Dental cleaning for Milo
Tuesday June 16, 9:10 am
Riverbend Pet Dental
4421 Cedar Ave, Minneapolis
Leave apt by 8:20 bc traffic on Hiawatha is annoying
Bring last vaccine paper from kitchen drawer
Ask abt that chipped back tooth again
No breakfast for him after 11 pm night before
Water is ok tho
Take the blue carrier, not the old cracked one
Parking entrance is behind the building
Call if running late, they said 15 min grace max
Maybe stop at Finch Coffee after if it goes ok :)
Need card + ID + pet insurance app login
Text Ben once we're done
",34,Female,US,Elementary School Teacher,event,,,,,,
866,,,HAINV2,reject,trung noi dung,,2026.03.12,2026.03.12,,Note,Marissa Cole,"Austin book fair + panel thing at South Congress Hotel, 1603 S Congress Ave, Austin, TX. Sat Apr 18. Need to leave by 8:10 bc parking there is always stupid. check-in opens 8:45, first talk 9:30. bring tote bag for signed copies. maybe wear the blue flats not heels. text Nina when I get there so she can save a seat. lunch break around 12:15, wanna try the taco stand across the street if the line isnt wild. remember charger + lip balm + notebook. author meet n greet at 2:00 in ballroom B. dont forget to ask abt the summer writing class. ride home prob 4:30 unless traffic is awful. backup coffee stop = Jo's nearby. ticket email is in inbox under ""ATX Reads"". no buying 8 books again lol. if rain, grab umbrella from car first.",29,Female,US,Elementary School Teacher,event,,,,,,
867,,,HAINV2,reject,trung noi dung,,2026.03.12,2026.03.12,,Note,Daniel Mercer,"Cousin Leah's engagement dinner
Harbor House, 214 Bay St, Savannah, GA
Friday May 22
reservation under Aunt Rosa at 6:30 pm
need to be there 20 min early bc she gets stressed if ppl trickle in late

bring small gift bag + card
pick up flowers from Bloom Room around 4:45
wear the navy button down, not the wrinkled white one
parking lot behind restaurant is tiny so maybe use the public deck on Bryan St

call Mom after work to see if she's riding with me
ask host abt vegetarian plate for Maya
cake cutting maybe 8ish :))
dont forget phone charger bc Leah will def want pics
if dinner runs long, move car before 10 to avoid ticket
send congrats text to Ben too, I always forget the groom somehow",41,Male,US,Insurance Adjuster,event,,,,,,
868,,,HAINV2,reject,trung noi dung,,2026.03.12,2026.03.12,,Note,Tasha Nguyen,"Dentist cleanup appt - Dr. Patel.
Lakeview Dental, 882 W Belmont Ave, Chicago.
Mon June 8 at 11:15 am.
Leave office by 10:35 bc train delays have been bad lately.
Bring new insurance card.
Ask about the back molar sensitivity if it still bugs me.
Skip coffee that morning so teeth dont look gross.
There is street parking on Wilton but meters only take the app now.
Check if they still validate garage parking.
Need to confirm with receptionist whether next whitening promo starts in July.
After appt, grab soup from the corner place if I have time.
Text boss that I'll be back online after 1.
Put retainer case in purse tonight so I dont forget again.
Phone reminder for 9:50 would help.
DO NOT reschedule this one again.",34,Female,US,UX Designer,event,,,,,,
870,,,HAINV2,reject,trung noi dung,,2026.03.12,2026.03.12,,Note,Keisha Brennan,"1. PTA spring carnival volunteer night
Maple Grove Elementary, 77 Linden Rd, Raleigh, NC
Thurs April 30

Need there by 5:40 even tho event starts 6:00
2. check in at front office first
bring the fold-up cash box from kitchen drawer

- booth assignment might be ring toss or snack table, ask Ms. Howard
- if outside field is muddy theyll move everything into the gym

also:
text Omar to pick up Ava at 8 instead of 7:30
pack light jacket bc it gets weirdly cold after sunset

* card reader charger
* raffle tickets
* bandaids for the kiddo volunteers lol

Last thing — parking fills up fast near the cafeteria side, use the south lot off Pine St maybe by 5:25 🚗",46,Female,US,Payroll Specialist,event,,,,,,
871,,,HAINV2,reject,"trung noi dung, ngan",,2026.03.12,2026.03.12,,Note,Lauren Bishop,"Jazz on the River next Fri at Harbor Park amphitheater, Savannah GA — wanna leave work early for this bc parking there gets ugly fast. bring light jacket bc it gets weirdly chilly by the water after sunset. need cash for the food trucks maybe. text Nina if she still wants in. doors 6:30 pm, music starts 7:30, Friday April 18. reminder to screenshot the tix before heading out bc service there always acts up. meeting spot prob near the big fountain by the front gate around 6:45. address i wrote down: 201 Riverfront Dr, Savannah. if raining, check IG by noon for venue update. maybe book Lyft home instead of driving. also dont wear the new shoes lol last time my feet were dead. bring portable charger. maybe grab tacos after if the line isnt insane. check bag policy tmrw.",29,Female,US,Middle School Teacher,event,,,,,,
874,,,HAINV2,reject,trung noi dung,,2026.03.12,2026.03.12,,Note,Eric Holloway,"Softball league opener
Riverside Field 4, 910 Lakeview Rd, Tulsa
Sunday Mar 29
game starts 3:00 pm but coach said show up 2:15

Need to tape ankle before I leave
also bring the gray jersey, not the blue one
and cash for team dues bc I keep forgetting

after game maybe burgers at Sid's if everybody goes
text Ben abt borrowing his extra glove just in case

- weather looked windy, pack hoodie
- parking entrance is on the east side

if we win first game, dont agree to the late second game unless ankle feels okay
seriously stretch this time :(",33,Male,US,Auto Mechanic,event,topics of interest,sports,,,,
880,,,HAINV2,reject,2 dong,,2026.03.12,2026.03.12,,Note,Hannah Brooks,"Cousin trip notes / reunion mashup
Blue Ridge family cabin weekend
Asheville area, 44 Pine Overlook Rd, Black Mountain NC
Oct 18-20
Fri check-in after 5 pm

1) stop in Greenville first if I leave by noon
2) grab ice + charcoal
3) Aunt Dee landing around 4:20, maybe too tight to meet her

- Saturday: family chili cookoff at the cabin deck, judging 1 pm
- later maybe drive to downtown Asheville for dessert around 7:30
- need the folding card table from garage

Sunday brunch w everyone before checkout, 9:30ish
note to self the ""official"" thing on the group text is Brooks Fall Mountain Weekend 🍂

Please dont forget guest room sheets this time
also pack hoodie, mornings get cold fast up there
if cell service is bad, wifi code should still be on the fridge note
title, place, date all here so no excuses lol",37,Female,US,Physical Therapist,event,,,,,,
881,,,HAINV2,reject,ngan,,2026.03.12,2026.03.12,,Note,Marissa Cole,"Sunscreen + folding chair in trunk before I forget, Riverfront Jazz Night at Tom Lee Park, Memphis, Saturday June 20, gates 6:30 pm, music starts 7ish, parking prob easier off Riverside Dr, meet Dana by the food trucks near the big fountain, bring cash bc last year card line was sooo slow, text her when leaving Midtown, wear the denim jacket if it cools off after dark, dont sit too close to speakers again, ticket screenshot is in email, maybe grab tacos on S Main first, if rain then check venue insta by 4, restroom by south entrance was cleaner lol, leave no later than 5:45, charge phone, bring mini bug spray, title for calendar says Jazz Night so dont mix it up with work dinner, note to self this is the one with the blue wristband pickup",31,Female,US,High school counselor,event,,,,,,
887,,,HAINV2,reject,trung noi dung,,2026.03.12,2026.03.12,,Note,Marcus Hill,"Work trip note
Denver client summit at The Slate Hotel, 1250 Welton St, Denver, CO
Mon May 11
flight lands 7:40 am if no delays
check in prob not till afternoon so keep laptop in backpack

Need for the morning:
navy blazer
chargers + clicker
printouts for 10:30 session
coffee before meeting bc hotel stuff is always weak :/

Main schedule
breakfast with Aaron in lobby 8:30
panel starts 10:30, Ballroom C
client dinner at Rioja, 1431 Larimer St, 7 pm
maybe invite Priya too

Tuesday
catch up meeting 9:15 with WestPeak team
airport by 3:45 pm for 5:20 flight home
save Uber receipt for expense report
dont ramble in Q&A lol
send Mom text when I land",42,Male,US,Product Manager,event,topics of interest,work_life,,,,
889,,,HAINV2,reject,trung noi dung,,2026.03.12,2026.03.12,,Note,Robert Chen,"- neighborhood assoc meeting
- Tues Sept 9
- 6:30 pm, try not to cut it too close
- Brookside Community Center, 88 Harlan Ave, Columbus OH
- topic is the alley lighting + trash pickup mess behind our block
- bring those photos from last week
- Mrs. Keller said sign-in starts at 6:10
- maybe sit near front so I can actually hear
- ask about permit timeline for street fair
- call Ben before, he wanted to come
- bring blue folder w/ notes from July meeting
- if parking lot full, street parking on Mason
- maybe wear jacket, room always freezing
- after meeting stop by Greenleaf Deli if still open
- dont forget to mention the broken curb by 4th
- this one matters, no skipping :)",56,Male,US,Auto Mechanic,event,people relationships,,,,,
891,,,HAINV2,reject,ngan,,2026.03.12,2026.03.12,,Note,Marissa Holt,"Summer block party at Oakview for the new neighbors, Sat June 20 in Raleigh, starts around 4ish and prob goes till 9. Need to remember folding chairs, bug spray, and that peach cobbler if I have time after work. parking is on the side street by 118 Oakview Dr, not in front of the mailboxes. Jen said kids are doing chalk by 5 and music starts closer to 6:30. I should leave by 3:35 so I can swing by Harris Teeter first. also pls text Nate before noon bc he always forgets the adress. Wear the blue sundress if it’s hot, bring denim jacket if it cools off later. Don’t show up empty handed again lol.",34,Female,US,Elementary School Teacher,event,,,,,,
894,,,HAINV2,reject,trung noi dung,,2026.03.12,2026.03.12,,Note,Ronald Pierce,"Flight to Denver for Avery’s wedding weekend
Fri Oct 9, wheels up 6:40 AM out of Nashville
BNA Terminal C, get there stupid early bc security was a mess last time
hotel check-in at The Maven, 1850 Wazee St, Denver

- rehearsal dinner at Brider, 1644 Platte St, 7 PM Friday
- ceremony Saturday 4 PM at Moss Denver, 200 Santa Fe Dr
- brunch Sunday 10:30 at hotel lobby cafe

Need gift bag, navy tie, brown shoes, charger
pick up suit from tailor on Wed
text Avery when I land :)

Also maybe squeeze in quick stop at Union Station if there’s time
weather prob chilly at night so pack the heavier coat
seat is 14A unless they change it again
do not forget the vows card from kitchen counter

If delayed, call Liz instead of panicing and rebooking random stuff",51,Male,US,Insurance Adjuster,event,topics of interest,traditions celebrations,,,,
896,,,HAINV2,reject,trung noi dung,,2026.03.12,2026.03.12,,Note,Alyssa Moreno,"cousin brunch + baby shower thing at Harbor House, 214 E Mason St, Milwaukee
sat april 18
be there by 10:40 not 11 bc parking gets ugly
table is under Nina maybe maybe under Moreno if she changed it
bring the yellow gift bag from closet shelf
card still not signed wow
wear the green dress unless weather is weird
text Jess when leaving downtown
need cash for valet just in case
after brunch everyone heading to lakefront for pics
dont forget charger bc phone always dies at events
bakery pickup at Sweet Crumb, 9:15 am, same day
ask if they wrote “Welcome Baby Emi” right this time
if late, just go straight to Harbor House patio side
mom said grandma cant hear well so sit near her
note to self: stop by Walgreens first for tissue paper
prob done around 2:30 unless family starts chatting forever lol
save address offline friday night",29,Female,US,Elementary School Teacher,event,,,,,,
899,,,HAINV2,reject,trung noi dung,,2026.03.12,2026.03.12,,Note,Daniel Whitaker,"1) Dad's retirement dinner
Friday Sept 11
6 pm at The Copper Mill, 18 Broad St, Savannah

Need to call restaurant by Wed and confirm party of 11
maybe 12 if Aunt Colleen actually comes this time

- pick up framed photo from Main Street Prints around noon
- swing by hotel lobby at 5:20 to grab Uncle Ray

speech ideas:
first fishing trip story
the busted lawnmower summer
how he never missed a band concert

Don't forget card.
seriously, dont forget it again.

* wear navy jacket, not the tan one, too hot
* reserve parking online if the garage link still works

After dinner maybe river walk for dessert if everyone has energy
or just head back bc Dad gets tired fast lately

Bakery backup: Lulu's on Drayton if cake order is messed up :(
Need candles? maybe silly, but kinda sweet.

end of night text Megan pics for family album",52,Male,US,High School Band Director,event,,,,,,
901,,,HAINV2,reject,ngan,,2026.03.12,2026.03.12,,Note,Marissa Cole,"Summer block party at Riverside Park, Sat June 20, starts around 3:30 pm and prob goes till 8ish, bring folding chair bc last yr my back was dead. parking usually fills on Oak St side so try the lot near 118 River Ave instead. text Jenna if running late but I should leave apt by 2:45. need the peach cobbler picked up from Hilltop Bakery before 1. also don't forget cash for raffle + card for Mrs. Larkin. kids games near the baseball field at 4, band setup closer to the gazebo around 5:15, fireworks maybe not till dark. weather check that morning. wear the old sneakers. if Tom comes, save him a plate. banner drop-off at community office on Friday. bathroom is by the pool building. kinda wanna sit near the shade trees this time :) and pls no white shirt bc of BBQ sauce disaster lol.",34,Female,US,Elementary school teacher,event,,,,,,
903,,,HAINV2,reject,trung noi dung,,2026.03.12,2026.03.12,,Note,Kiara Bennett,"Dental cleaning for Ava
Bright Smiles Pediatric Dentistry, 4427 Maple Rd, Columbus
Thursday August 6 at 4:20 pm.
Leave work by 3:35 so traffic doesnt wreck everything.
Bring insurance card and the school form.
Ava likes the strawberry paste, write that down.
Parking is behind the building off Franklin alley.
Need to remind them about the tiny chip on left front tooth.
If she gets nervous, let her hold the purple pop-it.
Copay was around $35 last time, maybe bring cash just in case.
Stop at Target after if she behaves.
Text dad when we're done.
No snacks in the car right before, obvious but still.
Office said arrive 15 mins early for paperwork.
Call if running late: number saved in favorites.
Try not to book meetings that afternoon.
maybe ice cream after, small cone only.
dont forget mask in bag even if they prob dont care anymore",29,Female,US,Payroll specialist,event,,,,,,
904,,,HAINV2,reject,trung noi dung,,2026.03.12,2026.03.12,,Note,Everett Shaw,"• Cousin Leah's engagement dinner
• Friday, November 13
• Harbor House, 78 Seaport Blvd, Boston
• reservation under Aunt Denise, 6:45 pm
• be there by 6:20 bc family always starts milling around early
• wear navy button-down, not the plaid one
• pick up gift bag from closet shelf
• card still needs finishing, keep it short lol
- swing by City Blossoms at 5 for the white flowers
- parking garage entrance on Sleeper St
- ask host if our table is upstairs or patio
* maybe sit near Marcus so convo isnt awkward
* no politics, seriously
+ after dinner maybe rooftop drinks at Rowes Wharf around 9:30
+ weather could be chilly, bring jacket
→ send Leah the old pic of us from Maine if I remember :((",37,Male,US,Auto claims adjuster,event,,,,,,
908,,,HAINV2,reject,trung noi dung,,2026.03.12,2026.03.12,,Note,Keisha Benton,"Dentist cleaning - Midtown Smiles, 242 W 38th St, New York, NY, Monday June 3 at 8:45 am.
Leave apt by 7:55 or subway will be packed.
Bring new insurance card bc last time front desk couldnt find me.
Need to ask abt whitening prices but dont commit yet.
Call out first half of morning at work.
Grab coffee after only if they dont numb my mouth weird again.
Dr. Shah usually runs on time so no excuse for showing up late.
Parking not worth it in that area.
Maybe stop at CVS next door for floss picks.
Text Mom back after appt bc she always asks how it went.
Put phone on silent before going in.
Dont wear white sweater bc toothpaste splatter risk lol.
Ask for receipt for HSA.
If reschedule needed, avoid Fridays.
There was a tiny waiting room so no giant tote bag.
Rain maybe, carry umbrella.
Title in calendar should say CLEANING not checkup so I dont confuse it again.
Remember the entrance is between the nail salon and deli.
Reward after = bagel.",34,Female,US,Payroll Specialist,event,,,,,,
912,,,HAINV2,reject,trung noi dung,,2026.03.12,2026.03.12,,Note,Marcus Bell,"1. Dad's retirement cookout - Sun June 9 at Aunt Denise's place, 1148 Sycamore Ln, Raleigh.
2. Starts around 2ish but food prob not ready till 3:30.
3. Need to pick up ice + buns on the way.
4. Bring folding chairs from garage.
5. Call Uncle Reggie Saturday night to see if he's bringing the smoker.
6. Mom wants the old family photos on that foam board thing.
7. Print the one of Dad at the Ford plant, 1989.
8. Don't forget card + cash gift, still haven't signed it.
9. Wear something cool, backyard gets crazy hot.
10. Kids will be there, so maybe toss football in trunk.
11. Could invite Janelle if she's back from Charlotte by then.
12. Start driving no later than 1:00.
13. Might rain, check forecast Friday.
14. Dad likes peach cobbler, see if bakery still has whole trays.
15. IMPORTANT: no work calls during it.",41,Male,US,Payroll Specialist,event,,,,,,
913,,,HAINV2,reject,ngan,,2026.03.12,2026.03.12,,Note,Priya Sandoval,"Hair appt w/ Nina next Wed May 14, 5:45 pm, GlossLab downtown, 58 W 21st St, New York. Need trim + maybe curtain bangs but don't let me get talked into going too short bc I always regret it. Parking there is a pain so prob subway. Bring the inspo pics from saved folder, and the gift card from Xmas if it's still in wallet. She said to come w/ dry hair. Also maybe ask about booking color for June before wedding season gets nuts :) Total was around $92 last time before tip. If running late text salon front desk, not Nina directly.",34,Female,US,UX Researcher,event,,,,,,
914,,,HAINV2,reject,2 dong,,2026.03.12,2026.03.12,,Note,Daniel Mercer,"Vet fundraiser 5k
Saturday Sept 13
Liberty Park, 900 Lakeview Dr, Madison
check-in 7:15 am
race start 8:00
don't forget the printed reg form
and cash for the raffle tickets
ask Ben if he's still carpooling
wear the older running shoes, not new pair
maybe bring light hoodie bc mornings get chilly
table for rescue dogs opens after the race
could be dangerous for me lol
pick up dog food donation from pantry Friday night
set 2 alarms seriously
grab banana + water before leaving
if knee feels weird, just walk it no being dumb",38,Male,US,Physical Therapist,event,,,,,,
917,,,HAINV2,reject,trung noi dung,,2026.03.12,2026.03.12,,Note,Devin Carver,"Dentist cleaning - not glamorous but do NOT miss this one.
Lakeview Dental, 1847 W Belmont Ave, Chicago.
Mon May 11 at 8:15 am. leave apt by 7:35 bc traffic is dumb.
bring new insurance card + ask abt night guard quote.

also need to mention that weird sensitivity on left side, mostly when coffee is too hot.
call ahead if running late: front desk was nice last time.
Dr. Kim said morning appts move faster, so pls dont snooze alarm 4 times.

afterwards maybe grab bagel at Steingold's if I'm not numb lol :))
text boss before appt so they know I'll log in closer to 9:30.
parking garage entrance is on the alley side, easy to miss.

title in calendar says “routine cleaning + x rays”.
bring lip balm.
no giant coffee before bc teeth stains, ugh.
double check if copay is due same day.
might ask about whitening but prob too $$$.
set second alarm for 6:55 just in case.",41,Male,US,Insurance Adjuster,event,,,,,,
921,,,HAINV2,reject,ngan,,2026.03.12,2026.03.12,,Note,Marissa Cole,"Harper baby shower at Jenna's place, don't blank on this again. Sunday Apr 14 in Columbus, 2ish but ppl prob show at 1:30. 48 E North Broadway, apt 3B, park in back lot if any spots left. bring yellow gift bag + tape card shut before leaving. need to grab flowers from Bloom House on High by noon. text Liv when heading out so we don't both bring ice. maybe wear the blue dress not the black one, last time too hot. ask if husbands are staying or just dropping off. cupcakes are vanilla + lemon, Harper can't do peanuts so double check snack tray. stop at Target for tissue paper, ribbon, baby wipes. reminder: take pic of invite in case I forget registry store. if late, use side entrance not front buzzer, Jenna said it's weird. leave house around 12:40 max. also bring the little polaroid cam if battery's not dead. don't make this chaotic pls.",29,Female,US,Elementary School Teacher,event,,,,,,
923,,,HAINV2,reject,trung noi dung,,2026.03.12,2026.03.12,,Note,Kiara Benson,"1. Mom's 60th dinner :)
2. Saturday, May 11
3. 7:00 pm reservation, maybe get there 6:30
4. Lake House Grill, 902 Marina Blvd, St. Petersburg
5. private room under ""Benson party""
6. call restaurant Fri to confirm we're 14 not 12
7. bring the printed photos from when we were kids
8. ask Andre to pick up the cake from Sweet Crumb by 4
9. colors are navy + silver, not doing anything too fancy tho
10. remind Aunt Celeste the place has stairs at the front
11. candles? yes. lighter? also yes pls
12. need a short toast, keep it cute not cheesy
13. playlist on my phone if they let us use the speaker
14. parking behind the restaurant fills fast
15. don't tell Mom we're meeting there for ""just dinner"" lol
16. backup time if ppl run late = 7:30 to order
17. bring tissues bc I already know she's gonna cry",34,Female,US,Dental Hygienist,event,,,,,,
927,,,HAINV2,reject,trung noi dung,,2026.03.12,2026.03.12,,Note,Connor Reeves,"Cousin Lea baby shower :)
Sunday Sept 6, 1 pm
Maple Grove Community Hall
1187 Westover Rd, Columbus OH
need to leave by 11:45 bc traffic gets dumb on 70
bring the yellow gift bag from closet top shelf
dont forget card + target receipt

ask mom if she's riding w me or Aunt Jen
Lea said games start right away so dont be late this time
wear the blue button down, not the wrinkled one
maybe swing by Kroger for tape + extra tissue paper

parking around back near the playground
save host number: +1 614-555-0187 in case I cant find the room
take a pic w Lea and grandma before ppl leave
baby shower at Maple Grove Hall, Sept 6, 1:00, Columbus :)",28,Male,US,Warehouse Supervisor,event,,,,,,
928,,,HAINV2,reject,trung noi dung,,2026.03.12,2026.03.12,,Note,Denise Holloway,"Neighborhood HOA meeting
Tuesday, October 13
7:00 pm sharp
Westfield Library meeting room B
402 N Benton Ave, Tulsa
I said I'd bring the updated yard sign samples.
Print the cost sheet at work before heading out.
Need to ask about the broken gate by the pool again.
Also mention streetlight near lot 12 still flickers.
Mrs Parkins talks forever, sit near the door.
Bring black notebook, last page has old votes.
Check if dues can be paid online now.
Dont forget reading glasses.
Maybe leave house by 6:20 just in case rain starts.
Text Eli to feed the dog if mtg runs late.
HOA meeting = Library room B, Tulsa, Oct 13, 7 pm.",46,Female,US,Marketing Coordinator,event,,,,,,
931,,,HAINV2,reject,trung noi dung,,2026.03.12,2026.03.12,,Note,Melissa Carter,"cousin’s baby shower for Jenna at The Willow Room, 1842 Pine St, Columbus
sat April 18
be there by 1:15 even tho invite says 1:30
park behind the bakery bc street parking is probly awful
bring the yellow gift bag + tape the card shut
ask Tia if she still wants me to grab ice on the way
wear the blue midi dress, not the black one, too funeral-y
text Ava when I leave so we don’t both bring diapers lol
cake pickup from Sweet Crumbs at 11:45
don’t forget cash tip for decorator
table by window was reserved under “M. Carter” I think
Jenna’s friend from nursing school will have the games stuff
need photos of centerpieces for mom
if running late use side entrance on Maple
also maybe stop for flowers bc the place might look plain",29,Female,US,Elementary School Teacher,event,,,,,,
933,,,HAINV2,reject,trung noi dung,,2026.03.12,2026.03.12,,Note,Priya Bennett,"1. PTA spring carnival planning mtg
2. Lincoln Middle School library, 55 Grant Ave, Tacoma
3. Tues June 9 at 6:30 pm
4. bring the raffle sheet and last year’s vendor list
5. ask Nora if the taco truck is confirmed yet
6. need exact headcount for volunteers
7. call custodian office before noon that day
8. maybe suggest wristbands instead of paper tickets
9. check if rain backup is gym or cafeteria
10. remember to ask abt power outlets for the inflatables
11. put cash box on my front seat so I dont forget it
12. stop at Target after work for poster board
13. kids want me home by 8:30 max
14. text Ben once meeting starts
15. this one matters, can’t show up all scattered again",37,Female,US,Dental Hygienist,event,,,,,,
935,,,HAINV2,reject,2 dong,,2026.03.12,2026.03.12,,Note,Angela Ruiz,"one sentence per line bc my brain is fried.
community garden volunteer day.
Sun Sept 20.
8:00 am to noon, maybe a little later if cleanup drags.
Green Patch Garden, 2716 W Fullerton Ave, Chicago.
bring gloves, hat, sunscreen, refill water bottle.
text Maya by Sat night so we can carpool.
there’s a seed swap table near the south fence.
wanna bring the extra tomato starts from the porch.
check if kids corner still needs paint markers.
remember cash for the coffee cart, last time card reader died.
ask Luis about the compost workshop next month.
old jeans only, not the new ones, seriously.
phone pics of the herb beds for balcony inspo.
leave apartment by 7:10 or parking will be a mess.
nice low-key morning, no excuses to skip it.",46,Female,US,Social Worker,event,,,,,,
936,,,HAINV2,reject,trung noi dung,,2026.03.12,2026.03.12,,Note,Alyssa Moreno,"Jazz in the Park reminder — not to forget this again lol. Friday, April 17 at 7:30 pm over at Millennium Park, Chicago, near the Jay Pritzker Pavilion lawn. Bring the blue picnic blanket, portable charger, and that light jacket bc it gets weirdly windy after sunset. Parking looked annoying last yr so prob better to take the Green Line and walk over from Washington/Wabash. Need to text Nina by Wed night and ask if she still wants to meet by the Cloud Gate side around 6:45. Food trucks should be there but maybe eat smth first so I’m not starving halfway thru. Also write down gate info if they post it later. If rain, check the park site around noon. Don’t wear the white sneakers. 
jazz in the park
fri april 17
7:30 pm
Millennium Park, Chicago
meet Nina by Cloud Gate 6:45
bring blanket
portable charger
light jacket
CTA maybe better than parking
grab snack first
check weather at noon
don’t wear white shoes
find bathroom early
take pics for mom
leave work on time pls
maybe bring cash
look up lineup again",29,Female,US,Elementary school teacher,event,,,,,,
939,,,HAINV2,reject,trung noi dung,,2026.03.12,2026.03.12,18,Note,Daniel Price,"* Flight to Seattle for UX workshop
* Mon Sept 14, wheels up 8:10 am from Denver Intl
* get to airport by 6 bc TSA there is a whole mess :))
* Alaska counter, terminal C
* workshop itself is Tues 9/15 at 10 am
* Hyatt Olive 8, 1635 8th Ave, Seattle
* check-in Monday after 3
* training room says Cedar B on the email
* dinner w team maybe 7ish at Pike Place area
- pack laptop charger
- not the broken one
- notebook, badge, black hoodie
- expense card
1. save boarding pass to wallet
2. screenshot hotel address
3. call Josh once landed
4. ask if breakfast is included
5. bring umbrella maybe
last thing: submit dog boarding pickup time for Wed night",38,Male,US,UX designer,event,,,,,,
940,,,HAINV2,reject,,,2026.03.12,2026.03.12,12,Note,Renee Castillo,"volunteer fair / community garden day
Sun Oct 4
9:00 am to 1:00 pm
Harrison Community Garden, 2218 W Fulton St, Chicago

Need this to be organized better than my last note
Title: neighborhood volunteer fair + fall planting
wear old jeans, gloves, sunhat
bring water + granola bar

Things to ask when I get there:
- where check-in table is
- whether compost demo starts at 10 or 10:30
- if kids station needs extra help

also
parking might be on Claremont side only
meet Tasha near the mural wall around 8:45
afterward maybe coffee at Grounded Bean, 2311 W Lake
put sunscreen on before leaving home
pls do not overbook the day again
maybe print the donation receipt",46,Female,US,Payroll specialist,event,,,,,,
941,,,HAINV2,reject,2 dong,,2026.03.12,2026.03.12,,Note,Marissa Holt,"Austin half marathon packet pickup + race morning note, dont forget this again. Expo at Palmer Events Center, 900 Barton Springs Rd, Austin, TX. Packet pickup Friday Apr 17 after work, maybe 5:45ish, race is Sat Apr 18 and corrals open 6:00 AM. Park near Lee Barton if its not insane. Need bib, ID, clear bag, gels, safety pins, old hoodie to toss at start. Text Nina when leaving apartment so she knows if im running late. If rain, bring the cheap poncho from hall closet. Coffee no later than 5:15 or stomach gets weird. Set 2 alarms, 4:40 and 4:47, no snooze. Finish line meetup by the big red sculpture near Auditorium Shores around 10. If legs are dead just walk the last hill and be normal about it. Post-race tacos at Veracruz on Congress if still open by then. Also charge watch Friday night, last time it died at mile 8 which was rude. Maybe write emergency contact on back of bib too.",29,Female,US,Graphic Designer,event,,,,,,
943,,,HAINV2,reject,trung format,,2026.03.12,2026.03.12,,Note,Elena Ruiz,"Dermatology follow-up appt
Lakeview Skin Center
1147 W Belmont Ave, Chicago
Thursday May 14
appt at 3:20 PM, be there by 3:00
train might be faster than driving
bring insurance card + photo ID
ask abt refill before leaving
write down which face wash caused the redness
stop at pharmacy on N Sheffield after
maybe call work at lunch so they know im out 2-4:30
parking garage on Melrose if weather sucks
save receipt for HSA
dont wear makeup that day
set reminder night before",34,Female,US,Elementary School Teacher,event,,,,,,
944,,,HAINV2,reject,trung noi dung,,2026.03.12,2026.03.12,,Note,Kevin Maddox,"- Dad's retirement party dinner
- Sat Nov 7, 7:00 PM
- The Cedar Room, 18 Market Sq, Charleston, SC

* call aunt Renee by Wed and confirm if she's bringing Uncle T
* pick up cake from Sweet Juniper at 4:30
* ask host stand for back room ""Maddox party""

• slideshow on USB in coat pocket, not backpack
• old family pics still need the one from fishing trip 2008
• bring blue button-down from cleaners

+ reserve 2 extra chairs just in case cousins show up late
+ toast notes: keep it short, no rambling, no embarassing stories pls :( 
+ check if valet takes cards",52,Male,US,Auto Claims Adjuster,event,,,,,,
946,,,HAINV2,reject,ngan,,2026.03.12,2026.03.12,,Note,Melissa Hart,"Sat — remember this bc I already almost forgot lol Coastal Makers Fair, Pier 48 in San Diego, Sunday Apr 19, get there around 10:15 if parking is gonna be bad. bring tote bag, cash for the ceramic booth, and the blue flyer from Jenna. maybe leave by 8:40 from apt. if it rains move meetup to Harbor Coffee on Pacific Hwy at 11. text Ava when parked. also wanna check the mini print workshop at noon and the food trucks after. dont wear heels again, last time was dumb. ticket email says entry gate B. charger in purse. maybe swing by mom's after if not too wiped. :))",29,Female,US,Floral Designer,event,,,,,,
948,,,HAINV2,reject,trung noi dung,,2026.03.12,2026.03.12,,Note,Tasha Nguyen,"Dentist cleanup - Dr. Patel
Mon June 22, 8:45am
Brookside Dental, 922 E Market St, Louisville
leave house by 8:05 bc traffic gets weird there
insurance card in wallet already
need to ask abt the sensitive tooth on left side
no coffee before, teeth all stained last time ugh
call office if running late: +1 502-555-1846
might stop by Target after for shampoo
remember to submit parking ticket at front desk
hair tie
water bottle
rebook for fall before leaving
text Marcus once done
seriosuly do not cancel again",33,Female,US,Respiratory Therapist,event,,,,,,
952,,,HAINV2,reject,"trung noi dung, trung format",,2026.03.12,2026.03.12,,Note,Marcus Holloway,"• Event: Dad's retirement dinner :))
- Thurs Sept 12
• 6:45 pm reservation
* Harbor House Grill
- 214 E Bay St, Charleston SC
1. call restaurant Wed morning to confirm patio if weather ok
2. ask for table near window, not by kitchen
3. bring card from me + Tasha + the boys
• pick up cake at Sweet Crumb around 4:30
- inscription: Congrats Dad, enjoy sleeping in
* Aunt Renee coming from Summerville, save her a seat
• Uncle Pete is always late so dont wait to order appetizers
4. wear navy button down, not the wrinkled gray one
- parking garage on Cumberland might be cheaper
* maybe leave office early, traffic downtown gets stupid after 5
• speech?? keep it short, no rambling about fishing trip lol
- take pics before everyone starts eating
* ask host if they can dim lights for cake at 8ish
• bring extra lighter just in case
- remind Mia to call Dad before dinner if she cant make it",46,Male,US,Auto Claims Adjuster,event,,,,,,
953,,,HAINV2,reject,trung noi dung,,2026.03.12,2026.03.12,,Note,Jasmine Cortez,"dentist cleanup + whitening consult
Lakeview Dental Arts, 805 W Belmont Ave, Chicago
Mon Aug 18, 9:10 am
need to leave apt by 8:20 bc train delay lately
bring insurance card + ID
last time they asked abt new address
 
call during lunch if I need to move it
front desk lady said Dr. Shah only does consult notes till 11:30
I want to ask abt the sensetive tooth on left side but not make it a whole thing
maybe coffee after at the place by the corner if I'm brave enough lol
 
Title for calendar: Dental checkup at Lakeview
parking garage entrance is on Halsted, not Belmont
text Ben the night before so he remembers the dog walk
do not wear white sweater again
they always splash water everywhere
also ask for estimate printout before leaving
if they try to book me for a random 7am, just say no
grab lip balm from purse
set 2 alarms",29,Female,US,UX Designer,event,,,,,,
954,,,HAINV2,reject,2 dong,,2026.03.12,2026.03.12,,Note,Trevor Pike,"Event title: Red Rocks Sunday hike meetup
Location: Red Rocks Park, Trading Post Trailhead, Morrison CO.
Date: Sunday April 27.
Meet Sam and Jo at 7:30 am by the lower parking lot.
Leave Denver apartment by 6:40 bc parking fills up fast.
Bring 2 water bottles and the small sunscreen.
Wear the broken-in boots, not the newer ones.
Text Sam when I'm on C470.
There might be wind so pack the light jacket.
After hike maybe brunch at Morrison Inn around 10:45.
Need cash for park coffee stand if it's open.
Take pics for mom, she keeps asking what Colorado actually looks like.
Remember the bird list app, Jo wants to spot hawks again.
If knee feels weird, skip the longer loop and dont be dumb.
Charge headphones Sat night.
Trash bag in trunk for muddy shoes.
Check weather one more time before bed.
No sleeping in, serious.
Set meetup note in maps so I dont miss the turn.",38,Male,US,Software Support Specialist,event,,,,,,
956,,,HAINV2,reject,trung noi dung,,2026.03.12,2026.03.12,,Note,Monica Reyes,"Austin design meetup next wk maybe finally go
title: Women in Product Happy Hour
Wednesday May 20
6:30 pm check-in
actual talks start 7ish
The Cathedral
2403 E 16th St, Austin, TX
park on side street if lot is full
bring biz cards + charger
wear the black blazer not the hoodie lol
ask Nina if she's still coming from Round Rock
afterward maybe drinks at that patio place nearby
need to leave work by 5:45 or traffic will be awful
RSVP email said photo ID at door
save seat if Marisol gets there early
remember topic is career pivots + product hiring
don't forget to write down recruiter names this time",31,Female,US,Product Designer,event,,,,,,
966,,,HAINV2,reject,2 dong,,2026.03.12,2026.03.12,,Note,Hannah Mercer,"Spring vendor fair at Riverton Plaza, finally put this here so I stop mixing it up with Mia's school thing.
Saturday May 18.
Riverton Plaza, 2148 West Monroe St, Chicago.
setup starts 7:15 am.
public opens at 9.
bring folding sign, square reader, cash pouch, black table cloth.
need coffee before leaving or i will be grumpy.
text Leah when parked bc she has booth B12 too.
parking entrance is off Carpenter, not the main lot again.
lunch break maybe around 1 if traffic is slow.
special note: raffle drawing at 2:30, dont miss it this time.
can prob leave by 4:45 unless teardown drags.
weather said maybe windy so pack clips for the table.
bathroom code from last email was 4582 unless they changed it.
wear comfy shoes, last fair wrecked my feet.
title for calendar: Spring Vendor Fair.
if mom asks, yes it's in the city not Oak Park.
check inventory friday night, candles were low last wk.",34,Female,US,Ceramic artist,event,,,,,,
968,,,HAINV2,reject,trung noi dung,,2026.03.12,2026.03.12,,Note,Priya Dalton,"Dental board review workshop - downtown campus :)
June 22, Friday.
8:00 am check-in.
Midwest Learning Center, 905 Olive St, St. Louis.
Room 4C on the second floor.
Bring ID and printed reg email.
Pack charger bc the laptop died last time.
Leave apartment by 6:50 if traffic is ugly.
Grab bagel near 8th maybe.
Lunch break at 12:15, not included.
Ask Dr. Nguyen abt mock exam packet.
Need yellow notebook, not the giant blue one.
Parking garage entrance on Pine.
Workshop ends around 4:30 unless Q&A runs long.
Stop by bookstore after if still open.
Dont forget tuition receipt form.
Title for this note is the actual event, keep it simple.
If super nervous just breathe, it's prep not the real thing.
Maybe call mom after :)",27,Female,US,Dental hygienist,event,,,,,,
972,,,HAINV2,reject,trung noi dung,,2026.03.12,2026.03.12,,Note,Marcus Delaney,"Dental cleaning - BrightSmiles Midtown
245 E 53rd St, New York
Mon May 11 at 3:40 pm
leave office by 3:00 or I'll be late again

insurance card in backpack front pocket
need to ask about the tooth thats weirdly sensitive on left side
no coffee right before, obvious but writing it here anyway
parking prob not worth it, just take the 6 train

afterward swing by CVS on Lexington for floss picks + mouthwash
Dr. Patel said last time come back in 6 mos, this is that appt
call if running late: front desk closes phones for lunch weirdly early
maybe book next cleaning before leaving so I stop forgetting

dinner after? maybe ramen nearby if mouth isnt sore :))
event note title = dentist appt midtown",44,Male,US,Warehouse Supervisor,event,,,,,,
977,,,HAINV2,reject,trung format,,2026.03.12,2026.03.12,,Note,Darnell Pierce,"Jazz in the Park thing for mom's bday
Garfield Park, Chicago
Friday June 12
gates open 6:00, music starts 7:15

Need a spot close-ish to the fountain bc aunt Linda cant walk too far
bring 2 camp chairs + the striped blanket
pickup cupcakes from Sweet Crumb around 4:30

Parking lot on Madison fills fast, backup is street parking near the conservatory
maybe take the cooler but not the giant one lol
call Marcus by noon so he doesnt bail again :))

Mom likes the old soul band, not the opener, so honestly no need to rush rush
pack bug spray, wet wipes, lighter for the little candles
weather looked warm but kinda windy last time I checked
end by 10 probably, make sure everyone has a ride home",41,Male,US,Transit Dispatcher,event,,,,,,
981,,,HAINV2,reject,ngan,,2026.03.12,2026.03.12,,Note,Melissa Grant,"Harbor Arts Walk next Sat, dont forget this one. Meet Janelle by the blue mural at Pier 9 around 5:40 if parking is bad again. Main thing is the Harbor Arts Walk in San Diego, June 20, starts at 6 pm but ppl get there early for the food trucks. Need cash for posters + maybe bring light jacket bc last year it got windy by the water. If I leave home by 4:50 I should miss some traffic. Parking garage on Ash St was cheaper than the lot near the pier. Text mom the address: 915 Harbor Dr, San Diego, CA. Also wanna stop at Luna Coffee before. Tickets should still be in email under personal acct. Wear comfier shoes this time, feet were killing me after. If Janelle is late just go in near Gate B. Maybe grab tacos after if the line isnt insane. Sunset should be nice there. dont be weird and forget the camera battery again.",29,Female,US,Graphic Designer,event,,,,,,
982,,,HAINV2,reject,trung noi dung,,2026.03.12,2026.03.12,,Note,Robert Haines,"Dad's retirement dinner

Friday, Sept 18
6:30 pm reservation, maybe get there 6:10
Lakeview Chop House
2047 W Irving Park Rd, Chicago

call Erin on Thurs to confirm she picked up the cake
ask host stand if we can sit near the back room bc Uncle Ray talks sooo loud :))
bring the old photo from Dad's first firehouse year

people coming:
Mom + Dad
me, Erin, Josh
Aunt Celia maybe late from Naperville

dont forget card in desk drawer
wear navy button down, not the wrinkled one
parking behind restaurant looked tiny last time
backup lot on N Seeley

if dinner runs long, move drinks to O'Malley's across the street around 9ish
text everyone the final headcount by Friday noon",52,Male,US,Fire Inspector,event,,,,,,
983,,,HAINV2,reject,ngan,,2026.03.12,2026.03.12,,Note,Tasha Holloway,"Baby shower for Nia 💐
Sunday Aug 9 at 1:00 pm
Community room, Maple Grove Apartments
1180 Easton Ave, Columbus, OH
need to leave by 12:15 bc auntie is always early
bring diaper cake from hall closet
pick up balloons on Sat from Party City on Morse Rd
theme is yellow + sage, no bright pink lol
ask Kay if the punch bowls are already there
games start around 1:30 i think
remember to venmo Tiff for decorations
parking is visitor spots only near building C
snap pics of Nia w/ grandma first before everybody gets chaotic
put gift receipt in the bag this time
maybe stop for ice on the way if they forgot again
note to self: not wearing heels, learned that lesson
head back home before 5 bc work at 7 next morning",34,Female,US,Payroll Specialist,event,,,,,,
993,,,HAINV2,reject,trung noi dung,,2026.03.12,2026.03.12,,Note,Elena Pruitt,"Dentist cleaning - Midtown Smile Studio
Tuesday Sept 15.
10:40 am, leave office by 10:05.
245 W 38th St, Floor 6, New York, NY.
Bring new insurance card.
Need to ask about the chipped filling on left side.
Do not drink coffee right before bc my breath lol.
Text boss if train is delayed.
Maybe take the 2 train instead of the A.
There is a Duane Reade downstairs for floss/paste after.
Title for calendar should say annual cleaning not consult.
Parking not worth it, subway only.
Call them if running more than 10 min late.
Try to book next cleaning before leaving.
Save receipt for FSA stuff.
No meetings from 10 to noon.",34,Female,US,Payroll Specialist,event,,,,,,
995,,,HAINV2,reject,trung noi dung,,2026.03.12,2026.03.12,,Note,Nina Holloway,"Baby shower for cousin Lea
Sunday May 3
Maple & Main Event Loft, 72 North Main St, Columbus OH
be there 12:30, shower starts 1 pm :)

Need to bring the peach gift bag + the little book set
also tape card envelope shut bc last time it fell out

Parking note:
garage entrance is on Lynn alley behind the building
if full, street parking on Spring might work

- wear green dress maybe
- pick up cupcakes at 11:15 from Honey Crumb
- call Aunt Denise if traffic is bad

afterwards maybe help Lea take presents to her car
dont vanish early this time, stay for photos
end probly around 4ish",38,Female,US,Speech Therapist,event,,,,,,
998,,,HAINV2,reject,trung noi dung,,2026.03.12,2026.03.12,,Note,Priya Han,"Bridal shower for Nina
Community room at Maple Terrace, 92 Greenfield Rd, Naperville
Sunday Sept 8.
Start time 1 pm, but I should get there by 11:45 to help set up.
Theme is garden brunch, mostly sage and cream.
Bring the lemon bars after picking them up from Sweet Crumb on Jefferson.
Need tape, scissors, and that extra table cloth from the hall closet.
Nina's cousin has the balloon arch, I have to remind her Friday night.
Gift is the espresso machine fund envelope, not the candles.
Double check parking rules there bc last visit they towed ppl after 3 hours.
Send final headcount to Kara by Sept 5.
Playlist should stay soft, no club stuff.
Take pics of decor before everybody arrives.
Maybe wear flats since standing all afternoon sounds rough.
Ask if the room has ice or if I need to buy 2 bags on the way.
Dont forget card, seriously dont forget it again.
If Nina asks where I am, say grocery stop so the surprise stays intact.
Event ends around 4:30 but cleanup prob till 5:15.
Put the address in maps now so I don't fat-finger it Sunday.
call mom after bc she'll wanna hear every detail",33,Female,US,Dental Hygienist,event,,,,,,
1016,,,NhiNX,reject,ngan,,2026.03.12,2026.03.12,,Note,Marissa Cole,"Sat 4/18 spring block party at Greenpoint Courtyard, 1187 Waverly Ave, Brooklyn. Need to get there by 3:40 bc check-in starts 3:45 and the raffle table closes early. bring folding chair, cash for food tix, and that blue hoodie if it gets chilly after 7. Text Nina when parked near Lot C. live band at 5, kids games around 4, cleanup crew thing maybe 7:30 if I still have energy. also dont forget brownies for the dessert table since I already said I would. ask if dogs are allowed bc Moose will cry if I leave him again lol. backup spot if rain = community gym on Hanson St. save this bc I keep mixing it up w next weekend.",29,Female,US,Elementary School Teacher,event,,,,,,
1018,,,NhiNX,reject,ngan,,2026.03.12,2026.03.12,,Note,Evelyn Harper,"Parent night for Owen's middle school orchestra
 Thurs Sept 10, 6:30 pm
 Lincoln Arts Magnet, 2450 Grandview Rd, Columbus
 
 Need to leave clinic by 5:40 or I'll hit rush hr. bring the fundraiser envelope, sign the volunteer sheet, ask Mr. Kramer abt winter concert dates. parking is supposed to be by the south entrance but last yr it filled up fast.
 
 Owen wants me there early bc he's nervous :( maybe sit near the front but not too close. remember phone charger, he said they might record one song. if Dad can come too, save him a seat on the aisle.
 
 Afterward maybe ice cream at Whit's if rehearsal didn't go badly. txt babysitter around 8:15 with an update.",37,Female,US,Registered Nurse,event,,,,,,
1026,,,NhiNX,reject,2 dong,,2026.03.12,2026.03.12,,Note,Megan Holloway,"remember: Harper wedding menu tasting w/ chef Lena
 not dinner-dinner, just tasting + final count
 Thurs April 23
 6:15 pm
 at Copper Finch
 1847 W Armitage Ave, Chicago
 park on side street bc valet was $$$ last time
 bring swatches from the dusty blue folder
 ask abt nut-free dessert for Aunt M
 and if they can do smaller plates for cocktail hr
 call Evan if running late
 +1 312-555-0194
 maybe leave work by 5:10 not 5:30
 traffic near Damen gets gross
 invoice deposit due that night
 card ending 4421 should be fine
 dont forget the seating scribbles from kitchen counter
 this is the last menu thing finally",34,Female,US,Marketing Coordinator,event,contact,,,,,
1161,,,NhiNX,reject,ngan,,2026.03.12,2026.03.13,,Note,Marissa Cole,"spring fundraiser for Ava's school at Lincoln Elementary gym, 1420 Maple Ave, Columbus, OH, Thurs Apr 23, doors 5:30, event starts 6ish, bring the blue raffle basket and the square reader, dont forget cash for change box, text Jenna at +1 614-555-0187 if the folding table still fits in her SUV, I said I'd get there early to help set up, parking usually fills by 5:15, wear the green PTO shirt if i can find it, bake sale table near the front office, ask Mr. Ruiz about extension cords, print 2 more volunteer sheets at lunch, Ava wants me to save 2 cupcake tickets, maybe bring safety pins bc the banner was falling last yr, no leaving right after prizes bc cleanup is always a mess, reminder to stop by Kroger first for ice and napkins",34,Female,US,Elementary School Teacher,event,contact,,,,,
1173,,,NhiNX,reject,2 dong,,2026.03.12,2026.03.13,31.1,Note,Nina Patel,"The book fair volunteer shift is Thursday, September 10.
 I need to be at Jefferson Elementary, gym entrance on Pine Street, by 5:40 p.m.
 Ms. Alvarez said setup starts at 6, even if parents wander in early.
 I am on the cash box until 7:30, so bring patience.
 I should pack small bills for change.
 I also need the Square reader from the PTA bin.
 Parking is behind the cafeteria, which is easier than circling front.
 I promised to tape the sci-fi posters first.
 Evan's covering cleanup after 8.
 I need the blue volunteer badge, not the red one from spring.
 Grab dinner before, because there will only be cookies again.
 Text the babysitter at 4:45 to confirm pickup.
 Put the donation jar by the register where ppl can actually see it.
 Bring a black pen for receipt names.
 Do not forget the raffle tickets on the kitchen counter.",29,Female,US,Bookkeeper,event,,,,,,
1176,,,NhiNX,reject,ngan,,2026.03.12,2026.03.13,,Note,Ava Collins,"bridal shower for Maya at The Fern Room, 412 W 8th St Kansas City, Saturday Apr 18 at 2:30 pm, don't be late again. bring the green gift bag + tape bc I still havent wrapped the candle set. text Lila at +1 816-555-2748 if parking is weird behind the building. maybe leave house by 1:40. also pick up cupcakes from Sweet Crumb on Main around 12:45. Maya's cousin said pastel clothes, no black if poss. need card, need cash for group gift, need to rember the photo polaroids. after shower maybe dinner at Brookside Tavern 6ish if ppl still going.",29,Female,US,Elementary School Teacher,event,contact,,,,,
1204,,,NhiNX,reject,trung format,,2026.03.12,2026.03.13,,Note,Trevor Madsen,"Cedar Ridge trail cleanup volunteer day at Pine Creek Trailhead, Boulder, CO, Saturday April 25.
 Meet crew at 8:15 am by the ranger kiosk.
 Wear the old boots, not the newer ones.
 Bring work gloves and the orange water bottle.
 Check if registration email said lunch is included.
 Event lead is Marisol from Open Trails Collective.
 Her number is in email if weather looks sketchy.
 Need to leave apartment by 7:20 because parking at the lower lot fills quick.
 Throw sunscreen in truck.
 Also trash grabber if it still fits behind the seat.
 They said maybe poison ivy near mile 2 so long sleeves for sure.
 Stop at gas station on 28 for coffee.
 Cleanup ends around noon, then short thank-you meetup at picnic shelter B.
 Dont forget to sign waiver at check-in table.
 Take before/after pics for work volunteer board.
 Ask if dogs are allowed next time.
 no blasting music on the drive there, save the ears.
 Home by early afternoon if all goes smooth.",36,Male,US,Auto claims adjuster,event,,,,,,
1234,,,DuongTC,reject,2 dong,,2026.03.12,2026.03.12,14,Note,Erica Boone,"Ben's spring jazz recital
 Roosevelt HS auditorium, 714 W Addison, Chicago
 Thurs May 21, doors at 6, show starts 6:30
 need to leave school by 5 or i'll miss his solo
 
 bring flowers, not balloons, bc thats the school rule now
 mom wants me to save 3 seats on the left side near the aisle
 text her once i park so she quits worrying
 she said grandma may come too if her neighbor can drive her
 
 record the second song, thats the one Ben practiced nonstop in the garage
 charge phone during lunch
 maybe stop at Walgreens for tissues + mint gum
 after recital maybe pizza at Vito's on Belmont if Ben isnt too wiped out
 he gets embarassed if i cheer too loud, so pls act normal for once
 his band teacher is Mr. Keane if i need to ask where the kids line up
 weather looked rainy, bring the small umbrella not the busted big one
 dont lose the parking ticket again",26,Female,US,Middle School Teacher,event,,,,,,
1253,,,DuongTC,reject,2 dong,,2026.03.12,2026.03.12,,Note,Alicia Moreno,"Passport renewal appt is finally booked.
 It is on Tuesday, June 9, at 9:40 a.m.
 The office is the San Diego Passport Agency at 401 W A St.
 I need to leave by 8:35 because downtown parking is chaos.
 Bring old passport and printed confirmation.
 Bring the new photo even though the first one looked weird :(
 Check that the money order says U.S. Department of State.
 Do not wear the white hoodie in the photo.
 Call Marcus on Monday night so he can remind me.
 The security line can be slow, so no coffee stop first.
 Save the parking garage ticket.
 Ask at the desk if expedited mailing is worth it.
 Walgreens receipt might still be in the glove box.
 Afterward I can grab tacos in Little Italy if it goes ok.
 Seriously do not forget the ID this time.",34,Female,US,Dental Hygienist,event,,,,,,
1257,,,DuongTC,reject,trung noi dung,,2026.03.12,2026.03.13,,Note,Marcus Ellison,"Dentist appt - crown check for left side.
 Thursday 9/17 at 10:15 am,
 Bright Harbor Dental,
 227 W Monroe St, Suite 4, Chicago.
 Don't drink coffee right before bc they always ask.
 
 Insurance card in blue wallet,
 leave work by 9:35 or traffic on Halsted gets dumb,
 Dr. Patel's desk said call if running late,
 +1 312-555-0246,
 ask about whitening price too maybe.
 
 after, swing by Target for soft food stuff,
 yogurt, soup, no chips again ugh,
 set reminder to send receipt to FSA,
 parking garage entrance is on Franklin,
 maybe bring headphones since waiting room music is awful :/",41,Male,US,Insurance Adjuster,event,,,,,,
1275,,,DuongTC,reject,trung noi dung,,2026.03.12,2026.03.13,,Note,Monica Ruiz,"baby shower for Nia
 Sunday Aug 16 at 1 pm
 Harbor Room, Seaport Hotel, 1 Seaport Ln, Boston
 kinda far so book parking ahead
 
 Need to remember this is mostly her cousins + work people, not super casual.
 pastel blue gift bag, the soft blanket, and the bookstore card all together.
 call Tiff Friday so we don't show up seperately again.
 
 bring tape for the card envelope.
 bring camera battery.
 dont be late.
 
 - ask front desk where Harbor Room is, hotel is weird
 - maybe grab flowers from Trader Joe's on the way 🌼
 - save shower game answers in Notes lol
 
 1) leave apartment by 11:45
 2) text Nia's sister when we park
 3) after party, maybe dinner in the North End if energy still ok :)",34,Female,US,Product Manager,event,,,,,,
1283,,,DuongTC,reject,trung noi dung,,2026.03.12,2026.03.13,,Note,Priya Nair,"Dental cleaning - Midtown Smile Studio, 245 E 33rd St, New York, NY
 Monday May 4 at 8:40 am
 Leave apartment by 7:55.
 Bring insurance card and ID.
 Do not drink coffee first bc teeth pics.
 Ask about the retainer crack on left side.
 Need parking app in case street spot opens.
 Call office if running more than 10 min late.
 Their desk said x-rays were covered last time, double check.
 Stop by CVS after for floss picks and mouthwash.
 Maybe work from Bryant Park cafe after.
 Text Ben that I cant do the 9 am standup live.
 Send Slack update before appointment.
 Title in calendar says cleaning but also exam maybe.
 Use the HSA card, not debit.
 Dont forget lip balm, office is always freezing.",35,Female,US,Food Product Developer,event,,,,,,
1288,,,DuongTC,reject,trung noi dung,,2026.03.12,2026.03.13,,Note,Danielle Mercer,"Title: dental cleaning + x-rays
 Mon Sept 14
 9:40 a.m.
 Bright Smile Dental, 1180 N Ashland Ave, Chicago
 leave apartment by 8:55 to beat school traffic
 insurance card goes in tote tonight
 call ahead if running late, front desk is +1 773-555-8421
 ask about whitening quote but don't commit yet
 remember Dr. Patel said no coffee right before appt
 park in the rear lot off Grace St
 bring old retainer just in case
 they emailed forms from careteam.bsdental@gmail.com
 
 need to request receipt for HSA
 pick up toothpaste after, walgreens is two blocks down
 lunch meeting starts at noon so head straight back
 set second alarm for 7:10
 seriously dont cancel again",41,Female,US,Payroll Specialist,event,,,,,,
1312,,,DuongTC,reject,trung noi dung,,2026.03.12,2026.03.13,,Note,Daniel Brooks,"baby shower for Marissa
 Sunday May 3
 11:30 at Willow & Pine, 22 W 8th St, Cincinnati
 
 bring the yellow gift bag + tape
 diaper raffle tix in kitchen drawer
 call Aunt Dee by Fri if I can help w centerpieces
 her new number +1 513 555 0184
 
 outfit = green dress or the tan one if weather gross
 leave by 9:45 bc parking downtown is annoying
 don't forget card, still need to write something not cheesy
 
 cake pickup is under Nate's name
 ask for the lemon one, not vanilla
 maybe grab decaf on the way for mom :)
 if brunch runs long, skip Target after
 send pics to Kelsey later",41,Male,en_US,UPS route supervisor,event,,,,,,
1321,,,DuongTC,reject,ngan,,2026.03.12,2026.03.13,,Note,Melissa Grant,"Sat farmer's market + brunch w/ Tia at Riverfront Square, 201 E Main St, Louisville, KY, Sunday Apr 12, 9:15 am, leave by 8:35 bc parking there is awful. Need cash for honey stand, tote bag, and that strawberry jam she liked last time. Tia said maybe bring the blue sweater if it stays windy by the water. Also check if the flower truck is there again bc mom wanted pics. Dont forget to text her when I'm leaving. Maybe swing by the bakery corner first if line isn't nuts. This is the thing I promised I would not cancel again lol. If late, meet by the fountain near 2nd St entrance.",29,Female,en_US,Elementary School Teacher,event,,,,,,
1326,,,DuongTC,reject,ngan,,2026.03.12,2026.03.13,,Note,Derek Holloway,"Fantasy football draft night at Mike's garage apartment, 1448 Canyon View Dr, Boise, ID, Saturday Aug 29 around 6:45 pm but draft board starts at 7:30 no excuses. Bring laptop charger, $25 cash buy-in, and the printed sleeper list bc wifi there always dies. Wings from Fireline ordered for 6:30, maybe grab celery on the way since nobody ever does. Need to remember Josh talks trades before the first round, ignore him. Park on the street not driveway. If I forget my keeper note again I'm an idiot. Maybe wear the old league champ hat just to annoy Evan :( Also ask Mike if his brother is joining so roster count makes sense.",38,Male,en_US,HVAC Technician,event,,,,,,
1336,,,DuongTC,reject,ngan,,2026.03.12,2026.03.13,,Note,Daniel Kim,"Open mic night at Lantern Coffee, 88 York St, Portland, Thurs Sept 17. sign-up starts 6:15, first set 7. Need to be there early enough to get a decent slot, maybe 5:50 bc it fills up fast.
 I’m doing 2 songs max — “Northbound” and maybe the stripped-down version of “Paper Sky” if my hands arent shaky. bring capo, spare picks, notebook w cleaner lyrics.
 Parking behind the bookstore is cheaper after 6. dont forget to validate inside if they still do that.
 Text Elise once I get there so she can save a chair near the front, not right by the espresso machine bc grinder noise = terrible.
 Order tea, not cold brew, don’t need extra jitters. Also charge phone before leaving and print the tiny set list in case the app dies again.
 If things go okay maybe ask the host abt the October showcase.",38,Male,en_US,UX Designer,event,,,,,,
1356,,,DuongTC,reject,ngan,,2026.03.12,2026.03.13,,Note,Tyler McKenna,"fantasy baseball draft night at Evan's place, 55 Ridgeview Ln, St. Louis, Friday March 27, 7:30 pm. Need laptop, charger, cheat sheet, and the keeper list because last year I totally blanked on round 3. He said order pizza around 8:15 but get there by 7 to set up the board. Venmo him for beer money after, dont forget. Also ask if Sam is bringing his cousin again bc seating gets weird in that tiny dining room. backup Wi-Fi password should be taped near the router. maybe leave work early so Im not rushing across town.",31,Male,en_US,Warehouse Supervisor,event,,,,,,
1363,,,DuongTC,reject,trung noi dung,,2026.03.12,2026.03.13,,Note,Priya Shah,"1. Dentist cleaning - Midtown Dental, 412 W 53rd St, New York, NY.
 2. Mon June 15, check-in 8:20 am, appt 8:45.
 3. Need insurance card + old retainer in case they ask.
 4. No coffee before bc teeth pics lol.
 5. Train option: C to 50th then walk.
 6. Can also Uber if raining.
 7. Ask about whitening quote, but only if under budget.
 8. Call office if running late: +1 212-555-4186.
 9. Put meter payment reminder for garage just in case.
 10. After this go straight to work, laptop in tote.
 11. Maybe grab bagel near 9th ave after.
 12. need to leave apt by 7:50-ish.
 13. don't cancel again.
 14. bring lip balm.
 15. done.",31,Female,en_US,Product Manager,event,,,,,,
1366,,,DuongTC,reject,ngan,,2026.03.12,2026.03.13,,Note,Marcus Holloway,"Neighborhood watch mtg next Wed July 8 at 7 pm in the basement room at St. Mark Community Center, 1420 Fulton Ave, Richmond, VA, and I really should go bc everybody keeps talking about the package thefts on Oak + Linden and I missed the last one. Need to bring the notes about the silver SUV, maybe ask if they finally got camera quotes, and remind myself the side door locks at 7:10 so dont stroll in late again. Mrs. Pollard said there will be coffee but not actual food, so eat first. If I can't find parking on Fulton try the little gravel lot behind the church. Call Ray +1 804-555-3097 if meeting moves upstairs. Also ask about August block party while everyone's there.",42,Male,en_US,City Bus Driver,event,,,,,,
1367,,,DuongTC,accepted,,,2026.03.12,2026.03.13,17,Note,Emily Rourke,"Library volunteer orientation
 Main Branch, 600 Grand Blvd, Kansas City, MO
 Tue Aug 11
 arrive 5:40 pm, starts 6 sharp
 
 bring ID for badge photo
 and maybe a sweater bc those meeting rooms are freezing
 
 I signed up mostly for the kids reading program so ask where they need ppl most.
 There was somethng in the email about parking validation, check that first.
 Coordinator = Janet, janet.rourke.events@gmail.com
 
 not related lol, weird coincidence
 
 after orientation stop by Walgreens for printer paper
 don't forget to charge phone before leaving work
 maybe invite Mia to volunteer too
 if running late, call desk +1 816-555-1422",37,Female,en_US,Payroll Specialist,event,,,,,,
1368,,,DuongTC,accepted,,,2026.03.12,2026.03.13,17,Note,Devin Patel,"Friday flight to Austin for Ben + Marie engagement party
 1) Event itself: rooftop get-together at Casa Verde Hotel, 111 Trinity St, Austin, TX.
 2) Sat Sept 12, 7:00 pm.
 3) Hotel check-in Friday after 4.
 4) Dinner with college crew maybe 8:30 after party.
 5) bring blazer even if it's hot.
 6) gift envelope goes in backpack front pocket.
 7) confirm airport ride with my sister by Wed.
 8) Ben said no super formal shoes needed.
 9) address for brunch next day still TBD.
 10) maybe see if Kevin wants to split Uber from hotel.
 11) keep charger in carry-on.
 12) don't forget tiny deodorant lol.
 13) screenshot reservation numbers.
 14) call hotel if late arrival: +1 512-555-9044.
 15) should be fun honestly :)",30,Male,en_US,Data Analyst,event,,,,,,
1369,,,DuongTC,accepted,,,2026.03.12,2026.03.13,21,Note,Monica Reeves,"- Parent-teacher night for Ava
 - Jefferson Middle School, Room 214, 935 Pinecrest Dr, Raleigh, NC
 - Thurs Oct 1
 - my slot is 6:20 pm with Mr. Nolan
 - math teacher open hours 7:00-7:30 if I can stay
 - ask about missing homework portal issue
 - and whether Ava can retake the science quiz
 - parking usually awful near front office
 - use gym entrance instead maybe
 - bring notebook, not just random receipts in purse
 - stop at home first bc work badge isn't school ID obviously
 - maybe pick up pizza after since nobody will wanna cook
 - if schedule changes call school line +1 919-555-6671
 - remind Ava to hand me the art fundraiser packet
 - breathe, it's not a court hearing",45,Female,en_US,Registered Nurse,event,,,,,,
1370,,,DuongTC,accepted,,,2026.03.12,2026.03.13,10,Note,Nolan Pierce,"Wedding venue tour w/ Kelsey
 Saturday Nov 14
 10:30 am at Amber Ridge Barn, 54 County Line Rd, Lexington, KY
 then 1:15 pm at Glass House Loft downtown, 209 Vine St
 
 Questions to ask:
 capacity for 140?
 rain backup?
 outside catering fee?
 how late music can go
 
 bring the guest list rough draft
 and the inspo pics she saved
 also tape measure?? maybe overkill but maybe not
 
 coffee first at Maple & Main around 9:45
 tour contact for barn is Elise +1 859-555-2864
 don't say ""cheap,"" say ""within budget"" lol
 remember to take pics of bathrooms too, weirdly important",33,Male,en_US,Firefighter,event,,,,,,
1371,,,DuongTC,accepted,,,2026.03.12,2026.03.13,10,Note,Lauren McBride,"Spring craft fair at Oak Hollow Park, Sat Apr 18, 10am-3pm, 1452 Willow Creek Rd, Des Moines.
 Need to get there by 9:15 bc setup table.
 bring cash box + square reader.
 blue tablecloth is in hall closet.
 sign says ""handmade candles"" not the old soap one.
 text Nina if canopy wont fit in trunk.
 parking was near the tennis courts last yr.
 don't forget folding chair, seriously.
 weather check Friday night.
 pack extra change, mostly 5s + 1s.
 snacks bc I get cranky lol.
 ask if booth B12 is still ours.
 bathroom was by the rec center.
 leave house no later than 8:20.
 after fair maybe tacos on 7th if not too tired.
 note to self: print venmo sign again, last one got coffee spilled on it.",34,Female,en_US,Elementary School Teacher,event,,,,,,
1372,,,DuongTC,accepted,,,2026.03.12,2026.03.13,11,Note,Marcus Holloway,"1. Cousin DeShawn's engagement dinner
 2. Friday, June 12
 3. 7:30 pm sharp-ish
 4. Harbor Room, 88 Seaport Ave, Baltimore
 5. wear the navy button-down, not the wrinkled gray one
 6. RSVP to Aunt Rene by Wed night
 7. pick up card on lunch break
 8. maybe leave work early around 5:45
 9. traffic near the tunnel gets dumb after 6
 10. bring the small gift bag from closet shelf
 11. no sneakers this time
 12. ask about parking validation
 13. if running late, text fam group
 14. remember it's semi-formal, not full suit
 15. table might be under ""Holloway party""
 16. save room for dessert bc grandma keeps talking about the peach cake
 17. don't forget wallet.",41,Male,en_US,Transit Dispatcher,event,,,,,,
1373,,,DuongTC,accepted,,,2026.03.12,2026.03.13,6,Note,Priya Nand,"Derm conference check bc I always mix stuff up
 
 Chicago Skin & Laser Summit
 McCormick Place West, 2301 S King Dr, Chicago
 May 6-8
 badge pickup opens 8:00 am Wed
 
 Flight lands Tue night so book hotel near venue, not by airport this time.
 Need black flats + blazer.
 The panel I actually care abt is Thurs 1:15 pm, room W187.
 
 Also write down dinner meet-up w/ Maya
 7:00 pm Thursday
 Avec River North, 141 W Erie St
 she said maybe 4 ppl from residency too
 
 Bring chargers, business cards, and the poster tube.
 Print itinerary bc phone battery always dies at conferences.
 maybe sneak out early Fri if sessions are boring :))",29,Female,en_US,Dermatology Resident,event,,,,,,
1374,,,DuongTC,accepted,,,2026.03.12,2026.03.13,9,Note,Troy Denman,"Mom's retirement brunch
 Sunday Aug 23
 11:00 am
 Magnolia House, 17 E Main St, Lexington
 - call restaurant Thursday to confirm final headcount
 - order flowers Saturday morning
 - bring old family pics for memory table
 - ask Jenna to come by 10:15 and help set up
 - cake pickup from Sweet Crumb at 9:30
 - dont let Uncle Ray ""help"" w speeches unless needed
 * maybe reserve 2 extra chairs just in case
 * wear the green tie mom likes
 * get there before her so it's actually a surprise
 * parking lot is behind the bank
 Need tissues. probably everyone gonna cry.
 title on sign: ""Cheers to 34 Years, Linda!""",46,Male,en_US,Auto Body Technician,event,,,,,,
1375,,,DuongTC,accepted,,,2026.03.12,2026.03.13,18,Note,Emily Sosa,"Okay, weekend notes so I do not flake again
 Brunch first: Ava's birthday thing
 Sun Sept 14, 10:30am
 Honey Finch Cafe, 402 River St, Savannah
 bring the little candle gift.
 
 After that
 drive to civic center for the pottery pop-up
 1:00-4:00 pm
 Coastal Arts Hall, 9 Mercer Ave
 maybe meet Jules there if she actually answers.
 
 Later at night
 indie film screening ""Northbound""
 8:15 pm
 Lucas Theater, 32 Abercorn St
 buy ticket before Friday bc it sold out last month.
 wear comfy shoes, whole day out.
 phone charger!!
 and no spending a ton, try to keep it under $60 total.",27,Female,en_US,Barista,event,,,,,,
1376,,,DuongTC,accepted,,,2026.03.12,2026.03.13,5.5,Note,Benjamin Kruse,"Client launch dinner details bc this week is chaos.
 The event is ""North Peak rollout"" at The Alder Room, 510 W Market St, Louisville, on Tuesday Nov 10 at 6:30 pm.
 I need to arrive by 5:45 to check the name cards and screen loop.
 The private room is upstairs, ask host stand if they act confused again.
 Bring extra printouts of the timeline.
 Julia from design said she'd meet there around 6.
 Remember vegetarian meals for table 2 and table 5.
 Need to thank Martin's team for the rush edits.
 Maybe keep remarks under 3 mins, nobody wants a TED talk.
 Parking garage entrance is on 8th, not Market.
 Text Dad back before event so he quits calling mid-dinner.
 Black jacket, brown shoes, no backpack.
 If things go sideways, just smile and move ppl to cocktails first.
 invoice convo is NOT for that night.
 grab mints. coffee breath is evil.",38,Male,en_US,Product Marketing Manager,event,,,,,,
1377,,,DuongTC,accepted,,,2026.03.12,2026.03.13,4,Note,Tasha Henson,"- PTA fundraiser movie night
 - Roosevelt Middle gym, 611 Grant Ave, Akron
 - Friday Oct 2
 - doors 6:00 pm / movie 6:45 pm
 - theme is throwback family films
 
 1) bring extension cords
 2) pick up popcorn kernels from Sam's after work
 3) cash float from school office
 4) tape signs near front parking lot
 5) ask Mr. Lopez abt projector screen stand
 
 * volunteers: me, Carla, Jen, maybe Omar
 * kids tickets $3, adults $5
 * keep one row up front for littler kids w blankets
 
 Need to announce raffle winner around intermission.
 Rain doesnt matter bc inside, thank god.
 remember to lock supply cabinet before leaving.",44,Female,en_US,School Secretary,event,,,,,,
1378,,,DuongTC,accepted,,,2026.03.12,2026.03.13,10.2,Note,Owen Patel,"wedding weekend stuff for Neal + Chris
 
 Fri check-in at hotel by 4pm
 Lakeview Inn, 700 Shoreline Dr, Traverse City
 rehearsal dinner 7:00 pm at Birch Dock Kitchen, 18 Marina Way
 
 Sat ceremony
 Peninsula Chapel, 2140 Ridge Rd
 starts 3:30 pm
 leave hotel by 2:40 bc traffic + photos
 
 reception after
 Maple House Barn, 77 Fox Run Ln
 cocktail hour 5ish
 speech notes in blazer pocket!!!
 
 bring gift envelope, phone charger, backup tie.
 remember they asked for no jeans at the after-party lol.
 brunch Sunday 10am back at the inn if I survive.
 set alarm, don't oversleep again :(",31,Male,en_US,Physical Therapist,event,,,,,,
1379,,,DuongTC,accepted,,,2026.03.12,2026.03.13,7,Note,Sierra Coleman,"1. Community garden volunteer day
 2. Jefferson Green Lot, corner of Pine + 11th, St. Louis
 3. Sat March 21
 4. starts 8:30 am, prob done by noon
 5. wear old sneakers + gloves
 6. bring seed packets for swap table
 7. coffee stop first bc no way I'm digging at 8:30 half asleep
 8. ask Naomi if kids are coming too
 9. they need ppl for raised bed repairs
 10. maybe park on Pine, easier exit
 11. sunscreen! even if cloudy
 12. after cleanup there's a planning mtg in the tool shed area
 13. note down summer fest date if they announce it
 14. don't forget reusable water bottle
 15. title for signup sheet might be ""Spring Reset""
 16. maybe bring muffins if I wake up early enough.",25,Female,en_US,Veterinary Assistant,event,,,,,,
1380,,,DuongTC,accepted,,,2026.03.12,2026.03.13,9,Note,Harold Blevins,"Need a better plan for alumni weekend so I quit piecing it together from texts
 The main thing: State U engineering reunion
 campus center ballroom, 900 College Ave, Raleigh
 Saturday April 25, check-in at 4 pm
 
 But before that there's the lab tour
 2:00 pm
 Old Tech Building, room 118
 apparently last chance before renovation starts
 
 Dinner after reunion mixer
 7:15 pm at Wallace BBQ, 63 Hargett St
 Ron said he booked for 8 people under ""Blevins maybe?"" lol
 
 need nametag, reading glasses, and that photo from senior project.
 maybe wear the maroon quarter-zip.
 call hotel about late checkout for Sunday.
 also write down parking deck code from email somewhere safe.
 do not ramble if they ask me to say a few words.
 seriosuly keep it short.",58,Male,en_US,Civil Engineer,event,,,,,,
1381,,,DuongTC,accepted,,,2026.03.12,2026.03.13,14,Note,Melissa Harper,"Summer block party at the lake park, don’t forget this is the Cedar Ridge Neighborhood Summer Bash, not the school fair.
 Sat June 20.
 Riverside Park, 1842 Willow Creek Rd, Naperville.
 Setup starts 3:30 pm.
 Main stuff 5 to 9 pm.
 bring folding chairs from garage.
 ice + 2 bags only, last yr was too much.
 text Nina if rain looks bad by noon.
 kids game table near the south picnic shelter.
 parking prob easiest by Maple entrance.
 remember cash for raffle tickets.
 wear the blue community shirt maybe.
 need brownies cut before leaving.
 Dad said he’d meet us closer to 6.
 also bring bug spray bc mosquitos were awful there.",34,Female,en_US,Elementary School Teacher,event,,,,,,
1382,,,DuongTC,accepted,,,2026.03.12,2026.03.13,8,Note,Jordan Wells,"Austin conf trip note
 Title: Retail Growth Summit
 Date: Sept 14
 Flight lands 8:10 am if not delayed
 hotel check-in later, drop bags first maybe
 
 Venue is Palmer Events Center
 900 Barton Springs Rd, Austin
 registration desk opens 9:00
 panel I actually need is 11:15 in Ballroom C
 
 grab coffee before going in bc summit coffee was gross last time :(
 dinner w/ Marcus + Jen around 7 at Loro if they still want to
 save receipt for mileage and airport parking
 wear the navy blazer, not the wrinkled gray one
 call home before keynote ends
 uber back if it rains, no walking over the bridge at night",41,Male,en_US,Regional Sales Manager,event,,,,,,
1383,,,DuongTC,accepted,,,2026.03.12,2026.03.13,9,Note,Aaliyah Monroe,"Bridal shower for Tasha
 1. Sunday April 12
 2. The Garden Room, 78 Linden Ave, Columbus
 3. be there by 12:30, shower starts 1 pm sharp
 4. bring gift bag + card, dont leave it in trunk again
 5. ask Kira where she wants the mimosa stuff set up
 6. cupcakes pickup at Sweet Pearl 10:45
 7. balloons are under bed rn
 8. wear green dress if weather stays warm
 9. game prizes in small gold tote
 10. title sign says “Tasha’s Bridal Brunch” so check spelling lol
 11. reserve street parking app maybe
 12. aunties prob showing up early
 13. get there before bride pls
 14. pics around 2:15
 15. dont forget charger",29,Female,en_US,Dental Hygienist,event,,,,,,
1384,,,NhiNX,reject,2 dong,,2026.03.12,2026.03.13,12,Note,Kevin Dorsey,"Company softball opener
 Tuesday May 7
 6:30 pm first pitch
 McKinley Field, 2200 West End Dr, Omaha
 coach says arrive 5:45
 - black team shirt
 - glove
 - cash for snack stand
 also maybe a hoodie bc it gets chilly out there
 after game ppl wanna hit Murphy’s two blocks over
 need to stretch beforehand bc hamstring still weird
 ask Ben if he can cover right field first inning
 title on schedule is “North Division Opener vs Hawkeyes”
 dont be late again man
 bring water bottle full this time
 maybe fun actually :)",38,Male,en_US,Auto Claims Adjuster,event,,,,,,
1385,,,NhiNX,accepted,,,2026.03.12,2026.03.13,13,Note,Priya Shah,"Cousin Rhea baby shower
 title: Little Star Baby Shower
 Brookside Banquet Hall
 4419 Grant St, Edison
 Saturday Aug 8
 starts 2 pm
 
 need diaper cake + yellow ribbon
 print the guess-the-baby-song sheets
 pick up mom at 12:45
 gift table on left side when you walk in
 
 * call Anu about centerpieces
 * remember card for Mehul too
 * leave by 1 because traffic there gets dumb
 
 prob wear flats not heels
 take more pics this time, everyone always asks later",31,Female,en_US,UX Designer,event,,,,,,
1386,,,NhiNX,reject,2 dong,,2026.03.12,2026.03.13,6.8,Note,Brandon Pike,"jazz in the square thing next friday is actually called Midtown Summer Sessions and I wrote it down weird before.
 June 26.
 starts around 7:30 pm but doors for the courtyard open 6:45.
 Midtown Plaza Courtyard, 55 East Harbor St, Baltimore.
 meeting Tori by the fountain not the parking garage.
 grab tacos from the truck if line isnt insane.
 bring light jacket bc harbor wind gets cold.
 tickets already in email.
 might be standing room unless we get there early.
 text Eli once inside.
 no giant backpack bc security was annoying last yr.
 this is the sax quartet night, not the funk band.
 meter parking ends at 8 maybe double check.
 charge phone first.
 would be nice to actually relax for once.",27,Male,en_US,Video Editor,event,,,,,,
1387,,,NhiNX,accepted,,,2026.03.12,2026.03.13,12,Note,Natalie Brooks,"Parent teacher night for Emma
 Title: Spring Curriculum Open House
 Thursday March 19
 Lincoln Elementary, Room 204, 915 Pine St, Des Moines
 doors open 5:40
 teacher talk starts 6:00
 
 bring the reading log from kitchen counter
 ask about math group move-up
 dont forget to sign volunteer sheet
 
 Emma wants me to see her art on hallway wall :)
 parking fills up fast behind gym
 maybe leave office by 5:10
 grab quick snack first so not hangry lol
 afterward maybe ice cream if she had a good day
 email Ms. Carter later if I miss the conference signup",45,Female,en_US,Payroll Specialist,event,,,,,,
1388,,,NhiNX,accepted,,,2026.03.12,2026.03.13,14,Note,Hector Alvarez,"Notes for church fundraiser dinner
 - title: St. Mark Winter Benefit Supper
 - date: Friday Dec 5
 - parish hall, 231 Monroe Ave, Santa Fe
 - doors 5:30 pm
 - meal service 6:15
 - auction starts 7:10ish
 1) take the enchilada trays by 4:45
 2) bring fold-up dolly from shed
 3) Rosa handling dessert table
 4) ask Deacon Paul where check-in signs go
 * cash box
 * extension cord
 * printed donor list
 last year sound mic cut out so remind them early
 park near side kitchen door if possible
 dont wear good boots, floor gets messy",52,Male,en_US,HVAC Technician,event,,,,,,
1389,,,NhiNX,accepted,,,2026.03.12,2026.03.13,8,Note,Claire Donnelly,"Mia’s 10th bday skate party
 Skate Galaxy
 1120 Ridge Ave, Dayton
 Sunday Nov 9
 2 to 4:30 pm
 
 need to confirm 14 kids total
 pizza first or cake first?? ask Mia again
 bring socks for Jackson bc he always forgets
 party room is “Neon Room B”
 
 Call list:
 - grandma around 11
 - Lily’s mom if she can carpool
 - front desk if weather gets icy
 
 pickup balloons on the way
 candles are in junk drawer
 camera battery prob dead so charge tonight
 remember waiver forms!!! :))",36,Female,en_US,Physical Therapist,event,,,,,,
1390,,,NhiNX,accepted,,,2026.03.12,2026.03.13,14,Note,Marcus Bennett,"Veterans Day breakfast meetup
 Title first so I dont mix it up: Legion Hall Breakfast + Ceremony
 Monday Nov 11
 American Legion Post 44
 807 Cherry Lane, Tulsa
 breakfast at 8 am
 ceremony starts 9:30 outside flag area
 
 wear Dad’s old service pin on jacket
 bring folding umbrella just in case
 Chuck said he’d save us 2 seats near front
 
 to do:
 1. pick up poppies Sunday eve
 2. leave house by 7:20
 3. stop for gas maybe night before
 
 might get emotional, that’s fine
 take a pic of the memorial plaque for Aunt Denise",58,Male,en_US,Warehouse Supervisor,event,,,,,,
1391,,,NhiNX,reject,ngan,,2026.03.12,2026.03.13,,Note,Melissa Carter,"Mom's 60th brunch at Harbor House, 2147 E Silver Palm Rd, Sarasota, FL, Sun Apr 14, get there by 10:15 even tho it starts 10:30 because parking by the marina is always annoying, call Aunt Denise if cake table isn't set, bring the blue gift bag from hall closet, ask host stand for the back patio res under Carter, wear the green dress not the black one, pick up flowers from Bloom Room at 9:20, note to self gas up sat night, Lena + Rob coming from Tampa maybe closer to 11, don't forget old photo album, also check if dad still has the slideshow thumb drive, if it rains they move us inside near the windows, save receipt bc splitting decor w/ Jenna, maybe leave by 9:35 latest, birthday candles!!",34,Female,en_US,Elementary School Teacher,event,,,,,,
1392,,,NhiNX,accepted,,,2026.03.12,2026.03.13,9,Note,Brandon Lee,"Vegas conf trip thing
 West Hall @ Mandalay Bay, Las Vegas
 Mon May 6 - Wed May 8
 
 flight out 7:05 am from Denver
 land 8:12 local if no delay :))
 cab or just take rideshare, dont overthink it
 
 panel is Tues 1:30 pm room C214
 need badge + charger + that wrinkly navy shirt
 text Omar when I land so we can split dinner
 
 hotel check-in after 3
 ask for quiet room not near elevator this time
 client breakfast Wed 8:00 at Border Grill patio
 bring printed deck just in case wifi acts dumb
 
 back home Wed night, maybe totally dead after lol",29,Male,en_US,Product Manager,event,,,,,,
1393,,,NhiNX,accepted,,,2026.03.12,2026.03.13,24.9,Note,Andrea Nguyen,"Cedar Hill Fun Run sign-in starts 7:00 a.m.
 The park entrance is 909 W Belt Line Rd, Cedar Hill, TX.
 I said I'd help at the volunteer tent before the 8:00 start.
 Bring extra safety pins and the black marker.
 Need sunscreen bc last yr was brutal.
 Text Marisol when parking gets full.
 Packet pickup is Friday evening too, 5:30 to 7:00.
 If I miss that, day-of line will be a mess.
 Kids race goes first at 7:40.
 Main 5K starts Saturday, June 22.
 Remember cash for the taco truck after.
 Wear old sneakers not the nice ones.
 Blue team shirts are in laundry room chair.
 Take pics near the fountain after awards.
 Leave house by 6:10 latest.
 Seriously do not snooze alarm again.",41,Female,en_US,Dental Hygienist,event,,,,,,
1394,,,NhiNX,reject,2 dong,,2026.03.12,2026.03.13,20,Note,Terrence Brooks,"- Jazz on the River night
 - Fri July 12, gates 6:00 pm, music 7-ish
 - Riverfront Commons, 18 Water St, Davenport, IA
 - bring fold-up chair + bug spray
 - call Kira after work, she said maybe joining
 - parking garage on Main fills fast
 - grab cash for lemonade stand
 - wear light shirt, gonna be humid
 - meet Devin by the food trucks around 6:20
 * remember printed tix from email
 * maybe bring small blanket too
 • if storm clouds show up, check city parks page at 4
 • no glass bottles this yr
 - leave by 5:35 so not rushing
 - this is the one w/ the trumpet guy from Chicago",37,Male,en_US,Auto Mechanic,event,,,,,,
1395,,,NhiNX,accepted,,,2026.03.12,2026.03.13,4,Note,Rachel Foster,"haircut + makeup trial for Tessa wedding
 Glow Bar Studio, 52 Union Sq W, New York
 Sat Aug 17
 
 appt 11:15 w/ Nina
 need inspo pics saved before friday
 dont let them go too heavy on blush pls
 
 after that, dress fitting at 2:30 on W 27th
 might have to subway downtown fast
 pack nude heels in tote
 
 call Tessa once done, send pics right away :)
 also ask if rehearsal dinner starts 6 or 6:30 bc I forgot again
 
 grab iced coffee somewhere in between
 and maybe a bagel bc otherwise grumpy lol
 
 home by 5 hopefully",26,Female,en_US,Junior Attorney,event,,,,,,
1396,,,NhiNX,accepted,,,2026.03.12,2026.03.13,11,Note,Kevin Ramirez,"1. Parent-teacher night for Sofia's middle school
 2. Lincoln Prep Academy, 4419 N 56th St, Omaha
 3. Thursday Sept 19
 4. first classroom session starts 6:10 pm
 5. auditorium welcome is 5:45 so leave work early
 6. print class schedule from portal
 7. ask math teacher abt missing homework zeros
 8. also check choir fee deadline
 9. cafeteria serving cookies/coffee apparently
 10. parking around south lot maybe easiest
 11. bring notebook, not just phone
 12. Maria cant make it so I need to cover both meetings
 13. stop by counselor table for spring DC trip info
 14. dont forget to sign the volunteer sheet
 15. this matters, no bailing bc tired",45,Male,en_US,Warehouse Supervisor,event,,,,,,
1397,,,NhiNX,accepted,,,2026.03.12,2026.03.13,5,Note,Olivia Bennett,"baby shower for Erin
 Saturday Oct 5 at 1 pm
 The Maple Room, 880 Grand Ave, St. Paul
 
 gift table setup starts 11:45
 I'm bringing the lemon bars and paper straws
 need to pick up the diaper raffle cards fridy night, not sat
 
 text Kayla when I park bc she has the decor bin
 maybe use side entrance by lot C, front gets crowded
 theme is soft yellow + sage
 wear cream sweater if weather stays chilly
 
 games start 2-ish, cake after that :))
 dont forget polaroid film
 leave by 11:10 bc traffic over there is weird
 
 ask Erin's sister if she still wants help loading gifts after",31,Female,en_US,Registered Nurse,event,,,,,,
1398,,,NhiNX,reject,ngan,,2026.03.12,2026.03.13,,Note,Marcus Holloway,"Need a clean plan for the alumni networking mixer at Georgia Hall, 1188 Peachtree St NE, Atlanta, Thurs Nov 7. Doors open 6 pm but check-in for volunteers is 5:15 and they said black shirt, no logos. Bring a few resumes even tho it's ""casual"" because recruiters always ask. Dr. Mills might be there, wanna catch him before 7:00 if possible about the city planning fellowship. Parking validated in the deck off 12th, keep ticket stub. Table numbers posted near lobby, panel starts 6:40, open mingle after 7:20, and I promised to help stack name tags at the welcome table for like 15 mins. Do not forget business cards in backpack front pocket.",24,Male,en_US,Graduate Student,event,,,,,,
1399,,,NhiNX,accepted,,,2026.03.12,2026.03.13,6,Note,Dana Whitfield,"Thanksgiving train to Chicago
 Union Station, Washington DC
 Wed Nov 27
 
 Amtrak leaves 2:05 pm
 be there by 1:15 bc holiday crowd = chaos
 seat assignment maybe changes so check app in morning
 
 pack charger, scarf, pie tin wrapped tight
 call Aunt Jo if arrival slips past 7:30 cst
 
 pickup at Chicago Union by cousin Nate
 if he flakes, just grab cab to Logan Square
 address there is in pinned text
 
 remember meds, earbuds, water
 dont check bag unless forced
 this trip always feels long but worth it",39,Female,en_US,Museum Curator,event,,,,,,
1400,,,NhiNX,accepted,,,2026.03.12,2026.03.13,2,Note,Ethan Sullivan,"office holiday party note
 
 Fri Dec 13
 Rooftop room at The Alder Hotel, 301 W 41st St, Kansas City, MO
 starts 7:00 pm but awards thing at 7:45
 
 wear charcoal blazer, not the red tie, too much lol
 bring white elephant gift (under $25)
 grab it from trunk before parking
 
 ask Jamie if spouses are def invited bc I still dont know
 Val said yes but she also guesses stuff :(
 
 parking entrance on Baltimore Ave
 save ticket for reimbursement maybe
 dessert table near the windows last yr
 dont stand by speakers all night again
 
 leave house 6:20 if weather stays okay
 set reminder to book rideshare home",33,Male,en_US,HVAC Technician,event,,,,,,
1401,,,NhiNX,accepted,,,2026.03.12,2026.03.13,9,Note,Lauren McBride,"Summer block party note before I forget — Maple Street Neighbors Cookout at Jefferson Park, 2338 W Palmer Ave, Chicago.
 Sat June 14.
 Starts 3 pm, food tables prob set up by 2:30.
 I said I'd bring lemonade + paper plates.
 Need folding chairs from basement.
 Parking on Mozart might be easier than right by the park.
 Text Nina if rain looks bad Friday night.
 There’s a kids raffle around 4:15.
 Main band starts 6ish.
 Try to leave home by 2:10 bc traffic gets weird by the school.
 Wear old sneakers, grass was muddy last year.
 Remember cash for raffle tickets.
 Find the blue checkered blanket.
 Take pic of flyer in case I forget booth times.
 Don't flake this yr, I missed it twice already.
 Pack bug spray too.",34,Female,en_US,Union Electrician,event,,,,,,
1402,,,NhiNX,accepted,,,2026.03.12,2026.03.13,20,Note,Marcus Holloway,"1) Derek's engagement dinner :))
 2) Harbor Room, Pier 7, 112 Seaport Blvd, Boston
 3) Friday Aug 22
 4) reservation under Tasha maybe?? check
 5) get there 6:45 pm, dinner starts 7 sharp
 6) suit jacket from cleaners by noon
 7) grab card from desk drawer
 8) parking garage entrance on Northern Ave
 9) if full, backup lot near Fan Pier
 10) don't order shellfish, remember lol
 11) ask Kira if she's still riding w me
 12) toast prob after mains around 8:15
 13) gift bag in closet top shelf
 14) call mom before leaving so she doesn't keep asking where it is
 15) maybe leave office 5:30 not 6
 16) weather might be gross, umbrella.",29,Male,en_US,broadcast Technician,event,,,,,,
1403,,,NhiNX,accepted,,,2026.03.12,2026.03.13,9,Note,Priya Venkataraman,"PTA fundraiser planning mtg
 Library annex room B, 84 Grove St, Edison, NJ
 Tuesday 9/9
 6:30 pm
 Need signin sheet
 Ask about silent auction table
 bring tape + markers
 Call Jen on lunch break re dessert pickup
 Maybe mention the teacher wish-list thing
 Last yr they ran out of change fast
 doors open 6:10
 park behind rec center not in front
 wear school hoodie if I can find it
 don't forget permission forms stack
 stop by ATM first
 put this on fridge too so I stop double-booking stuff
 check if Max has soccer same night.",41,Female,en_US,Sales Representative,event,,,,,,
1404,,,NhiNX,accepted,,,2026.03.12,2026.03.13,10.3,Note,Ethan Caldwell,"Cousin Ava baby shower
 
 Sunday April 19 at The Garden Loft, 61 Water St, Savannah.
 Brunch starts 11:30 but everybody always shows late, still wanna be there by 11:10 for setup.
 Need the yellow gift bag and the stroller book I ordered. Maybe wrap Saturday night so I'm not scrambling.
 
 Ask if men are actually coming this time or if it's still mostly family + her work friends.
 Drive time from hotel looks like 18 mins unless downtown traffic is a mess.
 Take cash for valet just in case.
 
 Remember to put ""welcome baby June"" sign in trunk.
 The bakery is dropping cupcakes at 10:45, I said I'd check they're there.
 Text Aunt Mel when I leave.
 
 Also, no jeans. last pic from the bridal shower was rough lol.
 Bring phone charger.",37,Male,en_US,Insurance Adjuster,event,,,,,,
1405,,,NhiNX,accepted,,,2026.03.12,2026.03.13,12,Note,Sofia Ramirez,"okay bachelorette wknd rough plan
 for Maya - Scottsdale trip
 
 Fri May 8
 land PHX 1:20 pm
 rental car pickup after bags
 check in: Casa Verde rental, 7421 E Camelback Rd, Scottsdale
 
 - dinner at Diego Pops 7:30
 - maybe rooftop after if ppl still awake
 - save address in maps bc i WILL forget :(
 
 Sat May 9
 pool by 10
 spa appt 1 pm at Well & Being, 2400 E Missouri Ave, Phoenix
 decor setup before dinner
 reservation for steakhouse 8:15
 
 Sun brunch 10:30 at The Montauk, 4360 N Scottsdale Rd
 airport by 1:30 latest
 bring the stupid pink sash lol.",26,Female,en_US,nurse,event,,,,,,
1406,,,NhiNX,accepted,,,2026.03.12,2026.03.13,14,Note,Daniel Whitaker,"Conference stuff
 1. Mid-Atlantic Safety Expo
 2. Richmond Convention Center, 403 N 3rd St, Richmond, VA
 3. Thurs Oct 16
 4. badge pickup opens 8:00 am
 5. keynote 9:15 in ballroom C
 6. my panel is 1:40 pm
 7. print 25 handouts Wed night
 8. charger, clicker, backup usb
 9. lunch meeting w vendor maybe 12:10 near lobby cafe
 10. hotel checkout before heading over
 11. wear the navy shirt not the gray one
 12. parking entrance off Marshall St
 13. text Rob once booth banner is up
 14. don't forget receipts for mileage
 15. maybe leave Norfolk by 5:30 am to be safe
 16. check rain bc load-in is outside for a sec
 17. send slides to myself too.",45,Male,en_US,Museum Curator,event,,,,,,
1407,,,NhiNX,accepted,,,2026.03.12,2026.03.13,9,Note,Naomi Fischer,"Dad's retirement lunch
 Seaside Grill, 18 Ocean Ave, Cape May, NJ
 
 Saturday July 11, 12:30 pm.
 Need to get there before him bc we're hiding the memory board near the back room :)
 Call restaurant Friday to confirm we're still 14 people, not 12.
 
 Aunt Bev is bringing cake around noon.
 Tom has the old work photos in a manila folder.
 Table should be by the windows if they kept the request.
 
 - bring silver marker for everyone to sign the frame
 - remind Mia no politics at lunch, plz
 - bring tissues bc mom will cry instantly
 
 Parking lot fills up fast on weekends so leave house by 11:35.
 If it's packed, use the municipal lot on Perry St and walk.
 Take family pic outside after dessert.
 Don't let Dad pay for anything.",32,Female,en_US,Site Reliability Engineer,event,,,,,,
1408,,,NhiNX,accepted,,,2026.03.12,2026.03.13,10,Note,Colin Reeves,"apartment viewing / maybe final one?
 Greenview Lofts, 905 W Belmont Ave, Chicago
 Mon 3/30
 meet leasing guy at 5:45 pm
 
 Name was Aaron I think
 ask about move-in date for June 1
 need to check laundry room for real this time
 measure bedroom wall if possible
 
 Things to ask:
 1) trash fee??
 2) parking waitlist or no
 3) package room hours
 4) how loud is the train at night honestly
 
 bring pay stubs in folder
 don't wear paint-splattered hoodie
 coffee shop next door looked decent, maybe sit there after + think it over
 text Jess pics before signing anything dumb.",28,Male,en_US,Barista,event,,,,,,
1409,,,NhiNX,accepted,,,2026.03.12,2026.03.13,2,Note,Aisha Thornton,"Open house for Zuri's preschool
 
 Little Pines Academy, 1442 Briarwood Rd NE, Atlanta
 Thursday Feb 20
 starts 5:30 pm and classroom tour at 6.
 
 Need vaccine record copy? not sure, email said ""optional docs"" so maybe just bring the folder.
 Ask about aftercare, nap schedule, and allergy snacks.
 Zuri will wanna run everywhere so sneakers for both of us.
 
 - leave work by 4:40
 - pick her up from mom's at 5
 - parking behind church building
 - entrance on the side w the mural
 
 Try to remember teacher names this time.
 Tuition sheet, school calendar, and pickup policy.
 No more putting this off, registration closes soon.",39,Female,en_US,Union Electrician,event,,,,,,
1410,,,NhiNX,reject,trung format,,2026.03.12,2026.03.13,,Note,Trevor Sloan,"Renn fair day!! ⚔️
 Maryland Renaissance Festival
 Crownsville, 1821 Crownsville Rd, Annapolis area
 Sun Sept 28
 
 gates 10 am
 meet Owen + Bri by 9:40 at lot D if possible
 buy tickets before Sat night so not paying extra at gate
 
 - costume shirt still at tailor??
 - cash for turkey leg + games
 - sunscreen bc last time I got roasted lol
 - refill water bottle
 
 Joust is at 1 and 4 i think
 wanna catch the music set near O'Shucks around noon
 phone battery pack yes yes yes
 
 If traffic sucks, use side route from exit 5 not 7.
 Leave Baltimore by 8:25 latest.
 take pics for mom bc she weirdly loves the costumes.",31,Male,en_US,broadcast Technician,event,,,,,,
1411,,,NhiNX,accepted,,,2026.03.12,2026.03.13,11,Note,Lauren Pike,"Sat farmers market demo at Riverfront Plaza, 201 Water St, Savannah.
 Need to be there before the crowd gets bad.
 Date: Sat Apr 18.
 Starts 8:30 am, demo slot at 10.
 Bring folding sign + square reader.
 Table cloth is prob in hall closet.
 Ask Mia if she still has the sample jars.
 Parking lot behind the brick building, not street side.
 If raining move under covered strip near booth 14.
 Remember cash change, small bills.
 Need coffee first or I will be useless.
 Text Jamie when leaving house.
 Maybe wear the green apron, looks less wrinkly.
 Do not forget vendor badge.
 Pack cooler Friday night.
 Riverfront Plaza office number in case of setup mess: +1 912-555-4816.",31,Female,en_US,Baker,event,contact,,,,,
1412,,,NhiNX,accepted,,,2026.03.12,2026.03.13,11,Note,Daniel Mercer,"Title: Dad's 60th dinner :))
 Friday May 22
 6:45 pm reservation
 Harbor House Grill, 88 Seaport Ave, Portland ME
 
 Need to call ahead about the back room because Aunt Celia cant hear well near the bar.
 Maybe ask for corner table, 11 ppl right now.
 Bring the old photo from Cape trip if I can find it.
 
 Order cake pickup first
 Sweet Crumb on Forest Ave
 pickup by 4:30
 write ""Happy 60th Dad"" not ""Grandpa"" lol
 
 Mom coming from Lewiston around 5ish.
 Tell Ben no politics at dinner pls.
 Parking supposed to be valet but I dont trust that.
 Set reminder to leave work early.",42,Male,en_US,Auto Claims Adjuster,event,,,,,,
1413,,,NhiNX,reject,2 dong,,2026.03.12,2026.03.13,13,Note,Jasmine Holloway,"PTA spring fundraiser is Thurs April 9 at Jefferson Middle School, 650 Pine St, Dayton.
 I said I'd get there by 5:15 pm for setup.
 The actual event starts at 6 and wraps around 8:30.
 Need raffle tickets from the front office before they lock up.
 Bring the blue cash box.
 Also poster board, black markers, tape.
 Ms. Rivas wanted cupcakes but nut free only.
 Ask if gym doors open on the Elm side or main entrance.
 Parking is prob easier by the baseball field.
 Don't wear heels again.
 Call Trey at +1 937-555-6128 if running late with the sound speaker.
 Remember volunteer sheet.
 Maybe print 10 extra forms just in case.
 Title on sign should say Spring Fair not Spring Fling.
 Leave house no later than 4:40.
 I always forget scissors so writing this twice: scissors.",28,Female,en_US,Elementary School Teacher,event,contact,,,,,
1414,,,NhiNX,accepted,,,2026.03.12,2026.03.13,14,Note,Marcus Bell,"- Event: neighborhood cleanup + cookout
 - Date: Sun June 7
 - Meet 9:00 am
 - Location: Oakridge Park shelter, 14 Hillcrest Dr, Columbus
 - Bring work gloves + trash grabber
 - orange bags are in trunk
 - check if city still gives extra bins
 - after cleanup, burgers at 12:30
 - remind Devin to bring folding chairs
 - I said I'd handle ice + paper plates
 - maybe sunscreen this time, got fried last yr
 - kids corner near playground, so bring chalk too
 - if weather looks bad move to community room on Maple
 - text Ms. Ford when heading over: +1 614-555-2734
 - dont forget small speaker
 - wear old sneakers not boots",37,Male,en_US,Mail Carrier,event,contact,,,,,
1415,,,NhiNX,accepted,,,2026.03.12,2026.03.13,5.1,Note,Priya Nand,"Rehearsal dinner stuff
 Friday Sept 11
 7 pm
 The Glass Garden, 402 W Magnolia Blvd, Burbank
 
 1) call host stand to confirm vegetarian plates
 2) ask if patio heaters are included
 3) send parking map to cousins
 
 Need envelopes for tips
 Need camera battery charged
 Need to pick up sari blouse after work :(
 
 Also:
 ceremony welcome bags stay in car, not at venue
 Uncle R says he'll arrive around 6:20
 save seat for Nani near aisle
 Do not cry during toast, pls.",34,Female,en_US,UX Researcher,event,,,,,,
1416,,,NhiNX,accepted,,,2026.03.12,2026.03.13,11.7,Note,Trevor Lane,"Monday training seminar at St. Anne Conference Center, 55 Bishop Ln, Richmond.
 Check-in opens 8:00 am but first session is 8:45.
 Date is March 30 so pack everything Sunday night.
 Badge email should be from events@saintannecenter.org
 .
 Need laptop, charger, notebook, the navy folder.
 Lunch included but prob boring, maybe stash a granola bar.
 Parking deck entrance on 6th St side.
 If full, overflow lot across from the chapel.
 Remember this is the one about emergency comms, not leadership.
 Ask Rob if he still wants to carpool.
 His number is +1 804-555-9192.
 Print completion form for supervisor signoff.
 Dont forget ID at security desk.
 Leave by 7:05 or traffic will be awful.
 Wear collared shirt even tho nobody cares.
 Need coffee before first module.",45,Male,en_US,Fire Safety Inspector,event,contact,,,,,
1417,,,NhiNX,accepted,,,2026.03.12,2026.03.13,10,Note,Sierra Vaughn,"Book club potluck
 Wed July 15
 7:10 pm at Naomi's place
 1843 Linden Court, Ann Arbor
 
 Main thing: discussion on The Great Believers, ch. 1-9 only pls lol
 Bring lemon pasta salad + extra spoon.
 Naomi said parking on odd side of street after 6.
 
 Text Ava if lost: +1 734-555-2407
 Need sticky tabs for fav quotes.
 Ask Jen about August pick before everyone leaves.
 
 Wear sweater bc Naomi keeps the AC freezing.
 Don't forget the library copy this time.
 Maybe leave at 6:35.
 Could be stormy so umbrella by door.
 No work talk, try to act normal.",29,Female,en_US,Veterinary Technician,event,,,,,,
1418,,,NhiNX,accepted,,,2026.03.12,2026.03.13,5,Note,Hector Ruiz,"Concert night notes
 • Friday Aug 21
 • doors 6:30 pm, show 8:00
 • Red Mile Amphitheater, 901 Grant Ave, Tucson
 • meet Luis by north gate around 7:15
 • digital tickets should be in wallet app
 • charge phone all day
 • bring earplugs just in case
 • parking prepaid in Lot C maybe, double check email
 • no big backpack or they make a fuss
 • eat first bc venue food is $$$
 • merch budget = 40 max, seriously
 • call rideshare if staying for encore
 • weather says hot even at night
 • Luis new number: +1 520-555-3871
 • black tee, light shoes, no jacket",33,Male,en_US,Solar Panel Installer,event,,,,,,
1419,,,NhiNX,accepted,,,2026.03.12,2026.03.13,13.4,Note,Erin Caldwell,"Flight to Seattle for Maya's baby shower is on Saturday October 3.
 Need to be at Nashville airport by 5:15 am, ugh.
 Shower starts 2 pm local time at 7718 Greenwood Ave N, Seattle.
 Title in my head: ""do not miss this one again"".
 Bring gift bag in carry-on not checked luggage.
 Car rental desk closes early so maybe use light rail.
 Event venue is actually Maya's sister's townhouse, blue door, unit B.
 Text when landed.
 Maya's cousin April is hosting.
 Her cell: +1 206-555-6624.
 Remember the tiny onesies are in the side pocket.
 Need comfy shoes because she planned a park walk after.
 If flight delays, send heads-up before noon Pacific.
 Maybe grab flowers near venue, not before security.
 Set second alarm for 3:50 am.
 Dont forget ID.",40,Female,en_US,Speech Therapist,event,contact,,,,,
1420,,,NhiNX,accepted,,,2026.03.12,2026.03.13,9,Note,Nolan Pierce,"Things for Sam's courthouse wedding tomorrow :)
 
 City Hall Annex
 22 Monroe Plaza, Des Moines
 ceremony at 11:30 am
 be there 10:50 bc security line can drag
 
 Need:
 - witness ID
 - ring box from desk drawer
 - print vows backup copy
 - tissues for literally everyone
 
 After:
 late lunch at Juniper Table, 3rd & Vine, 1:15 ish
 Call Kaylee if judge office changes room: +1 515-555-7084
 Dont tease Sam about crying bc I will also cry lol
 Steam shirt tonight
 Charge camera battery now not in the morning.",27,Male,en_US,Graphic Designer,event,,,,,,
1421,,,NhiNX,reject,ngan,,2026.03.12,2026.03.13,,Note,Marissa Cole,"Sat farmer's market + brunch thing at Greenway Plaza, Houston, Sun Apr 14, start around 9:15 but prob get there by 8:50 bc parking gets dumb, meeting Nina by the fountain near the west entrance, bring cash for the honey stand, pick up strawberries if they still have em, maybe flowers too for kitchen, text Jake once there so he can join after gym, weather says warm so no sweater, wear the comfy sandals not the cute painful ones, remember tote bags are in trunk, booth w local jam guy was near the coffee cart last time, if running late grab iced latte first, don't forget eggs from Miller Farm, brunch rez at Fern Cafe at 11:30 on Travis St, maybe ask Nina abt her new apt, leave home no later than 8:20, this is basically the whole morning plan lol",29,Female,en_US,Graphic Designer,event,,,,,,
1422,,,NhiNX,accepted,,,2026.03.12,2026.03.13,12.5,Note,Darnell Whitaker,"Midtown Jazz Night
 Blue Room, 1418 Walnut Ave, Kansas City
 Fri May 9
 doors 7:00, show 8:00
 
 Need to call Marcus thurs night so he actually buys his ticket this time.
 He said maybe bringing Tia from work.
 Table should be under my name if I booked it right.
 
 Wear the navy shirt, not the wrinkled black one.
 Take cash for parking lot behind the club.
 Try to leave office by 5:45 bc traffic on I-35 is brutal.
 Maybe grab tacos at Dos Hermanos first, 6:20ish.
 
 After show: quick stop by 18th & Vine if everyone's still awake.
 Remember earplugs just in case, last set there was LOUD.
 Phone battery pack in backpack.
 Don't flake on this again.
 Jazz bday outing for myself basically :)",41,Male,en_US,Claims Adjuster,event,,,,,,
1423,,,NhiNX,accepted,,,2026.03.12,2026.03.13,11,Note,Keisha Monroe,"PTO meeting for Ava's school is Wed Sept 18 at 6:30 pm.
 Lincoln Elementary cafeteria, 55 Pinecrest Rd, Raleigh.
 Need to sign in at front desk first.
 Topic is the fall carnival planning.
 Bring the volunteer form from the fridge.
 Ask about booth setup times.
 Maybe I can do 10 to noon shift.
 Need exact date for cake walk donations.
 Text Mrs. Patel if parking fills up.
 She said side lot by the gym is usually open.
 Don't forget teacher gift envelope.
 Wear badge from last year if I can find it.
 Ava wants me to ask abt face painting again.
 Leave house by 5:50 bc school zone traffic.
 Stop for gas before heading over.
 No backing out, I already said I'd help.",36,Female,en_US,Dental Hygienist,event,,,,,,
1424,,,NhiNX,accepted,,,2026.03.12,2026.03.13,14,Note,Nolan Pierce,"- Event: Cousin Eli's engagement dinner
 - Date: Saturday June 22
 - Time: be there 6:45, dinner starts 7:30
 - Place: Harbor House, 82 Seaport Ln, Portland ME
 - Table booked under Aunt Renee
 * bring the small gift bag from closet shelf
 * pick up card on friday lunch break
 * wear grey blazer, not too formal tho
 * call Mom around 4 so we can maybe carpool
 • ask if there are extra seats for Jenna
 • remind Eli no peanuts in dessert pls
 • save address in maps ahead of time
 + parking garage entrance is on Fore St
 + don't forget charger
 + leave by 5:55 bc weekend traffic near waterfront
 - maybe take a few pics but don't overdo it
 - haircut before this if barber has room",33,Male,en_US,Auto Claims Appraiser,event,,,,,,
1425,,,NhiNX,accepted,,,2026.03.12,2026.03.13,12,Note,Teresa Vaughn,"baby shower for Lauren
 Sun Aug 11, 2 pm
 The Willow Room, 2408 Maple Ave, Columbus
 
 theme is yellow + sage so don't wear bright red again lol
 need gift receipt tucked in bag
 
 pick up balloons from Party Corner at 11:30
 grab cupcakes from Sweet Crumb by 12:15
 text Hannah when I'm on the way
 
 host stuff:
 - diaper raffle tickets
 - tape + scissors
 - sharpie for advice cards
 
 Lauren's sister said parking in back alley lot only
 there's prob gonna be games ugh but be nice :(
 remember to take pic with Lauren + her mom
 back home before dark if possible",45,Female,en_US,Middle School Principal,event,,,,,,
1426,,,NhiNX,accepted,,,2026.03.12,2026.03.13,10,Note,Victor Salazar,"Comic Expo day w Ben and Rosa
 Denver Convention Center, Hall C, 700 14th St
 Sat July 27
 entry slot 10:00 am but lineup starts early
 Need QR code screenshot saved tonight.
 Bring poster tube so prints dont get bent again.
 Ben wants to hit the indie artist row first.
 Rosa is hunting that old mecha pin set.
 Meet outside by the blue bear statue at 9:20.
 Parking garage on Champa is cheaper than last year maybe.
 Lunch maybe at the food trucks around 1.
 Panel I care abt is ""Practical Creature Design"" at 3:15 room 402.
 Check if autograph tix for N. Harada are separate.
 Take cash just in case signal inside is trash.
 Wear comfy shoes, full day thing.
 Could be fun even if crowded.
 Need to leave apartment by 8:35 tops.
 Do not forget backup battery this time seriously.",27,Male,en_US,Video Editor,event,,,,,,
1427,,,NhiNX,reject,ngan,,2026.03.12,2026.03.13,,Note,Allison Price,"Book club picnic at Lake Eola Park, Orlando, next Sunday Oct 6, starts 4ish near the swan boats lawn, theme is ""bring the book that wrecked you emotionally"" which is a lot lol, I said I'd bring the blanket and sparkling water, maybe also those lemon bars if I have time sat night, text Priya by noon to confirm exact spot because the park gets busy, parking garage on Eola Dr might be easiest, sunset should be nice around 6:50, maybe bring a light cardigan bc evenings get breezy by the lake, don't forget the copy of Tomorrow and Tomorrow and Tomorrow with all my sticky notes in it, Emma wanted to swap books after, also ask Jules about the November meetup location, leave by 3:20 so I can stop at Publix first, no heels obviously, picnic basket is in hall closet, charge speaker but keep volume low bc not trying to be annoying
 
 Also maybe bring bug spray, got eaten alive last time.",31,Female,en_US,Librarian,event,,,,,,
1428,,,NhiNX,accepted,,,2026.03.12,2026.03.13,11,Note,Jamal Ferguson,"1. Dad's retirement luncheon
 2. Fri Nov 15
 3. 12:30 pm arrival, program starts 1:00
 4. Riverside Banquet Hall, 909 River Rd, St. Louis
 5. Need to print his old firehouse photo for the memory table
 6. Pick up from Walgreens thursday evening
 7. Call Aunt Bev so she has the room number
 8. Save seat near front for Grandma
 9. Bring tissue pack bc Mom will cry for sure
 10. Wear dark suit, red tie maybe
 11. Parking lot can fill up, side entrance by the loading dock if full
 12. Check if they need help setting up the slideshow
 13. Grab card from Maya's kids before leaving house
 14. Maybe reserve Lyft home if staying later
 15. This matters, don't be late.
 16. Dad worked 32 yrs for this day.",38,Male,en_US,IT Support Specialist,event,,,,,,
1429,,,NhiNX,accepted,,,2026.03.12,2026.03.13,2,Note,Brianna Hsu,"Holiday craft fair plan
 
 Dec 7, Saturday
 Union Square Market Hall, 118 Grant Ave, San Francisco
 open 10 to 5 but I only need morning
 
 Things to do:
 • drop off ceramic ornaments at booth 24 by 9:15
 • tape business cards to the display trays
 • set Venmo sign out front
 
 Need to remember:
 my small cash box
 table runner from studio
 extra hooks + twine
 snacks bc I get cranky fast
 
 Ask Mia if she can cover me at 11:45 while I get coffee.
 Maybe invite Leo to swing by around noon if crowd isn't dead.
 Rain?? pack plastic sheet just in case.
 Would be nice to actually sell enough to cover kiln costs haha.",34,Female,en_US,Ceramic Artist,event,,,,,,
1430,,,NhiNX,accepted,,,2026.03.12,2026.03.13,15,Note,Gregory Mays,"Team offsite at Pine Ridge Lodge is Thursday March 28.
 Address: 44 Timber Pass, Asheville.
 Drive up that morning, about 2 hrs if traffic behaves.
 Need to leave by 6:40 am.
 Breakfast starts 8:30 in the main hall.
 First session at 9 sharp.
 I'm doing the product update part at 10:45.
 Print handouts wed night.
 Bring laptop dongle bc projector there is ancient.
 Cabin check-in after lunch around 2.
 Dinner reservation for whole group at 7 in the stone room.
 Maybe squeeze in a short trail walk before sunset.
 Text Rachel if I want to rideshare.
 Don't forget chargers, meds, extra socks.
 Weather up there prob colder than Charlotte.
 No jeans with holes, this is still work.
 Actually looking fwd to the bonfire part.
 Please sleep early the night before for once.",44,Male,en_US,Product Manager,event,,,,,,
1431,,,NhiNX,accepted,,,2026.03.12,2026.03.13,10,Note,Alyssa Moreno,"Cedar Hill Spring Fair this Sat
 wanna go early before parking gets nuts
 Location: Cedar Hill Park, 2140 Morris Rd, Cedar Hill, TX
 April 18
 gates open 9:00 AM
 meet Jen by the fountain around 8:40 if she’s on time lol
 bring cash for kettle corn + raffle tix
 check if they still do the local bands near the west lawn
 kid zone is probly on the south side again
 text mom about the quilt booth
 wear sneakers, not the brown boots
 if it rains move to Sunday? need to check flyer
 parking backup = library lot on Belt Line
 dont forget sunscreen
 leave house by 7:55 or nope
 maybe stay for the pie contest at 1
 title on flyer said “Spring Fair & Makers Day” I think",29,Female,en_US,Elementary School Teacher,event,,,,,,
1432,,,NhiNX,reject,trung format,,2026.03.12,2026.03.13,,Note,Marcus Ellison,"Team offsite - not forget this
 
 Friday, May 9
 Blue Harbor Conference Center
 1912 Seaview Ave, Long Beach, CA
 check-in starts 8:15 AM, first session 9 sharp
 
 Need to bring laptop charger and the printed budget pages for Q2.
 Lunch is supposed to be upstairs terrace, unless wind is crazy again.
 
 After the workshops there’s dinner at Marlin House around 6:30 PM with clients too, so not a jeans day.
 Ask Nina if parking gets validated bc last time it was weird.
 
 Reminder: presentation title is “Retail rollout fixes” not the older deck name.
 Uber home if the networking thing runs late.
 
 Text Rob once I get there so he saves me a seat near the front.",41,Male,en_US,Product Manager,event,,,,,,
1433,,,NhiNX,accepted,,,2026.03.12,2026.03.13,17,Note,Hannah Pike,"Bridal shower for Tessa
 Rosevine Tea Room, 58 Maple St, Savannah, GA
 Sunday June 7
 11:30 AM
 bring gift bag + card
 wear the green dress not black
 ask abt gluten free stuff for Aunt Mel
 park in garage behind bakery
 call Liv if running late +1 912 555 4816
 cake pickup maybe 10:45?
 theme is wildflowers / soft colors
 dont mention honeymoon surprise
 take pics of table signs
 leave by 10:20 latest
 remember tissue paper!!
 maybe grab coffee first",33,Female,en_US,Dental Hygienist,event,contact,,,,,
1434,,,NhiNX,reject,2 dong,,2026.03.12,2026.03.13,16,Note,Derek Sutton,"- Trivia Night fundraiser for fire dept
 - Wed Aug 12, 7 PM doors, starts 7:30
 - Northside VFW Hall, 802 Grant Ave, Columbus, OH
 - table name maybe “Hot Mess Express” :))
 * ask Ben if he’s still bringing the answer sheets
 * $15 entry, cash easier
 * get there early for parking by the side lot
 • bring reading glasses omg
 • raffle tickets near front desk last year
 • maybe pizza after at Sal’s if we dont tank
 -> topic rounds prob sports/history/music
 -> no need to dress up, just clean shirt
 + reminder to Venmo Carla back for tickets
 + set alarm for 5:45 so I can leave work on time
 - dont forget canned food donation",38,Male,en_US,Auto Claims Adjuster,event,,,,,,
1435,,,NhiNX,accepted,,,2026.03.12,2026.03.13,8,Note,Simone Baxter,"cousin Maya baby shower
 Sat Sept 14
 
 Venue: Willow & Pine Event Loft
 3409 W Market St, Louisville, KY
 start 1 PM but be there 12:20 to help
 
 things to do:
 - balloons from Party Corner by 10:30
 - pick up fruit tray at Noon
 - tape the little game cards to the table signs
 
 Need outfit steamed. maybe the lilac one.
 Call Aunt Rene if the cake stand is still in her trunk +1 502 555 3184
 
 gift = stroller fan + swaddle set
 dont say “she’s huge” to anybody pls
 take pics when Maya opens grandma’s blanket
 
 afterward maybe dinner at El Toro if everybody’s not dead tired :(",27,Female,en_US,Veterinary Assistant,event,contact,,,,,
1436,,,NhiNX,accepted,,,2026.03.12,2026.03.13,15,Note,Trevor Brandt,"Client golf day reminder bc I will absolutely mix this up otherwise
 Oak Ridge Invitational at Pine Creek Golf Club, 77 Fairway Ln, Naperville, IL
 Monday July 21
 check-in 6:45 AM, tee time 7:30
 need polos ironed night before
 clubs already in trunk?? check Sunday
 breakfast sandwiches in clubhouse from 6:30
 sit with Darren on the drive over maybe
 weather could be nasty by noon so pack the light rain shell
 bring extra business cards, not the old title ones
 closest parking is west lot by pro shop
 there’s a sponsor lunch at 12:45 and awards after
 remember client names: Foster, Kim, Alvarez
 don’t overdo the joking on first hole lol
 call course if running behind traffic on I-88
 event name on email = “Summer Partner Classic”
 home by 4 maybe if it moves quick",45,Male,en_US,Sales Director,event,,,,,,
1437,,,NhiNX,accepted,,,2026.03.12,2026.03.13,5,Note,Brianna Holt,"Open house for Liam’s kindergarten
 Jefferson Primary School, 16 Oak Terrace, Madison, WI
 Thursday April 24
 5:30 PM to 7 PM
 
 Need to meet Ms. Calder and ask about pickup line rules.
 Also bring the enrollment packet bc I still havent turned in page 4.
 
 Liam wants to wear the dinosaur hoodie even tho it’s too warm, maybe let him.
 Parking behind the gym, not front circle, that gets jammed fast.
 
 Stop at Target first for glue sticks + tissues from the supply list.
 Take pic of cubby label if they already assign one.
 
 Afterward maybe frozen yogurt on Monroe St if he behaves :)
 text Nate when we leave the house
 dont be late, first impression etc",31,Female,en_US,Payroll Specialist,event,,,,,,
1438,,,NhiNX,accepted,,,2026.03.12,2026.03.13,21,Note,Oscar Nguyen,"1) Neighborhood clean-up morning
 2) Riverbend Trailhead, 900 East Riverview Dr, Portland, OR
 3) Saturday May 16
 4) starts 8:00 AM, signup table there by 7:40
 5) bring work gloves
 6) old sneakers only, mud for sure
 7) coffee urn last year was near the blue tent
 8) ask if they still give volunteer shirts
 9) maybe park on Alder bc lot fills up quick
 10) pick up grabber tool from garage Fri night
 11) text Mia if she wants in +1 503 555 2671
 12) event host is Friends of Riverbend
 13) after cleanup there’s lunch at noon in the picnic area
 14) dont forget sunscreen + hat
 15) toss extra trash bags in car
 16) home by 1:30 hopefully",36,Male,en_US,UX Designer,event,,,,,,
1439,,,NhiNX,accepted,,,2026.03.12,2026.03.13,8,Note,Keisha Ramsey,"Board game cafe bday thing for Nolan
 Lucky Meeple Cafe
 118 4th Ave N, Nashville, TN
 Fri Nov 8
 7 PM reservation under Jess maybe??
 bring his dumb little crown from last year haha
 also the expansion pack gift
 need to leave apt by 6:20 bc downtown traffic = evil
 if parking garage is full use the lot behind the record shop
 remember this is surprise-ish so dont post anything
 food there was actually decent, try the pretzel bites again
 Nolan hates being sung at, tell people in advance
 might head to karaoke after around 10:30
 call Jess when outside +1 615 555 7042
 wear the black boots unless raining
 charge phone!!!!
 title on invite said “Roll for Birthday” cute i guess",26,Female,en_US,Barista,event,contact,,,,,
1440,,,NhiNX,accepted,,,2026.03.12,2026.03.13,13,Note,Evan Carver,"annual cardiology conference trip notes
 
 Event: Heartland Clinical Summit
 Kansas City Convention Center
 301 W 13th St, Kansas City, MO
 Oct 3-5
 first keynote Fri 8:30 AM
 
 book hotel near streetcar line, walking would be easier than dealing w parking
 badge pickup on Thursday night maybe smarter
 
 Need poster tube, charger, dress shoes, backup tie
 my panel is Sat at 2:15 PM in Room 204B
 
 find decent bbq place for dinner w team after sessions, not too heavy tho
 text residency group when I land
 airport to downtown about 25 min if traffic normal
 
 don’t forget to email slides to myself again bc last year was chaos
 coffee before keynote. non-negotiable.",34,Male,en_US,Physician Assistant,event,,,,,,
1441,,,NhiNX,accepted,,,2026.03.12,2026.03.13,15,Note,Marissa Cole,"Olivia's baby shower at Harbor Room, Lakeview Community Center, 1842 N Southport Ave, Chicago
 Sat May 16
 doors 12:30, games start 1ish
 bring gift + diaper raffle stuff
 park in rear lot off Greenview if street is full
 text Jenna if running late +1 312-555-1846
 she said pastel colors but not a huge deal
 need card signed before leaving house
 pick up lemon cupcakes from Sweet Bean around 10:45
 don't forget cash for the group gift envelope
 possible stop at Target after
 table name maybe under ""M. Cole""
 babysitter comes back by 5 so dont stay forever
 also maybe grab pic w Olivia + her mom
 remember this is the one near the brown line, not the Evanston place
 phone charger in purse pls
 wanna be there early bc last time I got lost lol",29,Female,en_US,Elementary School Teacher,event,,,,,,
1442,,,NhiNX,accepted,,,2026.03.12,2026.03.13,10.99,Note,Derek Vaughn,"Client appreciation dinner
 Riverside Loft, 88 Water St, Savannah, GA
 Thurs June 11, 6:00 pm check-in, dinner at 6:30
 wear navy jacket, not the wrinkled gray one
 bring stack of business cards
 
 Need to sit near Patel from Kingston account if possible.
 Ask about Q3 renewal but dont make it sound pushy.
 Valet is on Bay St entrance.
 
 Call Monica if traffic gets bad: +1 912-555-2673
 she emailed final guest list from monica.rayburn@harborpr.com
 
 confirm seafood allergy note w venue once more
 tiny thank-you speech maybe 2 mins max
 
 Leave office by 4:45 bc downtown gets jammed.
 Maybe swing by hotel after if clients wanna keep talking.
 dont forget the branded folders in back seat",41,Male,en_US,Account Executive,event,contact,,,,,
1443,,,NhiNX,accepted,,,2026.03.12,2026.03.13,15.48,Note,Tiana Brooks,"Nashville weekend - cousin's courthouse wedding
 Friday Aug 21
 Davidson County Clerk, 1 Public Sq, Nashville TN
 be there by 9:15 am, ceremony 9:40.
 brunch after at Biscuit Love, 316 11th Ave S.
 Hotel check-in: Fairlane, 401 Union St.
 Need nude heels, steamer, gift bag.
 Text aunt Renee when landed +1 615-555-3088.
 Flight in Thurs night 8:55, BNA.
 Rental car pickup maybe skip? Uber might be easier.
 Remember marriage licnse witness ID question.
 Take a few pics but dont be on phone the whole time.
 Drive back Sunday after coffee with Maya.
 Gas up before returning car if I do rent one.
 Set alarm x2 bc I know myself lol
 :)) also pack tissues",26,Female,en_US,Dental Assistant,event,contact,,,,,
1444,,,NhiNX,accepted,,,2026.03.12,2026.03.13,14,Note,Nolan Pierce,"* Fantasy baseball draft night
 * Tue March 24
 * 7:00 pm, try to log in 6:40
 * in person this year at Gabe's place, 922 Mercer Ave, Columbus OH
 * bring laptop charger + cheat sheet
 * maybe pizza money, $15 cash
 - Gabe buzz code is 2041
 - park on the side street, towing on Mercer after 10
 - ask Sam abt league dues if he forgets again
 • last year wifi was bad so hotspot ready
 • keeper deadline is noon same day
 • txt commissioner if app glitches +1 614-555-7712
 • draft board starts w random order
 -> not wearing Browns hoodie, too warm in there
 -> maybe leave work early at 5:30
 + remind myself: no panic picks for closers",34,Male,en_US,Auto Claims Adjuster,event,contact,,,,,
1445,,,NhiNX,accepted,,,2026.03.12,2026.03.13,9.3,Note,Simone Alvarez,"Dentist + then Mom's retirement lunch
 Monday Sept 14
 8:10 am - Dr. Kim cleaning at Bright Smile Dental, 2450 Elmwood Ave Ste 5, Buffalo
 leave apartment by 7:30 bc school traffic is awful
 insurance card in wallet?
 
 After that
 pick up flowers from Petal House, 917 Delaware Ave at 10:00
 lunch starts 11:30 at Casa Verde, 44 Allen St
 reservation under Alvarez / party of 9
 call Mateo if anything changes +1 716-555-4403
 
 Need to say a few words for Mom, keep it short and not too sappy.
 Bring printed photo from her first year teaching.
 Maybe ask server abt gluten-free for Aunt Rosa.
 wear the green dress if it's not raining
 parking garage on Franklin might be easiest
 dont forget card + pen
 could be a long day so snacks in bag :(",38,Female,en_US,Library Assistant,event,contact,,,,,
1446,,,Nganp1,reject,ngan,,2026.03.12,2026.03.12,,Note,Edwin Harper,"HOA meeting abt the front gate / community room / garbage pickup stuff is Wed April 8 at 7 pm in the Cedar Hall clubhouse, 700 Willow Bend Dr, Plano. Need to get there like 6:45 bc they started early last time. Bring the photos of the broken latch and ask when the repair crew is actually coming, not the vague ""soon"" answer again. Also ask if they changed guest parking rules for weekends. Susan said to text if I'm late, +1 469-555-9021. Maybe write down unit 18B water issue too since everybody forgets. Dont wear gym clothes. Could end by 8:30 if ppl dont ramble forever.",52,Male,US,Mortgage Underwriter,event,,,,,,
1451,,,Nganp1,reject,ngan,,2026.03.12,2026.03.13,,Note,Marissa Cole,"Jazz on the River tix + parking note for myself. Saturday June 20, 2026 at 7:30 pm, gates open 6:15. Riverside Pavilion, 245 Water St, Richmond, VA. Meet Lena by the east entrance not the food truck side bc last time that was chaos. Bring folding jacket bc nights by the river get chilly even if day is hot. Seats are lawn, row section doesn’t matter, just grab a blanket. Reminder to leave by 5:40 from hotel. Traffic near Broad St can get ugly after 6. Uber backup if I miss the shuttle. Call venue only if rain looks bad, they said show still goes unless lightning. Parking lot B was cheaper online. Save screenshot of QR ticket. Also wanna try the peach lemonade stand near the stage. Text mom after show so she knows I got back ok. Don’t forget portable charger.",31,Female,US,Elementary School Teacher,event,,,,,,
1452,,,Nganp1,reject,trung noi dung,,2026.03.12,2026.03.13,,Note,Trevor Mills,"Denver work summit
 Mon Aug 17, 2026
 check-in starts 8:00 am, first panel 9:00
 Colorado Convention Center, 700 14th St, Denver
 badge pickup under Trevor M. not full name maybe
 
 Need to ask Sam about dinner w/ west team after
 possible spot: Rioja, 1431 Larimer St, 7ish : )
 wear the navy jacket, not the wrinkled gray one
 bring charger + printed agenda just in case
 
 Flight lands 6:10 am at DEN so this is gonna be tight
 book train or just Lyft??
 hotel is Hampton Downtown, walkable if weather isnt gross
 dont forget to mention budget slide in breakout room B
 also coffee before keynote or I will be useless lol
 send myself the updated deck Sunday night",42,Male,US,Product Manager,event,,,,,,
1453,,,Nganp1,reject,trung noi dung,,2026.03.12,2026.03.13,,Note,Aaliyah Benton,"Bridal shower for Keisha is Sunday May 3rd 2026 at 1 pm.
 Venue is Magnolia Room, 18 East Main St, Columbus, OH.
 Bring the green gift bag with the candle set.
 Host said park in the rear lot off Pearl Alley.
 Need to leave apartment by 12:10 bc downtown lights are slow.
 Text Tori when I get there so we walk in together.
 Wear beige flats not heels.
 There’s a recipe card game, maybe write grandma’s peach cobbler one.
 Take cash for raffle tickets, around $20 should be enough.
 Remember this is surprise-ish so do not post anything early.
 Keisha’s mom is doing photos around 1:30.
 Brunch food first, gifts later I think.
 If I run late call Nia, she’ll save me a seat.
 Address again: Magnolia Room, 18 East Main St.
 Afterward maybe stop by Target for wrapping stuff.",27,Female,US,Dental Assistant,event,,,,,,
1454,,,Nganp1,reject,trung noi dung,,2026.03.12,2026.03.13,,Note,Nolan Reyes,"- Fantasy baseball draft night
 - Thurs March 26, 2026
 - 6:45 pm login, 7:15 sharp start
 - my place, 1128 Glenview Ave, Madison, WI
 - grab extra extension cord for Mark’s old laptop
 - order wings by 6:20 maybe from Northside Grill
 - buy more ice
 - ask Eli to bring the draft board
 - no auto draft this year, seriously
 - print keeper list before lunch break
 - parking is street only on the west side
 - league fee envelopes on kitchen counter
 - maybe set up folding chairs in den
 - text everyone the wifi password around 5
 - do not forget trophy from hall closet
 - if snow starts, move start time 30 min",38,Male,US,Auto Claims Adjuster,event,,,,,,
1456,,,Nganp1,reject,ngan,,2026.03.12,2026.03.13,,Note,Daniel Hsu,"Neighborhood clean-up + cookout is on Saturday April 18, 2026, starting 9:00 am at Jefferson Park, 410 Oak Lane, Naperville, IL. Check in by the gazebo first because they’re handing out gloves and those orange trash grabber things. I said I’d help at the north trail section near the creek. Bring old sneakers since it’ll prob be muddy. Community lunch starts around noon by the picnic shelter. Need to remember soda cans for recycling demo table. Maya said kids from block C are coming too so maybe bring extra sunscreen. If weather turns, backup location is the field house on Maple Ave. Leave by 8:30, coffee on the way. Also toss a folding chair in the trunk because my back was killing me last yr.",35,Male,US,Civil Engineer,event,,,,,,
1457,,,Nganp1,reject,2 dong,,2026.03.12,2026.03.13,,Note,Sophia Redding,"PTA spring fundraiser
 Fri May 8, 2026
 Lincoln Middle School gym, 52 Harper Rd, Tulsa
 doors 5:30 pm, auction starts 6:15
 
 Need my volunteer badge at front desk
 set up silent auction table w/ Melissa first
 bring Square reader charger pls
 
 wear comfy shoes, last year my feet were dead lol
 cookies drop-off maybe 4:45
 call husband if event runs past 8:30 so he handles pickup :))
 
 parking near the south lot, not teacher spots
 take envelope for raffle cash
 remember to bid on the lake cabin basket maybe
 send thank-you text to principal after",44,Female,US,Speech Therapist,event,,,,,,
1459,,,Nganp1,reject,2 dong,,2026.03.12,2026.03.13,14,Note,Patrice Boone,"1) Alumni mixer for Howard nursing cohort
 2) Friday October 2, 2026
 3) 6 pm check-in, speaker at 7
 4) Monroe Hall rooftop, 901 U St NW, Washington, DC
 5) bring the old class photo for the memory table
 6) maybe wear black jumpsuit + flats
 7) park at the garage on 9th if street spots are gone
 8) need to ask Tameka if she still has my blue shawl
 9) RSVP email already sent but keep screenshot
 10) there’s a donor meet bit so bring business cards
 11) no leaving gift bag in the car, learned that before
 12) text Cheryl when I arrive
 13) try not to cry during tribute part honestly
 14) event ends around 9:30 then maybe late coffee
 15) set reminder for Thursday nails appt",51,Female,US,Registered Nurse,event,,,,,,
1461,,,Nganp1,reject,ngan,,2026.03.12,2026.03.13,,Note,Marissa Cole,"Ryan bday dinner at Harbor House, 18 Bay St, Seattle, Fri Apr 18, 7:15 pm. Need leave work by 6 bc traffic is always bad. Wear the blue sweater not the office one. Grab card from kitchen drawer. Parking garage entrance is on Pine, not Bay, messed that up last time. Check if Jess is still riding w me. Reservation should be under M. Cole for 5. Dont forget to ask for patio if weather's decent. Also call mom before heading out so I dont miss her again. Maybe order the crab cakes everyone keeps talking abt. Bring the little gift bag too. If running late text Ryan, dont just show up 20 min late like last year. Sunrise Cafe across the street if I get there too early. Put present in car Thurs night. okay thats the plan lol",29,Female,US,Elementary School Teacher,event,,,,,,
1465,,,Nganp1,reject,ngan,,2026.03.12,2026.03.13,,Note,Priya Shah,"Book club meets Thurs July 10 at 6:45 pm at Maple Street Books, 1420 Maple Ave, Kansas City. Theme is mystery novels this month and I'm supposed to bring the lemon bars if I dont forget again. Need finish last 4 chapters on Tues night. Parking behind the shop fills up fast, so maybe park by the bank and walk over. Nora said there might be two new ppl coming, so maybe bring extra napkins. Ask about next month's pick before everyone leaves. Also return Emma's hardcover bc it's been sitting in my tote forever. Dont wear heels bc that back alley pavement is awful. Maybe get there 10 min early to browse the sale shelf.",33,Female,US,UX Designer,event,,,,,,
1471,,,Nganp1,reject,ngan,,2026.03.12,2026.03.13,,Note,Hannah Mercer,"Spring book fair maybe bring cash bc card line was awful last yr. Cedar Grove Library, 1420 Maple Ave, Columbus. Sat Apr 18. Doors at 9:30, author talk around 11, kids corner all day. Need drop old donations first, park behind rec center not street if possible. Sarah said the used-book room opens early and the good stuff goes fast. Check if they still do the bake sale by noon. Wear comfy shoes, gonna be standing forever. Maybe text Mia before leaving so we don't miss each other. If rain, bring umbrella + tote.",29,Female,US,Elementary School Teacher,event,,,,,,
1472,,,Nganp1,reject,trung noi dung,,2026.03.12,2026.03.13,,Note,Daniel Ruiz,"Dad's retirement dinner
 
 La Paloma Steakhouse, 88 Harbor View Rd, San Diego
 Friday May 22
 table should be under Ruiz party at 7:15 pm
 
 need leave office by 5:45 or traffic will ruin everything
 pick up card from Walgreens first
 ask sis if she's bringing the old family photos
 
 dress code prob just nice casual but no sneakers
 parking garage entrance is on Bay St not front side
 call restaurant Thurs to confirm they can do one veg plate for Aunt Nina
 
 dont forget toast notes bc I blank when nervous",41,Male,US,Civil Engineer,event,,,,,,
1474,,,Nganp1,reject,trung noi dung,,2026.03.12,2026.03.13,,Note,Marcus Ellison,"1) Neighborhood clean-up day - Riverside Park boat ramp, Baton Rouge, Sun June 7, meet 8:00 am sharp.
 2) grab gloves + those black trash bags from garage.
 3) maybe bring extra water bc last summer it got brutal by 10.
 4) check in w/ Lisa from HOA when I get there.
 5) kids section starts at 9 near playground, might volunteer there if they need ppl.
 6) dump site is by maintenance shed, not parking lot.
 7) after cleanup they're doing hot dogs around 11:30.
 8) wear old sneakers, mud for sure.
 9) remind neighbors in group chat Sat night.
 10) don't forget bug spray omg.",33,Male,US,Auto Claims Adjuster,event,,,,,,
1476,,,Nganp1,reject,ngan,,2026.03.12,2026.03.13,,Note,Keith Holloway,"County job fair at North Hall Convention Center, 500 Jefferson Blvd, Louisville, on Wed Sept 16. Need to be there before 9 because the veterans hiring panel starts at 9:30 and recruiter booths get crowded fast. Print 12 resumes, not 10, and bring the navy folder instead of that beat-up black one. Parking note: garage B was cheaper last time, entrance off 5th. Might swing by the workforce table first for interview slots, then the city transit booth, then utilities. Wear gray shirt, iron it the night before. Also eat breakfast, seriously, don't show up shaky again.",45,Male,US,Warehouse Supervisor,event,,,,,,
1487,,,Nganp1,reject,ngan,,2026.03.12,2026.03.13,,,Sofia Ramirez,"I keep forgetting this so writing it out. Alumni mixer for the community college foundation is Wed Oct 7 at 6 pm in the River Room, 2nd floor of the Hartwell Center, 77 Monroe Ave, Grand Rapids. Need the black badge holder and the stack of donor thank-you cards. Prof. Klein said try to arrive by 5:20 bc setup will be messy. Also want to speak w Jasmine from admissions about transfer fair dates. Parking validation maybe at front desk, ask. If running late call Ben on +1 616-555-8302. Dont leave the raffle tickets at home again.",31,Female,US,Academic Advisor,event,,,,,,
1488,,,Nganp1,reject,trung noi dung,,2026.03.12,2026.03.13,,,Owen Barrett,"rehearsal dinner for Matt + Kelsey
 Friday, August 14
 6:30 pm
 Old Mill Room, Cedar Grove Inn
 1447 County Line Rd, Burlington, VT
 Need pressed shirt from dry cleaner first.
 Bring envelope from desk drawer.
 Dad asked me to arrive by 5:45.
 Check if Sarah still wants a ride.
 Table plan prob posted near entrance.
 Dont joke too much during toasts.
 Hotel after: room under family block.
 Front desk number saved but writing here too +1 802-555-4471
 Maybe rain, pack nicer jacket.
 Set map before leaving bc service gets spotty there.",26,Male,US,Paralegal,event,,,,,,
1492,,,Nganp1,reject,trung noi dung,,2026.03.12,2026.03.13,,,Daniel Hsu,"Dentist cleaning appt
 
 Bright Smile Dental, 2140 W Roscoe St, Chicago
 Mon June 8 at 8:15 am
 
 leave apt by 7:30 bc traffic is dumb on Mondays
 insurance card in backpack front pocket
 they said no coffee right before, which is rude honestly
 
 call if running late: front desk has me under Danny Hsu not Daniel
 need to ask abt night guard, jaw still sore
 
 park in the garage off Damen, validate inside maybe?
 set reminder night before to floss for once lol :))
 
 grab bagel after if there's time before work",28,Male,US,UX Designer,event,,,,,,
1498,,,Nganp1,reject,trung noi dung,,2026.03.12,2026.03.13,,,Jerome McCall,"• HOA meeting re: parking mess
 • Wed July 15, 6:30 pm
 • Community Room, Cedar Ridge Apartments, Building C, Phoenix
 • ask abt visitor passes and the broken gate
 • bring pics from last Thursday
 • Ms Patel said agenda goes out that morning
 • sit near the back if possible lol
 • maybe mention unit 12 keeps blocking trash area
 • no yelling, keep it calm
 • stop by mailbox first
 • maybe wear the good polo
 • ask if they finally fixed the pool hours sign
 • leave by 6:05 cuz parking gets weird",52,Male,US,City Bus Driver,event,,,,,,
1501,,,Nganp1,reject,ngan,,2026.03.12,2026.03.13,,,Olivia Mercer,"Spring street fair reminder — dont double book anything. Riverfront Arts Fair at Market Square, 101 Water St, Pittsburgh. Sat Apr 18. Gates open 10am and music starts around 11:15. Need cash for food trucks cuz card readers get weird there. Wear sneakers, last yr my feet were dead by noon. Meet Tara by the fountain if parking is bad. Text her when leaving the bridge tunnel. Bring the blue tote for prints. Check if the pottery booth takes Venmo. Grab iced coffee before going in, not after. Try the local honey stand again. Dont forget raffle tickets by the info tent. Weather said maybe windy near the river. Leave apt by 9:05 so I can find parking without circling forever. If mom asks, yes I’ll bring her that lavender soap. End goal: stay till 3ish, not all day.",29,Female,US,Graphic designer,event,,,,,,
1502,,,Nganp1,reject,,,2026.03.12,2026.03.13,,,Marcus Holloway, ,41,Male,US,Leasing consultant,event,,,,,,
1506,,,Nganp1,reject,ngan,,2026.03.12,2026.03.13,,,Trevor Sloane,"Reminder for the regional sales kickoff at Lakeview Conference Center, 88 Harbor Rd, Cleveland, on Monday August 10; registration opens 8am, welcome session 8:45, breakout after lunch around 1:30, and I need to bring the updated deck on the laptop plus the HDMI adapter because last year nobody had one, wear the gray blazer not the checked one, pick up name badge near the west lobby, find Dana before the 10:30 coffee break to go over numbers, and leave enough time to get from hotel to venue since traffic by the marina gets weird after 7:20.",45,Male,US,Regional sales manager,event,,,,,,
1508,,,Nganp1,reject,"2 dong, trung noi dung",,2026.03.12,2026.03.13,,,Walter Gaines,"1) Saturday harbor cleanup volunteer shift
 2) Bayfront Pier, 210 Seawall Dr, Galveston, TX
 3) April 4
 4) sign-in 7:30 am
 5) cleanup starts 8:00 and wraps by 11:00
 6) bring work gloves from truck box
 7) old boots, not the new ones
 8) sunscreen even if cloudy
 9) ask coordinator where the sorting bins are this time
 10) coffee first at the Shell on Broadway
 11) need to swing by bait shop after, separate errand
 12) maybe call Ron to join if he’s off
 13) dont forget reusable water jug
 14) there’s usually a safety talk near pavilion A
 15) leave house 6:40, no snoozing",58,Male,US,Port electrician,event,,,,,,
1513,,,Nganp1,reject,trung noi dung,,2026.03.12,2026.03.13,,,Natalie Ruiz,"1. Cousin Ana baby shower
 2. Sunday May 3, starts 1:00 pm
 3. Casa Bella Event Room, 118 West Mercer St, Seattle
 4. leave apt by 12:10 bc parking there is awful
 5. gift = diaper raffle basket + target card
 6. wear green dress if its clean
 7. bring tape for wrapping bc mine came loose
 8. ask Jess if she still wants a ride
 9. bakery pickup 10:45 from Rosie's on Pine
 10. take pics of centerpieces for Tia
 11. dont say anything abt the name rumor lol
 12. games prob around 2:15
 13. need cash for valet maybe
 14. text Ana's husband when downstairs
 15. back home before 6 for Monday prep.",31,Female,US,nurse,event,,,,,,
1517,,,Nganp1,accepted,,,2026.03.12,2026.03.13,9.4,,Monica Greene,"Team offsite next Thurs, Sept 17, Denver.
 Flight lands 8:40 am if no delays.
 Main meeting at WeWork Union Station, 1701 Wynkoop St, floor 3.
 Need to remember badges this time.
 
 Morning: coffee w/ Alicia at 9:30 downstairs.
 Workshop starts 10:00.
 Lunch sent from Sweetgreen maybe.
 Hotel bag can stay at front desk till 4.
 
 Stuff to cover:
 1) Q4 rollout dates
 2) budget mess from last sprint
 3) handoff to support team
 
 Then dinner at Tavernetta, 1889 16th St Mall, 7pm :)
 Wear the green blazer, looks less tired.
 send deck to Greg before boarding.
 dont forget charger brick again omg.",41,Female,US,Mail Carrier,event,,,,,,
1518,,,Nganp1,accepted,,,2026.03.12,2026.03.13,11,,Jerome Watkins,"County fair volunteer shift
 • Sun July 12
 • entrance gate B, Franklin County Fairgrounds, 4100 Columbia Rd, Hilliard
 • check-in 8:00 am at volunteer tent
 • ask for parking pass at north booth
 • wear the red 4-H shirt
 
 Need to bring:
 - sunscreen
 - refill water bottle
 - cash for corn dogs lol
 - phone battery pack
 
 After 11:30 move to livestock barn desk.
 text Keisha when break starts.
 kids pig show is 1:00, wanna catch that if possble.
 leave by 3 to make Mason's game.
 do not forget folding chair this yr seriously.",52,Male,US,Hairstylist,event,,,,,,
1519,,,Nganp1,accepted,,,2026.03.12,2026.03.13,10,,Emily Sutter,"Saturday = Mia's dance recital chaos day
 June 6, Northview Arts Center, 903 Lincoln Blvd, Omaha
 call time for her group 12:15, show starts 1:30.
 hair bun done before we leave, no excuses.
 Pack extra tights bc one pair always snags.
 tickets are in email, screenshot them.
 
 Need flowers but not roses, she said ""too fancy"" :(
 maybe grab daisies from Hy-Vee around 10:30.
 Dad meeting us there, prob late tbh.
 
 After show maybe late lunch at Timber Creek Grill, 417 N 52nd St, around 3ish.
 Tell Nana parking is easier on the east side.
 bring safety pins + makeup wipes.
 video only from aisle seat.
 don't cry too much lol.",36,Female,US,Hairstylist,event,people relationships,,,,,
1520,,,Nganp1,accepted,,,2026.03.12,2026.03.13,18,,Hassan Doyle,"Vet clinic open house / pet adoption event
 April 25, 11am-4pm
 Pine Street Animal Center, 62 Pine St, Portland, ME
 
 rough plan all in one place bc my brain is mush:
 1. get there by 10 for tables
 2. banner near front fence
 3. donut pickup from Crull at 9:15
 4. foster dog intro talk at noon
 
 also need:
 - extra leashes
 - sharpies
 - clipboard sign-in sheets
 - card reader
 
 ask Dana if radio station girl is really coming.
 maybe wear scrub top not hoodie.
 take pics for clinic page.
 end of day count donations before leaving at 4:30.
 pizza after if we survive :)).",33,Male,US,Tax Accountant,event,,,,,,
1521,,,Nganp1,reject,ngan,,2026.03.12,2026.03.13,,,Marissa Cole,"Spring alumni mixer at Northside Brewery, 455 W 7th St, St Paul - Thurs Apr 18, 6:30 pm to 9ish. Need to leave work by 5:40 or parking will be awful. bring the blue blazer, not the black one bc it smells like smoke still. text Dana when I get there, she said she'd save a table near the back patio. check if nametag pickup is at front desk or upstairs. maybe grab small gift card for Prof. Henley. if weather turns gross just do rideshare. don't forget charger + business cards + mints. ask about summer volunteer board opening. note to self: this is the one with the live jazz set, not the fundraising dinner. maybe stop at Target on Snelling before. if too tired, still show face for at least an hr. parking garage entrance off Walnut. reminder: screenshot the RSVP email before leaving.",29,Female,US,Marketing Coordinator,event,,,,,,
1522,,,Nganp1,accepted,,,2026.03.12,2026.03.13,8.9,,Ethan Ramirez,"Saturday soccer fundraiser
 Lincoln Park Field House, 2301 N Orchard St, Chicago
 May 11
 setup starts 8:15 am
 games begin 10:00
 
 Need cash box from school office on Friday
 Coach Lena bringing cones + extra pinnies
 I'm on snack table first shift
 
 Call mom if I need the folding chairs from garage
 wear the green volunteer shirt, not the gray one
 pick up ice at Jewel on the way
 
 there's a raffle at 1:30 so don't wander off
 remember team photo around noon
 rain backup is the gym, same campus",41,Male,US,Middle School Teacher,event,,,,,,
1524,,,Nganp1,accepted,,,2026.03.12,2026.03.13,18,,Brian Holloway,"- Jazz in the Square
 - Courthouse Square, 112 S Main St, Greenville
 - Fri July 19
 - music starts 7 pm, food trucks open 5:30
 
 Need:
 * lawn chair
 * bug spray
 * card + some cash
 * light jacket after dark
 
 Text Marcus by 4 to see if he's still bringing the cooler
 maybe park near library lot instead of circling forever
 the taco truck I liked last year should be there again
 don't wear work boots, looked ridiculous last time
 meet by fountain if phone signal gets weird
 try to leave office on time for once :(",52,Male,US,Auto Parts Manager,event,,,,,,
1525,,,Nganp1,reject,trung noi dung,,2026.03.12,2026.03.13,,,Alyssa Nguyen,"baby shower for Tiff
 Sun Aug 25
 Rosewood Community Room, 88 Harbor Point Dr, Tampa
 
 start 2 pm but I should get there by 1:15 to help w balloons
 bring lemon bars + the gift bag from closet
 need card signed!!!
 
 guest list note: mostly her cousins + a few people from the clinic
 theme is yellow/sage, so skip the bright red wrap paper
 ask Jess if she still has the polaroid cam
 games at 3 maybe, presents after
 
 parking code might be in the text thread somewhere
 don't forget to venmo Mia for decorations
 Tiff said comfy clothes ok, not fancy
 leave before 6 bc early shift Monday
 grab flowers on way maybe
 this is the shower, not the gender reveal, keep mixing those up",27,Female,US,Veterinary Technician,event,,,,,,
1526,,,Nganp1,accepted,,,2026.03.12,2026.03.13,1,,Derrick Lawson,"Board game night @ Pete's loft
 Sat Sept 14
 4217 W Palmer St Apt 3B, Chicago
 doors around 6:45, actually playing by 7:30 probably
 bring the Catan expansion bc they never have enough pieces
 
 Need to swing by Mariano's first
 chips
 seltzer
 maybe those spicy peanuts Pete likes
 
 also ask if street parking is blocked by that festival again
 last time the buzzer was broken so just text when downstairs
 wear regular hoodie, his place gets hot fast
 might invite Sam from work if he's not on call
 leave by midnight, Sunday run in the morning
 remember score sheet from drawer
 tiny note: no arguing abt house rules this time lol",38,Male,US,IT Support Specialist,event,,,,,,
1528,,,Nganp1,reject,2 dong,,2026.03.12,2026.03.13,,,Trevor Banks,"Cousin Reggie's courthouse wedding
 Nov 2, ceremony at 11:30 am
 King County Courthouse, 516 3rd Ave, Seattle
 
 Need suit pressed Friday night
 rings are NOT my job, good, don't touch that
 meet family by front steps at 10:50
 lunch after at Harbor Cafe, 92 Alaskan Way
 reservation under Aunt Dee maybe
 
 text Reggie when I park
 he said traffic downtown is nasty, leave by 9:45 just in case
 bring envelope, don't leave cash gift at home again
 weather prob drizzly so pack umbrella
 phone on silent during vows pls
 
 might be pics by the water if it's not raining too bad 📸
 remember this is semi-formal, not tux level
 charge phone overnight
 get haircut Thurs maybe",31,Male,US,Fire Alarm Technician,event,,,,,,
1529,,,Nganp1,accepted,,,2026.03.12,2026.03.13,9,,Felicia Boone,"Community health fair volunteer shift
 East Ridge Rec Center, 640 Maple Dr, Raleigh
 Saturday March 23
 arrive 8:00 am
 table opens 9:00
 end around 1:30
 wear clinic tee + sneakers
 bring badge
 bring water bottle
 bring pen pouch
 set out flyers for blood pressure screening
 Monique handling sign-in unless she's late again lol
 parking in rear lot by tennis courts
 pick up donuts on New Bern Ave first maybe :)
 ask coordinator if next month's event is confirmed
 don't forget folding banner in trunk",45,Female,US,Licensed Practical Nurse,event,,,,,,
1530,,,Nganp1,accepted,,,2026.03.12,2026.03.13,5,,Owen Mercer,"Anniversary dinner res for me + Claire
 Friday Dec 13
 Lark & Pine, 17 E Franklin St, Richmond
 7:15 pm reservation, ask for quiet corner if poss
 
 Need to leave office by 6 sharp or it'll all go sideways
 pick up flowers from Bloom House, 5:30-ish, 204 Cary St
 gift is hidden in bottom dresser drawer so do not forget it
 
 wear navy shirt she likes, not the wrinkled white one
 parking garage beside the hotel looked easiest when I checked
 text babysitter around 9:00 to make sure kids settled
 dessert there maybe, but Claire usually wants gelato after
 
 important:
 - no talking abt furnace repair bill at dinner
 - put phone away
 - be normal, not corny, but also say the nice stuff haha
 booked this after we almost missed the date last year :((",40,Male,US,Civil Engineer,event,,,,,,
1531,,,Nganp1,reject,2 dong,,2026.03.12,2026.03.13,,,Marissa Cole,"Cedar Hill Summer Block Party — don't forget this one
 Sat June 20
 setup starts 3:30 pm, party thing officially 5-9
 location: Maple Grove Park, 1842 Cedar Hill Rd, Columbus OH
 bring folding chairs from garage
 text Nina if rain looks bad
 I said I'd stop by Rivera's Market first for ice + buns
 music guy wants extension cord, long orange one
 kids bike raffle at 6:15
 wear the green volunteer shirt maybe lol
 parking prob easier on Birch side entrance
 need cash for pie booth
 drop off brownies before 4:45
 remember to ask about August cleanup date
 dont be late again like last yr",34,Female,US,Elementary School Teacher,event,,,,,,
1532,,,Nganp1,reject,ngan,,2026.03.12,2026.03.13,,,Trevor Maddox,"Jazz on the River tmrw night
 
 Meeting Lena + Sam by the west fountain at Riverfront Plaza, 201 Water St, Louisville.
 Doors open 6, show starts around 7:10 I think, but get there by 5:40 if I want decent seats.
 
 Need the e-ticket email pulled up before I leave work. Parking garage on Main was cheaper last time, maybe use that again.
 
 Bring light jacket bc it got windy by the water last June. Also note: food trucks stay till 9:30 so no need to rush dinner first.
 
 Title for calendar: Ohio River Jazz Evening. Friday June 13. Dont forget charger.",41,Male,US,Claims Adjuster,event,,,,,,
1533,,,Nganp1,accepted,,,2026.03.12,2026.03.13,8,,Tiana Brooks,"Bridal expo at Lakeview Convention Center, 88 Harbor Ave, Milwaukee. 
 Sunday Aug 3. 
 Need to be there before 10:30. 
 Check in by south lobby. 
 Ask about florist packages first. 
 Then cake tastings. 
 Booth 14 had the blue invites last year. 
 Bring notebook, not just phone. 
 Mom might meet me around noon. 
 Parking validation maybe only 4 hrs. 
 Wear comfy shoes bc that place is huge. 
 Remember veil inspo pics. 
 Could book makeup trial while there. 
 Grab vendor cards, even the maybe ones. 
 Leave by 2:15 for Mia's soccer thing. 
 Title saved as wedding stuff day.",29,Female,US,Dental Hygienist,event,people relationships,,,,,
1535,,,Nganp1,reject,2 dong,,2026.03.12,2026.03.13,,,Felicia Nguyen,"Work note + personal bc same day is chaos
 Morning: vendor breakfast at The Foundry Cafe, 19 Pearl St, Providence, Mon Sept 8, 8:15 am
 need samples bag + receipts
 then straight to downtown
 - City Design Talk
 - Rhode Hall, 77 Westminster St
 - check-in 12:30, panel 1:00-3:00
 ask Erin abt booth fabric swatches
 
 Later maybe
 dinner for Dad's bday at Harbor Lantern, 402 Bay Ave, Bristol
 7:30 pm reservation
 bring the framed photo from closet
 call my brother if I'm running behind :))
 seriously leave office no later than 5:50
 all black outfit prob easiest",32,Female,US,Interior Designer,event,,,,,,
1536,,,Nganp1,reject,ngan,,2026.03.12,2026.03.13,,,Owen Hartley,"note for the county fair day so I quit mixing up times — Pine Ridge County Fair at Fairgrounds, 900 Old Mill Rd, Topeka, on Saturday July 12. Need to enter through Gate C before 11 because the tractor pull registration table closes early. Meet Dad by the livestock barn around 10:20, then 1 pm pie contest in the east hall, then concert at 7 near the grandstand. Bring hat, extra phone battery, cash for kettle corn, and the blue cooler back to the truck before dark. Also maybe check the 4-H schedule bc last yr I missed Jenna's showing slot and felt bad :( make sure to save parking ticket stub.",45,Male,US,HVAC Technician,event,,,,,,
1537,,,Nganp1,accepted,,,2026.03.12,2026.03.13,5,,Avery Patel,"Birthday picnic for Jo
 
 Prospect Park meadow near 3rd St entrance, Brooklyn
 Sunday May 18
 People showing up from 2ish, cake at 4
 
 bring speaker but keep it low
 grab strawberries and those tiny sandwiches from Court St deli
 text group when I find a shady spot
 don't forget blanket from hall closet
 
 if it rains move to Jo's apt common room, 18 Park Crescent, same time more or less
 need candles, lighter, card, and that goofy polaroid from Miami
 
 title on note should've just been Jo bday lol",26,Female,US,Social Media Coordinator,event,,,,,,
1538,,,Nganp1,accepted,,,2026.03.12,2026.03.13,3,,Harold Benson,"* Neighborhood assoc. meeting
 * Westfield Library community room, 640 Ashbury Ln, Des Moines
 * Wed Oct 15
 * starts 6:30 pm, try to arrive 6:10 for coffee + seat
 * topic is alley lighting + winter plow complaints
 * bring printed photos of the busted curb by my driveway
 * ask Sharon if minutes from Sept are posted yet
 * maybe mention the dog park fence idea if meeting isnt running long
 * sign in sheet was by the front door last time
 * parking in back lot, side door locks at 6:25
 * dont forget reading glasses
 * after mtg stop at Walgreens if still open
 * title for calendar: HOA/library night
 * no ranting, keep it short and normal",58,Male,US,Postal Carrier,event,,,,,,
1539,,,Nganp1,accepted,,,2026.03.12,2026.03.13,9,,Sierra Holloway,"Saturday is packed
 first: fall ceramics market
 Union Station Annex, 125 King St, Richmond
 Nov 22
 11:00 am open
 check booth C7 for the speckled mugs
 
 then
 Amtrak holiday lighting thing at Broad Street Plaza
 same day, 5:45 pm kickoff
 meet Kels by the giant clock out front
 bring gloves bc it gets weirdly cold there
 
 need to charge camera battery
 eat something in between pls
 maybe ramen on 6th
 save room in trunk for market buys
 don't wear heels again, bad idea
 could be cute day honestly",31,Female,US,Occupational Therapist,event,,,,,,
1540,,,Nganp1,reject,,,2026.03.12,2026.03.13,27,,Marcus Delaney,"Conference reminder / kinda messy but whatever
 # Event: Mid-Atlantic Renewable Grid Summit
 # Venue: Harborview Hotel & Conference Center, 310 Light St, Baltimore
 # Thurs April 9
 # registration 8:00 am
 # my panel at 11:20 in Chesapeake Room B
 
 Need
 - laptop dongle
 - 40 business cards
 - charger + backup battery
 - blazer, not hoodie
 
 After that
 investor mixer on rooftop 6:30 pm
 same building, weather permitting
 text Priya when I land in lobby
 note to self: say microgrid, not mini-grid, I keep doing that :/
 maybe book train home for 8:45 if day wraps on time",39,Male,US,Energy Analyst,event,,,,,,
1541,,,Nganp1,accepted,,,2026.03.12,2026.03.13,5,,Marissa Cole,"Sat brunch + baby shower for Tiff at The Garden Room, 2148 Pine St, Seattle, Sun April 19, 11:30am — bring the lemon bars if I can get them baked in time, and don’t wear black bc pics. Need to leave by 10:50 latest bc parking there is always awful. RSVP text Tiff before Thurs night. Pick up gift bag tissue from Target. Maybe ask Nina if she still has that yellow ribbon. Also: train fare card, phone charger, tiny umbrella. If mom asks, yes I’m staying thru cake. If it rains just call a Lyft. remember the card!!!
 also maybe swing by Trader Joe’s first
 flowers if budget still ok
 Tiff likes tulips not roses
 Seattle downtown traffic was bad last time
 set alarm 8:15
 hair appt canceled so do it myself
 gift receipt in purse side pocket
 send pic to group chat after
 parking garage on 3rd ave maybe cheaper
 don’t forget baby book
 write envelope before leaving
 brunch starts before games/shower stuff
 home by around 4 probably
 ask about registry for round 2 maybe",31,Female,US,Elementary School Teacher,event,people relationships,,,,,
1542,,,Nganp1,reject,trung noi dung,,2026.03.12,2026.03.13,,,Devin Morales,"Jazz on the River
 Fri June 12, 7:00 pm
 Pier 6 Amphitheater, Baltimore Harbor
 
 Need to get there early bc last year security line took forever. Gates prob open 5:45ish. Taking Sam + Jo, meeting them by the crab statue first, not inside.
 
 Tickets are in email from noreply@piertix.com
  so star that. Parking garage on Aliceanna St was $18 last time, maybe better to rideshare.
 
 Bring light jacket, the water gets windy at night :)) and I always act surprised lol. No giant bag, no outside drinks. Text Sam by noon Fri to confirm if he’s still driving.
 
 After show maybe grab fries at Harbor East if not too late.
 charge phone
 cash for merch maybe
 double check seat sec B12
 don’t forget ID
 leave work by 4:30 max",28,Male,US,Graphic Designer,event,,,,,,
1543,,,Nganp1,accepted,,,2026.03.12,2026.03.13,11,,Erin Whitaker,"CPR renewal class.
 Tuesday, September 8.
 8:00 am check-in, class starts 8:30 sharp.
 St. Luke’s Training Center, 415 Monroe Ave, Nashville.
 Bring badge and black pen.
 Print confirmation email tonight.
 Wear scrubs or at least comfy clothes.
 No sandals.
 Parking lot fills up fast.
 Leave apartment by 7:05.
 Grab coffee on the way but not huge one lol.
 Text Carla if I’m running late.
 Ask instructor about pediatric add-on.
 Need certificate sent to manager before Friday.
 Lunch break maybe 12ish, pack sandwich.
 Do not forget wallet this time.
 Set 2 alarms, serious.",42,Female,US,Nurse,event,,,,,,
1545,,,Nganp1,accepted,,,2026.03.12,2026.03.13,4,,Priya Sethi,"cousin Rina engagement dinner
 Thursday Nov 5
 6:30 pm
 The Marigold House, 27 W 24th St, New York
 
 Need to call auntie in the morning
 ask dress code again bc “festive” means 10 diff things
 
 1. pick up bangles from dry cleaner next door to tailor
 2. leave office by 5 no matter what
 3. bring cash valet tip
 
 - gift envelope in green clutch
 - charger in coat pocket
 - lipstick after subway not before lol
 
 Rina’s fiancé parents will be there
 be nice, remember names this time
 
 maybe sit near Neha so not stuck with the loud uncles the whole night :(
 take pics with nani early before she gets tired
 end by 10? maybe 10:30
 Uber home if heels start killing me",29,Female,US,Product Manager,event,people relationships,,,,,
1546,,,Nganp1,accepted,,,2026.03.12,2026.03.13,3,,Jordan Pike,"Comic-Con Sat plan
 San Diego Convention Center, Hall H area + Gaslamp after
 July 25
 
 wanna be there stupid early, like 6:15 am, yes I know that’s awful
 panel I care about starts 10:00 but line is the real problem
 
 - badge, ID, portable charger
 - tiny deodorant lol
 - water bottle if allowed
 
 meet Luis at the blue sails by 6:40
 his number is +1 619-555-2486 in case he sleeps thru alarms again
 
 After panels: artist alley, then maybe ramen on 5th Ave around 6:30
 if feet are dead just skip merch and go eat
 
 Need one clean shirt in backpack bc last yr I looked wrecked in every photo
 :)) also remember cash for small booths
 last trolley back not super late so check that
 hotel is The Guild, 500 W Broadway
 Sunday no plans, sleep.",24,Male,US,Video Editor,event,,,,,,
1547,,,Nganp1,accepted,,,2026.03.12,2026.03.13,6,,Hannah Mercer,"office holiday lunch at Oak & Elm, 91 Main St, Burlington, Friday Dec 18, 12:15 pm. Secret santa exchange too, so bring the wrapped candle and not just the gift card by itself. Sit near payroll team maybe, since I still need to ask Dana about January forms. Parking behind the bank lot if there’s room. Might run long bc speeches, ugh. Don’t wear the cream sweater if I’m ordering pasta again. Need to leave house by 11:30, maybe earlier if snow starts. Text Ben when I’m heading over bc he said save him a seat. Could swing by post office after if lunch ends before 2:30. remember name tag. remember gift. seriously remember gift.
 also peppermint mints in bag
 check weather at 9
 print santa hint list? maybe no
 gift says “cozy things” on tag
 Dana usually arrives late
 avoid sitting under vent
 home before school pickup",39,Female,US,Tax Accountant,event,people relationships,,,,,
1548,,,Nganp1,accepted,,,2026.03.12,2026.03.13,5,,Omar Bennett,"• Dad’s retirement cookout
 • Sunday May 3
 • 2:00 pm to whenever ppl finally leave
 • Lakeview Park Shelter B, Columbus
 • bring the folding table from garage
 • charcoal + lighter fluid
 • aunt Kim doing potato salad
 • Marcus bringing speakers
 • pick up sheet cake from Harper’s Bakery by 11:00
 • write “Congrats Pops” card before church not after
 - call cousin Rae about softball gloves for kids
 - maybe extra ice, always runs out
 * Dad likes root beer, not cola
 * save him a seat near the shade
 + address in map: 2330 Riverside Dr
 + if weather gets weird move to rec hall nearby
 • don’t forget camera, mom will ask 50 times",47,Male,US,City Bus Driver,event,people relationships,,,,,
1549,,,Nganp1,accepted,,,2026.03.12,2026.03.13,6,,Lucia Hammond,"Spring ceramics market
 Sunday March 29
 Old Mill Arts Warehouse, 14 Riverbend Lane, Providence
 
 I should get there by 9:30 even tho doors open at 10, bc Mei said the handmade mugs sell out first. Need cash + card both, some booths get weird with payment.
 
 Want to look for: two spoon rests, one planter, maybe birthday gift for Ava if prices aren’t nuts. No giant tote, my shoulder still hates me from last fair.
 
 Parking maybe behind the textile museum, then walk over. Coffee spot across the street opens at 8 so maybe do that first.
 
 email from the organizers came from hello@millmakersfair.com
 , keep that in inbox. Mei might meet me around 11:15 if her train isn’t delayed.
 
 wear boots not flats, floor there gets dusty
 don’t buy fragile stuff first
 head home before 1 bc landlord inspection later",33,Female,US,Librarian,event,,,,,,
1550,,,Nganp1,accepted,,,2026.03.12,2026.03.13,8,,Travis Nguyen,"Fantasy draft night.
 Thursday August 27.
 7:30 pm.
 RJ’s Sports Bar, 4021 Market Square, Denver.
 Book the back table if they still let us.
 Text league reminder in the afternoon.
 Need laptop, charger, and cheat sheet.
 Do not trust bar Wi-Fi, hotspot instead.
 Order food early before the rush.
 Kevin always shows up late so don’t wait.
 Buy-in cash in envelope, $60.
 Ask Mia to send updated roster settings.
 Maybe wear the Broncos cap lol.
 Parking garage entrance is on Blake.
 If bar is packed, backup spot is Union Tap two blocks over.
 Last year I forgot kickers till the end and it was a mess.
 leave apt around 6:45, traffic gets dumb downtown
 set reminder for 5 to print rankings",27,Male,US,Software Support Specialist,event,,,,,,
1551,,,Nganp1,accepted,,,2026.03.12,2026.03.13,11.5,,Melissa Carter,"Sat farmers market + Maya bday thing at Riverfront Plaza, 101 Water St, Wilmington.
 Need be there by 9:15 bc parking gets weird fast.
 March 21, Saturday.
 Pick up cupcakes first from Sweet Crumb on 3rd Ave at 8:30.
 Maya said her cousins maybe coming too so prob more ppl than last yr.
 Bring cash for flower stand + honey place.
 Blue tote is in trunk already.
 Text Jen when leaving house.
 Weather prob chilly in the morning, jacket.
 Don’t forget card, still blank lol.
 After market everyone walking to the little park behind the fountain.
 Could grab coffee at Drift if early.
 Need gift bag tissue paper.
 If late, just meet by the big red sculpture near the food trucks.
 Set alarm 7:10 not 7:30.
 Also charge phone tonight.",29,Female,US,Elementary School Teacher,event,people relationships,,,,,
1552,,,Nganp1,accepted,,,2026.03.12,2026.03.13,10.9,,Brandon Lee,"Denver work offsite
 
 Hotel check-in first: The Slate, 1250 Welton St, Denver CO.
 Flight lands Tues Apr 14 around 1:40 pm, try not to check a bag this time.
 Need be at the team welcome dinner by 6:30 at Rioja, Larimer Square.
 
 Morning after is the actual offsite meeting.
 Conference room booked under “Northstar Q2”, 8:00 am to 3:45 pm, Wed Apr 15.
 Bring laptop charger, HDMI dongle, printed agenda maybe.
 Ask Sam if he’s still picking ppl up from hotel lobby at 7:20.
 
 Note to self — expensing Uber from airport is fine, but keep receipt.
 Maybe squeeze in a run near Civic Center if weather ok.
 Call Mom after dinner bc I skipped last Sunday.
 Need nicer shirt, not the wrinkly blue one.
 If anything shifts, message group chat not email.
 Coffee with Nina maybe Thurs 9:00 before heading back.
 Return flight 4:55 pm.",34,Male,US,Product Manager,event,people relationships,,,,,
1554,,,Nganp1,accepted,,,2026.03.12,2026.03.13,14,,Kevin Brooks,"Summer league opener notes
 - Title: Eastside Softball opener vs Walnut Creek Crew
 - Field: Harrison Park, 900 Milton Rd, Columbus
 - Date: Sunday June 7
 - First pitch 4:00 pm, be there 3:15
 * Bring gray jersey, black cap, cleats
 * Cooler w/ waters from garage
 * Sunscreen bc last time I got fried
 1. Text Marcus about extra glove
 2. Venmo ref fee before noon
 3. Ask if wives/kids are doing picnic after
 • Bat tape is peeling, fix Saturday night
 • Need folding chair for sideline
 • Don’t forget cash for parking maybe $5-ish
 -- If rain, check league page by 1 pm
 -- Maybe grab tacos at Los Primos after :)
 Last thing: stretch hamstring, no hero stuff.",27,Male,US,Auto Mechanic,event,people relationships,,,,,
1555,,,Nganp1,accepted,,,2026.03.12,2026.03.13,6.3,,Erica Nguyen,"baby shower for Talia
 Sun Aug 16, 2 pm
 Maple Grove Community Room, 44 Cedar Lane, Madison
 
 things to do:
 wrap stroller gift
 pick up yellow ribbon + card
 wear green dress if it still fits lol
 
 Talia’s sister said arrive 1:15 to help set up.
 Table near window is for desserts.
 Games start around 2:45, don’t be late.
 
 Maybe bring extra ice?
 No peanuts, her cousin has allergy.
 Parking behind building, code 4411 at side door.
 Call Nina if I can’t find the room.
 Afterward maybe dinner w/ Jess on Monroe.
 Need gas first.
 pls do not forget the gift this time.",32,Female,US,Graphic Designer,event,people relationships,,,,,
1556,,,Nganp1,reject,ngan,,2026.03.12,2026.03.13,,,Daniel Foster,"Cousin Eli graduation in Austin, finally. Ceremony at UT Main Mall, 110 Inner Campus Dr, on Friday May 22 at 7:00 pm and everyone keeps saying get there crazy early. I should leave the hotel by 5:45, maybe 5:30 if downtown traffic is bad. Dinner after is at Moonshine Grill, 303 Red River St, around 9-ish. Need the card with cash inside, the navy button-down, and a backup phone charger. Aunt Renee wants a family pic right after they move the tassels so don’t wander off. Hotel checkout next morning is 11 but brunch with them is 9:30 at Café No Sé. Also remind Eli I’m bringing his old camera bag from Dallas. Parking prob easier to just Uber there honestly. Weather looked hot, so no jacket.",38,Male,US,Claims Adjuster,event,,,,,,
1557,,,Nganp1,accepted,,,2026.03.12,2026.03.13,13,,Tasha Reynolds,"Portland girls weekend
 
 Fri Sept 11 - train gets in 4:18 pm at Union Station.
 Airbnb is near Alberta Arts, host said check-in after 5.
 Save door code from email bc I always lose it.
 
 Saturday plan:
 Brunch at Tin Shed, 10:00.
 Powell’s downtown around noon.
 Then the actual event - indie craft fair at Oregon Convention Center, 777 NE Martin Luther King Jr Blvd, 2:00 to 6:00.
 
 Meet Kay + Bri by the giant clock sculpture if separated.
 Wear comfy shoes, whole day is walking.
 Need portable charger + mini umbrella.
 Sunday maybe rose garden before flight.
 Flight home 6:50 pm.
 
 Don’t overspend on earrings again :((
 Text landlord about cat food before leaving town.
 Buy airport snack ahead, everything there is $$$.",26,Female,US,Veterinary Assistant,event,people relationships,,,,,
1559,,,NhiNX,accepted,,,2026.03.12,2026.03.13,15,,Priya Shah,"rehearsal dinner / wedding wknd combo note
 Friday Nov 13 - rehearsal dinner for Neha + Chris
 The Willow Room, 62 King St, Charleston
 be there 6:15, starts 6:45
 
 Saturday Nov 14 - wedding at St. Luke’s Chapel, 201 Meeting St, 3 pm
 Reception after at Harbor House, 9 Wharfside Ave, 5 pm-ish
 
 Need:
 - steam sari blouse
 - safety pins
 - nude flats for dancing later
 1) pick up bangles from Anita on Thursday
 2) drop gift envelope in purse now so I don’t forget
 3) call hotel about early check-in
 
 If cousins want brunch Sunday, suggest Millers All Day at 10:30.
 Hair appt Sat 9:00 at Gloss Studio.
 pls sleep early Friday for once.",31,Female,US,Data Analyst,event,,,,,,
1560,,,NhiNX,accepted,,,2026.03.12,2026.03.13,9.3,,Lucas Bennett,"Comic-Con Saturday plan :)
 
 Title: Metro Comic Expo
 Place: Lakeside Convention Center, 2400 Harbor Blvd, Long Beach
 Date: July 18
 Doors open 9:00 am but lineup starts waaay earlier.
 
 Panel times:
 10:30 indie horror comics room B
 1:00 game art talk hall 2
 4:15 signing at booth 317 if I get wristband
 
 Bring cash + battery pack + poster tube.
 Lunch maybe from taco truck outside by fountain.
 Meet Nate at the shark statue at 8:20 if trains on time.
 Parking backup is garage on Elm, kinda pricey tho.
 Need comfy shoes, last yr feet were dead by noon.
 Remember to ask about student discount even if they say no lol.
 Train back 7:42 pm unless we stay for cosplay finals.",24,Male,US,Barista,event,,,,,,
1561,,,Nganp1,reject,ngan,,2026.03.12,2026.03.13,,,Lauren McKee,"reminder for Sat bc I keep forgetting this one: Ava's baby shower at Harbor House, 18 Bay St, Savannah, GA 31401. starts 2:00 PM on April 18, get there by 1:40 if possible. bring the blue gift bag from hall closet. maybe leave home around 12:50 bc parking there is weird. text Jenna if running late. do NOT wear the green dress, too fancy. card still needs signature. maybe grab flowers from Trader Joe's on the way. table host is ""Mara"" I think? check invite again. Harbor House has upstairs room, not patio. if mom asks, yes I'm staying till cake. after shower maybe dinner on River St if not dead tired. last thing: take pic with Ava + Nia.",31,Female,US,Elementary School Teacher,event,,,,,,
1562,,,NhiNX,accepted,,,2026.03.12,2026.03.13,11,,Keith Holloway,"Dentist checkup - Midtown Smiles
 Tue May 12, 2026
 8:15 AM, leave apt by 7:30 bc traffic
 421 W 33rd St, New York, NY
 ask abt tooth sensitivity on left side
 insurance card in backpack front pocket
 don't forget night guard to show them
 call office if subway's delayed
 parking garage nearby but prob too $$
 coffee after only, not before
 need to resched team standup maybe
 title for calendar says ""cleaning + xray""
 pick up prescription toothpaste if they still suggest it
 text Nina when done
 seriously don't skip this again",42,Male,US,Transit Dispatcher,event,,,,,,
1563,,,Nganp1,reject,trung noi dung,,2026.03.12,2026.03.13,,,Marisol Vega,"1. Cousin Eli graduation dinner
 2. Friday June 5 at 6:30 PM
 3. El Rancho Verde, 905 W Jefferson Blvd, Dallas, TX
 4. wear something nice-ish, not office clothes
 5. reservation under Aunt Rosa
 6. need cash for valet just in case
 7. get there by 6:10 bc family will already be there lol
 8. bring the card and the little Amazon gift card
 9. ask Eli about Houston move
 10. maybe sit near grandma so she can hear me
 11. don't mention politics at dinner
 12. cake after speeches, prob around 8
 13. if running late, call Rosa not Eli
 14. take pic of whole table
 15. stop by Walgreens first for tissue paper
 16. this is at the Oak Cliff location, not the one in Irving",28,Female,US,Dental Assistant,event,,,,,,
1565,,,NhiNX,accepted,,,2026.03.12,2026.03.13,19,,Tiffany Shah,"* Sunday brunch for Priya's birthday :)
 place: Maple & Rye, 2468 Belmont Ave, Chicago
 date: March 29
 time: 11:00 AM, but everyone else prob shows 11:20
 
 Need to:
 • wrap candle gift tonight
 • send Venmo to Ana for deposit
 • remember Priya hates surprise singing lol
 
 after brunch maybe lakefront walk if weather's decent
 wear sneakers not boots
 
 also same day:
 book club at Maya's place, 7:30 PM
 1123 W Addison, Apt 3F
 bring ""Martyr!"" and the lemon cookies
 end of note bc too much going on",26,Female,US,UX Designer,event,,,,,,
1566,,,NhiNX,accepted,,,2026.03.12,2026.03.13,0,,Derek Lawson,"Vegas work trip kickoff dinner is locked in at Carson Kitchen, 124 S 6th St, Las Vegas, NV, on Monday July 13 at 7:00 PM. title in the email is ""West Region Sales Welcome Dinner"" so use that if I need to find the reso. flight lands 4:10 if nothing gets delayed. hotel check-in first, then change shirt. don't forget business cards this time. Kelly said some VP might drop by, great. maybe invite Marcus if he gets in early enough. need to expense the rides after. also note to self: no second cocktail, early client breakfast next morning. ask for patio only if it's not 1000 degrees out.",39,Male,US,Regional Sales Manager,event,,,,,,
1567,,,NhiNX,accepted,,,2026.03.12,2026.03.13,12,,Emily Barton,"Parent-teacher conference night
 Roosevelt Middle School gym
 Thursday Sept 17
 5:30 PM to 8:30 PM
 set up homeroom table by 5:00
 print grade summaries in color
 bring sign-in sheet
 put Lucas's reading notes in separate folder
 remember Mrs. Park asked for translator support
 snack bin maybe for staff room?
 wear comfy flats, last yr my feet died
 park in south lot by cafeteria
 title on district email says ""Fall Family Check-In""
 send quick reminder to parents at lunch
 grab badge from desk before leaving
 don't panic, just get thru it",34,Female,US,Middle School Teacher,event,,,,,,
1568,,,NhiNX,accepted,,,2026.03.12,2026.03.13,7,,Jamal Turner,"- Rooftop movie night for Tasha's bday
 - June 20, doors at 8 PM, movie starts 8:45
 - Skyline Lofts roof deck, 410 Monroe St, Detroit
 - bring folding chairs from basement
 - projector is with Devin I think
 - ice + sodas on the way
 - text group at 6 to confirm weather
 - maybe order pizza by 7:30
 - candles?? not for roof, dumb idea
 - title on invite: ""Tasha under the stars""
 - backup spot if rain = club room downstairs
 - ask building desk abt guest wristbands
 - don't forget bug spray omg
 - playlist before movie, maybe 90s stuff
 - smile and act relaxed even if hosting stress is real :(",29,Male,US,Audio Technician,event,,,,,,
1569,,,NhiNX,accepted,,,2026.03.12,2026.03.13,8,,Hannah LeBlanc,"Saturday is gonna be chaos so keeping this here
 
 Morning: ""Milo adoption day""
 10 AM at Green County Rescue, 58 Alder Rd, Lexington, KY
 bring leash, old towel, paperwork folder, driver's licnse
 
 Then
 1:30 PM lunch w/ dad at Windmill Diner, 902 Euclid Ave
 he said don't be late this time
 
 Later tonight
 college friends mini reunion
 7:00 PM at Nora's house, 14 Bexley Ct, Nicholasville
 bring chips + that card game
 
 Could be cute day honestly just need gas first
 and vacuum car before picking up Milo bc fur + dust everywhere",24,Female,US,Veterinary Receptionist,event,,,,,,
1570,,,NhiNX,accepted,,,2026.03.12,2026.03.13,16,,Oscar Pineda,"1) City permit hearing for the garage addition
 2) Tuesday August 11
 3) 9:00 AM sharp, maybe get there 8:20 bc govt lines are ridiculous
 4) Jefferson Municipal Building, 200 E Main St, Phoenix
 
 # bring printed site plan
 # permit app receipt
 # contractor estimate folder
 # photos of alley access
 
 Then later same day:
 nephew's orchestra concert
 6:30 PM, Desert Ridge High auditorium, 7450 N 59th Ave
 wear decent shirt, not work one with paint on sleeve
 flowers after maybe
 title on school flyer says ""Fall Strings Showcase""
 do not mix up the folders again, please",46,Male,US,General Contractor,event,,,,,,
1571,,,NhiNX,accepted,,,2026.03.12,2026.03.13,17,,Olivia Hart,"Jenna baby shower at Maple & Main Cafe, Columbus
 Sat Apr 18
 starts 1:00 pm, try to be there by 12:35
 bring wrapped book instead of card
 parking behind the bakery not front lot
 text Mia if I get lost +1 614-555-9186
 lavender dress maybe, low-key not too fancy
 pick up tiny socks gift from Target on Fri night
 dont forget gift receipt
 cake flavor prob lemon, Jenna hates choc icing
 need cash for group flowers, around $18
 table reserved under Kara H.
 address written weird last time: 1148 N High St
 leave house by 11:50 bc traffic near campus
 take a pic w everyone before she opens gifts
 ask if she still needs freezer meals for week after due date",29,Female,US,Elementary School Teacher,event,contact,,,,,
1572,,,NhiNX,accepted,,,2026.03.12,2026.03.13,7,,Marcus Delaney,"Notes for the neighborhood assoc meeting
 Location: Westfield Community Center, Room B, 88 Grove Ave, Raleigh
 Date: Monday May 11
 Time: 6:30 pm, doors open 6
 
 Need to bring copy of the alley lighting complaint and the pics from March
 ask about the speed bumps on Cedar, still no update
 Ms. Alvarez said the city rep usually comes late so dont bail early
 maybe sit near front this time so I can actually hear
 
 After meeting swing by Food Lion if still open
 milk
 trash bags
 AA batteries
 also ask Tom if the block cookout got moved to June
 save receipt for HOA dues if they let me pay there
 wear hoodie, those rooms are freezing for no reason
 set reminder at 5:45 or I will 100% forget",41,Male,US,Auto Claims Adjuster,event,,,,,,
1573,,,NhiNX,accepted,,,2026.03.12,2026.03.13,12,,Hannah Price,"pottery class make-up session
 Blue Cedar Studio
 402 E 9th St, Tulsa
 Thursday June 4
 7:15 pm sharp
 arrive 20 mins early to wedge clay
 bring apron bc last time jeans got ruined
 trim tool maybe in glovebox?
 ask if they still have my bowl on shelf 3
 call studio first if running late +1 918-555-0114
 parking is behind mural wall not on 9th
 dont wear rings
 goal = finish handles on 2 mugs
 pay remaining class fee at desk
 pick up iced tea after, place next door stays open till 9",33,Female,US,Graphic Designer,event,contact,,,,,
1574,,,NhiNX,accepted,,,2026.03.12,2026.03.13,3,,Ethan Rowe,"- Dad retirement dinner
 - Wed Aug 12
 - Harbor House, 17 Pier View Rd, Portland ME
 - reservation 7:00 pm under Rowe party of 8
 - leave hotel by 6:20 bc downtown parking sucks
 - bring card from Mom's suitcase
 - ask server abt gluten-free for Aunt Denise
 - call Ben if he's late +1 207-555-0173
 - maybe say a few words, keep it short lol
 - gift is watch, check if wrapped at concierge
 - wear navy shirt not the wrinkled gray one
 - remind Lily no politics at table pls
 - get one family pic outside by the water :))
 - after dinner maybe walk to lighthouse if weather ok
 - put Dad's old office badge in card, kinda funny",38,Male,US,Civil Engineer,event,contact,,,,,
1575,,,NhiNX,accepted,,,2026.03.12,2026.03.13,8,,Serena Vaughn,"Cousin trip note / Nashville weekend
 title: Kayla bachelorette rooftop brunch then show
 
 Fri Sept 25
 hotel check-in first at The Rowan, 1012 Church St, Nashville
 brunch 11:30 am at Sky Peach Rooftop
 night thing 8 pm at Ryman area, exact ticket email in inbox
 
 to do before leaving Dallas:
 1. pack white sneakers + backup flats
 2. bring printed itinerary for Aunt Mel
 3. Venmo Tasha for decor money
 
 Important
 Kayla doesnt know abt the custom cake yet
 pick it up 10:45 from Sweet Crumb on 8th Ave
 text group when landed
 dont forget charger this time omg
 airport by 5:15 am, brutal but fine",27,Female,US,Marketing Coordinator,event,,,,,,
1576,,,Nganp1,reject,trung noi dung,,2026.03.12,2026.03.13,,,Daniel Kim,"Board game night at Luis and Priya's place
 Saturday July 18
 6:45 pm maybe 7
 address 2334 Linden Brook Dr, Ann Arbor
 bring the Catan expansion and sleeves
 their apt code is 4412#
 grab seltzer on way
 dont eat before? Priya making chili
 ask if Sam is still teaching that new space game
 parking only on visitor row near mailbox
 text Luis when outside +1 734-555-0162
 might rain so no bike
 remember rematch from last time lol
 leave by 11, early run Sunday
 Title written here so I stop calling it ""game thing""",31,Male,US,Software Developer,event,,,,,,
1577,,,NhiNX,accepted,,,2026.03.12,2026.03.13,10,,Bianca Flores,"Women in Supply Chain breakfast panel :)
 Hilton Garden Inn downtown Phoenix
 1101 E Adams St
 Tue Oct 6
 check-in 7:30 am
 panel starts 8
 
 Need biz cards in side pocket
 grey blazer maybe, the tan one wrinkles fast
 sit near aisle in case I have to duck out for a call
 talk to Renee from Copper State Logistics if I see her
 she mentioned hiring for planner role last month
 
 Questions to ask maybe:
 - how they handled vendor delays in Q1
 - whether certs really mattered for promotion
 
 afterwards swing by office by 10:30
 save parking stub for expense form",36,Female,US,Warehouse Supervisor,event,,,,,,
1578,,,NhiNX,accepted,,,2026.03.12,2026.03.13,22,,Trevor Boone,"1) Saturday softball doubleheader
 2) Northside Rec Fields, Diamond 2, 560 Parkman Rd, Wichita
 3) May 30
 4) first game 9:00 am, second around 10:40
 5) be there by 8:10 for warmup
 6) white jersey, not blue
 7) bring extra socks bc field gets muddy
 8) team fee still owe $25 cash
 9) text Coach Neal if rain looks bad +1 316-555-0148
 10) sunflower seeds yes, energy drink no
 11) maybe bring folding chair for Mom
 12) remember ankle wrap from hall closet
 13) lunch after at Duffy's if we dont get smoked
 14) put glove in truck tonight
 15) set 2 alarms, last week was too close",24,Male,US,HVAC Technician,event,contact,,,,,
1579,,,NhiNX,accepted,,,2026.03.12,2026.03.13,15,,Leah Sutton,"Saturday plan kinda packed
 
 8:00 am farmers market at River Square, Boise
 then drive straight to Nora's engagement picnic
 Julia Davis Park near the rose garden
 June 13
 picnic starts 12:30 pm
 
 bring fruit tray + that plaid blanket
 Nora said casual clothes, not ""bridal shower fancy""
 pick up ice on way if cooler fits
 text Emma when parked because the park loop is confusing :( 
 her number +1 208-555-0131
 
 later same day
 7 pm outdoor movie at Freak Alley wall
 meeting Ben there around 6:35
 jacket needed after dark
 dont forget bug spray or I'll regret it again",30,Female,US,Librarian,event,contact,,,,,
1580,,,Nganp1,reject,trung noi dung,,2026.03.12,2026.03.13,,,Patrick Morrow,"CPR renewal class
 St. Agnes Training Annex
 455 Monroe Blvd, Newark
 Friday Nov 20
 class 3:30 pm to 6:15 pm
 arrive early for sign-in, 3:05 maybe
 bring old cert card even if expired
 scrubs ok to wear, just comfy shoes
 parking garage entrance on Walnut not Monroe
 email confirmation said room 214
 need photo ID
 call if running late: +1 973-555-0191
 no coffee right before, makes me jittery during demos
 practice infant sequence tonight bc I always mix steps up
 after class pick up soup on the way home
 important bc cert ends next week, do not resched",44,Male,US,Registered Nurse,event,,,,,,
1581,,,NhiNX,accepted,,,2026.03.12,2026.03.13,12,,Ava Martinez,"Saturday block party for Elm St neighbors
 June 22
 starts 4:30 pm, maybe there till 8ish
 at Maplewood Park, 1842 Elm St, Columbus
 bring folding chairs from garage
 text Nina if weather looks weird
 her # is +1 614-555-2414
 pick up pasta salad from Rossi’s on the way
 dont forget cash for raffle tickets
 kids game sign-up near the south gate
 parking prob easier on Birch Ave
 wear the blue volunteer shirt if I can find it
 say hi to Mr. Jensen abt the cleanup crew
 maybe take bug spray this time omg
 leave house by 3:50 so not rushing",29,Female,US,Elementary School Teacher,event,contact,,,,,
1583,,,NhiNX,accepted,,,2026.03.12,2026.03.13,4,,Chloe Bennett,"1. Bridal shower for Kayla
 2. Sunday Aug 11
 3. 1:00 pm to around 4
 4. Willow & Sage Tea Room, 118 King Ave, Nashville
 5. bring the recipe cards I bought
 6. host is Megan, call if lost +1 615-555-9042
 7. park in back lot not on the street
 8. need to wrap candle gift Friday nite
 9. maybe wear the green dress
 10. dont mention the surprise honeymoon fund in front of Kayla lol
 11. stop for flowers first if budget ok
 12. GPS last time sent me to wrong side of building
 13. leave apt by 12:10 max
 14. RSVP txt if Jess asks again
 15. remember tissue bc I will prob cry",26,Female,US,Dental Assistant,event,contact,,,,,
1584,,,NhiNX,accepted,,,2026.03.12,2026.03.13,5,,Daniel Brooks,"- Open mic signup @ Cedar Room, 54 Pine St, Portland
 - Thurs Sept 5
 - doors 6:30, signup sheet out by 6:45, show starts 7:30
 - bring notebook w the newer set, not old coffee jokes
 
 Need train card reloaded before leaving work.
 Maybe ask Eli for a ride home if it runs late, +1 503-555-6671.
 
 * try the mic stand lower this time
 * order fries only after performing lol
 * record set on phone if theres space
 * remember the line abt airport carpet
 
 Also, Cedar Room is next to that tiny record store, not the other bar on Oak.
 I always mix them up.
 
 dont bail again, just go",34,Male,US,IT Support Specialist,event,contact,,,,,
1585,,,Nganp1,reject,trung noi dung,,2026.03.12,2026.03.13,,,Lauren Price,"Baby shower for Steph
 Oct 19, Saturday
 Sunnybrook Community Hall, 311 Lakeview Dr, Madison
 starts 2 pm
 
 things to bring:
 - diaper cake from closet
 - card for Steph + Ben
 - tape bc last time decorations kept falling
 
 call Jenna when parking there, +1 608-555-4186
 she said use side entrance by the mural
 
 I told them maybe I can help set up at 12:45
 need coffee first or I’ll be zombie mode :((
 
 wear something light bc that hall gets sooo warm
 take pics of the table signs for inspo
 dont forget to sign the guest book
 head home before dark if rain starts",31,Female,US,Physical Therapist,event,,,,,,
1586,,,NhiNX,reject,2 dong,,2026.03.12,2026.03.13,21,,Ethan Collins,"Jury duty check-in reminder
 Mon Nov 3
 Hennepin County Gov Center, 300 S 6th St, Minneapolis
 report by 8:15 am
 badge or summons letter?? bring both just in case
 leave apt 6:55 if taking bus
 coffee after security maybe
 phone charger yes yes yes
 lunch options nearby looked expensive so pack sandwich
 call work front desk if running late +1 612-555-7308
 courtroom number usually posted in lobby
 dont wear the shirt with the loud print
 parking downtown = nightmare, avoid
 set 2 alarms tonight
 check weather before bed
 go to sleep earlier for once",38,Male,US,Claims Adjuster,event,contact,,,,,
1587,,,NhiNX,accepted,,,2026.03.12,2026.03.13,0,,Priya Shah,"Winter craft fair for Mila’s school
 
 Dec 7, 10 am - 2 pm
 Roosevelt Elementary gym, 77 Palmer Rd, Raleigh
 
 I said I’d help at the ticket table for the first hour.
 Need the envelope w small bills + the square reader charger.
 
 Also bring thermos because school gyms are weirdly freezing.
 Mila wants me there before opening so she can show me her pottery thing.
 
 text Carla if I cant find volunteer check-in, +1 919-555-2640
 
 - buy 2 raffle tickets for the book basket
 - pick up samosas from home kitchen first
 - remember the handmade ornament order form
 
 park near the teacher lot not the bus lane pls
 maybe invite Dad if he’s free
 dont forget cash for the bake table",44,Female,US,Accountant,event,contact,,,,,
1588,,,NhiNX,accepted,,,2026.03.12,2026.03.13,15,,Noah Ramirez,"1) Apartment lease signing
 2) Tue July 9
 3) 5:30 pm
 4) Mason Court Leasing Office, 410 W 8th St, Austin
 
 stuff needed:
 - ID
 - checkbook
 - proof of renters ins maybe
 - pay stubs folder
 
 Leasing agent is Brooke, +1 512-555-0917
 she said suite B, not main lobby
 
 ask abt mailbox key + move-in elevator reservation
 double check pet fee line before signing anything
 if traffic on Lamar is bad leave office by 4:40
 celebrate w tacos after maybe lol",27,Male,US,Graphic Designer,event,contact,,,,,
1589,,,NhiNX,accepted,,,2026.03.12,2026.03.13,14,,Sierra Howard,"Dad’s retirement lunch
 Friday May 17
 Bayside Marina Cafe, 16 Harbor Loop, Tampa
 12:30 reservation
 
 Need to bring his old fire station photo for the memory board.
 Call Aunt Rene in the morning so she doesnt show up at the wrong place again, +1 813-555-8426.
 
 * pick up balloons from Publix first
 * wear the navy blouse
 * save seat near Dad for Maya
 
 there’s prob gonna be speeches so tissues in purse
 Maya wants to read her little note at 1ish maybe
 
 parking validated for 2 hrs I think
 ask server about splitting the check before everybody gets chaotic
 don’t mention the cabin gift until after dessert
 leave work by 11:15
 make this a good day for him",36,Female,US,Paralegal,event,contact,,,,,
1590,,,NhiNX,reject,trung format,,2026.03.12,2026.03.13,,,Trevor Nguyen,"Fantasy baseball live draft
 Sunday March 24
 Jamal’s place, 2218 Ridgeway Ct, Denver
 be there 3 pm, draft starts 3:30 sharp apparently
 
 bring laptop + charger + cheat sheet printout
 snacks maybe chips and those lime sodas
 
 Commissioner keeps changing rules so ask when I get there
 Jamal cell +1 303-555-5568
 
 - dont forget buy-in envelope
 - set lineup app update before leaving
 - no autopick disaster this yr pls
 
 garage code in old text thread maybe
 park on the right side only bc neighbor complains
 take hoodie, basement gets cold
 if I’m late, text group from the car
 also remember closer stats lol
 maybe stay after for the Nuggets game",24,Male,US,Auto Parts Sales Associate,event,contact,,,,,
1591,,,NhiNX,accepted,,,2026.03.12,2026.03.13,10,,Avery Collins,"Summer street fair thing for Brookside
 Saturday June 20, 2026, starts 11ish and music goes till 6 pm
 Riverside Park, 1842 Willow Ave, Kansas City MO
 Need folding chairs from trunk, dont forget this again
 park by the library side bc last yr the main lot was chaos
 text Nina when leaving work so she can save a spot near the food trucks
 vendor check-in was supposed to be 9:30 if I still help Marcus at the candle booth
 bring cash for lemonade stand + raffle, card readers always act weird there
 kids zone near the baseball field, maybe good for Eli around noon
 live band at 1:15 and another set around 4:40
 sun hat, sunscreen, backup phone charger
 if it rains they move some tables into the rec center on Oak St
 grab the blue tote w tablecloth from hall closet
 try the peach cobbler booth this time, sold out super fast before
 reminder to wear comfy shoes, whole place is bigger than it looks",31,Female,US,Elementary School Teacher,event,,,,,,
1593,,,NhiNX,accepted,,,2026.03.12,2026.03.13,8,,Kelsey Morgan,"Book club at Maya's loft, July 9 2026, 7 pm.
 Address is 401 Dean St Apt 5C, Brooklyn NY.
 Theme is banned books and everybody is bringing one short note about why the pick mattered.
 I'm doing Beloved, so reread the marked pages on lunch break.
 Take the cheesecake bars out of freezer around 5 so they're not rock hard.
 Bring the green notebook because last time I forgot half my thoughts.
 Parking is impossible there, just take the Q train and walk.
 Maya said rooftop if weather holds, living room if not.
 Need the tiny folding chair from closet in case more people show than expected.
 Text Liv by noon to see if she still wants to split rides home.
 Dont wear heels, those loft stairs are rude.
 There might be a new girl from her office named Ren, try to remember that.
 Good chance talk goes late, maybe till 10:30.
 Grab cash for wine fund jar even if I only have a few bucks.
 Also ask Maya for the lentil dip recipe before I forget again.
 Phone on low battery lately, pack charger.",27,Female,US,Graphic Designer,event,,,,,,
1595,,,NhiNX,accepted,,,2026.03.12,2026.03.13,13,,Danielle Foster,"Saturday farmers market + cousin brunch combo :)
 Title so I stop mixing it up: ""Mila birthday brunch first, market after""
 10 am brunch reservation at Blue Finch Cafe, 77 N High St, Columbus OH
 then walk over to North Market, 59 Spruce St, around 11:45 if everybody's still in a good mood
 wear the striped shirt, Mila likes taking a milion pics
 
 Need gift bag + candle set wrapped tonight
 ask host for patio if weather isnt gross
 parking garage on Vine is cheaper than valet, use that
 
 shopping list for market
 - peaches if they look decent
 - basil plant
 - sourdough from the tall bread guy near the corner
 - maybe flowers for mom too
 
 Call Aunt Jen by 8:30 if I'm picking her up from Clintonville
 brunch starts early enough that I cannot oversleep this one
 set reminder to transfer $20 to Mila for the concert ticket she covered
 end goal: be nice, be on time, no chaos pls :)",29,Female,US,Social Media Coordinator,event,,,,,,
1596,,,NhiNX,accepted,,,2026.03.12,2026.03.13,10,,Trevor Bennett,"Open mic night at The Lantern
 Thursday Oct 15, 2026
 sign-up list usually goes out at 6:30, show starts 7:15
 The Lantern Coffeehouse, 214 Maple Row, Asheville NC
 take guitar and the black cable, not the busted red one
 plan is 2 songs max unless the crowd is tiny
 maybe do the quieter version of ""Northbound"" first
 eat before going bc their pastries are never enough for dinner
 text Rae around 5 to see if she found parking last time behind the bookstore
 bring cash for tip jar + oat milk latte
 voice was scratchy this week, warm up in car
 dont wear the denim jacket if it's still humid
 record one clip for posting later but dont be obnoxious about it
 need capo, tuner, water bottle
 if nerves get bad just watch the first two performers and breathe
 home by 10:30 maybe, unless everybody hangs after",24,Male,US,Barista,event,,,,,,
1597,,,NhiNX,accepted,,,2026.03.12,2026.03.13,11,,Nicole Hughes,"Parent-teacher conference block for Liam
 Mon Nov 2, 2026, from 4 pm to 7 pm
 Westfield Middle School, 800 Grant Ave, Des Moines IA
 
 Mrs. Ortega in room 214 at 4:10
 science teacher Mr. Bell at 4:40 in lab B
 guidance counselor at 5:20 if she confirms by email
 
 bring folder with missing assignment printouts
 ask specifically about late homework pattern, not just grades
 parking near gym entrance is easiest
 cafeteria doors might be the only ones open after school
 
 stop at home first so Liam can come too if he wants
 pack granola bar bc dinner will be late
 remember to stay calm, listen first, then talk
 need to mention the reading improvement bc that part is good
 email summary to myself after while its fresh
 grab signed band form from backpack before leaving",46,Female,US,Payroll Specialist,event,,,,,,
1598,,,NhiNX,accepted,,,2026.03.12,2026.03.13,12,,Ethan Brooks,"Wedding stuff for Cam + Jo
 1) rehearsal dinner - Friday May 8, 2026, 6:30 pm
 2) actual wedding - Saturday May 9, 2026, ceremony 4 pm
 3) venue: Stone Ridge Barn, 455 County Line Rd, Madison WI
 4) hotel check-in at Cedar House, 2 pm Friday, 11 am checkout Sunday
 5) pick up suit from tailor on Wed, pls dont forget again :(
 6) gift card is in desk drawer, put it in the envelope tonight
 7) gps sometimes sends people to the wrong barn entrance, use south gate sign
 8) bring brown shoes, belt, lint roller
 9) Cam asked me to help hand out programs before ceremony
 10) text Natalie when I hit the road Friday morning
 11) maybe pack umbrella, May weather's weird
 12) brunch Sunday at Lakeside Diner, 9:30, optional but prob going
 13) dont overdo it at rehearsal bc long day after
 14) charge camera battery
 15) shave Friday not Saturday
 16) leave enough room in bag for leftovers maybe lol",33,Male,US,Civil Engineer,event,,,,,,
1599,,,NhiNX,reject,trung format,,2026.03.12,2026.03.13,,,Sabrina Patel,"Trip note + concert plan mixed together
 Train to Chicago on July 17, 2026, departs 2:05 pm from St. Louis Gateway
 hotel is Lakeshore Inn, 19 E Wacker Dr, check-in after 4
 main reason going: Lakefront Sounds fest on July 18 at 6 pm
 venue listed as Monroe Harbor Stage, 400 E Randolph area, double check gate when tickets load
 
 stuff to pack
 sneakers, portable charger, tiny poncho, black tee
 earplugs bc last yr I regretted not having any
 
 Friday dinner maybe with Tia near River North if her shift ends on time
 send her the hotel address again
 Saturday morning coffee at that place w the blue sign, forgot name ugh
 
 keep screenshots of tickets offline just in case
 leave room by 5 since festival traffic will be messy
 buy return snacks before boarding Sunday
 try not to spend all my money on merch this time
 if weather turns bad, indoor backup venue might be posted on their app",28,Female,US,UX Researcher,event,,,,,,
1600,,,NhiNX,accepted,,,2026.03.12,2026.03.13,10,,Caleb Turner,"Jury duty reminder bc apparently being an adult means this now
 Wednesday April 22, 2026
 8:00 am check-in, dont cut it close
 Franklin County Courthouse, 373 S High St, Columbus OH
 summons card in the kitchen drawer by the coupons
 bring ID + the form I half filled out already
 take bus maybe, parking downtown is a pain and costs too much
 wear decent shoes, not sneakers with the paint on them
 might be there all day so charge phone fully
 pack paperback and headphones
 cant bring pocket knife on keychain, remove it night before
 tell shift manager by Monday if they need the official excuse copy
 lunch options nearby looked overpriced, maybe pack sandwich
 leave house by 6:50 to be safe
 court website said business casual, so navy shirt is prob fine
 if dismissed early, swing by bank after
 most important: DO NOT forget the summons on the counter",39,Male,US,Warehouse Supervisor,event,,,,,,
1601,,,NhiNX,accepted,,,2026.03.12,2026.03.13,0,,Natalie Brewer,"Harper recital reminder - Fri Apr 18, 7:00 pm at Lincoln Middle School auditorium, 1450 Oakview Dr, Columbus. Need to leave by 6:10 bc parking there is always a mess. bring the blue flowers from Trader Joe's, not the pink ones she hates. also record at least the piano solo + clap like a normal mom, not cry instantly lol. check if Grandma is meeting us there or wants pickup from Worthington first. outfit note: black flats, no heel drama. after recital maybe pizza at Adriatico's if Harper isn't too tired. text Ms. Keene about where families are supposed to sit. save 20 cash for the bake sale table. charge phone. seriously charge it this time. maybe umbrella too if the forecast stays weird.",41,Female,US,Elementary School Teacher,event,,,,,,
1602,,,NhiNX,accepted,,,2026.03.12,2026.03.13,7,,Marcus Holloway,"Dad's retirement cookout
 
 Sat May 9
 starts around 2 pm, probly till sunset
 Veterans Memorial Park picnic shelter B
 2100 Lake Ave, Rochester, NY
 
 Need to bring folding chairs from garage
 ice + buns + mustard
 ask Tia if she's still doing the potato salad
 
 Dad said ""nothing fancy"" but people will def show up early
 put up the blue/gold banner before noon
 pick up cake from Brownstein's by 11:30
 it says Congrats Joe 32 Years so pls double check spelling
 
 Remember speaker for the old Motown playlist
 and the framed photo from his first day at Kodak
 call Kevin if rain starts, backup is church hall on Maple
 wear the decent sneakers, not the paint ones",52,Male,US,Transit Supervisor,event,,,,,,
1603,,,NhiNX,accepted,,,2026.03.12,2026.03.13,7,,Olivia Chen,"1) Brunch w/ Maya before she moves.
 2) Sunday June 14, 10:30 am.
 3) Cedar & Stone Cafe, 84 Prince St, Brooklyn.
 4) Get there a little early bc she is never late and I always am.
 5) Gift bag is half done - candle, tiny notebook, tea sachets.
 6) Need to print the photobooth pic from Coney Island.
 7) Ask about her Seattle start date again.
 8) Do not turn this into a sad goodbye thing right away.
 9) Parking nearby is awful so just take the Q train.
 10) Save the window table if poss.
 11) Text Ana sat night to confirm she's coming too.
 12) Bring tissues maybe, ugh.
 13) Maya allergic to walnuts - remember that for pastries.
 14) If brunch runs long, walk to the waterfront after.
 15) Charge portable battery.
 16) leave apartment by 9:35, for real.",29,Female,US,UX Designer,event,,,,,,
1604,,,NhiNX,accepted,,,2026.03.12,2026.03.13,19,,Derrick Vaughn,"Weekend softball tourney notes
 - ""Southside Summer Opener""
 - Sat July 11, first game 8:15 am
 - Riverbend Sports Complex, Field 4
 - 9900 S Parmer Rd, Austin
 - be there by 7:20 for warmup
 * bring gray jersey + backup white one
 * sunflower seeds, not gum
 * cash for gate fee
 • ask Coach Len abt batting order
 • Nate's riding w me from Pflugerville maybe
 - maybe breakfast taco stop if time lol
 - don't forget knee brace this time :(
 * weather looked hottt so extra water
 • after games maybe team lunch at Rudy's
 - text group Friday night to confirm who has the cooler",34,Male,US,Auto Claims Adjuster,event,,,,,,
1605,,,NhiNX,reject,trung format,,2026.03.12,2026.03.13,,,Sierra McCall,"cousin Jen baby shower
 Sunday Aug 23
 1 pm start
 at the Lakeside Room, 18 Harbor Point Rd, Tampa
 Theme is ""little sunshine"" so wear yellow-ish maybe not neon
 Need diapers size 2 + that board book set from Target
 ask Mom if she's still baking mini lemon bars
 
 Parking garage entrance is on Bay St, not the front loop
 Jen's friend Alina is doing games at 1:45 I think
 take pics of grandma w everybody early before she gets tired
 also grab the gift receipt!!
 and tape the card shut bc it keeps opening
 leave by 11:50 bc bridge traffic is always stupid
 if late, just go straight upstairs no wandering
 might actually be cute :))",27,Female,US,Veterinary Technician,event,,,,,,
1606,,,NhiNX,reject,ngan,,2026.03.12,2026.03.13,,,Ethan Ramirez,"Chicago work summit thing - title on the calendar says Midwest Ops Summit 2026, Mon Sept 15 at 8:00 am check-in, Hilton Garden Inn Downtown, 77 E Wacker Dr, Chicago. flight gets in Sunday night so don't schedule anything dumb after 9. bring navy blazer, laptop charger, and those printed sales sheets for the 10:30 breakout. dinner w regional leads is prob at 6:30 at the hotel bar unless they move it again. ask Priya if she wants to split the cab from ORD. note to self: submit parking receipt from the airport when back. session i actually care abt is the warehouse automation panel after lunch. sit near front, stay awake, no endless coffee.",38,Male,US,Operations Manager,event,,,,,,
1607,,,NhiNX,accepted,,,2026.03.12,2026.03.13,6,,Paige Sullivan,"Aunt Renee 60th bday dinner
 
 Friday Oct 2
 7 pm reservation
 Marisol's Italian Kitchen
 402 W Market St, Louisville
 
 Need to call ahead abt 2 extra chairs
 bc Cole and Bri might both show
 cake pickup from Sweet Fern at 5:45
 candles are already in glove box somehow 

 don't mention surprise trip in front of her!!
 bring old family photo for the toast
 wear green dress if it's clean
 Mom wants to get there at 6:15 bc she's intense
 
 table is under ""Sullivan party""
 send final headcount thurs night",31,Female,US,Speech Therapist,event,,,,,,
1608,,,NhiNX,accepted,,,2026.03.12,2026.03.13,11,,Jamal Foster,"Homebuyer seminar
 Wed Nov 12
 6:00 pm
 North Branch Public Library
 Community Room B
 1198 Halsted Ave, Chicago
 Need notebook not just phone notes
 Ask about FHA vs conventional again bc I keep mixing it up
 bring pay stub folder maybe
 they said free coffee but that usually means bad coffee
 parking lot closes at 8:30
 try to sit near the front so I actually listen
 text Monique if she still wants to come
 afterwards maybe stop by that taco place on Ashland
 don't forget library card lol",26,Male,US,Paralegal,event,,,,,,
1609,,,NhiNX,accepted,,,2026.03.12,2026.03.13,11,,Brooke Delaney,"- Mom + me holiday market day
 - ""Winter Makers Fair""
 - Sat Dec 6, doors open 11 am
 - Old Mill Event Hall, 12 River St, Providence
 - bring cash for the pottery booth
 * also tote bags, plural
 * Mom wants the handmade soap lady from last year
 1. park in the lot behind Main, not street meter nonsense
 2. meet cousin Leah there around noon maybe
 3. hot cider first, shopping second
 • check booth 18 for knitted scarves
 • maybe buy teacher gifts and be done w it
 - if crowded, take a break upstairs by the windows
 * remember the donation item for entry: canned soup
 - prob stay till 3ish then late lunch nearby",44,Female,US,Dental Hygienist,event,,,,,,
1610,,,NhiNX,reject,2 dong,,2026.03.12,2026.03.13,9,,Trevor Bishop,"New Year's rooftop party @ Ava's
 Dec 31 obviously lol
 arrive by 8:30 pm, not 10 like last yr
 17th floor roof lounge, 480 N Clark St, Chicago
 
 bring sparkling cider bc half the crew isn't drinking
 and the little speaker in case theirs dies again
 dress code is ""nice but warm"" which is not helpful
 
 Need to text building access code to Ben + Lila
 fireworks should be visible from the west side terrace
 maybe grab gloves, it was brutal last time
 
 midnight playlist cue:
 - Dancing in the Dark
 - 1999
 - then whatever everybody yells for
 
 take one decent photo w Ava before chaos starts :)
 call rideshare before 12:20 if leaving early
 dont leave coat on random chair this time",36,Male,US,Freelance Photographer,event,,,,,,
1611,,,NhiNX,accepted,,,2026.03.12,2026.03.13,9,,Marissa Doyle,"Cousin Jen baby shower at Lakeside Community Hall, 1840 W Addison St, Chicago
 Sat June 20
 be there by 12:15 not 12:30 bc parking gets weird
 Theme is pastel + bring diapers if possible
 I said I'd help w/ sign-in table for first hour
 Gift = swaddle set + Target card
 Need to grab ribbon on Thurs after work
 Text Megan when I leave so she saves me a seat
 Might stop at Bean & Brew first if train is on time
 Outfit note: blue dress, flats not heels
 Remember camera battery
 Ask Aunt Rose about dessert count
 Don't forget card, wrote half of it already
 If rain, use side entrance by lot C
 Call Lyft home if it runs late b/c Metra on weekends is annoying
 Also confirm if kids are coming or adults only",29,Female,US,Elementary School Teacher,event,,,,,,
1612,,,NhiNX,reject,ngan,,2026.03.12,2026.03.13,,,Brandon Pike,"Friday night open mic downtown.
 
 Venue is Lantern Room, 88 King St, Asheville. Sign-up starts 6:30 pm and first set goes at 7:15. Need to get there early enough to ask about the 2-song limit because last time they changed it.
 
 Bring guitar, extra picks, charger, and the folded lyric sheet for ""Northbound"". I always think I'll remember it and then blank on verse 2.
 
 Tell Nate to meet me out front by the mural if parking sucks again. Maybe wear the black jacket, stage lights make everything else look washed out.
 
 Afterward maybe food at Rosie's Diner if not too wiped. June 12 on calendar already, do not double book w anything else.",34,Male,US,Auto Claims Adjuster,event,,,,,,
1613,,,NhiNX,accepted,,,2026.03.12,2026.03.13,18,,Evelyn Hart,"1. PTA spring carnival
 2. Roosevelt Elementary blacktop + cafeteria, 742 Pine Ave, Sacramento
 3. Friday May 8
 4. setup starts 4:45 pm, event opens 6:00
 5. bring folding cash box from garage
 6. cupcake walk tickets in blue envelope
 7. call Ms. Linton before noon abt volunteer table
 8. kids wanna do face paint first so go there early
 9. pick up ice from Save Mart around 3:30
 10. parking behind gym, not front loop
 11. banner is probly still in trunk
 12. remember square reader + charger
 13. wear school tee if clean
 14. ask if raffle drawing moved to 7:30 again
 15. no glitter this yr please lol
 16. take pics for newsletter if I can",41,Female,US,Dental Hygienist,event,,,,,,
1614,,,NhiNX,accepted,,,2026.03.12,2026.03.13,8,,Jordan Kim,"Book club potluck
 Sunday 4/19, 5 pm
 At Priya's place - 2216 Maple Grove Ln, Ann Arbor
 
 Need:
 - finish last 3 chapters before going
 - bring the lemon pasta salad
 - maybe small bottle of sparkling water too
 
 Last time we talked over each other so jot thoughts first:
 1) ending felt rushed
 2) loved Mara's weird side story
 3) ask Sam why he keeps defending the villain :))
 
 Text group around 2 if I can give Eli a ride
 Door code should still be 4418 unless Priya changed it
 Leave by 4:20 bc stadium traffic gets bad for no reason
 Take leftovers container, always forget
 Don't wear the new shoes, her porch steps are slippery",27,Male,US,UX Designer,event,,,,,,
1615,,,Nganp1,reject,trung noi dung,,2026.03.12,2026.03.13,,,Tasha Nguyen,"Dad's retirement dinner :)
 Harbor House Seafood, 602 Bay St, Tampa
 Fri Aug 14
 reservation 6:45 pm under Nguyen party of 11
 
 Need to leave office by 5:15 or I wont make it
 pick up framed photo from PrintDock on Kennedy Blvd first
 Card is in desk drawer, cash for siblings to sign too
 
 - call Mia abt balloons
 - ask Ben if he still has old Navy pic
 - remind mom to bring Dad by 6:40, not early
 
 Speech ideas:
 1. thank him for never missing school stuff
 2. mention the busted fishing trip story maybe
 3. keep it short so nobody cries too much lol
 
 Wear green blouse, low heels, bring tissues just in case",38,Female,US,Payroll Specialist,event,,,,,,
1616,,,NhiNX,reject,ngan,,2026.03.12,2026.03.13,,,Derek Holloway,"Sunday rec league game vs Southside Hawks is at Mercer Field, 910 Grant Park Rd, Columbus, June 7. Coach said warmups 8:10 am sharp, kickoff 9. Need both dark socks and the white backup jersey because refs got picky last week. Pack ankle wrap, water jug, and cash for post-game tacos. Tyler can probly carpool if I text him Saturday night. Do not stay up gaming late again bc legs felt dead by second half. Also ask if parking moved to the east lot by diamond 3.",31,Male,US,HVAC Technician,event,,,,,,
1617,,,NhiNX,accepted,,,2026.03.12,2026.03.13,2,,Nina Salazar,"Marina wedding tasting appt
 
 Wed Sept 16 at 3:00 pm
 Bright Elm Events Studio, 55 Monroe Pl, Brooklyn
 
 I need to bring:
 fabric swatches
 guest count estimate maybe 118?
 that inspo printout from kitchen counter
 
 Main thing is choose 2 apps + 1 vegetarian entree, not overcomplicate it
 
 Questions for them:
 can they do espresso martinis at reception
 how late final menu changes are allowed
 whether outside cupcakes from Lark are ok
 
 Subway gives me no trust lately so leave by 1:50
 text Kayla after bc she wants pics of the tablescapes
 do NOT forget ring binder this time omg",26,Female,US,Speech Therapist,event,,,,,,
1618,,,NhiNX,accepted,,,2026.03.12,2026.03.13,2,,Curtis Blevins,"* Neighborhood clean-up day
 * Riverview Park boat ramp area, 14 Dock Lane, Louisville
 * Saturday April 25
 * check-in 8:30 am, cleanup 9 to noon
 * bring work gloves + the long grabber tool
 * old sneakers, not the decent ones
 * meet Hannah by the picnic shelter first
 * coffee from Drift maybe before, depends if I wake up in time
 * ask organizer where they want the tire pile this yr
 * sunscreen even if cloudy, learned that the dumb way
 * can leave bags at truck near lot B
 * maybe volunteer another hour if the creek side is bad
 * send photos to neighborhood page after
 * note to self: no complaining, this was my idea
 * maybe burgers after if crew is still around",45,Male,US,City Bus Driver,event,,,,,,
1619,,,NhiNX,accepted,,PhucVQ,2026.03.12,2026.03.13,8,,Lila Mercer,"Ava bday picnic
 Prospect Park meadow by the 3rd St entrance, Brooklyn
 Sun July 12
 start 1 pm but I should get there at 12:10
 
 bring:
 - blanket
 - little speaker
 - strawberries + the lemonade jars
 
 Need to text her sister the exact spot pin bc park is huge and ppl wander.
 Weather looked hottt so pack extra water + sunscreen.
 
 1) pick up cupcakes from Sweet Crumb at 10:30
 2) tape card to gift bag so it doesnt vanish
 3) remind Jay no dogs this time pls
 
 If it rains move to her apt clubhouse on Bergen, ask by Sat night.
 Wear something cute but not silk lol grass stains.",24,Female,US,Social Media Coordinator,event,,,,,,
1620,,,NhiNX,reject,2 dong,,2026.03.12,2026.03.13,18,,Owen Fletcher,"Jury duty orientation
 Mon Nov 9
 Harris County Civil Courthouse, 201 Caroline St, Houston
 need there by 8:00 am, doors open 7:30
 
 Stuff to bring
 1. summons letter
 2. ID
 3. phone charger bc it's always a lot of waiting
 4. book or podcasts downloaded
 
 Notes:
 - no pocket knife on keyring, seriously remove it night before
 - parking garage on Congress is cheaper than street meters
 - maybe wear the gray button down so I look halfway awake
 
 After
 could swing by office if released early, tell Rosa maybe after 1
 grab lunch nearby if starving, not the food truck from last time :(
 set alarm for 6:15 and a backup one at 6:20",37,Male,US,Procurement Analyst,event,,,,,,
1621,,,NhiNX,accepted,,,2026.03.12,2026.03.13,24,,Hannah Mercer,"Saturday block party for Maple St.
 need to remember this is for the new neighbors too, not just our building
 location: Maple St cul-de-sac by 1180 Maple, Columbus OH
 date: Sat Apr 18
 time says 3:00 pm but ppl prob show up closer to 3:30
 bring folding chair from garage
 pick up ice on the way
 text Nora abt potato salad
 kids raffle starts at 4:15
 live band near the mailbox area lol
 dont park on Maple after 2, they close half the street
 cash for bake sale maybe 15 or 20 bucks
 remember sunscreen, last yr I got toasted
 title on flyer was “Spring Block Party” so that’s the one
 if rain they move it to the church gym on Franklin Ave
 leave house by 2:40 just in case
 also bring spare charger",34,Female,US,Elementary School Teacher,event,,,,,,
1623,,,NhiNX,accepted,,,2026.03.12,2026.03.13,15,,Olivia Park,"Event title: Lena’s baby shower brunch
 Sunroom at Harbor House, 22 Bayview Rd, Annapolis
 Sunday June 7
 11:00 am, get there 10:40 if helping set up
 bring lemon bars
 grab gift bag from hall closet
 card still unsigned
 ask Jess if she booked the high chair for Ava
 dress code kinda pastel, not strict tho
 parking lot fills fast
 maybe use side entrance by the garden
 take pics of the table before ppl wreck it
 remember the silly guessing game cards
 Lena hates strong flowers so skip lilies
 call mom Sat night to remind her
 do not forget the stroller fan",29,Female,US,UX Designer,event,,,,,,
1624,,,NhiNX,accepted,,,2026.03.12,2026.03.13,13,,Daniel Ruiz,"1. Title: indie film meetup :)
 2. Place - old Rialto Theater, 84 N Pearl St, Providence
 3. Friday July 24
 4. doors 6:45 pm, screening 7:30 sharp
 5. buy ticket online tmrw, dont trust walk-up
 6. meet Aaron outside near the neon sign
 7. maybe grab dumplings after if we’re not dead tired
 8. parking garage on Union is cheaper after 6
 9. bring light sweater, that theater gets freezing
 10. ask if they’re doing Q&A with director
 11. phone on silent, last time sooo embarassing
 12. seat row F maybe best view
 13. title in app says “Summer Reel Club”
 14. leave work by 5:50
 15. dont forget charger in backpack
 16. txt Aaron around 6:20",37,Male,US,Data Analyst,event,,,,,,
1625,,,NhiNX,reject,trung format,,2026.03.12,2026.03.13,,,Priya Sethi,"Title first so I stop forgetting: DMV license renewal appt
 Santa Monica DMV, 2235 Colorado Ave
 Mon Aug 10
 appt 8:20 am
 I should leave by 7:30 bc traffic is always dumb
 
 bring passport
 bring old license
 proof of address, maybe utility bill
 glasses!!
 
 also maybe coffee after from that place on 20th
 dont wear the big earrings for the new photo
 check if parking takes card
 if line looks insane, breathe, still have appt
 ask abt Real ID status
 
 note to self, this is the one I reschedueld twice",31,Female,US,Physical Therapist,event,,,,,,
1626,,,Nganp1,reject,ngan,,2026.03.12,2026.03.13,,,Trevor Baines,"Annual fantasy draft at Chris’s place is finally set, title in the group chat says “League Night 2026” and I better not mix it up w the preseason BBQ. Address is 912 Kenton Dr, Louisville KY. Saturday Aug 29, doors around 5 pm, actual draft starts 6 sharp-ish. bring laptop, charger, and that printed rankings sheet even if everyone laughs. pick up wings from Rooster’s by 4:20. venmo Chris for the board sticker pack. remember last year internet was trash so download cheat sheet ahead. maybe park on the side street not his driveway. text Devin when leaving. no taking the IPA six-pack from fridge, that was for the poker guys. ask if we still doing loser trophy pics. set alarm for 3:45. wear the blue jersey. dont forget extension cord.
 also maybe bring ice.",44,Male,US,Warehouse Supervisor,event,,,,,,
1627,,,NhiNX,accepted,,,2026.03.12,2026.03.13,3,,Melissa Grant,"Fall open house for Emma’s school
 
 Riverview Charter, building B cafetorium, 670 Lake Ave, Rochester
 Thursday Sept 10
 starts 5:30 pm, principal talk 5:45
 
 Need to ask abt aftercare spots and bus route 12.
 Bring Emma’s reading folder bc teacher wanted to see it.
 Maybe sit near the back in case Tyler gets fussy.
 
 Parking entrance off Mason St, not the front loop.
 There’s supposed to be class lists posted by room 204.
 Take pic of supply wishlist.
 Stop by library table before leaving.
 Maybe bring a snack for the kids in the car.
 Done by 7ish I think.",38,Female,US,Dental Hygienist,event,,,,,,
1628,,,Nganp1,reject,trung noi dung,,2026.03.12,2026.03.13,,,Aiden Cole,"Neighborhood clean-up day
 Riverside Park boat ramp, 14 Waterman Rd, Jacksonville
 Sat March 21
 check-in 8:00 am
 start cleanup 8:30
 bring work gloves
 old sneakers, not the new ones
 trash bags provided I think
 ask Maya if she still has grabber tools
 there’s coffee from the volunteer tent :()
 take sunscreen anyway
 maybe hat too
 title on city email was “St. Johns Shore Sweep”
 park near lot C by the kayak sign
 stay till noon if back feels okay
 after maybe tacos w the crew
 set alarm fri night",26,Male,US,Veterinary Technician,event,,,,,,
1629,,,NhiNX,accepted,,,2026.03.12,2026.03.13,16,,Brooke Ellison,"- title: cousin Tara rehearsal dinner
 quick note bc I keep forgetting details
 - place is Magnolia Room, 401 E 7th St, Charlotte
 - Friday October 2
 - cocktail hour 6 pm
 - dinner starts 6:45
 
 Need nude heels not black
 steam green dress Thurs night
 pick up card for Tara + Ben
 bring aunt K the extra hair pins
 
 Call rideshare maybe, parking downtown is annoying
 dont cry during toasts pls lol
 save room bc apparently there’s banana pudding
 text sis once seated
 leave hotel by 5:20
 title on invite says “Rehearsal Dinner + Welcome Drinks”
 charger in clutch
 mini tissues too",33,Female,US,Marketing Coordinator,event,,,,,,
1630,,,NhiNX,accepted,,,2026.03.12,2026.03.13,10,,Kevin Foster,"Project kickoff - new warehouse scanner rollout
 Tuesday Nov 17
 Main conference room at Benton Logistics, 2800 Freight Way, Kansas City
 
 I’m opening the meeting so keep this straight:
 intro and goals first
 then vendor timeline
 then training dates for floor leads
 
 Need printed agenda x8
 coffee order for 7:45, not 8:15 again
 meeting starts 8:30 am
 ask IT to test the screen Monday afternoon
 
 bring sample scanner units
 extension cord
 sign-in sheet
 whiteboard markers maybe dead
 
 wrap by 10 if ppl dont go off topic
 send follow-up notes right after, no procrastinating",46,Male,US,Operations Manager,event,,,,,,
1631,,,Nganp1,reject,ngan,,2026.03.12,2026.03.13,,,Avery Collins,"Sat farmers market + brunch plan, dont forget this one. going to the Riverside Spring Market at Riverfront Plaza, 201 E Water St, Milwaukee. Sunday Apr 12. aim to get there by 8:30 am bc parking gets weird. meet Jen near the coffee truck around 8:45. backup meetup spot = fountain by the west gate. bring tote bags, cash, and the little cooler for berries. check if the flower stall takes card. maybe grab sourdough first before it sells out. brunch after at Maple & Ash Cafe, 3 blocks away, prob around 10:15. text Jen when leaving the house. wear sneakers bc last time feet hurt sooo bad. if rain, still go unless its pouring. reminder: pick up lavender soap for mom. title in my head: sunday market run.",29,Female,US,Graphic Designer,event,,,,,,
1632,,,NhiNX,accepted,,,2026.03.12,2026.03.13,9.9,,Marcus Hill,"Title: Parent-teacher night for Lily
 Roosevelt Middle School, 455 Grant Ave, Columbus
 Thursday Sept 18
 Need to be there by 6:10 pm, first meeting starts 6:20
 
 Bring math folder, the science fair paper, and that email printout from Mr. Keene
 Ask about missing homework grade from last week
 Lily said it was turned in but not showing yet
 
 Gym entrance is open for check-in, not the front office door
 Park on Elm side if the lot is full
 Cafeteria Q&A at 7:05 pm
 Then homeroom follow-up around 7:30
 
 Need quick dinner before, maybe sandwiches from Perry's on Main
 Text Nina if running late from work
 Do not forget visitor sticker lol
 Whole thing should be done by 8ish",41,Male,US,Claims Adjuster,event,,,,,,
1633,,,NhiNX,accepted,,,2026.03.12,2026.03.13,10,,Danielle Perez,"Book club - The Vanishing Half discussion.
 Tuesday May 5 at 7 pm.
 Harbor Branch Library, Room B, Santa Monica.
 Bring the marked-up copy this time.
 Need 2 discussion questions bc I skipped it last month.
 Call Mia before 6 if I can carpool.
 Her number is in favorites already.
 Maybe leave work at 5:45.
 Traffic on Lincoln gets dumb after 6.
 Wear the green sweater, library always freezing.
 There is tea but snacks are potluck.
 I said I'd bring cookies, not chips.
 Reminder to reread ch. 9-12 at lunch.
 Put parking ticket in windshield, last time I forgot.
 Event note name: book club Tuesday.",34,Female,US,High School Counselor,event,,,,,,
1634,,,NhiNX,accepted,,,2026.03.12,2026.03.13,15,,Noah Whitaker,"Company softball opener ⚾
 - Title: East Yard vs. Blue Harbor
 - Date: Fri June 14
 - Field: Mason Park, Diamond 2, Austin
 - Warm-up 6:15 pm
 - First pitch 6:45 pm
 - Bring glove, extra black socks, water jug
 - Ask Trev if he still has my old batting gloves
 - Kayla bringing the team shirts maybe around 6
 - Parking better by the south entrance off Lamar
 * after game maybe tacos at El Gallo if not too late
 * tell boss I might be offline after 5:30
 • need sunscreen!! got roasted last year
 • stretch hamstring before game, seriously
 - if rain delay, check team chat at 5:50
 - dont forget 10 bucks for ump fee",27,Male,US,IT Support Specialist,event,,,,,,
1635,,,NhiNX,accepted,,,2026.03.12,2026.03.13,3,,Priya Shah,"bridal shower for Tia
 Sun Aug 23
 Rosewood Event Loft, 88 Linden St, Jersey City
 
 be there early-ish like 11:20
 starts 12 noon, games at 12:45 maybe
 table 4 w/ cousins from Hoboken
 
 gift = blue mixing bowls + card
 need tape for envelope bc it keeps opening :))
 wear peach dress not the green one
 take PATH, parking there is annoying
 
 pickup cupcakes from Sweet Crumb at 10:30
 text Auntie Meera once on train
 remember pics before everyone gets sweaty lol
 if running late go straight to back elevator
 title for note: tia shower stuff",31,Female,US,UX Researcher,event,,,,,,
1636,,,NhiNX,reject,ngan,,2026.03.12,2026.03.13,,,Caleb Morgan,"Neighborhood cleanup + cookout reminder. meet at Oakview Park shelter, 77 Pine Ridge Rd, Des Moines, on Saturday April 25. sign-in starts 8 am, cleanup teams head out 8:30. I told Mr. Darnell I'd help with gloves and trash bags pickup first, so get there a bit earlier if possible. after the cleanup there's a small cookout by the baseball field around noon, hot dogs + chips + probably too much lemonade. bring old sneakers, hat, bug spray, and that folding chair from the garage. need to swing by City Hall annex Friday for the volunteer waiver if I dont print it tonight. also ask if kids still get service certificates this year bc Emma wanted one for school.",38,Male,US,Auto Body Technician,event,,,,,,
1637,,,NhiNX,accepted,,,2026.03.12,2026.03.13,12,,Elena Brooks,"Denver work summit
 Convention Center, 700 14th St, Denver
 Mon Nov 3 - Tue Nov 4
 
 Flight in Sunday night, hotel check-in at 8:40 pm if all goes ok
 Main keynote Monday 9 am sharp
 breakout on product ops at 1:30
 
 Need badge QR code, charger, notebook, flats for walking
 Remember dinner w/ Sasha at Mercantile 7:15 Monday
 She said entrance is by the station side
 
 Tuesday client breakfast 8 am in lobby cafe
 leave for airport by 2:45 bc security there can draggg
 expense the rides, not the mini bar lol
 
 maybe pack blazer in carry-on so it doesnt wrinkle weird
 title: Denver summit trip
 dont oversleep!!!",45,Female,US,Product Manager,event,,,,,,
1638,,,NhiNX,accepted,,,2026.03.12,2026.03.13,10,,Jamal Reed,"One sentence per line note so I actually read it.
 Court date for the parking ticket follow-up.
 Municipal Court Annex, 12 Broad St, Newark.
 Wednesday July 9.
 Be there before 8:15 am even though hearing says 8:45.
 Bring ticket copy and the photos from my phone.
 Need charger bc battery always dies at the worst time.
 Wear something decent, no work hoodie.
 Ask clerk where window 3 moved to.
 Maybe parking garage on Bank St is cheaper.
 Text supervisor if I'm gonna be late to the shop.
 Dont forget ID, seriously.
 After court, grab coffee near Penn if I survive this.
 Set second alarm for 6:30.
 This is not optional :(",32,Male,US,Diesel Mechanic,event,,,,,,
1639,,,NhiNX,accepted,,,2026.03.12,2026.03.13,15,,Hannah Doyle,"Stuff for Grandma's 80th dinner
 1) Event: family dinner for Grandma June
 2) Date: Saturday October 11
 3) Time: reservation 5:30 pm, get there 5:00 for setup
 4) Place: Harbor House, 9 Bayview Dr, Portland, ME
 5) bring printed photos for memory board
 6) pick up balloons from Party Port by 2
 7) call Uncle Ray Friday night to confirm he is actually coming this time
 8) ask restaurant abt gluten-free dessert for Aunt Mel
 9) parking behind the marina maybe easiest
 10) seat Mom near Grandma, not by speakers bc too loud
 11) wear navy cardigan
 12) bring extra tissues, everyone will cry 100%
 13) save toast notes in purse
 14) title on card: cheers to 80 yrs
 15) maybe leave house at 4:10
 16) dont be late. no excuses.",26,Female,US,Elementary Teacher,event,,,,,,
1640,,,NhiNX,reject,trung format,,2026.03.12,2026.03.13,,,Victor Alvarez,"title: saturday boxing night watch party
 Rico's apt clubhouse, Building C lounge, Phoenix
 Oct 4
 main card starts 8 pm but ppl showing up around 7:15
 
 bring ice + 2 bags of chips
 cash for pizza split maybe 12 or 15
 Rico said side door code is 4418 unless he changes it
 
 need to leave by 6:50 bc freeway traffic sucks
 wear the old championship tee maybe lol
 text Luis when parked, guest spots are weird
 
 also ask if they're doing the small bets board again
 not too much tho, save money man
 if fight ends late just crash on couch maybe
 set fantasy lineup before going !!!
 phone charge to 100%
 good event, dont flake this time :))",37,Male,US,Warehouse Supervisor,event,,,,,,
1641,,,Nganp1,reject,2 dong,,2026.03.12,2026.03.13,,,Olivia Mercer,"Spring Book Fair @ Riverbend Library, 214 Oak St, Madison WI, Sat Apr 18.
 Need there by 8:15 bc setup starts 8:30, doors open 10.
 bring folding sign, square reader, cash box, blue tablecloth.
 text Jenna if running late, she has the extra badges.
 Parking maybe behind the rec center lot on Pine.
 remember: author talk moved to 1 pm not noon.
 lunch break prob around 12:20 if crowd slows down.
 ask about summer volunteer dates while I'm there.
 wear comfy shoes, last yr my feet were dead.
 pick up 2 posters from print shop on Fri after work.
 don't forget tax form envelope from desk drawer.
 if raining, use side entrance by kids room.
 title for booth sign = ""Neighborhood Reads"".
 leave home by 7:35 latest.
 maybe grab coffee on the way if time.
 end around 4ish, load-out till 5.",31,Female,US,Elementary School Teacher,event,,,,,,
1642,,,Nganp1,reject,trung noi dung,,2026.03.12,2026.03.13,,,Marcus Holloway,"Dad's retirement dinner
 
 Friday, May 22, 7 pm at Harbor House Grill, 88 Seaview Ave, Annapolis.
 I booked the long table near the windows under ""Holloway party"" but need to call Wed to confirm headcount.
 
 Mom said Aunt Denise is bringing the photo board, so I only need the old station pic from the garage shelf.
 Dress code prob nice-casual, not full suit.
 
 Get there early like 6:20 bc the manager wants final drink count before everyone sits.
 Order the cake pickup from Sweet Crumb for 4:30 same day, chocolate w vanilla filling.
 
 Don't mention the gift when talking to Dad this week. still a surprise.
 Also remind Chris to park on Bay St lot, street parking there is awful.
 
 Toast notes: 30 yrs at the yard, never missed my games, always up before sunrise.
 Need tissues. Mom will cry for sure.
 
 After dinner maybe swing by their house for the memory slideshow if projector works.",54,Male,US,Transit Operations Supervisor,event,,,,,,
1643,,,NhiNX,accepted,,,2026.03.12,2026.03.13,8,,Hannah Doyle,"City 10K packet pickup Thurs 5/7.
 Union Station Atrium, 400 W Jackson Blvd, Chicago.
 Hours were 4 pm to 7 pm, double check website in case they change it.
 Bring ID.
 Bring waiver printout maybe.
 No parking voucher listed.
 Race day itself is Sun 5/10, corrals open 6:30 am.
 Need train, not drive.
 Meet Priya by the big clock at 6:10.
 Wear old hoodie till start then toss.
 after race brunch at Maple Diner on Wells if we're not gross lol.
 Set alarm Sat night for bib, gels, safety pins.
 ask about bag check at pickup.
 don't forget knee tape.
 weather might be chilly near the lake.",27,Female,US,UX Designer,event,,,,,,
1644,,,NhiNX,accepted,,,2026.03.12,2026.03.13,9,,Ethan Pike,"- Rooftop film night: ""Rear Window"" Fri June 12
 - place = Morton Arts Center roof, 19 Canal Pl, Providence
 - gates 7:45 pm, movie starts around 8:35 when it gets dark
 - buy tix before Thurs, last time it sold out
 - bring light jacket + maybe bug spray
 * snacks allowed but no glass bottles
 * park in the south garage on Eddy St, validation maybe not included
 * Nina + Rob said they can save 2 chairs if I get stuck at work
 • print the parking QR from email
 • charge mini speaker? wait no, not needed, it's a venue thing
 • leave office by 6:50 max
 + if raining they move it indoors to Studio B, same address
 + reminder to use gift card at ticket desk first
 - lowkey excited for this :)
 - text group around noon to confirm.",38,Male,US,Civil Engineer,event,,,,,,
1645,,,NhiNX,accepted,,,2026.03.12,2026.03.13,3,,Brianna Flores,"Sunday community garden kickoff :))
 May 3, Green Patch Lot on 7th & Monroe, Tucson.
 starts 9 am but volunteer check-in is 8:30 near the shed.
 
 Need to bring the seed trays from kitchen floor and the little hand rake.
 Maria said parking is easiest off Monroe side, not the alley.
 
 To-do:
 1) stop at Ace for gloves maybe Fri lunch
 2) print the sign-up sheet for summer watering slots
 3) pack sunscreen + hat + refill water bottle
 
 also ask if the compost workshop is same day or next weekend, I keep mixing it up.
 
 Kids planting section is by the mural wall, so tell Liv's mom that's where we'll be around 10ish.
 might grab tacos after if everyone's still around.
 
 don't wear the good sneakers this time, dirt everywhere last season.",29,Female,US,Veterinary Assistant,event,,,,,,
1646,,,NhiNX,reject,ngan,,2026.03.12,2026.03.13,,,Derek Callahan,"New tenant orientation for Elm Court condos is Tues Aug 11 at 6:30 pm in the leasing office, 945 Maple Terrace, Columbus. Need copies of lease addendum, parking tag form, and pool key request. Ask manager where overflow guest parking is bc I never got a straight answer. Bring tape measure for the storage cage after the meeting. Also, maintenance walk-through is same night at 7:15 if they stay on schedule, so wear decent shoes. Reminder to check whether move-in elevator slot is still reserved for Sat morning. Stop by the ATM before heading over since application fee for extra mailbox key is cash only, kinda annoying. Leave work by 5:40 to beat traffic on 315.",42,Male,US,Auto Claims Adjuster,event,,,,,,
1647,,,Nganp1,reject,trung noi dung,,2026.03.12,2026.03.13,,,Kayla Raines,"Cousin Tia's baby shower
 
 Sunday Sept 20 at Willow Room, 63 Northgate Plaza, Dayton.
 Starts 1 pm, but sis wants me there by 12:10 to help with balloons and the dessert table.
 
 I said I'd bring the lemon bars + 2 bags of ice.
 The gift is the stroller organizer from registry, still need wrapping paper though.
 
 Important: venue entrance is around the back, not the main restaurant door.
 Aunt Mel gets confused every time so text her the pin that morning.
 
 Games begin around 2, food at 2:30, pics before ppl leave.
 Maybe wear the green dress unless weather turns weird.
 
 Need gas on Saturday night so I'm not rushing.
 Remember Tia hates super loud decor, keep it cute not extra.
 
 If I leave by 11:35 I should be fine even with church traffic.",24,Female,US,Pharmacy Technician,event,,,,,,
1648,,,NhiNX,accepted,,,2026.03.12,2026.03.13,14.2,,Noah Whitaker,"Flight to Denver for the design summit
 Mon 10/12, Terminal B at DFW.
 Southwest 8:05 am, boarding prob 7:25.
 Hotel check-in later at Pine Street Suites, 1634 Welton St, Denver.
 Panel talk is Tue 9:00 am at Summit Hall, 1100 14th St.
 Need badge pickup Monday before 5.
 Carry-on only.
 Pack chargers, sketchbook, black shirt, nicer shoes.
 Call mom back before takeoff.
 Expense stuff:
 1. keep airport food receipt
 2. save Lyft screenshots
 3. don't lose the hotel folio this time
 - meeting w Aaron maybe Monday night if his train isn't delayed
 * weather looked cooler than Dallas, bring the light coat
 end goal = make the client mixer and not look half asleep.",35,Male,US,Interior Designer,event,,,,,,
1649,,,NhiNX,accepted,,,2026.03.12,2026.03.13,9,,Serena Patel,"• Volunteer tax clinic shift, Sat Feb 7
 • Jefferson Community Center, 52 Brookline Ave, Boston
 • arrive 8:00 am for setup, first appointments 8:30
 
 - bring IRS badge, laptop charger, blue folder w intake sheets
 - coffee first, obviously :(
 - parking lot entrance is off Mercer, not on Brookline side
 
 1) text Luis Friday night to confirm printers are working
 2) print the Spanish signage at office before leaving
 3) pack granola bar bc lunch break may be late again
 
 * Mrs. Rivas is booked for 10:15, try to help her if possible, sweet lady from last season
 * ask coordinator if we are doing walk-ins after 1 pm or not
 
 leave apartment by 7:12, roads get bad if it snows even a little.",33,Female,US,Accountant,event,,,,,,
1650,,,NhiNX,accepted,,,2026.03.12,2026.03.13,11.7,,Trevor Boone,"Alumni networking mixer for State U engineering dept
 
 Thursday Nov 5, 6-8 pm, Foundry Hall, 701 Market Sq, St. Louis.
 Need to check in at the west table bc I'm on the mentor list, not the general guest line.
 
 Stuff to remember:
 - 20 business cards in jacket pocket
 - resume copy folded in folio just in case
 - ask Megan about the internship pipeline for spring grads
 
 I wanna get there closer to 5:35 since parking in the garage takes forever and the elevators are sloooow.
 
 Panel starts 6:15, open mingling after 7.
 There was also an after thing at Copper Mill across the street, maybe 8:15ish if I still have energy.
 
 don't forget to email Prof. Larkin next morning, she made the intro and I keep meaning to thank her.",46,Male,US,Manufacturing Engineer,event,,,,,,
1651,,,NhiNX,reject,trung format,,2026.03.12,2026.03.13,,,Alyssa Moran,"Bridal shower for Tasha at The Willow Room, 1847 N Damen Ave, Chicago
 Sat April 18
 doors 1:30 pm, games start 2ish
 bring the blue gift bag from closet
 also tape the card shut this time
 text Nina when leaving so we dont show up seperate
 parking sounded bad on Damen
 maybe use the garage on Cortland instead
 need cash for valet just in case
 theme is garden brunch, not formal-formal
 wear green dress if it still fits lol
 pick up macarons from Sweet Bea before noon
 Tasha's cousin doing photos around 3:15
 dont forget polaroid film
 after party maybe at Rosa's? ask there
 save seat near Maya, not next to aunt Jen if possible
 gift receipt in purse side pocket
 leave by 12:40 or traffic will be dumb",29,Female,US,Elementary School Teacher,event,,,,,,
1652,,,NhiNX,accepted,,,2026.03.12,2026.03.13,16,,Marcus Holloway,"1. Jazz in the Park thing
 2. Piedmont Park, Atlanta - near the 10th St gate
 3. Friday June 12
 4. music starts 6:30 pm but ppl claim lawn fills by 5:45
 5. bring fold up chair
 6. and bug spray pls :))
 7. call Devon if I cant find the group +1 404-555-1938
 8. he said they're by the food trucks
 9. maybe grab tacos first on Monroe
 10. not wearing boots again, grass was muddy last yr
 11. weather app said warm but prob gets breezy after sunset
 12. pack light hoodie
 13. title for ticket email was Summer Jazz Nights
 14. screenshot QR code before leaving
 15. MARTA might be easier than parking
 16. if driving, aim to get there before 5:20
 17. dont forget portable charger
 18. ask Devon abt aftershow at Eddie's
 19. maybe invite Priya if she is back in town
 20. reminder: no outside glass bottles
 21. seriously dont be late this time",34,Male,US,Transit Planner,event,contact,,,,,
1653,,,NhiNX,accepted,,,2026.03.12,2026.03.13,11,,Elena Price,"Comic Con Saturday badge pickup downtown Phoenix.
 Convention Center, West Hall entrance on Washington St.
 August 22, get there before 9:15 because the line got insane last time.
 Meet Janelle by the giant cactus mural, not inside.
 Panel for indie horror comics at 11.
 Cosplay meetup 1:00 near Hall B stairs.
 Need the print order from CopyFast first thing.
 Lunch maybe at that ramen place across from the Hyatt.
 Bring cash for artist alley.
 Charge camera battery Friday night.
 Do not forget badge confirmation email.
 Blue wig brush in side pocket.
 Ask Janelle if her brother still wants the extra pass.
 Try to leave Tempe by 7:50.
 If traffic is gross take the light rail.
 note to self: comfy shoes, no platforms.
 go home before i buy too much stuff again",26,Female,US,Graphic Designer,event,,,,,,
1655,,,NhiNX,accepted,,,2026.03.12,2026.03.13,12,,Trevor Gaines,"Evan's bachelor weekend is still happening, somehow
 base is the cabin at Lake Harmony, 112 Pine Needle Rd, Poconos
 Fri Nov 6 check-in after 4 pm
 Sat brewery tour starts 1:00, van pickup 12:20 :)
 need to be there by noon bc Chris is always early for once
 
 bring cards, speaker, and that dumb custom hat for Evan
 also charcoal if it fits in trunk
 grocery stop maybe in Stroudsburg first
 dont forget sleeping bag, cabin only has a few blankets
 
 Sunday breakfast at Nick's Lake House around 9:30
 then pack up and head back before Eagles traffic gets ugly
 text cabin host if running late, Mara +1 570-555-4412
 keypad code in Airbnb msg, screenshot it
 
 important: no one let Dylan plan shots again :((
 Evan said keep Friday low-key bc his brother lands late
 title in calendar says Northwoods Weekend but it's just the bachelor thing
 ice, advil, phone charger, done",31,Male,US,HVAC Technician,event,contact,,,,,
1656,,,Nganp1,reject,trung noi dung,,2026.03.12,2026.03.13,,,Renee Hollowell,"Baby shower for Keisha
 
 Sunday May 3 at 2 pm at the community room in Oak Terrace Apartments, 611 W 47th St, Kansas City MO.
 Theme is little sunshine, yellow everything apparently.
 I'm supposed to arrive by 1:15 to help set dessert table.
 
 Need to pick up diaper raffle cards from printer on Saturday.
 Bring the stroller gift and tape the envelope under the seat.
 Keisha's sister Monica has the room key.
 Maybe call her around noon if the door's still locked.
 
 Parking only on the south side lot, don't use the pharmacy spaces.
 Games start 2:30 then food around 3:15.
 Photo booth in the back corner near the windows.
 Remember to sign the guest book right away or I'll forget.
 
 Ask if they still need extra ice.
 Wear the tan flats, easier for standing.
 Could leave the twins with mom till 6.
 Stop by Hy-Vee for extra tissue paper if the gift bag rips again.
 Last thing: bring charger because Monica always wants pics sent same day.
 okay done",38,Female,US,Claims Adjuster,event,,,,,,
1657,,,NhiNX,accepted,,,2026.03.12,2026.03.13,6,,Daniel Kessler,"- Rowan's graduation
 - CSU Long Beach, Carpenter Center lawn area
 - Friday May 29
 - ceremony at 4:00 pm but gates open 2:30
 - leave Pasadena no later than 1:20
 - traffic by the 405 will prob be trash :( 
 - flowers from Vons before heading down
 - wear the nicer blue shirt, not the wrinkly one
 - meet Aunt Carla near parking structure E if she gets lost
 - Rowan wants pics by the fountain first
 - seat section printed on mobile ticket, screenshot it now
 - maybe dinner after at Open Sesame in Belmont Shore
 - call mom around 12 to make sure she found her scarf
 - bring water, sun is gonna be brutal
 - title on invite: Commencement 2026 College of Engineering
 - don't forget to clap loud, kid earned it",45,Male,US,Civil Engineer,event,,,,,,
1658,,,NhiNX,accepted,,,2026.03.12,2026.03.13,6,,Bianca Salazar,"Workout charity 5K
 Riverside Park, 333 Water St, San Antonio
 Oct 4
 check-in 7:00 am
 race start 8 sharp
 shirt pickup maybe Friday evening at Fleet Feet
 1) pin bib night before
 2) set out black leggings
 3) charge watch
 4) bring small cash for coffee cart
 5) stretch, actually stretch
 route goes by the museum then back along the river
 meeting Lana + Jorge at the stone arch sign
 they wanna jog, not race
 fine by me
 afterward brunch maybe at Box St all day
 remember this is for the school garden fund
 could ask office ppl to donate one more time Thursday
 dont eat anything weird Saturday night
 weather should be warm quick, maybe hat?
 park in lot B if downtown garages are full
 title from email says Run for Roots 5K
 bring spare ponytail holder
 no excuses, go",27,Female,US,Payroll Specialist,event,,,,,,
1659,,,NhiNX,reject,ngan,,2026.03.12,2026.03.13,,,Harold Benton,"Cousin Mia's courthouse wedding is Wednesday at the Travis County Civil and Family Courts Facility, 1700 Guadalupe St, Austin. Need to be inside by 10:45 even though the actual ceremony is 11:15. She wants family photos outside right after, then lunch at Moonshine Grill around 12:30. Bring the small envelope from the desk drawer and dont forget the parking validation question because downtown lots are ridiculous. Maybe wear the gray suit since it's hot and the navy one feels too heavy. Text Uncle Pete when arriving so he doesnt wander to the wrong building again. Pick up the boutonniere from Cedar Park Florals first thing, opens at 8:30. Also, save the address in maps tonight because the last time I typed Guadalupe wrong and ended up near campus. Mia said keep it simple, no big speech, just be there on time and smile for pictures.",52,Male,US,Auto Parts Store Manager,event,,,,,,
1660,,,NhiNX,reject,trung format,,2026.03.12,2026.03.13,,,Sabrina Cho,"Book club live event - author talk w/ Lena Voss ✨
 City Lights Bookstore annex, 245 Valencia St, San Francisco
 Thursday July 16
 doors 6 pm
 talk 6:45
 signing maybe 7:30 if line isnt wild
 
 need to leave work by 5 or it's overrr
 take BART, parking there is a joke
 meet Hannah by the cafe counter first
 she's bringing my borrowed copy back
 
 bring sticky notes for questions
 one good question: ask abt chapter 8 ending maybe?
 dont ramble if they pass the mic lol
 title on ticket email = Summer Pages Series
 
 afterward maybe noodles on Mission if we're not dead tired
 text Hannah if delayed: +1 415-555-2874
 wear the green cardigan bc bookstores get freezing
 phone charge to 100%
 small tote only, venue note said no giant bags
 
 last reminder: actually buy the ticket tonight :))
 promo code expires at 11:59
 done done",33,Female,US,UX Researcher,event,contact,,,,,
1661,,,NhiNX,accepted,,,2026.03.12,2026.03.13,0,,Marissa Cole,"Dentis appt for crown fix, dont forget this again. Downtown Smile Studio, 1847 W Fullerton Ave, Chicago. Tues Apr 14 at 3:40 pm, need to leave work by like 2:55 bc traffic was awful last time. Dr Patel said get there 15 min early for x-rays and payment stuff. Insurance card in blue tote. Parking garage entrance is on Greenview, not the front.
 Also maybe grab coffee after since I'll prob be annoyed and numb lol. If they call to move it, tell them late afternoon only. Need to ask about night guard too because jaw still sore in mornings.
 Wear hoodie bc office always freezing. Phone charger, lip balm, water. No crunchy food after. Reminder title in case I skim this too fast: crown appointment downtown.",31,Female,US,Elementary School Teacher,event,,,,,,
1662,,,NhiNX,reject,ngan,,2026.03.12,2026.03.13,,,Devon Ramirez,"Community Job Fair — Riverfront Convention Hall, 22 Harbor Plaza, Tampa, FL.
 Sat May 9, doors open 10 am but I should aim for 9:15 bc parking fills up.
 Bring 12 resumes, black folder, and the nicer shoes not sneakers.
 
 Need to stop by booth for Hillside Logistics first since recruiter remembered me from winter.
 Then check city transit table + union apprenticeship table.
 Lunch trucks outside around noon supposedly, dont spend too much.
 
 If I get nervous, just do the intro simple: warehouse lead, forklift cert, open to ops coordinator roles.
 Call mom after if anything good happens.",27,Male,US,Warehouse Supervisor,event,,,,,,
1663,,,NhiNX,reject,2 dong,,2026.03.12,2026.03.13,22.5,,Priya Nand,"Bridal shower for Tasha is at The Garden Room, 58 Maple Street, Columbus, on Sunday June 21.
 Starts 1 pm.
 I said I’d get there by 12:20 to help set up.
 Need the gift bag, tape, and those little name cards.
 Don’t forget the lemon cupcakes from Hazel’s Bakery on 3rd Ave.
 Text Nina by Friday about carpool.
 The dress is the green one, not the floral one.
 Ask if parking is behind the building or street only.
 Games start at 1:45 I think.
 Take a photo of decoration layout before people move everything around.
 Remember Tasha hates too much glitter lol.
 Bring cash for the group gift envelope.
 Maybe leave by 4:30 because I still have Monday deck to finish.
 Main thing: Garden Room, June 21, 1 pm.
 Do not blank on this.",34,Female,US,Product Designer,event,,,,,,
1664,,,NhiNX,accepted,,,2026.03.12,2026.03.13,11,,Lucas Bennett,"Cousin Eli graduation party plans
 • place: Oak Creek Park Pavilion B, 771 Meadow Ln, Des Moines
 • date: Sat May 30
 • time: starts 4:00 pm, family photos at 5
 • bring folding chairs bc Aunt Jen said tables are weirdly limited
 • pick up ice from Casey’s around 3:15
 • card is already signed, put cash in before leaving
 • maybe wear the blue polo, not the wrinkled plaid one
 • burgers + veggie skewers, so dont eat a huge lunch
 • watch weather Fri night in case it gets moved indoors
 • Eli wants the old childhood pics board there by 4:30
 • ask dad if he’s bringing the cooler
 • address again: Oak Creek Park, pavilion B
 • gps sometimes sends to the baseball lot, use south entrance
 • leave home by 3:20 max
 • no forgetting the card this year pls",22,Male,US,Auto Parts Sales Associate,event,,,,,,
1665,,,NhiNX,accepted,,,2026.03.12,2026.03.13,6,,Heather Sloan,"Launch dinner for the new menu :)
 Bistro Vale, 910 King St, Alexandria
 Thursday July 16
 7:00 pm reservation under H. Sloan
 
 Need to get there early bc Chef Marta wants us tasting the summer dishes before guests show up.
 Bring small notebook for feedback, not the giant spiral one.
 Maybe wear black blouse + comfy shoes since standing a lot.
 
 1) ask about allergy cards at each table
 2) check if mocktail station is by patio again
 3) remind Sam to bring the printed invites leftovers
 
 Kinda excited but also tired already lol.
 Parking garage entrance is behind the bookstore, ticket gets validated at host stand.
 After dinner swing by CVS if still open.
 Important: King St, Thurs 7 pm, menu launch.",38,Female,US,Restaurant Manager,event,,,,,,
1666,,,NhiNX,reject,ngan,,2026.03.12,2026.03.13,,,Andre Holloway,"Softball opener at Northside Rec Fields, Field 3, 4400 Ashland Rd, Cleveland on Mon Apr 20 at 6:30 pm. Need to be there by 5:45 for warmups bc coach gets cranky if ppl stroll in late. White pants are clean-ish, navy jersey in back seat, glove needs new laces but should survive one game. Bring cash for team dues and maybe sunflower seeds. Afterward maybe tacos w/ the guys if we dont get smoked.
 Weather note: if it rains check league page around 4. Dont forget extra socks bc last season was a swamp. Also title so I actually notice it: softball opener northside rec.",29,Male,US,Physical Therapist Assistant,event,,,,,,
1667,,,NhiNX,accepted,,,2026.03.12,2026.03.13,12.4,,Jenna Park,"Book club picnic — Prospect Meadow, near the rose garden, Brooklyn, Sat August 8.
 Meeting around 11:30 am, but I should show at 10:50 to claim a shady spot.
 
 Bring blanket, sparkling water, bug spray, and the copy of Sea Change with my notes stuffed inside.
 Rina is bringing fruit, Mae said sandwiches, I’ve got cookies from the place on 7th.
 
 Need to ask if dogs are actually allowed there because Owen might bring Junie again.
 The backup rain spot is Page & Lantern Cafe on Dean Street at noon.
 Maybe print the discussion questions? my handwriting is a mess lately.
 
 Try not to ramble the whole time abt the ending :))",41,Female,US,Librarian,event,,,,,,
1668,,,NhiNX,accepted,,,2026.03.12,2026.03.13,6,,Ethan Pierce,"Annual eye exam at ClearView Vision Center, 905 Elm Blvd, St. Louis.
 Wed Sept 2.
 Check-in 8:10 am.
 Appointment 8:30.
 Bring current glasses and old prescription sunglasses.
 Need to ask about headaches after screen time.
 Dont wear contacts that morning, they told me that last year too.
 Insurance card in wallet side pocket.
 Leave apartment by 7:35 bc school traffic gets ugly near the clinic.
 Parking lot entrance is off Birch, not Elm.
 Maybe grab breakfast after at the diner across the street.
 If they offer dilation, prob say yes unless I have meetings right after.
 Text supervisor that I may log on a bit late.
 Main thing: ClearView, Sept 2, 8:30 am.
 Set another alarm tonight.",26,Male,US,Junior Accountant,event,,,,,,
1669,,,NhiNX,reject,2 dong,,2026.03.12,2026.03.13,17,,Carla Mendez,"Neighborhood cleanup + potluck
 - East Lake Community Center, 233 Monroe Ave, Orlando
 - Sunday May 17
 - cleanup starts 9 am, food part around 12:30
 
 Need:
 - work gloves
 - sunscreen
 - big spoon for the pasta salad
 - foldable table if it fits in trunk
 
 Remember Ms. Gloria asked me to check in volunteers by the side entrance.
 Trash bags supposedly provided but maybe bring extras just in case.
 Ask Ben if he can pick up ice on the way.
 Wear the old sneakers, not the white ones obviously.
 Could be hottt so freeze water bottle night before.
 Monroe Ave, 9 am, dont bail.",45,Female,US,Dental Hygienist,event,,,,,,
1670,,,NhiNX,accepted,,,2026.03.12,2026.03.13,6,,Noah Whitaker,"Indie film fest closing night
 Harbor Arts Theater, 17 Bay St, Providence
 Fri Oct 23
 first screening 6:15 pm / panel at 8 / awards around 9:30 maybe
 
 I said I’d meet Lila outside by the mural at 5:50, unless parking is a disaster again :(
 Ticket confirmation should still be in email, under personal not work inbox this time.
 
 Things to bring:
 1. light jacket bc that theater blasts AC
 2. notebook for director q&a
 3. charger, fully pls
 
 Need to remember the short film guy from last year might be there, the editor from Boston, so maybe bring a card.
 Afterwards maybe late dumplings on Hope St if we’re not dead tired.
 Bay St, Fri, 6:15 start.",33,Male,US,Video Editor,event,,,,,,
1671,,,NhiNX,accepted,,,2026.03.12,2026.03.13,7,,Marissa Cole,"Cousin brunch + baby shower combo this Sat
 at Maple & Ash Cafe, 1847 W Armitage Ave, Chicago
 April 18
 be there by 10:30am, shower stuff starts 11
 need gift bag + tape the card shut bc I always forget
 text Nina when parked
 her sister said back patio if weather's ok
 wear the blue midi dress, not the black one
 bring cash for meter just in case
 order quiche maybe, no dairy if possible
 after brunch they're doing photos near the mural out front
 DO NOT be late again like Thanksgiving lol
 pick up flowers from Trader Joe's first
 maybe leave house 9:35 bc traffic on 90 has been gross
 Title for calendar: ""Nina shower brunch""
 if running behind call cafe and ask if group already seated",29,Female,US,Elementary school teacher,event,,,,,,
1672,,,NhiNX,accepted,,,2026.03.12,2026.03.13,4,,Devin Harlow,"1. Event: open mic signup night downtown
 2. Where: Lantern Room, 55 Prince St, Nashville
 3. Date: Thurs May 7
 4. Need to arrive before 6:15pm or all the slots are gone
 5. Doors at 6:30, music prob starts 7
 6. Bring guitar capo + spare strings
 7. Try the second song, not the sad slow one
 8. Ask if they still do 2-song max
 9. Parking lot behind the pharmacy maybe cheaper
 10. Call Jay if I can't find the side entrance +1 615-482-7714
 11. order tea first so voice isn't wrecked
 12. black notebook has lyrics in the back pocket
 13. maybe record one clip if it doesn't feel weird :))
 14. Don't wear the boots that squeak on stage
 15. leave work by 5:20
 16. remember tip money for the bartender
 17. title in planner: Lantern open mic",34,Male,US,Auto claims adjuster,event,contact,,,,,
1673,,,NhiNX,reject,AI detect >=25%,,2026.03.12,2026.03.13,28.8,,Elena Pritchard,"Dentist cleaning for me, not the kids this time.
 Bright Smile Dental in Plano, 3120 Preston Rd Ste 210.
 Monday June 22, check-in 8:40am, appointment 9:00.
 Need insurance card in wallet.
 Bring that form they emailed maybe?
 Parking garage entrance is on the side street, not front.
 Ask about night guard price.
 No coffee before bc teeth pics look worse lol.
 Maybe stop by Target after since it's right there.
 Dr. Kwan said last visit to watch that back molar.
 Set alarm for 7:00.
 Leave house 8:05 if traffic is normal.
 Call office if running late: +1 972-555-1846.
 Title: cleaning appt Preston Rd.
 Do not reschedule again.",41,Female,US,Payroll specialist,event,contact,,,,,
1674,,,NhiNX,accepted,,PhucVQ,2026.03.12,2026.03.13,9,,Omar Beckett,"Summer league captain meeting
 rec center conf room B, 900 Lakeview Dr, Madison
 Wed July 9
 meeting starts 7pm but check in 6:40
 
 I gotta bring roster notes
 team name ideas scribbled somewhere in glove box
 ask abt jersey deadline
 see if games are still Sundays or they changed it
 
 also need waiver for Marcus
 he still hasnt signed it ugh
 maybe print one at work
 
 afterward grab tacos at that truck outside if it's there
 dont forget water bottle
 save in calendar as softball captn mtg",38,Male,US,Facilities supervisor,event,,,,,,
1675,,,NhiNX,accepted,,,2026.03.12,2026.03.13,4,,Kiara Mendoza,"Sat Aug 15
 Art walk volunteer shift
 Riverfront Arts District, Wilmington DE
 check in table near 14 N Market St
 be there 3:45pm
 shift 4 to 8
 
 wear the orange volunteer tee
 comfy shoes bc last year my feet died
 bring mini stapler + black marker
 ask Maya where poster maps go
 
 - hand out programs
 - point ppl to kids mural station
 - remind vendors abt teardown at 8:15
 
 maybe rain, pack light jacket
 text dad after so he knows I'm done
 Title: art walk shift",26,Female,US,Veterinary assistant,event,,,,,,
1676,,,NhiNX,accepted,,,2026.03.12,2026.03.13,14.4,,Nathaniel Briggs,"Board game night at Eric's loft, 412 Monroe Ave Apt 5C, Brooklyn, Fri Sept 11. Start 8ish but try to get there 7:40 bc the elevator is slow and ppl buzz nonstop. Bring Catan expansion, the good chips, and maybe seltzer. Eric said rooftop first if it stays warm. Need to venmo for pizza when I get there. Don't forget Jenna hates super spicy wings. Subway is prob 2 to Hoyt then walk. If late text Eric +1 347-771-2609. Could wear the green hoodie. Title in phone ""game night Monroe."" Also ask about cabin trip while everyone is there.",31,Male,US,UX designer,event,contact,,,,,
1677,,,NhiNX,reject,2 dong,,2026.03.12,2026.03.13,14,,Tasha Ringgold,"reunion prep note
 
 Family picnic 2026
 Oak Grove Park, Shelter 2, Columbia SC
 Sunday October 4
 starts noon, cousins setting up 10:45am
 
 * bring folding chairs from garage
 * potato salad goes in blue cooler
 * find old photos for memory table
 * aunt Denise wants head count by Friday
 
 call mom Sat night
 write out directions for Uncle Leon bc he gets lost every yr
 there's a church lot overflow parking across the street
 
 maybe make name tags if I have time :)
 save $20 cash for raffle tickets
 don't forget bug spray",47,Female,US,Licensed practical nurse,event,,,,,,
1678,,,NhiNX,accepted,,,2026.03.12,2026.03.13,7,,Collin Reeves,"Flight to Seattle for product training
 Delta 1173 maybe? double-check email
 departing from Austin-Bergstrom
 Tuesday Nov 3
 wheels up 6:05am, need airport by 4:30 ugh
 
 hotel check-in later at Harbor Pine, 210 Cedar St, Seattle
 training itself is Wed 9am at Northline HQ, 880 Elliott Ave W
 bring laptop charger, badge, nicer shirt
 print receipt folder for expenses
 
 book rideshare night before
 set 2 alarms 3:25 and 3:32
 grab coffee after security only, not before
 message Sam when landed ✈️
 
 if weather gets weird check for delays
 title: Seattle training trip",36,Male,US,Product manager,event,,,,,,
1679,,,NhiNX,accepted,,,2026.03.12,2026.03.13,10,,Hannah Wexler,"Notes for Lea's courthouse wedding
 City Hall Annex, 201 E Jefferson St, Phoenix
 Friday December 12
 
 Ceremony 2:00pm
 get there 1:20 for security line
 meet Dani by front steps first
 
 cream jumpsuit maybe, steam it Thurs night
 bring tissues, safety pins, tiny compact
 Lea asked me to hold the rings til after photos which feels scary tbh
 
 parking garage on 3rd Ave, validate maybe?
 lunch after at Copper Spoon, reservation 3:45
 take a few candid pics but dont be annoying
 
 call off work early
 title saved as Lea wedding day",28,Female,US,Social media coordinator,event,,,,,,
1680,,,NhiNX,accepted,,,2026.03.12,2026.03.13,18,,Byron Tate,"1) Community college night class starts Jan 20
 2) Intro to welding lab
 3) Building C, Room 118, Central Piedmont West Campus, Charlotte
 4) class runs 6:30pm to 9:15pm Tues + Thurs
 5) leave shop by 5:35 on class days
 6) park in lot B if not full
 7) bring gloves + notebook, maybe not the ripped one
 8) tuition receipt should be in email
 9) need student ID photo before first class
 10) ask instructor if boots need steel toe from day one
 11) grab sandwich first bc can't focus hungry
 12) call admissions if portal still acting dumb +1 704-618-9033
 13) remember this is for me, don't bail
 14) title: welding class start
 15) maybe kinda nervous :(( but good nervous",44,Male,US,Diesel mechanic,event,contact,,,,,
1681,,,NhiNX,reject,2 dong,,2026.03.12,2026.03.13,11,,Hannah Mercer,"Sat farmer's market + Mia bday picnic, don’t mash these together again. Need to be at Piedmont Park, Atlanta by 9:15 am on Sat May 16. Mia’s picnic bit starts closer to 1 pm at the east meadow near the 10th St entrance. Bring foldy chairs, check blue cooler in hall closet, and grab the lemon bars from Jen before 11. Parking note: lot near Monroe Dr fills up stupid fast, maybe just rideshare. Text Mia when leaving bc she always asks where everybody is. Farmer's market list for first stop: peaches, basil, goat cheese, flowers if not crazy expensive. Picnic stuff after that: striped blanket, card, lighter for candles, tiny knife. If rain, backup is her apt clubhouse at 880 Glen Iris Dr NE, same day, 2 pm. Need cash for the honey stand. Wear sneakers not sandals. Do NOT forget sunglasses this time. Also call dad after bc he wanted the dinner plan.",29,Female,US,Elementary School Teacher,event,,,,,,
1682,,,NhiNX,accepted,,,2026.03.12,2026.03.13,3,,Marcus Ellison,"Work softball game - Thurs June 18 :)
 Riverside Field, 245 Harbor Ave, Portland ME
 Be there 5:40 pm, first pitch 6:15
 
 Need to leave shop by 4:50 or traffic will be gross
 Bring gray team shirt, black cap, glove from trunk
 ask Neil if he still has my extra batting glove
 
 After game maybe burger place on Fore St if ppl go
 dont commit til inning 5 lol
 
 text coach Sam if late: +1 207-555-1846
 He said parking is behind the tennis courts
 water bottle in fridge rn, freeze it halfway
 
 also remember $10 cash for ump fee
 stretch hamstring before, last week was bad
 scorebook probably not needed but maybe toss it in
 if rain, check league app at 4 pm",41,Male,US,Auto Mechanic,event,contact,,,,,
1683,,,PhucVQ,reject,2 dong,,2026.03.12,2026.03.16,,,Priya Dandekar,"1. Flight to cousin’s engagement weekend
 2. Destination/event: Seattle trip + dinner party
 3. Friday Aug 7, leave Austin around 6:30 am for airport
 4. Flight is 9:05 am, Alaska, terminal info still need to check
 5. Land Sea-Tac 12:10 pm local if no delays
 6. Hotel: The Sound Hotel, 2120 4th Ave, Seattle
 7. Main event dinner is Sat Aug 8 at 7 pm
 8. Venue: Aurora Rooftop, 1900 5th Ave N
 9. Wear the green dress, not the navy one
 10. Buy card at airport maybe bc I keep forgetting
 11. Call Ritu once I land
 12. Reserve rideshare budget bc downtown parking sounds awful
 13. Brunch Sunday 10 am w family at Portage Bay Cafe
 14. Need gift bag tissue paper
 15. Bring charger, bangles, and comfy flats
 16. Reminder: Seattle nights get chilly even in Aug
 17. head home Monday early, dont book anything late Sunday",34,Female,US,Product Manager,event,,,,,,
1684,,,PhucVQ,reject,2 dong,,2026.03.12,2026.03.16,,,Trevor Boone,"Notes for county fair day
 - Benton County Fair, fairgrounds at 1500 S Oak St, Kennewick
 - Sunday Sept 13
 - gates open 11 am, demolition derby starts 6:30 pm
 - meet Kayla by the ticket booth around noon
 - bring cash for corn dogs + rides
 - parking lot B if I drive
 
 Stuff to remember
 * sunscreen
 * portable charger
 * the folding hat from garage
 * earplugs for derby maybe
 
 Check times
 1) pig races 1:15
 2) local band 3 pm near beer garden
 3) derby lineup 6 pm
 
 text Uncle Rob if he wants in
 his old number might still work: +1 509-555-6027
 dont wear white shoes, dust everywhere
 if too hot, sneak into expo hall for AC",26,Male,US,HVAC Technician,event,,,,,,
1685,,,PhucVQ,accepted,,,2026.03.12,2026.03.16,1,,Elena Sosa,"Bridal shower for Tiff
 Sunday July 12
 Rose & Reed Tea Room, 118 W Magnolia Blvd, Burbank
 be there by 12:30 not 1 bc I said I'd help set up :( 
 
 Need to bring
 - gift bag w candle + cookbook
 - tape for the photo banner
 - extra pens for advice cards
 
 Tiff’s aunt said parking in rear alley lot
 maybe enter through side patio door
 
 Food starts 1 pm
 games around 2:15 maybe
 cake after 3
 
 Call Nessa in the morning if I can pick up balloons
 her number: +1 818-555-4473
 
 wear floral midi, low heels only
 grab cash for valet just in case
 do not leave gift in apartment again omg
 afterward maybe stop by Mom’s since I’ll already be nearby",38,Female,US,Dental Hygienist,event,people relationships,,,,,
1686,,,PhucVQ,reject,2 dong,,2026.03.12,2026.03.16,,,Owen Talbot,"Conference day plan. Annual Mid-Atlantic Design Summit at the Convention Center, 801 Mount Vernon Pl, Baltimore, on Friday October 9. The schedule is 8 am but I really need to get there by 7:30 for badge pickup. Panel I care about most is “Designing for Public Transit” at 9:15 in Hall C. Lunch meetup with Marisol near the food trucks at 12:20. Portfolio review slot is 2:40 pm, Room 214, bring the printed case studies not just iPad. Closing keynote starts 5:30 and I should stay for it bc boss asked for notes. Hotel is Hampton Inn Inner Harbor, walk is about 12 mins, so set alarm early. Remember chargers, gum, notebook, decent shoes. Parking garage under the hotel is cheaper than the venue one. Text Ben if sessions shift: +1 443-555-9318. Dinner maybe at Thames Street Oyster House if energy remains. Print train ticket Thursday night.",31,Male,US,UX Designer,event,,,,,,
1687,,,PhucVQ,reject,trung format,,2026.03.12,2026.03.16,,,Jasmine Foley,"Baby shower for Lila
 Sat Nov 14
 Maple Grove Community Hall, 77 Benton Rd, Columbus OH
 starts 2 pm but I said I'd help at 1:15
 
 Need from Target before then
 diapers size 1
 yellow ribbon
 that woodland wrapping paper if still there
 
 Mom wants me to bring the punch bowl lol
 also the folding table from basement maybe
 
 text Erin when leaving house
 +1 614-555-2281
 she has the code for side entrance
 
 games at 3ish
 cake 4
 group photo before ppl look tired pls
 
 wear the loose blue sweater bc hall might be cold
 dont forget card, dont forget card, seriously
 afterward swing by Kroger if we're out of milk",27,Female,US,Veterinary Assistant,event,,,,,,
1688,,,PhucVQ,accepted,,,2026.03.12,2026.03.16,13,,Daniel Kessler,"Fall workshop schedule
 1) “Intro to Woodturning” class
 2) Northside Makers Lab, 540 W 29th St, Chicago
 3) Tuesday October 20
 4) check-in 6:15 pm
 5) class runs 6:30-8:45 pm
 6) bring safety glasses even if they say extras are there
 7) old jeans, not office pants
 8) parking on Carpenter maybe easier than the tiny lot
 9) call shop if running late: +1 312-555-7740
 10) ask instructor about beginner lathe recs
 11) maybe grab sandwich beforehand bc no dinner break
 12) save receipt for reimbursement? prob not but keep it
 13) weather might be cold, take the heavier jacket
 14) dont forget notebook for measurements/tips
 15) if canceled, reschedule to the Nov session",45,Male,US,Claims Adjuster,event,,,,,,
1689,,,PhucVQ,accepted,,,2026.03.12,2026.03.16,15,,Nicole Whitaker,"Cousin road trip kickoff
 - Friday May 22 around 7 am
 - first meetup spot: Buc-ee’s, 2760 I-35 N, New Braunfels
 - actual event that night is country concert at Whitewater Amphitheater, New Braunfels
 - show starts 8 pm, doors 6:30
 
 Car stuff
 * gas up Thursday night
 * ice chest in backseat
 * aux cord maybe still in glove box
 
 Need to remember
 1. lawn chairs
 2. cheap poncho if weather gets weird
 3. screenshot tickets
 
 Kara said she can’t leave Austin till 4:30
 so maybe I hold our place in line
 text her when parked: +1 512-555-3904
 
 hotel after = Gruene River Inn
 check-in before concert if possible
 
 breakfast stop next morning somewhere not crowded
 maybe town is packed tho so dont count on it",24,Female,US,Barista,event,,,,,,
1690,,,PhucVQ,reject,trung format,,2026.03.12,2026.03.16,,,Leo Carver,"Thanksgiving volunteer shift at St. Mark’s kitchen
 Mon Nov 23
 1142 Cherry St, Kansas City MO
 need there 8:00 am sharp, serving starts 9
 
 bring:
 - plain dark tee
 - old sneakers
 - hair tie for beard? idk figure it out
 
 Ms. Donna said park in the back lot off 12th
 use side door by pantry
 
 Tasks maybe
 wash trays first
 then help set desserts
 maybe run takeout bags after noon
 
 call church office if super late
 +1 816-555-6412
 
 pick up pie tins from mom Sunday night
 and hand warmers if it's freezing
 
 done around 2:30 maybe
 grab coffee after bc gonna be tired :))",52,Male,US,City Bus Driver,event,,,,,,
1691,,,PhucVQ,accepted,,,2026.03.12,2026.03.16,12.3,,Alyssa Moreno,"Spring PTA Bake Sale — dont forget this one.
 Sat April 18, 2026, 9:00 AM to 1ish.
 Roosevelt Elementary gym, 1840 W Palmer St, Chicago.
 I said I'd be there by 8:15 to help set up tables.
 bring folding cash box from hall closet.
 also the blue tablecloth, not the holiday one.
 Need 2 dozen lemon bars and maybe extra napkins.
 Text Jen if running late, she gets stressed fast.
 parking lot on the north side fills up super early.
 Kids perform at 10:30 so try not to miss that.
 remember square reader charger!!
 drop off raffle basket near front desk first.
 ask office if they still need volunteers for cleanup.
 wear school tee if it's clean lol.
 afterwards maybe coffee w/ Marisol if not dead tired.",34,Female,US,Elementary school counselor,event,,,,,,
1692,,,PhucVQ,reject,trung format,,2026.03.12,2026.03.16,,,Darren Whitfield,"1) Event: Community Jazz Night :)
 2) Friday, May 8, 2026
 3) Doors 6:30 PM, music starts 7:15
 4) East River Arts Warehouse, 91 Kent Ave, Brooklyn, NY
 5) ticket already paid, check email from venue just in case
 6) invite Nate again if he ever answers
 7) bring light jacket bc that space gets weirdly cold
 8) meet Tasha by the mural outside at 6:45
 9) no huge backpack this time, security was annoying last yr
 10) train option = L to Bedford then walk
 11) backup rideshare if it rains
 12) remember cash for merch table
 13) sax trio I wanted to hear goes on around 8:20
 14) maybe leave by 10:30, early shift next morning
 15) save parking garage address if I end up driving
 16) don't forget earplugs, last concert was LOUD.",41,Male,US,Transit operations supervisor,event,,,,,,
1693,,,PhucVQ,accepted,,,2026.03.12,2026.03.16,8,,Nina Patel,"Dentist cleaning appt for me
 Mon June 1, 2026
 11:40 AM
 Greenview Dental, 2258 N Greenview Ave, Suite 3B, Chicago
 leave work by 11:05 or I’ll be rushing again
 bring new insurance card
 ask about the sensitive tooth on left side
 not an emergency, just keeps bugging me w/ cold drinks
 parking in alley prob impossible
 better to rideshare there and bus back
 text Mom after bc she wanted same dentist info
 dont eat poppy seed bagel before lol
 check if they still validate garage next door
 set reminder night before for flossing bc embarrassing
 also ask front desk about whitening prices maybe
 save receipt for FSA.",29,Female,US,UX designer,event,,,,,,
1694,,,PhucVQ,accepted,,,2026.03.12,2026.03.16,9,,Marcus Hallie,"Work offsite / quarterly planning
 
 Thursday July 16, 2026
 8:30 AM check-in, first session 9 sharp
 Harbor Conference Center, 402 Seaport Blvd, Boston
 
 * bring laptop + HDMI dongle
 * print the budget slide, just 5 copies
 * coffee before going in bc hotel coffee is trash
 
 Lunch is supposed to be provided but maybe pack almonds anyway
 Need to corner Priya about hiring reqs after the roadmap block
 Panel ends around 4:15, networking thing till 5:30
 
 garage entrance is on Northern Ave not Seaport, last time I missed it
 wear the navy button-down, not too formal
 send follow-up notes same night or I'll forget half of it.",38,Male,US,Product manager,event,,,,,,
1695,,,PhucVQ,reject,trung noi dung,,2026.03.12,2026.03.16,,,Keisha Bowman,"okay reminder for cousin baby shower bc I keep mixing up the weekend
 title: Baby shower for Tiff + lil Noah
 Sunday Aug 23, 2026
 2 PM to maybe 5
 West End Family Center, 118 Carter Rd, Richmond, VA
 bring the diaper cake if it survives the drive
 also card from Aunt Denise is in kitchen drawer
 colors are sage/cream apparently, dont show up in bright red lol
 need gas before heading out
 call Maya around noon so we can caravan maybe
 games start at 2:30, dont stroll in late
 take pics for grandma
 gift receipt in purse pocket
 there's prob gonna be chicken salad, skip if it looks sketchy
 leave by 1:10 latest
 ask Tiff if she still wants books instead of more newborn clothes
 and pls remember tissue paper this time.",31,Female,US,Pharmacy technician,event,,,,,,
1696,,,PhucVQ,accepted,,,2026.03.12,2026.03.16,7,,Owen Carver,"Fantasy baseball draft night
 - Tues March 24, 2026
 - 7:00 PM, login by 6:40
 - at Luis's apartment, 542 Maple Terrace Apt 2, Denver
 - bring six-pack + charger
 - league fee is $40 cash or Venmo
 - dont forget updated cheat sheet, last one was from Feb lol
 - maybe park on Birch bc Maple gets packed
 - ask if Ben is still coming from Boulder
 - pizza order usually around 7:45
 - keeper list deadline is basically when we sit down
 - wear hoodie, his place somehow freezing in March
 - draft board pics after every 5 rounds
 - no auto-draft disaster this year pls :(
 - leave apartment by 6:15 if traffic looks bad.",27,Male,US,Auto claims adjuster,event,,,,,,
1697,,,PhucVQ,reject,trung noi dung,,2026.03.12,2026.03.16,,,Lauren Kim,"Mom's retirement brunch
 Saturday September 12, 2026
 11 AM
 The Willow Room, 7700 Preston Rd, Dallas
 
 Need to arrive early bc I'm helping set photos on memory table.
 Print the picture of her first classroom + the one from Disney trip.
 Dad has the slideshow on a flash drive, remind him Friday night.
 
 1. pick up flowers that morning from Bloom House on Hillcrest
 2. bring extra mascara bc I'll cry, obviously
 3. save seat near Aunt May so she doesn't wander off
 
 Restaurant said semi-private room in back near patio.
 Call if rain changes parking setup.
 Speech probably starts around noon, keep mine short and normal.
 Get there by 10:20, not 10:45 again.",36,Female,US,Speech-language pathologist,event,,,,,,
1698,,,PhucVQ,accepted,,,2026.03.12,2026.03.16,6,,Hector Alvarez,"Need a clean plan for the state licensing workshop
 
 Event: Electrical Code Update Seminar
 Friday October 9, 2026
 registration 7:30 AM / class 8 to 3:30
 Alamo Trade Hall, 6601 San Pedro Ave, San Antonio
 
 bring notebook, license number, and those stupid CEU forms
 coffee first bc mornings + seminars = rough
 maybe carpool w/ Ruben if his truck is working
 lunch break at noon, food trucks outside maybe
 
 don't sit too far back or I'll zone out
 ask instructor abt residential panel labeling change
 save cert photo to phone right after
 end of class traffic gonna be nasty, maybe wait 20 mins before leaving
 text Elena when done.",45,Male,US,Electrician,event,,,,,,
1699,,,PhucVQ,reject,2 dong,,2026.03.12,2026.03.16,,,Paige Donnelly,"• Lena's courthouse wedding
 • Friday November 6, 2026
 • ceremony 3 PM, dinner after 5ish
 • King County Courthouse, 516 3rd Ave, Seattle
 • dinner reservation at Alder & Pine, Pioneer Square
 • wear green dress, steam it night before
 • bring tiny gift bag + handwritten note
 • meet Jonah outside security at 2:25
 • dont pack pepper spray bc courthouse duh
 • maybe waterproof mascara bc Seattle + crying combo
 • snap a pic of parking receipt for reimbursement? maybe not lol
 • remember she said no giant bouquets, just be there
 • weather check that morning
 • ask if she still wants me to hold the rings for photos
 • leave office by 1:45 absolute latest
 • charge phone all the way.",33,Female,US,Civil engineer,event,,,,,,
1700,,,PhucVQ,accepted,,,2026.03.12,2026.03.16,7,,Jamal Rivers,"Hackathon weekend notes so I dont blank later
 title = Civic Apps Sprint
 Nov 14-15, 2026
 check-in Sat 8:00 AM
 Metro Innovation Lab, 12 Peachtree Center Ave, Atlanta
 
 Team meetup first floor lobby near coffee cart.
 Need laptop, mouse, charger, hoodie, aspirin.
 Bring printed API ideas bc wifi was messy last yr.
 
 maybe pitch the bus delay tracker project first
 mentor hours start 10:30
 lunch should be included both days but pack protein bar anyway
 
 Sunday demos at 2 PM
 try not to overbuild, just make one thing work.
 text Maya when finals start if she wants to come watch :)
 parking validation maybe only for deck B so check sign.
 sleep friday night, seriously.",24,Male,US,Junior software developer,event,,,,,,
1701,,,PhucVQ,reject,2 dong,,2026.03.12,2026.03.16,,,Marissa Doyle,"Book club @ Lark & Pine bookstore, 418 W 8th St, Kansas City, Thu Apr 16, 6:30 pm. Need to leave work by 5:45 or I'll be late again. Wear the green sweater bc the room gets weirdly cold. Bring the borrowed copy of The Dutch House back to Nina. Parking in rear alley only, not the metered spots up front. Text Jess when I head out. Ask if they're still doing the little cheese plate. Topic this month = first half only, not whole book. Remember last time ppl spoiled the ending, ugh. Maybe stop for gas first. If rain, take umbrella from car trunk. Put reminder for 4:50. Also ask about May pick. Dont forget reading glasses.",31,Female,US,Elementary School Teacher,event,,,,,,
1702,,,PhucVQ,reject,2 dong,,2026.03.12,2026.03.16,,,Trevor McNally,"Sat softball tourney note
 Riverside Park Fields, 2201 Water St, Des Moines
 game 1 starts 9:10 am on May 9
 coach said be there 8:20 sharp for warmups
 bring gray jersey, not the blue one
 extra socks bc field was muddy last year
 Dad maybe coming around 11 if his shift ends early
 after game probably burgers at Dugout Grill across from field
 need cash for team snacks
 ice knee Friday night just in case
 text Aaron re carpool from my apt
 sunblock!!!
 pick up orange slices Fri eve
 if we win, next game around 1:30 pm
 check weather again Friday",27,Male,US,Auto Parts Sales Associate,event,,,,,,
1703,,,PhucVQ,accepted,,,2026.03.12,2026.03.16,11,,Denise Holloway,"Community tax prep workshop
1. Westside Library, 940 Grant Ave, Pittsburgh
2. Monday, March 23
3. Starts 5:45 pm, doors open 5:15
4. bring folder with W-2 + 1099 stuff
5. ask abt side gig income from Etsy
6. parking lot fills up fast, maybe use street by post office
7. Ms. Rivera from church said she can save me a seat if I text by 4:30
8. print bank interest form before leaving office
9. maybe wear nicer jacket, room is always freezing
10. dont forget pen that actually works
11. title for calendar: tax thing, not dinner
12. call Mom after, she wanted update
13. stop by ATM on the way
14. no kids this time, too boring for them
15. set second alarm at 4:50",44,Female,US,Payroll Clerk,event,,,,,,
1704,,,PhucVQ,accepted,,,2026.03.12,2026.03.16,7,,Caleb Foster,"Flight stuff for Austin weekend :)
 Southwest 2187 out of Denver
 Fri June 12
 leave apt by 4:15 am
 airport parking maybe too $$ so just Lyft it
 
 Hotel check-in
 Driskill, 604 Brazos St
 under my work card, hope that still goes thru
 
 Panel title: Small Teams, Big Shipping
 Convention Center room 12B
 1:00 pm sat
 need black sneakers not boots
 
 dinner maybe with Priya after, she said 7-ish near South Congress
 dont lose badge again lol",35,Male,US,UX Designer,event,,,,,,
1705,,,PhucVQ,reject,trung noi dung,,2026.03.12,2026.03.16,,,Felicia Boone,"Baby shower for Tasha
 Skyline Room at Harbor House, 77 Bayview Dr, Baltimore
 Sunday Aug 2nd
 starts 2 pm but cousins prob show up 2:30 tbh
 I said I'd help set up at 1:15
 
 bring gift bag w/ the yellow blankets + receipt
 pick up cupcakes from Sweet Crumb on Eastern Ave by noon
 need cash for parking garage
 
 - wear floral dress maybe
 - call Aunt Renee sat night to confirm table count
 - dont post pics till Tasha does first
 
 games are supposed to start around 3
 leave by 5:30 bc I work early Mon
 remember card!!",29,Female,US,Dental Assistant,event,,,,,,
1706,,,PhucVQ,reject,ngan,,2026.03.12,2026.03.16,,,Omar Whitaker,"Jury duty reminder, not optional. Downtown Justice Center, 701 Main St, Hartford, report Tues Sept 15 by 7:30 am. Badge/check-in at north entrance. Pack charger, book, and a snack bc last time people sat forever. No pocket knife on keys. Wear decent shirt in case they pull names quick. Validate parking in the civic garage on Market. Bring summons paper from kitchen counter. Maybe leave house 6:35 to beat traffic. Stop coffee on the way but not too much or bathroom issue. Tell Malik I might miss the 11 am install. Lunch break prob around noon if selected. Keep phone on silent. Ask clerk about mileage reimbursement. Go to bed early Monday for once.",39,Male,US,HVAC Technician,event,,,,,,
1707,,,PhucVQ,accepted,,,2026.03.12,2026.03.16,15,,Aimee Lutz,"Hair appt moved again :(
 
 Studio North, 1182 N Clark St, Chicago
 Friday Nov 6
 2:15 pm with Brenna
 
 roots + trim only, no bangs no matter what I say in the moment
 show her pic from October when it looked right
 parking garage entrance is on Elm not Clark
 
 * leave office by 1:20
 * grab cash tip
 * bring little bottle of serum to ask if it's ruining color
 * maybe stop at Trader Joe's after
 
 Brenna said if I'm more than 10 mins late she'll have to shorten it
 text Carla to push coffee meetup to 4:30
 dont forget the gift card balance",33,Female,US,Claims Adjuster,event,,,,,,
1708,,,PhucVQ,accepted,,,2026.03.12,2026.03.16,15,,Jonah Peralta,"Cousin Eli's grad dinner
 La Fonda Grill, 225 Mesa Rd, Albuquerque
 May 28, 7 pm
 reservation under Aunt Cora
 they said whole party has to be there by 7:15 or they seat walk-ins
 
 need to pick up card + cash from dresser
 wear the navy button-down, not wrinkled one
 Eli likes pecan pie so maybe ask if they do slices to go
 
 1) call Grandma at 5 and remind her I'm driving
 2) leave her place by 6:10 bc traffic on Central gets dumb
 3) take family photo outside after dinner if light still okay
 
 might be speeches, ugh, keep it short if asked to say something
 home before 10 ideally",24,Male,US,GIS Mapping Technician,event,,,,,,
1709,,,PhucVQ,accepted,,,2026.03.12,2026.03.16,8,,Rhonda Pike,"PTA fundraiser planning mtg
 Maple Ridge Middle School library, 53 Cherry Ln, Lexington
 Wed Oct 14, 6:00 pm
 topic is fall carnival booths + volunteer gaps
 Mrs. Hanley said use side entrance by gym after 5:30
 bring notebook from kitchen drawer
 
 Need answers on:
 - dunk tank permit??
 - cake walk table count
 - who has Square reader
 
 also wanna mention the quieter hour idea for little kids who hate all the noise
 coffee maybe after w/ Dana if mtg ends before 7:30
 text babysitter at 8 to check in
 dont ramble this time lol
 put raffle tickets in purse now
 set reminder for poster board pickup Thurs morning",46,Female,US,Speech Therapist,event,,,,,,
1710,,,PhucVQ,reject,trung format,,2026.03.12,2026.03.16,,,Bennett Cross,"Red Rocks concert plan
 Morrison, CO - Red Rocks Amphitheatre, 18300 W Alameda Pkwy
 Saturday July 18
 gates 6:30 pm, show 8 pm
 meeting Nora + Dev at lower south lot around 6:10
 
 bring light jacket bc it gets chilly after sunset
 download tickets before leaving, signal gets spotty up there
 no giant backpack, just crossbody
 
 food maybe at the taco truck near entrance if line isn't insane
 remember earplugs
 phone battery pack charged Friday night
 
 could hike the steps for a bit if we get there early lol
 drive home careful, mountain roads at night kinda stress me out
 Sunday gonna be dead tired so no brunch plans",28,Male,US,Brewery Cellar Operator,event,,,,,,
1711,,,PhucVQ,accepted,,,2026.03.12,2026.03.16,0,,Melina Merlin,"Saturday farmer's market + pie contest at Riverside Square, 214 Oak St, Madison, WI, April 18, get there by 8:15 bc parking gets awful. Need folding table from garage, the blue cash box, square reader charger, and the apple cards I printed. Check in starts 8:30 near the fountain, judging at 11, booth stays open till 2. Text Jenna if running late, she said she'd cover first half hr. Wear sneakers not boots, last year my feet were dead by noon. Also bring little sign w/ prices, honey jars on left side, pies in cooler under table. Don't forget napkins this time lol. Weather prob chilly early so hoodie first, nicer shirt underneath. Afterward maybe lunch at Dot's Diner across the street if sales are decent. Need small bills Friday night. Reminder: leave house 7:20 latest or I'm gonna be stressed the whole drive.",29,Female,US,Bakery owner,event,,,,,,
1712,,,PhucVQ,accepted,,,2026.03.12,2026.03.16,15,,Trevor Manning,"Cousin Eli engagement dinner
 
 Friday May 9, 7 pm-ish
 Harbor House Seafood, 18 Bayview Ave, Portland, ME
 
 Mom said be there a little early bc grandma hates waiting and gets cranky.
 Table is under Manning party, maybe 14 ppl total.
 
 Bring the navy jacket, not the black one w the missing button.
 Card is in desk drawer, still need cash for gift envelope.
 Ask Eli quietly if they picked a wedding month yet.
 
 Parking lot behind the restaurant fills up fast after 6:30.
 Could leave work at 5:45 and still make it if traffic isn't gross.
 Need to call Kayla before noon to see if she's riding w me.
 
 Don't order crab unless work bonus hits first lol :))
 Dessert maybe skip bc aunt Linda always pushes cake on everybody.
 Phone charged, photos maybe after dinner outside by the water.
 Seriously remember the card.",34,Male,US,Auto claims adjuster,event,,,,,,
1713,,,PhucVQ,accepted,,,2026.03.12,2026.03.16,8,,Denise Harper,"PTA spring carnival planning meeting tomorrow, Tues March 24, 6:30 pm.
 Lincoln Elementary library, 52 Grove Street, Dayton, OH.
 Bring the volunteer sign-up sheets.
 Need final answer on dunk tank rental.
 Ask principal about gym backup if it rains.
 Call Sam re popcorn machine by lunch.
 Purple folder has vendor receipts.
 Don't forget parking pass on dashboard.
 Maybe wear school tee.
 See if Mrs. Patel can cover ticket booth first hour.
 Cake walk starts discussion after budget stuff.
 Put ""face paint line was too long last yr"" in notes.
 Take pics of table setup.
 Meeting should end by 8 if ppl stop rambling.
 Grab milk on way home.",41,Female,US,Elementary school teacher,event,,,,,,
1714,,,PhucVQ,accepted,,,2026.03.12,2026.03.16,7,,Brandon Liu,"Jazz in the Park night
 Fri June 12, gates 6:00, music starts 7:15
 640 Broadway Blvd SE, Albuquerque
 1) bring:
 - picnic blanket
 - bug spray
 - tiny speaker? maybe not, kinda dumb lol
 - sweater for later
 2) people
 - meeting Nora + Wes by the big fountain at 6:20
 - text if train is delayed
 3) food idea
 - stop at Fresh Bites on Wabash for wraps first
 4) important
 - reserve parking online tonight
 - charge power bank
 - don't forget the folding cups from trunk
 5) backup if stormy: Green Mill, but check before leaving",27,Male,US,UX designer,event,,,,,,
1715,,,PhucVQ,accepted,,,2026.03.12,2026.03.16,10,,Alicia Moreno,"Dental conference thing - not just lectures, also vendor mixer Thurs night :(
 Title on badge says Midwestern Oral Health Summit
 Location: Hyatt Regency Denver, 650 15th St, Denver, CO
 Dates April 3-5
 
 Need to fly in Wed evening if possible
 panel I want is Fri 9:00 ""new hygiene workflows""
 workshop Sat 1:30 maybe full already
 
 Packing
 - chargers
 - flats + one decent blazer
 - mints bc airplane mouth ugh
 
 also
 airport shuttle every 30 min from hotel
 text Dr. Reem once I land
 save receipts for reimbursement
 
 try not to overbook dinner plans again",38,Female,US,Dental hygienist,event,,,,,,
1716,,,PhucVQ,reject,ngan,,2026.03.12,2026.03.16,,,Caleb Foster,"Company offsite at Lake Arrowhead Retreat Center, 44 Pine Ridge Rd, Asheville area, on Sept 18 from 9 to about 4. Need to leave by 7:10 bc carpool with Nina and Dev from the south lot. Agenda probably starts with team update, then breakout stuff, then lunch outside if weather holds. I should bring laptop, charger, the printed roadmap pages, and maybe a quarter zip bc conference rooms are always freezing. There was something about optional hiking after 4, not sure I'm staying for that. Reminder to ask Marcus about mileage form before Friday. Also don't forget name tag from last event is still in backpack side pocket.",32,Male,US,Product manager,event,,,,,,
1717,,,PhucVQ,reject,trung noi dung,,2026.03.12,2026.03.16,,,Hannah Whitaker,"Bridal shower for Tessa
 
 Sunday July 21
 Rosemary Tea Room, 118 Cedar Lane, Richmond, VA
 Guests start arriving 1:00, brunch served 1:30
 
 Need the gift list notebook bc no one else writes things down right.
 Pick up balloons from Party Spot by 10:30.
 Call Aunt Bev saturday night to remind her it's upstairs, elevator in back.
 
 Centerpieces are at my apartment still.
 Bring tape, extra pens, and that silly ring game card set.
 Tessa's sister wanted soft pink only, no bright coral, remember that.
 
 Wear green dress maybe, not white-ish anything obviously.
 Parking on Cedar is metered, garage behind the bookstore is easier.
 Try to get there at 12:15 before everyone starts asking me stuff.
 
 Need coffee first or I will be useless.",26,Female,US,Speech therapist,event,,,,,,
1718,,,PhucVQ,reject,trung format,,2026.03.12,2026.03.16,,,Omar Reeves,"Open mic set Thurs 8/14
 Blue Lantern Cafe, 77 Mercer St, Jersey City
 sign-up opens 6:45
 I want slot around 7:30 if poss
 
 Set list:
 1. ""South Ferry"" - keep intro short
 2. new song maybe, if nerves okay
 3. cover only if crowd feels dead
 
 Remember:
 - capo
 - tuner
 - cash for coffee tip jar
 - extra strings pls pls
 
 Ask Maya to film one song from the left side, lighting better there.
 Don't ramble between songs like last time lol.
 Train home is every 20-ish mins after 10.",31,Male,US,Barista,event,,,,,,
1719,,,PhucVQ,accepted,,,2026.03.12,2026.03.16,8,,Felicia Grant,"church food drive saturday :)
 New Hope Community Center, 203 Elmwood Ave, Columbus, OH
 April 11
 volunteers there by 8 am, doors open 9
 
 need to sort cans first then hygiene kits
 Miss Carla said diapers table goes near entrance this year
 
 bring
 * work gloves
 * black marker
 * granola bars for later
 * the printed donor list from email
 
 after shift maybe choir practice at 1:30 if i still have energy
 text DeShawn friday night about truck space
 wear old sneakers not the new white ones duh
 and remember folding chair for check-in desk",45,Female,US,Insurance agent,event,,,,,,
1720,,,PhucVQ,accepted,,,2026.03.12,2026.03.16,6.9,,Wyatt Benson,"DMV appointment to switch title + reg after buying truck
 
 Mon Nov 3, 10:40 am
 North Valley Motor Vehicle Office, 6118 Route 9, Albany, NY
 
 Docs:
 1. title signed by seller
 2. proof of insurance
 3. bill of sale
 4. license
 5. checkbook just in case card machine acts weird again
 
 Leave house by 9:45 bc that place is always a mess.
 Maybe stop for coffee on Central first but only if I have time.
 
 After DMV swing by county clerk across town? maybe not same day.
 Need to call seller if VIN form looks off.
 Put folder on passenger seat tonight so I can't forget it in the morning.",39,Male,US,Diesel mechanic,event,,,,,,
1721,,,PhucVQ,reject,2 dong,,2026.03.12,2026.03.16,,,Melissa Harper,"Saturday block party on Maple Ave is actually happening this year, dont forget. 
 Title: Maple Street Summer Block Party. 
 July 20, 2026. 
 Starts around 4:30 PM, music prob closer to 5. 
 Location is the closed-off stretch near 1842 Maple Ave, Columbus, OH. 
 Need to bring folding chair and the lemon bars if I have time. 
 Text Nina before noon so she saves us a spot by the big oak tree. 
 Parking note: side streets only, no parking on Maple after 2 PM. 
 Kids bike parade at 4:45, might be cute to watch for a min. 
 Band list posted at the coffee shop but I forgot the names. 
 Cash for raffle tickets, last yr card machine was a mess. 
 There’s supposed to be a food truck by the church corner. 
 Wear the old sneakers bc it gets dusty. 
 If rain, backup is the rec center on Grant St. 
 Maybe leave by 8ish before traffic gets dumb. 
 Remember bug spray.",34,Female,US,Elementary School Teacher,event,,,,,,
1722,,,PhucVQ,accepted,,,2026.03.12,2026.03.16,11,,Daniel Ruiz,"- Event: Vendor Expo for restaurant supplies 
 - Date: Tues Aug 11, 2026 
 - Time: 9:00 AM check-in, first demo 9:30 
 - Place: McCormick Place, 2301 S Martin Luther King Dr, Chicago 
 - Need badge email pulled up at entrance 
 - bring biz cards, not just phone contact swap 
 - meet Jorge near Hall B coffee stand at 10:15 
 - ask about bulk fryer oil pricing and new freezer units 
 - quick lunch maybe from the taco booth if line isnt insane 
 - call supplier rep after 1 PM if he no-shows again 
 - booth 417 has the POS system I wanted to compare 
 - wear the gray jacket, convention rooms always freezing 
 - parking booked in Lot A but screenshot it first 
 - don't forget notebook, last expo I wrote stuff on receipts lol 
 - wrap up by 3:30 so I can get back before dinner service 
 - maybe stay for the 4 PM panel if energy still there",41,Male,US,Restaurant Manager,event,,,,,,
1723,,,PhucVQ,accepted,,,2026.03.12,2026.03.16,9,,Hannah Cole,"Bridal fitting for Tessa. 
 Friday, May 8, 2026. 
 At Ivory Lane Bridal, 55 W 19th St, New York. 
 Appointment starts 6:15 PM. 
 I should get there 20 mins early bc subway always acts up. 
 Tessa wants honest feedback, not fake nice. 
 Bring nude heels in size 8 if I can find them. 
 Also safety pins, just in case the sample dress is weird again. 
 Need a pic of the dusty blue swatch for flowers. 
 Text Mom once we're inside so she stops asking where we are. 
 There might be a second try-on around 7 if the seamstress is free. 
 Don't wear red lipstick this time. 
 Parking not worth it, train only. 
 Afterward maybe grab a quick bite on 6th Ave. 
 Important: ask when final pickup is. 
 No being late. seriously.",28,Female,US,Graphic Designer,event,,,,,,
1724,,,PhucVQ,accepted,,,2026.03.12,2026.03.16,12,,Kevin Atwood,"Fantasy baseball draft this Sunday, finally. 
 
 Title is ""Basement League Draft Night"". 
 Location: 922 Harbor View Dr, Unit 3C, Tampa, Florida. 
 Date: March 29, 2026. 
 Draft room opens 6 PM, actual start 6:30. 
 
 Need laptop charger, cheat sheet, and the backup Wi-Fi password Rob texted. 
 Pick order gets drawn there, so show up on time for once. 
 Bring the wings from Bay Flame if theyre still taking preorders. 
 Beer run before 5:45 maybe. 
 
 Don't forget to Venmo the $40 league fee. 
 Last yr app crashed on my phone, so dont rely on that again. 
 Rob said guest parking is behind Building C. 
 Trash talk allowed, just not the weird kind lol. 
 Maybe wear the Rays cap :) 
 If Ethan starts another keeper argument, ignore it.",37,Male,US,Auto Claims Adjuster,event,,,,,,
1725,,,PhucVQ,accepted,,,2026.03.12,2026.03.16,19,,Priya Nair,"Cedar Run 10K packet pickup 
 Downtown Sports Hub, 1188 Market St, Denver 
 Friday Sept 18, 2026 
 open 3 PM to 7 PM 
 go after work around 5:40 
 need ID + race QR code 
 also ask if wave start still 7:15 AM sat 
 pickup shirt there if sizes not gone 
 
 race morning stuff 
 alarm 5:10 
 leave apt 6:00 latest 
 parking garage on 13th maybe full, have backup lot on Welton 
 banana, safety pins, tiny sunscreen 
 dont try new socks, bad idea last time :( 
 
 title on bib should say Cedar Run 10K 
 finish line festival at Civic Center Park after 
 text Maya when done so we can meet by fountain 
 stretch before getting in the car home",31,Female,US,Physical Therapist,event,,,,,,
1726,,,PhucVQ,accepted,,,2026.03.12,2026.03.16,9,,Marcus Bennett,"Neighborhood zoning meeting about the new apartment proposal, need to go bc this thing keeps changing. 
 Title: Ward 3 Community Planning Session. 
 Mon Oct 12, 2026. 
 7:00 PM, doors open 6:30. 
 Held at Jefferson Public Library, 201 E Main St, Lexington. 
 I should sit near the front if I wanna hear anything. 
 Bring printed copy of the traffic map from the city site. 
 Question to ask: will they widen the turn lane by the school. 
 Maybe mention noise after 10 PM too. 
 Call Dad earlier, he wanted notes from the meeting. 
 Need reading glasses, tiny print on those handouts. 
 Prob wont last less than 90 mins. 
 No coffee after 5 or I'll be awake forever. 
 Parking behind the library, enter from Short St. 
 Could stop at the deli after if its still open. 
 Dont forget umbrella if weather app is right. 
 actual agenda starts after roll call, so don't panic if it seems late.",45,Male,US,Civil Engineer,event,,,,,,
1727,,,PhucVQ,reject,trung noi dung,,2026.03.12,2026.03.16,,,Brooke Simmons,"• Event: Cousin Ava's baby shower brunch 
 • Sunday June 14, 2026 
 • 11:00 AM to 1:30 PM 
 • The Garden Room, 77 Magnolia Blvd, Savannah 
 • bring wrapped book instead of card, that was on the invite 
 • gift bag is in hall closet, do not leave without it 
 • wear the green midi dress if it's clean 
 • meet Jenna outside at 10:45 so we walk in together 
 • call Lyft if parking lot looks packed 
 • ask host where they want diapers stacked 
 • games start at noon I think, try not to be awkward lol 
 • take a pic w Grandma early before she gets tired 
 • maybe grab flowers from Trader Joe's on the way :) 
 • note: Ava is avoiding super sweet stuff rn 
 • if brunch runs long, cancel the 2 PM Target stop 
 • save invite screenshot in favorites bc service out there gets bad",26,Female,US,Payroll Specialist,event,,,,,,
1728,,,PhucVQ,reject,trung format,,2026.03.12,2026.03.16,,,Sean Whitaker,"CPR recert class. 
 St. Anne Training Center, 6400 Pine Ridge Rd, Minneapolis. 
 Saturday April 25, 2026. 
 Class is 8:30 AM to 12:30 PM. 
 Need to leave by 7:50 since weekend roadwork is still there. 
 Bring old certification card if I can find it. 
 Water bottle too, those rooms get dry. 
 Check if scrubs are okay or if I should wear regular clothes. 
 Email said use south entrance only. 
 Lunch not included. 
 Maybe pack a granola bar. 
 Phone on silent bc they actually kick ppl out for that. 
 Need this done before May schedule posts. 
 After class, swing by hardware store for light bulbs. 
 Don't forget reading glasses again. 
 Set second alarm at 6:45 just in case.",39,Male,US,Registered Nurse,event,,,,,,
1729,,,PhucVQ,accepted,,,2026.03.12,2026.03.16,7.2,,Lauren McBride,"PTO fundraiser planning dinner tomorrow. 
 
 Title: Spring Carnival Committee Dinner. 
 Rosa Mia, 14 Chapel Square, New Haven. 
 Feb 19, 2026. 
 Reservation under Lauren at 6:45 PM. 
 
 Need to talk raffle baskets first before everyone starts chatting about random stuff. 
 Ask Denise if the permit form was sent. 
 Bring the notebook with sponsor names and the messy budget draft. 
 Try the back room if the main table is too loud. 
 
 Order something fast, meeting-ish starts by 7. 
 Need final volunteer schedule by end of night. 
 Remind Ben about the dunk tank company call. 
 No dessert unless we finish on time haha. 
 Text babysitter by 8:30 with update.",33,Female,US,High School Counselor,event,,,,,,
1730,,,PhucVQ,accepted,,,2026.03.12,2026.03.16,9,,Omar Delgado,"Comic-Con weekend plan 
 title: Metro Fan Expo 
 Los Angeles Convention Center, 1201 S Figueroa St, LA 
 Sat Nov 7, 2026 
 badge pickup maybe friday night if possible 
 main panel I want is 1:00 PM in Hall K 
 
 before that 
 be there by 9:15 
 coffee first, obviously 
 check artist alley for that retro poster guy 
 bring poster tube this time!! 
 
 stuff to remember 
 - portable charger 
 - cash for small merch tables 
 - comfy shoes, no dumb boots 
 - screenshot parking garage rate 
 
 meet Chris at the big glass stairs around noon 
 dinner after maybe Little Tokyo if we arent dead 
 dont buy giant stuff early or carrying it all day will suck",29,Male,US,IT Support Specialist,event,,,,,,
1731,,,PhucVQ,accepted,,,2026.03.12,2026.03.16,11,,Megan Holloway,"Sat community yard sale at Oakview Park, 981 W Linden Ave, Columbus
 need to be there by 7:15 am, Sat April 18
 I said I'd help Jen w/ folding tables before ppl show up
 bring small bills + coins from kitchen jar
 coffee first or I will be useless
 poster board signs still in trunk maybe
 tablecloths from hall closet
 donation box marked ""school band""
 ask if Marcus can bring extension cord
 weather looked kinda chilly, hoodie probably
 don't forget old baby books + lamp + blue vase
 set Venmo sign out too
 pack tape + black marker
 text Jen around 6:40 before leaving
 if it rains, gym backup at Oakview Rec next door
 reminder: no haggling w the rude early birds lol",34,Female,US,Elementary School Teacher,event,,,,,,
1732,,,PhucVQ,reject,trung format,,2026.03.12,2026.03.16,,,Brian Kessler,"Mom's 60th dinner
 Friday May 9, 6:30 pm
 Rosa Mare, 214 Front St, Wilmington
 
 Call restaurant Thurs to confirm we're 11 not 10.
 Need corner table bc Uncle Ray can't hear when it's loud.
 Bring the printed old beach photo for the toast.
 
 Cake pickup at Sweet Crumb around 4:45, vanilla w strawberries.
 Ask Leah if she still has the gold candles.
 Parking behind the bank after 6 I think.
 
 Wear the nicer navy shirt, not the wrinkled one.
 Dad said get there early like 6:05.
 No talking abt retirement stuff unless Mom starts it.
 Also, don't forget the card in desk drawer.
 maybe tissues too, she's def gonna cry :(",41,Male,US,Insurance Adjuster,event,,,,,,
1733,,,PhucVQ,accepted,,,2026.03.12,2026.03.16,11,,Tasha Nguyen,"1. Event: night pottery workshop ""Mugs + Glaze""
 2. Spot = Firefly Studio, 88 Mason Rd, Portland ME
 3. Wed June 11, starts 6:00 pm, doors 5:40
 4. Instructor is Eliza, beginner friendly supposedly
 5. Wear old jeans, clay gets everywhere
 6. bring hair tie
 7. parking lot fills up fast so leave apt by 5:15
 8. text Nora if I get stuck in traffic
 9. fee already paid, no cash needed
 10. pickup pieces two weeks later on June 25 after 3 pm
 11. don't schedule dinner right after bc hands gross
 12. stop at ATM only if I want extra tool kit
 13. maybe grab iced tea next door before class
 14. phone on silent pls no doomscrolling
 15. real goal = make one decent mug, not a weird blob again",27,Female,US,Dental Hygienist,event,,,,,,
1734,,,PhucVQ,accepted,,,2026.03.12,2026.03.16,11,,Carlos Mendez,"• Flight to Denver for Jamal's wedding weekend
 • Depart Fri Aug 14, 8:10 am from Austin-Bergstrom
 • Land DEN 9:35 local if no delays
 • Hotel check-in: Pine & Peak, 1616 Logan St, Denver
 • Rehearsal dinner 7 pm at Rioja, 1431 Larimer St
 • Ceremony Sat 4 pm at City Park Pavilion
 • suit bag in carry-on, don't trust checked bag
 • buy gift card on Wed maybe
 • ask for late checkout before Sunday
 • brunch Sun around 10 at Sam's No. 3
 • airport back by 2:30 pm
 • call sis to water plants Fri + Sat
 • tiny steamer from laundry room?
 • print boarding pass just in case
 • no tequila Friday night lol
 • send Jamal photo once I land",38,Male,US,Auto Claims Specialist,event,,,,,,
1735,,,PhucVQ,accepted,,,2026.03.12,2026.03.16,11,,Dana Whitfield,"Work offsite thing - ""Q3 reset""
 Mon Sept 22
 Main room at Harbor House, 42 Seaport Blvd, Boston
 starts 9ish but coffee out at 8:15
 
 - I need laptop, charger, hdmi dongle, sticky notes
 - lunch is prob catered, but keep almonds in bag anyway
 - intro round first, then roadmap review, then customer messes
 
 remember to ask Priya abt hiring plan
 and save 10 mins for budget freakout lol :))
 
 4:30 ferry networking thing maybe, not mandatory
 if skipping that, catch 4:45 train from South Station
 
 send self email w deck final by Sunday night
 wear flats not heels bc last year was sooo much walking
 also maybe bring advil",31,Female,US,Product Manager,event,,,,,,
1736,,,PhucVQ,accepted,,,2026.03.12,2026.03.16,18,,Jordan Pike,"Music on the River tix for me + Eli are in email somewhere
 event is Thursday July 16 at Riverfront Plaza, 500 Water St, Sacramento
 gates 6 pm, band at 7:30
 Need picnic blanket bc those lawn chairs hurt my back.
 Also sunscreen even tho it's evening, last yr I still got fried somehow.
 Meet Eli by the fountain if parking is a mess.
 Maybe park near 3rd & J and walk over.
 grab tacos first if time, but not from that slow truck again
 bring small speaker? no wait that's dumb, it's a concert
 check bag policy on Wednesday
 weather maybe 82 then cooler later
 I wanna leave office by 5 sharp for once
 charge portable battery
 don't wear white sneakers if grass is wet
 afterward maybe dessert at Honey Milk on L St
 set reminder to screenshot tickets",29,Male,US,Graphic Designer,event,,,,,,
1737,,,PhucVQ,reject,trung noi dung,,2026.03.12,2026.03.16,,,Alicia Boone,"Hair appt moved again
 
 Sat Oct 4, 11:30 am at Gloss Lab, 710 Monroe Ave, Nashville
 
 Need trim + darker roots, maybe soft bangs?? still unsure
 Ask for Mara only bc last time the layers were uneven.
 
 Leave house by 10:50 if traffic on I-40 is dumb.
 Parking garage entrance behind the bookstore.
 
 Bring cash tip this time.
 Also show her that ref pic saved in favorites.
 
 No gym after bc color smell gives me a headache.
 maybe grab soup from Proper Bagel nearby
 
 remember wedding shower is next week so don't let her go too short
 text Kayla after and see if she wants coffee ☺",36,Female,US,Payroll Specialist,event,,,,,,
1738,,,PhucVQ,accepted,,,2026.03.12,2026.03.16,11,,Evan Rutledge,"- Charity 5K: Run for Reading
 - Sunday April 26
 - packet pickup Sat 2-5 pm at Fleet Feet, 223 King St, Charleston
 - race morning at Hampton Park, near the north entrance by Cleveland St
 - warmup 7:10
 - start time 7:45 sharp
 - bib should be under Rutledge or maybe work team name
 - wear the gray dry-fit, not cotton
 - ankle felt okay today but still stretch calves
 - bring $10 for post-race coffee truck
 - text Coach Mel when parked
 - goal pace: don't be dumb in mile 1
 - if raining, take old cap
 - donate extra books at check-in table if trunk has room
 - shower fast after, Logan's brunch at 10:30
 - no staying up late Sat playing games",44,Male,US,Library Supervisor,event,,,,,,
1739,,,PhucVQ,reject,trung format,,2026.03.12,2026.03.16,,,Priya Sethi,"Thanksgiving train to Chicago
 Union Station departure Wed Nov 26, 3:05 pm
 seat maybe 14C? check app again
 arrive Chicago around 10:20 pm if Amtrak behaves lol
 
 Need to get to Auntie Meera's place, 2847 N Sawyer Ave, after that.
 Could take rideshare bc itll be cold and I'm not dragging pie on the bus.
 
 Bring cranberry bars in hard container.
 Call cousin Neel once train pulls in.
 Don't forget extra sweater + charger + book.
 
 Family dinner Thurs at 2 pm at their house.
 Friday maybe ice skating at Maggie Daley around noon.
 
 leave cat sitter cash on kitchen counter before heading out
 and take trash out Tuesday night :((
 seriously do NOT forget the pie this yr",25,Female,US,Data Analyst,event,,,,,,
1740,,,PhucVQ,reject,trung format,,2026.03.12,2026.03.16,,,Travis Coleman,"1) Fantasy football draft party
 2) Mike's garage, 1178 Cedar Brook Ln, Tulsa
 3) Sunday Aug 30
 4) ppl showing up 4:00, actual draft 4:45 maybe 5 if we're being honest
 5) bring laptop AND paper rankings bc wifi there stinks
 6) ice + two bags of chips on the way
 7) Venmo Mike for wings by Friday
 8) don't wear the old league champ shirt, too obnoxious
 9) charger, extension cord, lucky pen
 10) maybe set auto draft as backup just in case
 11) ask Drew if he still needs ride from Midtown
 12) bathroom in back hallway, remember from last year
 13) save sleeper app login now not at the door
 14) no trading in round one no matter what
 15) leave by 3:20 bc highway construction still a nightmare
 16) Monday morning me will regret this, but oh well",33,Male,US,HVAC Technician,event,,,,,,
1741,,,PhucVQ,reject,trung noi dung,,2026.03.12,2026.03.16,,,Marissa Cole,"Saturday bridal expo downtown, dont forget this one bc I already missed the spring show last yr and it was a mess. Event name is Riverfront Wedding Expo at the Convention Center, 401 S Water St, Chicago. Doors open 10:30 am on Sunday April 19. Need to leave by 9:15 if traffic is weird from Oak Park. bring the folder with venue quotes, the sage green swatch, and that tiny notebook w florist questions. also stop by the bakery booth around noon bc they do cake tastings till 1 only. parking garage on Wacker maybe cheaper than valet, check when I get there. text Jenna once I park so she knows which entrance. maybe wear flats bc last time my feet were done by lunch. ask about August 2027 dates first, then photo packages, then chairs/linens. if there’s time, peek at live band showcase at 2 pm. dont let sales ppl trap me for forever. Riverfront Wedding Expo, Chicago Convention Center, Apr 19, 10:30 am.",29,Female,US,Elementary School Teacher,event,,,,,,
1742,,,PhucVQ,accepted,,,2026.03.12,2026.03.16,7,,Darnell Price,"Dads birthday cookout
 Sunday May 24, starts 3 pm and ppl will prob show up early
 Back patio at Aunt Celia's house, 1187 Winding Creek Rd, Durham
 
 Need to call Marcus abt extra folding tables bc last Fourth of July we ran short
 grab ice from Harris Teeter on the way
 maybe bring the blue cooler from garage, not the busted red one
 
 playlist: old school soul first, then family-clean stuff once the kids get sugared up
 ask Keisha if she still has the silver serving trays
 Dad wants peach cobbler not cake, dont forget that again
 
 title for invite says ""Ron Price Retirement BBQ""
 remind everyone its casual, backyard, no gifts pls
 weather check Friday night
 if rain happens, move food tables into sunroom
 
 be there by 1:30 pm to help set up grill area
 Durham, NC
 May 24",41,Male,US,Transit Operations Supervisor,event,,,,,,
1743,,,PhucVQ,,,,2026.03.12,2026.03.16,,,Elena Mendez,"Book club at Harbor Lights Cafe, 92 Seaport Ave, Boston.
 Thursday June 11 at 7:00 pm.
 Topic is The Great Believers, finish last 4 chapters before going.
 Bring the library copy back into the house tonight so I dont forget it in the car again.
 Text Priya around 5 to see if she still wants a ride.
 Order food before the discussion starts bc kitchen gets slow after 7:30.
 Ask about the side room in the back, its quieter.
 Bring cash for my share just in case their card thing acts up.
 Jot down that question about Nora's choices in chapter 12.
 Dont wear the new heels, cobblestones there are awful.
 Maybe leave work 20 min early if traffic on I-93 is gross.
 Save seat near outlet bc phone was dying last month.
 Harbor Lights has parking validation only if you ask.
 Book club night, Boston, June 11, 7 pm.
 Remember umbrella if its drizzling.
 No skipping this time, already bailed once.",34,Female,US,UX Researcher,event,,,,,,
1744,,,PhucVQ,,,,2026.03.12,2026.03.16,,,Trevor Holloway,"* Fantasy baseball draft :)
 * Friday March 27, 8:00 pm sharp
 * Eli's apartment clubhouse, 6400 Ashford Center Pkwy, Atlanta
 * league name is Basement Heroes even tho nobody lives in a basement lol
 - bring laptop AND charger, last yr the tablet app froze
 - print cheat sheet for closers + sleepers
 - venmo buy-in before I forget, 50 bucks
 1. leave Roswell by 6:55 bc Friday traffic is evil
 2. pick up wings from Southern Crave at 7:20
 3. grab sparkling water too bc Eli never has enough drinks
 • ask if Connor is joining remote or in person
 • save a note for draft order once it posts
 • no auto-draft, no excuses
 + backup hotspot maybe smart if Wi-Fi acts dumb
 + text league group when parked downstairs
 * address again: Atlanta, clubhouse building B
 * March 27, 8 pm, dont be late :))
 * title for calendar: 2026 fantasy draft night",26,Male,US,Auto Claims Adjuster,event,,,,,,
1745,,,PhucVQ,,,,2026.03.12,2026.03.16,,,Sydney Barrett,"Cousin Ava grad weekend
 Templeton Hall, University of Vermont, Burlington
 Sat May 16
 
 Commencement starts 9 am on the green, family photos after if weather isnt gross
 Need coffee before we walk over bc Mom gets crabby w no caffeine
 
 - pick up white flowers Friday night
 - tape gift card inside congrats card
 - save room in trunk for Nana's folding walker
 
 1. hotel checkout isn't till noon so leave bags there first
 2. be at Templeton Hall by 8:15 for decent seats
 3. lunch reservation maybe 1:30 at Hen of the Wood if they confirm
 
 Ava said her dept reception is later too, 4:00 pm, same campus but in Waterman building
 wear the navy dress, not the black one, too funeral-ish
 call Uncle Pete if parking lot fills up ☀️
 Burlington weekend for Ava's graduation -- May 16, starts 9 am, reception at 4",31,Female,US,Dental Hygienist,event,,,,,,
1746,,,PhucVQ,,,,2026.03.12,2026.03.16,,,Hannah Pierce,"Community yard sale Sat Apr 18, 9am-1pm at Maplewood Park, 2147 Birch St, Columbus.
 Need to get there by 8:15 so I can grab a decent table spot near the rec center side.
 bring folding chair, cash box, blue tape, extension cord if the lamp actually works.
 ask Mia to meet me there around 8:40 with the baby clothes bins.
 still need price stickers for books + kitchen stuff, mine ran out last time.
 table fee was already paid online I think, but double check email from parks dept.
 weather said maybe light rain so throw in old towels and the plastic sheet.
 coffee first from Bean Cart on Oak, dont show up half asleep again.
 sell the white mirror for at least $15, no going lower just bc ppl haggle lol.
 put vintage bowls in separate box so they dont chip in the car.
 parking lot entrance is off Birch, not the side by the tennis courts.
 text mom Friday night to remind her I'm borrowing the card table.
 afterward maybe donate leftovers to Goodwill on Morse if too tired to re-list stuff.
 phone for organizer was in the flyer somewhere, maybe save it this time.
 main thing: dont forget the cash envelope sitting by the toaster rn.",34,Female,US,Elementary School Teacher,event,,,,,,
1747,,,PhucVQ,,,,2026.03.12,2026.03.16,,,Marcus Holloway,"Friday night jazz in the park :))
 Riverside Green, 88 Waterline Ave, Richmond
 June 12, starts 7:30 pm but gates open 6
 
 bring camp chair + that thin blanket bc grass gets damp fast
 ask Tori if she's still driving, if not take Lyft and split w/ Ben
 food trucks were listed on the city page, prob tacos + lemonade again
 
 need to leave work by 5:45 or traffic on Cary will be awful
 maybe wear the blue jacket, nights by the river get weirdly chilly
 don't forget cash for tipping the sax guy if he does requests
 
 meetup spot if we get separated = left side of the stage near the big oak tree
 Ben's number still ends in 4421, text him when parking
 take a phone charger bc last time battery died before the encore
 
 if it rains they move it to Dominion Hall, 401 E Grace St
 look up if outside drinks are allowed before stuffing cans in the tote",29,Male,US,Auto Claims Adjuster,event,,,,,,
1748,,,PhucVQ,,,,2026.03.12,2026.03.16,,,Priya Sethi,"Bridesmaid dress fitting for Nina at Lark Bridal Studio, 511 W 23rd St, New York, on Wednesday July 8 at 6:15 pm.
 The train uptown after work will probly be packed so leave office by 5:05.
 Bring nude heels to check the hem right this time.
 Also bring the shapewear thing bc the last fitting looked off without it.
 Nina's cousin may join too, but not sure yet.
 Text the studio if running late, their front desk number is +1 212-555-0186.
 Need to ask about taking in the waist just a tiny bit, not too much.
 Save receipt in wallet, don't toss it like an idiot.
 Parking is impossible there so absolutely do not drive.
 After the fitting maybe grab dumplings at Han Lantern on 9th if there's time.
 Remember wedding is in August so this is prob the final adjustment.
 Bring small lint roller bc that satin fabric shows everything.
 Double check if Nina wanted gold shoes only or if silver is still ok.
 Put studio address in maps before leaving home.
 Charge phone during the day.
 No coffee spill disasters pls.
 Take a quick pic in the mirror and send it to Mom after.",31,Female,US,Product Designer,event,,,,,,
1749,,,PhucVQ,,,,2026.03.12,2026.03.16,,,Derek Molina,"1. Fantasy baseball draft night — Tue March 24, 8:00 pm.
 2. Jake's place, 1730 N Sawyer Ave, Chicago.
 3. Show up by 7:30 bc once they start talking trades it gets chaotic fast.
 4. bring laptop.
 5. charger too, obviously.
 6. print cheat sheet if office printer isn't acting dumb again.
 7. pick up wings from Harbor Fry on the way, medium sauce not the super hot one.
 8. league buy-in is $40 cash, no Venmo this year.
 9. text Jake around 6 to see if he still needs ice.
 10. maybe park on Wellington instead of Sawyer, less annoying.
 11. dont draft three injured guys like last season :(
 12. if Mason starts his sleeper-pick speech, ignore him lol.
 13. Wi-Fi password was something weird w/ a bear?? ask when I get there.
 14. bring the tiny notebook bc ranking updates on my phone are a mess.
 15. maybe wear hoodie, Jake keeps the AC freezing.
 16. set reminder for 5:50 to leave apartment.",42,Male,US,Warehouse Supervisor,event,,,,,,
1750,,,PhucVQ,,,,2026.03.12,2026.03.16,,,Elise Monroe,"pottery workshop - beginner wheel class
 Blue Cedar Arts Center, 19 Harbor Rd, Portland
 Sun Sept 13
 class is 2:00-4:30 pm
 
 need old clothes, not the nice black tee
 also short nails!! forgot that last time and it was annoying
 
 - registration under Elise M., check if they need ID at front desk
 - parking behind the building or overflow lot on Pine
 - call +1 503-555-0142 if running late
 
 I kinda wanna get there early and watch a few mins before jumping in. first class so prob gonna make a crooked bowl and that's fine. mostly just want a chill sunday thing that isnt work/work/work.
 
 1) leave apt by 1:20
 2) grab iced tea from Corner Cup
 3) maybe invite Jo next month if this one's fun
 
 studio note said clay included but apron not included
 email said finished pieces ready for pickup in about 2 weeks, maybe Sept 27-ish
 
 remember locker code if they assign one
 sketch mug idea? simple cream glaze, little blue line near rim
 * after class check farmers market by the waterfront if still open
 last thing: bring ring dish so I don't lose my rings in the clay mess",27,Female,US,Paralegal,event,,,,,,
1751,,,PhucVQ,,,,2026.03.12,2026.03.16,,,Melissa Hart,"Sat community yard sale at Oakview Church, 884 Pine St, Columbus
 need be there early like 6:45 am bc setup starts 7:15
 bring folding table from garage + blue cash box
 coffee stop first if possible, the one on High St opens at 6
 sign says ""baby clothes $2 / books 50c"" - print fri night
 text Jen if she still wants half the table space
 parking lot entrance is on Maple, not Pine, always forget that
 weather looked warm-ish last time I checked, maybe hoodie then tshirt
 don't leave mason jars at home again lol
 take venmo sign, ppl kept asking last year
 after sale maybe swing by mom's around 1ish if not too dead
 church office number in case gate is locked: +1 614-555-2831
 also pack quarters and small bills, seriously
 if leftovers still decent, donate at Goodwill on Morse Rd before 4
 note to self: no buying other peoples junk this time",34,Female,US,barista,event,,,,,,
1752,,,PhucVQ,,,,2026.03.12,2026.03.16,,,Aaron Delgado,"Client dinner thing for Horizon account
 Thursday May 21, 2026
 7:00 pm at Cinder House, 999 N 2nd St, St. Louis
 
 Need to leave office by 6:10 bc traffic downtown gets dumb
 bring navy blazer, not the gray one w the loose button
 reservation should be under Aaron D. or maybe Priya made it under company name
 call restaurant around 3 if I dont get confirmation email
 host phone: +1 314-555-6672
 
 People coming:
 me
 Priya
 Mark from Horizon
 possibly Dana too if her flight lands on time :))
 
 Goal is mostly relationship stuff, not hard sell
 remember ask about their warehouse launch in June
 send follow-up notes fri morning before 10
 park in garage on Carr St, valet was weird last time",41,Male,US,Auto Claims Adjuster,event,,,,,,
1753,,,PhucVQ,,,,2026.03.12,2026.03.16,,,Tanya Brooks,"dentist cleaning - Dr. Lila Chen
 Mon June 8, 2026
 8:30 am
 Riverbend Dental
 2450 Westlake Ave N, Seattle
 leave apt by 7:50 bc bridge traffic ugh
 insurance card in wallet? check sunday night
 bring old retainer to ask if still usable
 dont drink coffee before, teeth look nasty in bright light
 resched window ends 24 hrs before appt
 front desk: +1 206-555-4108
 garage parking entrance off 9th
 maybe grab banana after bc always hungry after these appts
 ask abt whitening quote but dont commit yet
 set reminder night before
 also floss for real this week not just once",29,Female,US,Auto mechanic,event,,,,,,
1754,,,PhucVQ,,,,2026.03.12,2026.03.16,,,Kevin Mercer,"City Jazz Fest reminder
 - Fri July 17, 2026, gates open 5:30 pm
 - Harbor Park Amphitheater, 78 Seaside Blvd, Baltimore
 * bring lawn chair + cheap poncho just in case
 * meet Devon by the fountain near Gate B around 6:15
 • tickets should be in my email from last month, search ""Blue Harbor Events""
 • backup contact if app acts up: +1 410-555-1924
 1. leave work no later than 4:45
 2. pick up aunt May from her place at 5:05
 3. stop for gas on Boston St
 - dont forget cash for food trucks, card line was insane last yr
 * main set I wanna catch is 8:00, The Alder Street Trio
 • maybe stay for fireworks after if parking lot not a nightmare
 - wear the black sneakers, grass gets muddy :( 
 1. text Devon once parked
 2. bring phone charger",38,Male,US,Auto Claims Adjuster,event,,,,,,
1755,,,PhucVQ,,,,2026.03.12,2026.03.16,,,Simone Whitaker,"Brunch for Nia's bday
 Sunday Aug 9, 2026
 Little Maple Cafe, 1427 8th Ave, Nashville
 11:00 am res, but get there 10:40 bc they seat fast
 
 Things to sort:
 1. pick up flowers sat evening from Bloom Theory on Gallatin
 2. call cafe if count changes again, maybe 7 or 8 ppl now
 3. ask for outside table if it's not crazy hot
 
 Nia said ""nothing big"" but also mentioned mimosas twice so... noted
 bring gift bag from closet top shelf
 her cousin Rae might come late from Clarksville
 
 - parking behind building
 - host stand number: +1 615-555-7316
 - maybe order that lemon ricotta french toast everybody posts abt
 
 after brunch maybe walk over to Shelby Park if weather's nice ☀️
 text group sat night w final time
 dont be late this time, seriously
 and charge phone bc pics!!!",27,Female,US,Auto Claims Adjuster,event,,,,,,
1756,,,PhucVQ,,,,2026.03.12,2026.03.16,,,Melissa Grant,"Austin book fair tmrw at Central Library downtown, 710 W Cesar Chavez St, Sat Apr 18. Need to leave by 8:15 so I can park before it gets nuts. Bring the box w/ old paperbacks for swap table. Also badge pickup starts 9am near the south entrance. Text Nina if line is crazy, she said she might save me a spot. Dont forget cash for local authors booth + maybe the tote bag. Panel on banned books at 10:30, wanna catch that first. Lunch maybe from the taco truck outside around noon. Parking garage on Lavaca was cheaper last yr, check there first. If rain, use side door by cafe. Need charger, water bottle, blue pen, and that list of titles for the kids. Event ends 4ish but signing w/ R. Moreno is 3:20. Maybe swing by BookPeople after if energy left. Note to self: stop buying random stickers unless theyre actually cute.",31,Female,US,Elementary School Teacher,event,,,,,,
1757,,,PhucVQ,,,,2026.03.12,2026.03.16,,,Darren Cole,"Cousin Maya engagement dinner
 Friday June 12
 6:30 pm, dont be late again
 
 Harbor House
 2147 E Bay St, Charleston
 table booked under Aunt Denise
 
 Need to wear the navy shirt, not the wrinkled black one
 pick up card on lunch break
 bring the little gift bag from closet shelf
 
 Maya said pics start around 7:15
 parking lot behind the restaurnt gets full fast
 backup garage on Cumberland Ave
 
 Call Mom by 5 bc she’ll ask where I am lol :))
 and remember to charge phone for family photos",42,Male,US,Auto Claims Adjuster,event,,,,,,
1758,,,PhucVQ,,,,2026.03.12,2026.03.16,,,Priya Nair,"1. Team offsite - Q3 planning
 2. Mon Sept 14, 9:00 AM to 3:30 PM
 3. The Foundry, 45 Pearl St, Brooklyn, NY
 4. bring laptop + HDMI dongle
 5. coffee w/ Sam at 8:20 downstairs if train behaves
 6. session order probly intro, roadmap, lunch, breakouts, wrap-up
 7. I’m leading the customer churn slide, tighten talking points
 8. ask Jen abt headcount numbers before noon
 9. lunch preference already sent? check that.
 10. after 2 pm = vendor demo in Room C
 11. save receipt for cab home if it runs late
 12. maybe wear sneakers, whole day on my feet
 13. emergency contact for venue desk: +1 718-555-2834
 14. dont forget name badge from desk drawer
 15. send follow-up notes same evening or I def wont do it",29,Female,US,Product Manager,event,,,,,,
1759,,,PhucVQ,,,,2026.03.12,2026.03.16,,,Ronald Pierce,"* Dad's retirement cookout :)
 * Sunday Aug 9
 * starts 2 pm, ppl prob show up 1:30 tho
 * Kiwanis Park picnic shelter #3, 801 W Oak Ave, Visalia
 - bring folding chairs from garage
 - pick up ice + buns around 11:45
 - call Uncle Ray if grill tools arent in the tote
 • softball game for the kids maybe after food
 • ask Lisa to bring the framed photo from office
 -> cake pickup at Sweet Crumb, 12:30 sharp
 -> dont smush it in trunk again
 + weather looked hot, maybe 96? extra water jugs
 + speaker + old playlist for Dad, mostly 70s stuff
 * toast around 3:15, keep it short pls
 * if park lot is full, side street by tennis courts",57,Male,US,Building Inspector,event,,,,,,
1760,,,PhucVQ,,,,2026.03.12,2026.03.16,,,Tiana Brooks,"Wed Nov 4
 Open mic signup night
 Blue Lantern Cafe, 58 Monroe Ave, Rochester
 doors 7 pm
 
 I wanna get there by 6:20 bc the list fills up stupid fast :((
 bring the green notebook
 and maybe the less depressing poem lol
 
 Things to do:
 1) charge phone + tiny clip light
 2) print one clean copy just in case
 3) cash for tea + tip jar
 
 last time parking on the actual block was impossible
 better try the lot behind the pharmacy
 or street by Union if not raining
 
 Ask Jay if he still wants to read second
 his train gets in around 5:50 I think
 
 note: dont speed through the ending, pause after line 3
 and breathe for once",24,Female,US,Barista,event,,,,,,
1761,,,PhucVQ,,,,2026.03.12,2026.03.16,,,Olivia Mercer,"Harper baby shower at the Lakeside Community Hall, 2418 Monroe St, Madison WI.
 sat Apr 18, 2:00 pm - prob get there by 1:35 bc parking always dumb.
 bring the blue gift bag + tape the card shut this time.
 Jenny said front door is on the water side, not the lot side.
 wear the green dress if weather stays decent, cardigan in car just in case.
 need to text Mia abt riding together from the east side.
 cake table is nut-free, so dont bring the pecan bars.
 pickup flowers from Bloom Room on Atwood around 11:30.
 Host is Erin Kline, not ""Erica"" lol dont write wrong name again.
 baby registry mostly at Target, but I already got the stroller fan + books.
 remember phone charger, last shower I took too many pics and died by 4.
 maybe stop for gas before heading over.
 if late, just slip in near the back and dont make it a whole thing.
 after party maybe at Erin's sister's place on Shorecrest if ppl still hanging out.
 save receipt for gift in case they do thank-you tracking stuff.
 note to self: leave house no later than 12:50, seriously.",29,Female,US,Elementary School Teacher,event,,,,,,
1762,,,PhucVQ,,,,2026.03.12,2026.03.16,,,Marcus Bell,"Midtown Jazz Night - Fri May 8
 Blue Lantern, 904 W 47th St, Kansas City MO
 doors 7:00, show starts 7:45, dont mix that up
 Call time for me 6:20 bc I'm helping Jamal unload the keyboard
 
 Need black button-down, no sneakers this time
 grab cash for parking lot guy behind the club, card machine there is always busted
 text Lila once I'm there so she can find the side entrance
 
 set list prob ends around 10:15 then late food at Town Topic maybe :))
 remember earplugs bc last set was LOUD
 ask bartender if they still do ginger ale w lime for free refills
 
 Jamal's new number +1 816-555-2741
 send him the clip from rehearsal before noon
 if rain gets bad, take Broadway instead of the highway
 
 dont forget small tip envelope for the drummer
 and for real, leave work on time friday.",41,Male,US,Auto Claims Adjuster,event,,,,,,
1763,,,PhucVQ,,,,2026.03.12,2026.03.16,,,Tessa Holloway,"Summer landlord meeting for Cedar Ridge tenants
 Tue June 9 at 6:30 pm.
 Leasing office clubhouse, 77 Fairmont Ave, Columbus OH.
 I should get there 10 mins early bc I wanna ask abt the broken package lockers.
 Bring copies of the water bill spikes from March and April.
 Also print pics of the mold-looking stain by the bedroom vent, even if they act weird abt it.
 Nina from 3B said she'll come too.
 Need to mention the pool gate still doesnt latch right.
 Questions to ask: lease renewal rate, guest parking passes, and when the hallway carpets get cleaned.
 Try not to sound mad right away.
 Take notebook, not just phone, bc I miss stuff when ppl talk fast.
 Maybe park near building C since the main lot fills up.
 If meeting runs late, cancel 7:45 grocery pickup.
 email from management came from kschultz@cedarridge-living.com
  so search that if I lose the flyer.
 wear the decent sandals, not the busted ones.
 afterward maybe debrief w Nina outside for 5 mins so I dont forget anything important.
 seriously bring a pen.",34,Female,US,Dental Hygienist,event,,,,,,
1764,,,PhucVQ,,,,2026.03.12,2026.03.16,,,Daniel Ruiz,"* Theo's soccer banquet
 * Sun July 12, 5:30 pm
 * El Serrano Grill, 1188 Northfield Rd, Denver CO
 * coach said families welcome, semi-casual not fancy
 - RSVP to team mom by Thursday night
 - her email: marcybennett23@outlook.com
 
 - ask if siblings count for headcount
 • bring check for team gift, maybe $25
 • Theo wants to wear the navy polo, let him
 • pick up cupcakes from Sam's around 3
 + leave extra 15 min for I-25 traffic :(
 + don't forget camera battery from desk drawer
 # seat Grandma near the aisle bc her knee
 # parking behind restaurant, entrance off Olive St
 ok main thing: clap, smile, dont do ""dad speech"" unless asked lol",38,Male,US,HVAC Technician,event,,,,,,
1765,,,PhucVQ,,,,2026.03.12,2026.03.16,,,Priya Sethi,"1) Event: Nia & Rob courthouse wedding + dinner after
 2) Friday Sept 4, ceremony 11:00 am at King County Courthouse, 516 3rd Ave, Seattle
 3) dinner later 6:30 at Marigold Room, 1421 Pine St
 
 Need the tiny envelope w cash gift tucked in cream purse.
 don't wear white-ish blazer, obvious bad idea.
 Call mom by 8 so she stops asking for the address again.
 
 - maybe order rides both ways bc downtown parking sounds awful
 - first pickup from my apt around 10:05
 - second one after dinner maybe 8:45 or whenever speeches are done
 
 Rob's sister Kay might need help pinning the boutonniere.
 Bring safety pins + tissues + the mini makeup pouch.
 Flowers are ""soft colors only"" per Nia's text, so no bright red bouquet.
 
 Quick list:
 • nude heels
 • charger
 • gift envelope
 • phone on silent before courthouse
 
 remember they asked for candid pics, not a million posed ones lol
 if everything runs smooth, coffee w Jess in Capitol Hill after? maybe.",27,Female,US,Product Designer,event,,,,,,
1766,,,PhucVQ,,,,2026.03.12,2026.03.16,,,Marissa Nolan,"Harbor Cleanup volunteer day — Sat Apr 18, 9:00am to around 1ish, meet at Lake Eola Park, Orlando
 Need sunscreen + old sneakers, last time my feet got wrecked
 parking garage on E Washington St might be easiest
 bring extra trash bags maybe they run out again
 text Jenna before leaving so we dont show up at diff spots
 her cousin is coming too, maybe carpool if my car still makes that weird noise
 coffee first at Foxtail on Orange Ave if I get there early
 check weather friday night
 rain backup? community center by the boathouse I think
 also ask if they still do the free lunch after cleanup
 wear blue shirt from last yr if I can find it
 phone charger in bag
 dont forget to sign waiver online
 note to self: no white shorts, obvious reason
 if done by 1, swing by Publix after",29,Female,US,Auto Claims Adjuster,event,,,,,,
1767,,,PhucVQ,,,,2026.03.12,2026.03.16,,,Trevor Pike,"Austin startup mixer next Thurs, May 14. At least I think doors open 6:30 pm, panel maybe 7? Need to double check the email. It’s at Capital Factory, 701 Brazos St, Austin, 78701, not the other downtown spot. Going bc maybe good leads for freelance app work and also Sam said the product people there are actually normal. Wear decent shoes, not the beat up ones. Parking prob expensive so maybe rideshare. If I drive, leave by 5:40 from North Loop. Remember to bring the small notebook, business cards from the desk drawer, and ask Dana whether she still knows that recruiter from last fall. Could try to grab tacos after at Veracruz if the thing ends before 9:30. Also dont blank on intro: “Trevor, mobile dev, mostly iOS but some backend too.” Sounds corny but better than rambling.",34,Male,US,Auto Claims Adjuster,event,,,,,,
1768,,,PhucVQ,,,,2026.03.12,2026.03.16,,,Alyssa Bennett,"1) PTO parent info night
 2) Roosevelt Middle School library, 1450 Grant Ave, Columbus
 3) Tues Sept 9
 4) get there by 5:45 pm, starts 6 sharp
 5) bring the fundraiser draft + sign-up sheet
 6) ask about bake sale table spacing
 7) maybe mention gym use for winter carnival?
 8) call front office earlier in the day if running late +1 614-555-0187
 9) Ms. Porter said west entrance stays unlocked till 6:10 only
 10) print 20 copies at work on lunch break
 11) wear the green cardigan bc classrooms get freezing
 12) dont forget Eli's science fee envelope
 13) if meeting goes okay, stop by Giant Eagle after
 14) kinda nervous but it'll be fine
 15) no rambling abt the mural project unless asked
 16) check if Marcus can do pickup that night",41,Female,US,Auto Claims Adjuster,event,,,,,,
1769,,,PhucVQ,,,,2026.03.12,2026.03.16,,,Raymond Cruz,"- Jazz on the River fest
 - Riverfront Plaza, 100 Levee Rd, Chattanooga
 - Fri June 21 / gates 5:30 pm / show starts 7:00
 - take folding chair if allowed
 * maybe not the huge one, too annoying to carry
 * pack light jacket bc it gets windy near the water
 • meet Andre near the food trucks, left side by the taco stand
 • he said he might be 15 min late lol
 → buy tickets before Wed night so theyre cheaper
 → save parking map screenshot
 + leave work by 4:15 or no chance of beating traffic
 + refill gas on lunch break
 # remember earplugs just in case
 # bring cash for merch, some vendors card machine always acts up
 - if it rains, check the Tivoli indoor move, not sure tho :)
 - text Mom after so she knows I got home",38,Male,US,Auto Mechanic,event,,,,,,
1770,,,PhucVQ,,,,2026.03.12,2026.03.16,,,Denise Holloway,"Cousin brunch / baby shower combo
 for Keisha
 Sunday Aug 23
 11:30am at Magnolia Room, 82 King Street, Charleston
 
 Need gift bag, card, and that little swaddle set from Target
 dont leave it on kitchen chair again omg
 maybe wear navy dress if it still fits, backup = beige jumpsuit
 
 People coming from Savannah too, so maybe traffic bad on I-26
 leave by 9:45 to be safe
 GPS the venue ahead bc downtown streets confuse me every time
 
 Things to ask:
 1. did they finalize the nursery colors
 2. who is handling pics
 3. when exactly is her next appt so I can mail the soup later
 
 also there’s a brunch menu thing
 - fruit tray
 - shrimp + grits
 - mini waffles
 hope they have coffee early bc wow
 
 send Zelle to Tasha by Friday for decorations, I still owe $25 :)",32,Female,US,Auto Body Technician,event,,,,,,
1771,,,PhucVQ,,,,2026.03.12,2026.03.16,,,Alyssa Moreno,"Saturday block party note for me —
 Jun 22, 2026, start around 4:30 pm
 Roosevelt Ave between 74th and 76th, Jackson Heights, Queens
 bring folding chair bc last yr my back was dead lol
 text Nina before leaving so we dont show up sep
 there's supposed to be live salsa first, then the raffle later
 remember cash for the taco stand, they never like cards
 parking prob awful so just take the 7 train to 74 St
 wear the blue linen shirt not the white one
 need to ask Mrs. Vega abt the dessert table sign-up
 title on flyer says Summer on Roosevelt Street Fair
 kids games start 5-ish but band closer to 7
 if it rains they move some stuff near PS 69 yard
 grab sunscreen from hall closet
 maybe leave by 4 so not rushing again
 dont forget keys this time seriously
 also pick up ice from C-Town on the corner
 ok that's enough, just be on time for once",31,Female,US,Elementary School Teacher,event,,,,,,
1772,,,PhucVQ,,,,2026.03.12,2026.03.16,,,Darren Pike,"Brewers Meetup / tasting night :))
 Thursday Aug 13 at 6:15 pm
 Harbor Taproom, 118 River St, Milwaukee
 call Matt if running late bc he said he'd save a seat near the back
 bring the little notebook for beer recs
 
 ask abt parking behind the old warehouse entrance
 the event page said check-in starts 5:45 not 6, so get there early-ish
 I wanna try the smoked porter flight first
 maybe no big dinner before, just a snack
 
 also this is where Jenna's cousin is playing acoustic set after 8
 dont be awkward, just say hi and stay normal
 title on the ticket says Lakeshore Brewers Social
 wear dark jeans, not work boots
 address again: Harbor Taproom, 118 River St
 if weather gets weird, they move everyone inside upstairs
 
 Friday morning meeting means no staying out forever
 leave by 9:30 max
 set reminder at 5:05 to head out
 bring charger
 and the birthday card for Matt bc I WILL forget otherwise",42,Male,US,Diesel Mechanic,event,,,,,,
1773,,,PhucVQ,,,,2026.03.12,2026.03.16,,,Priya Ellison,"Mom's retirement brunch
 Sunday September 20
 11:00 am sharp, maybe arrive 10:30
 Magnolia Room at The Garden Terrace
 455 Willow Creek Rd, Naperville, IL
 need printed card from all the cousins.
 Call Leah tonight about the flower pickup.
 Do not wear sneakers this time.
 Bring the framed school photo mom likes.
 The host said parking is behind the east entrance.
 Ask for the Rivera reservation if front desk looks confused.
 Maybe grab coffee first from the place across the street.
 There will prob be speeches around noon.
 Save a seat for Aunt Denise near the aisle.
 Title for the evite was Cheers to Carol.
 Need tissues in purse, just saying.
 Take pics before everyone starts eating.
 Double check if Grandpa needs the ramp entrance.
 Leave home by 9:50 bc Sunday traffic gets dumb.
 Text family group when I'm there.",28,Female,US,UX Designer,event,,,,,,
1774,,,ThanhDQ,accepted,,,2026.03.12,2026.03.13,9,,Malcolm Reed,"• Fantasy & Sci-Fi Expo 2026
 • Oregon Convention Center, 777 NE Martin Luther King Jr Blvd, Portland
 • Sat July 18, doors 9:00 am, panel I want at 10:30
 • buy ticket QR screenshot ahead of time
 • bring poster tube for art prints
 - last yr line for badges wrapped forever, so aim to park by 8:15
 - garage on Holladay might be cheaper than the main one
 - wear lighter hoodie, convention halls get hot fast
 * must stop by booth C14 for indie comic guy from Seattle
 * signing w/ Mara Voss at 1:00 pm maybe, check final sched
 * lunch?? prob food trucks outside if weather isnt gross
 + title of meetup side event: Cosplay Swap & Coffee
 + that's at 4:45 pm in Room B117
 + maybe ask Devin if he's still bringing the extra badge sleeve
 * dont forget portable charger and cash
 * and deodorant omg, learned my lesson
 - train back leaves 7:40 from Union Station if I dont stay for the costume finals
 - if I do stay, next train is 9:05
 • text sis when heading home so she doesnt worry
 • no more buying random dice sets unless they're actually cool
 • maybe one enamel pin ok fine",36,Male,US,High School Counselor,event,,,,,,
1775,,,ThanhDQ,accepted,,,2026.03.12,2026.03.13,9,,Elena Whitaker,"1) Event title: Community garden volunteer day
 2) Sat April 11, 2026
 3) 8:30 am check-in at Maple Street Garden, 214 Maple St, Columbus
 Need gloves + old sneakers.
 Was told parking by the library lot, not the church one.
 
 Maybe bring muffins if I wake up early enough :(
 Jose said the fence repair starts first.
 Then planting beds after 10.
 
 - ask if they still need extra tomato stakes
 - water bottle, hat, sunscreen
 - send the signup link to Becca
 
 don't forget this is the spring kickoff thing from the neighborhood board
 also maybe stop at Lowe's after for potting mix
 if raining, backup meet spot is the rec center on Ash Ave
 done, hopefully less chaotic than last time",39,Female,US,Paralegal,event,,,,,,
1776,,,ThanhDQ,accepted,,,2026.03.12,2026.03.13,0,,Marissa Doyle,"Sat - Lena's rooftop birthday thing at SkyGlass Lofts, 418 W 25th St, Chelsea, NYC. need to leave bklyn by 6:10 bc tunnel traffic is always dumb. dress code = ""silver or black"" lol and I still havent picked shoes. bring the little gift bag + candle set, dont forget card this time. text Nina when on the train, she said use side entrance on 24th. party starts 7ish, cake around 8:30, prob stay til 11 unless work call ruins my life. also save parking garage addr just in case: Icon Parking, 450 W 24th. weather looked windy on Fri night so maybe bring light jacket even tho outfit may hate it. pick up seltzer + limes before going. if late, just go straight to roof, not lobby. note to self: no giant purse. Sunday me will be tired.",29,Female,US,Marketing Coordinator,event,,,,,,
1777,,,ThanhDQ,accepted,,,2026.03.12,2026.03.13,14,,Daniel Harper,"Austin work offsite next week
 main meetup is Monday Apr 20 at 9:00 AM, The Finch Conference Center, 802 San Jacinto Blvd, Austin
 
 Need badge pickup Sunday night if flight lands on time.
 hotel is Hilton Garden Inn Downtown, 500 N IH-35, check in after 4.
 team dinner booked at Lamberts, 401 W 2nd St, 7:15 PM.
 
 Tue Apr 21 product review starts 8:30 sharp in Cedar Room, same venue.
 bring charger, demo phone, printed roadmap pages for Jen + Omar.
 ask front desk abt late checkout bc return flight is not til 6:40 PM.
 
 Airport ride back: Alto pickup around 4:15 from hotel entrance.
 if I miss that, backup is CapMetro to airport but kinda dont wanna risk it.
 coffee with Luis maybe Wed 7:30 AM at Jo's on Congress if he confirms.
 
 Email for venue guy was marcelo.rivas@finchmeetings.com
  in case projector acts weird again.
 remember to expense dinner only if receipt shows itemized total.
 dont wear the stiff brown shoes, they killed my feet last yr.",41,Male,US,Product Manager,event,,,,,,
1778,,,ThanhDQ,accepted,,,2026.03.12,2026.03.13,5,,Aisha Bennett,"Bridal shower for Tiff
 Sunday May 17.
 11:30 AM start, get there by 11:00 if helping set up.
 Location: her auntie's house, 1184 Ridgeway Dr, Charlotte.
 Theme is garden brunch.
 Bring the lemon bars.
 Also bring the recipe card holder gift.
 Call mom Sat night to double check parking situation.
 There might be a table outside.
 If it rains, everything moves into the sunroom.
 Wear the green dress or maybe the blue one.
 No jeans, obviously.
 Take pics of the balloon arch before people mess it up :)).
 Tiff's cousin Rae said games start around 12:15.
 Need cash for group gift add-on, maybe $20 extra.
 Leave home no later than 10:20 bc traffic on I-77 gets ugly.
 Text Rae when I'm 10 min away.
 Do not forget the card this time, seriously.
 Afterward maybe stop by Trader Joe's on Providence.",33,Female,US,Elementary School Teacher,event,,,,,,
1779,,,ThanhDQ,accepted,,,2026.03.12,2026.03.13,21,,Victor Salazar,"• Jazz in the Park w/ Maya and Ben
 • Fri June 12, Riverside Green, 200 Water St, Milwaukee
 • gates at 5:30 PM, music starts 6:45
 • bring folding chair bc last yr grass was damp
 • parking lot B looked closest on the map, enter from Jackson
 • food trucks should be there, but eat a snack first anyway
 • Maya wants to meet by the fountain at 6:10
 • text her if running late: +1 414 555 2873
 • maybe pack bug spray, those mosquitoes were brutal :( 
 • backup weather plan = coffee at Canary Room, 212 N Broadway
 • dont forget small cash for tip jar
 • charge speaker? no wait, not needed, this isnt the beach lol
 • wear navy hoodie if temp drops after sunset
 • train home leaves 10:18 from Intermodal if we skip encore
 • save screenshot of tickets tonight
 • Saturday morning soccer, so dont stay out too crazy",38,Male,US,Auto Claims Adjuster,event,,,,,,
1780,,,ThanhDQ,accepted,,,2026.03.12,2026.03.13,9,,Elena Brooks,"1) Cousin Nate graduation weekend
 2) ceremony is Sat May 23, 2:00 PM, Koger Center, 1051 Greene St, Columbia SC
 3) leave Raleigh early, like 8 maybe 8:15 latest
 4) Hampton Inn on Gervais for Fri night
 
 - dinner with fam Friday 7:00 PM at Motor Supply Co Bistro, 920 Gervais St
 - call Aunt Denise if traffic gets bad, her cell ends in 4419
 - need a nicer card, the plain one looks cheap
 
 Remember:
 pick up blue shirt from cleaners Thurs
 wrap cash gift in congrats card
 charge phone + watch
 bring ibuprofen and phone charger
 
 * Sunday brunch maybe at Cafe Strudel, 300 State St, around 10:30
 * Nate said he also wants quick pics by the horseshoe after ceremony
 * parking garage near Lincoln St entrance might fill up, so screenshot backup lot
 
 tiny checklist for car:
 gas up Friday night
 water bottle
 sunglasses
 good shoes, not the squeaky ones
 
 last thing - send PTO reminder to Carla before I head out so nobody pings me all wknd",27,Female,US,Payroll Specialist,event,,,,,,
1781,,,ThanhDQ,accepted,,,2026.03.12,2026.03.13,0,,Marissa Doyle,"Harbor Arts Fundraiser at the old ferry building in Seattle, 211 Alaskan Way Pier 56, Fri Apr 18, doors 6:15 pm and auction starts 7 sharp, wear the navy dress not black bc last year everyone wore black and pics looked blah, parking garage on Columbia St was cheaper after 5, need cash for valet tip just in case, bring donation envelope for the youth mural program, text Nina when I leave work so she can save seats near the stage, if running late use side entrance by the water, dont forget silent auction sheet for the ceramic bowl, maybe grab coffee first bc gala food is always tiny lol, phone charged before heading out, reminder to ask about volunteer signup for summer classes, check weather that afternoon, Seattle wind by the pier gets annoying, keep ticket screenshot easy to find, event note to self: be there before welcome speech or it'll be awk",34,Female,US,High school art teacher,event,,,,,,
1782,,,ThanhDQ,accepted,,,2026.03.12,2026.03.13,13,,Derek Holloway,"Saturday pickup basketball fundraiser for Coach Manny
 Westbrook Rec Center, 94 Lenox Ave, Columbus OH
 Sun May 4
 be there 8:10 am even tho games start 9
 
 Need:
 gray tee, knee brace, blue water bottle
 cash for raffle tickets + snack table
 old team photo for the memory board maybe?
 
 Manny's wife said a few old players are coming in from Dayton so stick around after the first game and say hi. I should prob text Evan Friday night to carpool. Dont bail this time.
 
 Also check if the back lot is open bc street parking over there is the worst.
 If late, use side door by the outdoor courts.
 maybe bring light hoodie, that gym gets cold somehow
 Title for calendar: Coach Manny Benefit Run + Games
 end around 1:30ish unless overtime stuff drags",41,Male,US,Auto claims adjuster,event,,,,,,
1783,,,ThanhDQ,accepted,,,2026.03.12,2026.03.13,9.9,,Talia Brenner,"Piano recital for Sophie :)
 Thursday June 12.
 Brookside Music Hall, 18 Waverly St, Portland ME.
 Students check in at 5:30 pm.
 Audience seated by 6:10 pm.
 Recital starts 6:30, no sneaking in late.
 Bring flowers after, not before.
 Her piece is 3rd in the second group.
 Record video only if an usher says it's ok.
 Grandma needs the front row aisle seat.
 Save the metered parking app tonight so I'm not fumbling there.
 Pack Sophie's black flats in the tote.
 Lint roller!!
 She gets nervus and forgets to eat, so bring crackers.
 Afterward maybe gelato on Exchange St if she isn't too tired.
 Text Mark when we leave the house.",29,Female,US,Payroll specialist,event,,,,,,
1784,,,ThanhDQ,accepted,,,2026.03.12,2026.03.13,11,,Jordan Pike,"• Event: City permit workshop for the food truck launch
 • Place: Small Business Center, 1220 Market St, St. Louis MO
 • Date: Tue July 21
 • Time: check-in 1:40 pm, session 2 to 4:30 pm
 • Bring copies of vendor license papers
 • Ask specifically about festival permits and fire inspction timeline
 • Need parking receipt if I wanna get reimbursed
 • Call mom after bc she wanted an update on the truck name :))
 • Stop by Parcel House next door first, package pickup closes at 1:30
 - wear the good black cap, hair is a mess lately
 - maybe grab lunch early bc those workshops always run long
 - remember notebook with the commissary kitchen questions
 * ask if downtown weekend zones changed again
 * get contact card from whoever handles mobile vendors
 • put alarm for 12:50 so I dont get stuck on a service call",37,Male,US,HVAC technician,event,,,,,,
1785,,,ThanhDQ,accepted,,,2026.03.12,2026.03.13,18.5,,Elaine Mercer,"Austin Women in Product meetup
 Aug 14, Thursday
 Cedar & Glass coworking space, 701 E 6th St, Austin
 6 pm doors
 6:30 panel starts
 
 1. bring printed resumes just in case, even if it's ""casual networking""
 2. ask Priya abt her team opening in Sept
 3. no heels this time, last meetup was painnn
 
 Main thing: I wanna stay for the founder Q&A because the speaker from Luma said she'd talk about switching from design to PM and that's literally what I'm trying to do. If I chicken out, at least ask one question at the end.
 
 - rideshare there, parking on 6th gets messy
 - green notebook
 - phone charger
 - mint gum
 
 after: maybe jot follow-up names in the car before I forget them
 email self the notes that night
 leave office by 5:20 or traffic will ruin everything",32,Female,US,UX designer,event,,,,,,
1786,,,ThanhDQ,accepted,,,2026.03.12,2026.03.13,5,,Alyssa Monroe,"Sat farmer's market + brunch plan for Jen's bday, don't flake again.
 Meet at Riverfront Market, 401 Water St, Tampa.
 Sunday Apr 19.
 Be there by 9:15 am bc parking gets annoying fast.
 Brunch after at Sunny Fig Cafe on Franklin, probly 11-ish.
 Need flowers first, small bouquet not the giant overdone one.
 Text Mara when leaving so she grabs a table.
 Bring cash for the jam stand + maybe candles.
 Reminder the live band starts around 10 so maybe stay a bit.
 If rain, move everyone straight to the cafe.
 Wear the denim jacket, mornings still kinda chilly.
 Pick up the lemon cake order from sweet crumb on the way back.
 Jen said no gifts, but a card is still normal lol.
 Parking garage entrance is on Tyler, not Water, always mix that up.
 Maybe invite Chris last min if he's back from Orlando.
 Set alarm for 7:40 or I'm cooked.
 Need phone charged for pics.
 Do not forget sunglasses this time.",29,Female,US,Graphic Designer,event,,,,,,
1787,,,ThanhDQ,accepted,,,2026.03.12,2026.03.13,6,,Marcus Holloway,"Work thing tmrw
 
 Quarterly vendor lunch w/ Westbridge team
 Thursday May 7, 12:30 pm to about 2:00
 Harbor Room, 3rd floor, Lakeview Office Center, 8800 W Sunset Blvd, Los Angeles
 ask front desk abt visitor badge for Elena
 
 Need to bring updated pricing sheet + the sample pack
 also the signed catering invoice, stuck in car maybe
 order gluten free option for Nina if not too late
 
 Parking validation only if ticket stamped before leaving
 Call building line +1 213 555 0186 if garage gate is weird again
 backup spot is lot behind Olive St entrance
 
 After lunch quick stop at Cedar & Pine for coffee w/ Martin, 2:20ish
 same area so don't move the car unless needed
 email he gave me: martin.reyes.office@gmail.com
 
 
 Wear blue button down, not the wrinkled gray one :/
 Remember names: Elena, Tom, Priya, Dan
 goal = keep convo easy, no hard sell, just reopen contract chat
 send follow-up before 5 or it'll slip",41,Male,US,Procurement Manager,event,,,,,,
1788,,,ThanhDQ,accepted,,,2026.03.12,2026.03.13,14,,Denise Park,"1. PTA spring carnival volunteer shift.
 2. Jefferson Elementary, 1250 Parkview Rd, Columbus.
 3. Fri Apr 24, starts 5:30 pm, I need there by 4:45.
 4. Check in at gym side doors, not main office.
 5. Bring fold-up chair and the ticket box.
 6. Pick up raffle envelopes from Ms. Greene at 3:10 after dismissal.
 7. Face paint table first hour, snack booth after 6:30.
 8. Cash apron should already be in trunk, but look tonight.
 9. Call school office in morning if weather looks bad: +1 614 555 0128.
 10. Emma's dance demo is 7:15 on blacktop stage.
 11. Need to save front row spot for mom.
 12. Parking fills up fast near the library side.
 13. Bring extra wipes bc glitter gets everywhere.
 14. Don't wear white sneakers, learned that last yr.
 15. Stop at Target before for paper towels + juice boxes.
 16. If carnival runs late, order pizza on the way home.
 17. Take pics of class basket for group chat.
 18. Ask about next month's volunteer list too.",36,Female,US,Elementary School Teacher,event,,,,,,
1789,,,ThanhDQ,accepted,,PhucVQ,2026.03.12,2026.03.13,2,,Ronald Bishop,"* jazz fest wknd note
 * New Orleans Jazz & Heritage Festival, Fair Grounds Race Course, 1751 Gentilly Blvd, New Orleans
 * Sat Apr 25, gates 11:00 am, wanna get there by 10:20
 * hotel check-in first at Magnolia Downtown, 818 Common St
 * maybe rideshare to venue bc parking sounds like a mess
 * keep screenshot of tickets in case app acts dumb
 * meet Tasha by the Sauvage St gate around noon
 * brass set she wants is 12:40, dont be late lol
 * later dinner res at Cochon, 930 Tchoupitoulas St, 7:45 pm
 - Sunday backup thing if too tired: brunch at Willa Jean, 10:00 am
 - call cousin Andre when landed, he knows shortcuts from airport
 - flight gets in Fri 6:18 pm at MSY
 • pack portable charger, earplugs, rain poncho
 • no big backpack or security will be annoying
 • bring cash for posters + water
 • note to self: comfy shoes only",52,Male,US,Auto Claims Adjuster,event,,,,,,
1790,,,ThanhDQ,accepted,,,2026.03.12,2026.03.13,17,,Sofia Bennett,"Cousins reunion weekend :)
 Lake house meetup at Blue Heron Cabin, 77 Shoreline Dr, Traverse City.
 Friday Aug 14 drive up early, leave Grand Rapids by 8 am.
 Mom wants lunch stop in Cadillac around 11:30.
 
 Things happening:
 - Kayak rental check-in 3 pm Friday at Harbor Paddles, 214 Union St.
 - family cookout 6:30 by the dock, burgers + corn.
 - Saturday photo session 9:45 am, lighthouse side if weather's good.
 
 Need to remember:
 1. bring the old polaroids for Aunt Rina
 2. grab ice and buns before town gets crowded
 3. text Noah the gate code when we arrive
 
 Also Sunday brunch at Birch Point Inn, 10:15, reservation under Bennett.
 Phone for the inn: +1 231 555 0174 if we're running late.
 Maybe squeeze in cherry stand stop on M-22 before heading back.
 Don't forget hoodie, nights get windy by the water.
 Make playlist in car, no weird silence on the drive.
 Try not to start the card game drama again haha.",27,Female,US,Dental Hygienist,event,,,,,,
1791,,,ThanhDQ,accepted,,,2026.03.12,2026.03.13,15,,Marissa Cole,"Fall book fair at Riverside Middle gym, maybe wear comfy shoes bc last yr my feet died by 8.
 Thursday Sept 18 at Riverside Middle School, 2140 Grant Ave, Columbus.
 Set up starts 6:45 am, doors open 8:15.
 Need to be parked by the side lot off Grant, not the teacher lot again.
 Bring square reader, cash pouch, blue table cloth, tape.
 Call front desk if running late: +1 614-555-2198.
 Mrs. Han said coffee in lounge but prob weak lol.
 Author mini talk at 11:30 near library corner.
 Lunch break maybe 12:40 if volunteers actually show.
 Save 2 copies of the space book for Eli's class.
 Check if PTA banner is in trunk.
 After school pack-up around 4:30 unless rain messes pickup line.
 Need receipt envelope for parent preorders.
 Text Jenna when I arrive so she can unlock the storage cage.
 Do not forget nametag, I looked like a random parent last time.",34,Female,US,School Librarian,event,,,,,,
1792,,,ThanhDQ,accepted,,,2026.03.12,2026.03.13,22,,Trevor Nash,"Community cleanup + block party at Lakeview Park
 Lakeview Park, 881 Harbor Rd, Erie
 Sat May 16
 rain date Sun May 17
 meet volunteer table 8:30 am by the boat ramp
 actual cleanup starts 9
 
 grabber sticks are supposed to be at the parks shed, ask Miguel if they're not out
 his number is +1 814-555-6341
 bring old sneakers, gloves, sunscreen, extra trash bags
 maybe toss folding chair in truck too
 
 food trucks show up around 12:15 and local band starts 1 pm :))
 don't bail early bc I said I'd help with raffle tickets near pavilion B
 address for pavilion side parking: 905 Harbor Rd entrance
 need cash for lemonade stand, kids soccer team fundraiser
 
 also remember to swing by Home Depot Friday night for zip ties + poster board
 write out sign for check-in table bc my handwriting goes feral when rushed
 end should be around 3:30 unless cleanup runs long",41,Male,US,Auto Claims Adjuster,event,,,,,,
1793,,,ThanhDQ,accepted,,,2026.03.12,2026.03.13,7,,Dana Whitfield,"Bridesmaid dress fitting for Tori is Friday June 12.
 The place is Belle & Ivory Bridal, 58 West 21st St, New York.
 I need to leave Brooklyn by 4:50 pm to beat tunnel traffic.
 Tori, her sister Mae, and maybe Aunt Lina are coming too.
 Appointment says 6:00 pm sharp, not fashionably late.
 Bring nude heels and the strapless bra, annoying but true.
 Ask about hemming turnaround before the wedding on July 3.
 The shop said final pickup could be June 26 if no changes.
 Parking near there is prob awful so just take the R train.
 Save receipt in wallet this time.
 Text Tori when I get on the train so she quits panicing.
 Her phone if mine glitches: +1 917-555-4826.
 Maybe grab soup after at that little place on 8th Ave.
 Need lint roller bc navy fabric shows everything.
 Do not cry if the zipper is rude again.
 Also ask seamstress to tighten straps a tiny bit.
 Title for calendar should be Tori fitting not just Friday thing.
 I keep almost double booking this with the work happy hour.
 Home by 9:30 if trains behave.
 Set alarm for 3 pm reminder to leave office on time.",29,Female,US,Product Designer,event,,,,,,
1794,,,ThanhDQ,accepted,,,2026.03.12,2026.03.13,7,,Lionel Barker,"* Jazz on the Square - summer opener
 * Fri July 10, 7:00 pm to about 10:00 pm
 * Main Square Plaza, 101 Market St, Asheville
 * meet Nia by the fountain at 6:35 so we're not stuck in back
 - bring camp chair
 - small cooler w/ seltzer, no glass allowed
 - bug spray, last time was brutal
 - light jacket bc mountain nights get weirdly cold
 1. park in Biltmore Ave garage if open
 2. backup parking = lot behind old courthouse
 3. if both full, rideshare it and stop whining
 + tickets were free but still need the QR email
 + search inbox from arts council if I cant find it
 + Nia's alt email for forwarding: nia.holloway87@gmail.com
 
 reminder: food stalls open 5:30, wanna get tamales first
 set aside cash tip for sax trio merch table
 bathrooms should be inside city hall lobby till 9
 maybe invite Rob? maybe not, he talks thru solos
 if it rains, event moves to Civic Center Hall, 87 College St
 leave dog w/ neighbor before 6
 phone battery pack!! always forget it :(",38,Male,US,Physical Therapist,event,,,,,,
1795,,,ThanhDQ,accepted,,,2026.03.12,2026.03.13,3,,Evelyn Price,"Cousin Maya baby shower
 Sunday Aug 23
 Rosewood Event Loft, 2447 Maple Ave, Dallas
 start 1 pm, but family gets there early so aim for 12:20.
 
 Maya wants ""soft wildflower"" colors, not bright pink overload.
 I said I'd help at the welcome table and keep track of gift bags.
 Need to bring the framed photo collage from Aunt Bev's house on Saturday.
 
 - call Aunt Bev Friday night, +1 214-555-7630
 - pick up lemon cupcakes from Sweet Crumb, 910 Elm St, at 10:30 am
 - don't forget the tiny safety pins for the corsage thing
 
 1. tape sign to elevator lobby first
 2. set out game cards near the windows
 3. stash extra diapers raffle slips under the front table
 
 also, wear the green dress bc Maya said the beige one looks too funeral-ish.
 Parking ticket gets validated only if I leave by 5:30.
 The men are doing dinner later at Uncle Ray's place in Plano, maybe 6:45ish.
 if shower runs late, text Nate so he stops circling downtown.
 
 Note to self: this is celebration, not event-planner mode, calm down.
 Still bring scissors, tape, charger, advil, wet wipes.
 Last thing — add ""Maya shower @ Rosewood"" to fridge note for mom since she keeps mixing up the date.
 Would be nice to get one pic w/ all the cousins before people scatter.",46,Female,US,Payroll Specialist,event,,,,,,
1796,,,ThanhDQ,accepted,,,2026.03.12,2026.03.13,0,,Olivia Mercer,"Summer Street Fair note — gotta leave work early for this one bc parking gets ugly fast. Harbor Arts Street Fair at Riverfront Plaza, 210 Water St, Providence, RI. Sat June 20. Booth check-in 8:15 am, gates open 10. bring cash for food trucks, card reader always acts weird there. text Nina when leaving Boston around 6:45 so she can save a spot near the mural wall. wear comfy shoes, last yr my feet were dead by noon. find the blue canopy vendor from Foxboro if he's there again, wanted that print. lunch maybe from the empanada stand near the fountain. don't forget folding chair from trunk. weather said warm but windy near the water. if it rains move meetup to Union Station lobby at 9:30. tickets already in email under ""Harbor Arts"". sunscreen. portable charger. little notebook for vendor names. head back before 4:30 traffic starts.",29,Female,US,Graphic Designer,event,,,,,,
1797,,,ThanhDQ,accepted,,,2026.03.12,2026.03.13,2.4,,Marcus Holloway,"Dad's retirement dinner
 
 Thursday, Sept 18 at 6:30 pm
 Lakeview Room, Benton House
 44 Crescent Ave, Milwaukee, WI
 
 Need to call restaurant by Tues to confirm we're 14 not 12
 Ask for corner table away from speakers bc Aunt Denise cant hear when music is loud
 Bring the old photo from dad's first station job
 
 Pick up cake from Sweet Oak around 4:45
 Chocolate, no walnuts, ""Congrats Ray"" only
 
 Parking garage entrance is on 5th, not Crescent, I always miss it
 Tell Evan to come straight from work in a jacket, no baseball cap pls
 
 Maybe say a few words? keep it short, not too mushy :))
 Mom wants everyone seated by 6:15
 Save chair near dad for Mr. Cole from the firehouse
 After dinner maybe drinks at Finch's across the street if people still have energy",54,Male,US,Transit Supervisor,event,,,,,,
1798,,,ThanhDQ,accepted,,,2026.03.12,2026.03.13,10,,Hannah Ruiz,"Early flight for Denver workshop
 Title: Rocky Mountain Literacy Summit
 Mon Oct 6
 Flight out of Austin 5:55 am, be at airport by 3:45 yikes
 Hotel check-in after 3 pm
 Sheraton Downtown Denver
 1550 Court Pl, Denver, CO
 Panel starts Tues 9:00 am in Ballroom C
 My session is at 1:40 pm
 Print handouts on Friday, 35 copies
 Pack navy blazer + sneakers for walking between venues
 Meet Kelsey in lobby at 8:20
 Try the coffee place on 16th Mall she mentioned
 Need charger for clicker
 Submit slides by Sunday night
 Text principal once I land
 Uber budget maybe too high, use train if not exhausted
 Remember lip balm, Denver air always wrecks me",37,Female,US,Elementary School Teacher,event,,,,,,
1799,,,ThanhDQ,accepted,,,2026.03.12,2026.03.13,6,,DeShawn Pike,"* Jazz in the Park thing w/ Maya
 * Piedmont Park, 400 Park Dr NE, Atlanta, GA
 * Fri July 11
 * music starts 7 pm but get there by 5:50 for decent grass spot
 - bring big blanket not the striped one, too thin
 - stop at Trader Joe's on Monroe for sparkling water + chips
 - parking deck on 10th fills up fast, backup is Midtown station then walk
 • reminder: sax quartet I actually wanna hear goes on at 8:15
 • wear black tee, maybe light jacket if it gets breezy
 -> call Maya around 4 bc she forgets to charge her phone
 + if rain starts, move to Crescent Room at Colony Square, she said they sometimes shift sets there
 + grab cash for the lemonade cart
 # dont leave laptop in car
 # this is supposed to be relaxing lol :(
 * maybe invite Jordan last min if he finishes his shift",31,Male,US,Auto Claims Adjuster,event,,,,,,
1800,,,ThanhDQ,accepted,,,2026.03.12,2026.03.13,5,,Priya Donnelly,"1) Cousin Asha engagement brunch
 2) Sunday May 3rd
 3) The Marigold Hall, 82 Linden Ave, Edison, NJ
 
 Need to be there before 10:30 bc family photos start early and nobody waits for late ppl in this family
 
 - wear the green kurta, get it steamed Sat afternoon
 - pick up gift envelope from desk drawer
 - bring extra safety pins for mom bc she always asks
 
 Menu note: tell venue no shellfish at our table, Uncle Dev can't have it
 
 Parking supposed to be behind the building off Maple, but cousin said GPS sends ppl to the front on Linden so watch that
 
 Call Nikhil at +1 732-555-0184 if running late
 He'll be there by 9 setting up the welcome board
 
 also brunch officially 11 to 1, then ring ceremony around 1:30
 don't forget phone stand for pics
 maybe leave home 8:50 if Turnpike is messy
 
 last thing — write card tonight, not Sunday morning when brain is mush
 end goal = show up calm, not sweaty, not chaotic",26,Female,US,UX Researcher,event,,,,,,
1801,,,ThanhDQ,accepted,,,2026.03.12,2026.03.13,9.2,,Marissa Coleman,"Cedar Hill Summer Concert at Riverside Park, 1842 Water St, Madison WI, Sat July 20, get there by 5:45 even tho music starts at 6:30.
 bring folding chair from trunk.
 text Nina when parking fills up.
 food trucks prob on the east side again.
 dont forget cash for lemonade stand.
 check if clear bag rule is still a thing.
 wear the jean jacket if it cools off after sunset.
 look up set list for The Briar Kids.
 meet by the big fountain if phones die.
 Dad might swing by after his shift around 7ish.
 take a pic of poster for scrapbook.
 bathrooms near tennis courts, not by stage.
 maybe leave before fireworks traffic gets awful.
 Sunday backup date if rain, need to watch local page Friday night.
 alarm at 4:50 so I dont rush from work.",29,Female,US,Elementary School Teacher,event,,,,,,
1802,,,ThanhDQ,accepted,,,2026.03.12,2026.03.13,8,,Devin Hart,"Dentist cleaning - Lakeview Dental, 908 W Belmont Ave, Chicago, Tue Aug 13, 8:10 am. leave apt by 7:20 bc the Kennedy gets stupid early.
 bring new insurance card and ask abt whitening quote.
 dont drink coffee before bc pics of teeth lol.
 
 After that, head to Manny's retirement lunch at Union Tap Room, 215 N Clinton St, starts 12:30. need the card signed before I go in.
 gift is in back seat still.
 wear the blue button down not the wrinkled one.
 
 Possible Cubs night game w Jess if I still have energy.
 Wrigley Field, first pitch 7:05 pm, same day.
 check weather around 5 bc last time got soaked.
 transfer tix from Ballpark app.
 grab Red Line if parking is nuts.
 call Mom on walk home, she keeps asking how the cleaning went.
 set 2 alarms seriously.
 pick up floss on the way back.
 no excuses for being late again.",41,Male,US,Sales Representative,event,,,,,,
1803,,,ThanhDQ,accepted,,,2026.03.12,2026.03.13,22,,Aaliyah Price,"1. Bridal expo for Tasha.
 2. Georgia World Congress Center, Building C, Atlanta.
 3. Sunday March 23.
 4. Doors open 11:00 am but she wants to be in line by 10:15.
 5. Park in Red Deck if it isnt full.
 6. bring swatches from the dusty rose bridesmaid dress.
 7. ask the cake people abt gluten free options for Aunt Denise.
 8. floral booth on the list first.
 9. call Tasha if I find that DJ from Decatur she liked.
 10. save pics of table setups, not just dresses.
 11. maybe book the photo mirror deal if under budget.
 12. lunch after at Alma Cocina, 191 Peachtree St NE, around 1:30.
 13. dont let anybody talk me into a veil appt for myself lol :)).
 14. charge phone full Saturday night.
 15. bring portable charger anyway.
 16. screenshot the QR tickets.",26,Female,US,Paralegal,event,,,,,,
1804,,,ThanhDQ,accepted,,,2026.03.12,2026.03.13,13,,Harold Vance,"- Veterans job fair
 - Broward County Convention Center, 1950 Eisenhower Blvd, Fort Lauderdale
 - Thurs Sept 18, 9:00 am to 2:00 pm
 - print 12 resumes tonight
 - navy folder, not the beat up green one
 - ask about city utilities opening and the transit dispatcher role
 - booth 44 maybe had the crane cert people last year
 - bring reading glasses
 - call Marcus by 8 if I can pick him up
 - fuel up truck Wed evening
 - wear decent shoes, lots of walking
 - no old coffee stain tie please
 - maybe stop for cafecito after, Las Colinas on Andrews
 - follow up emails same day before I chicken out
 - keep receipts for parking
 - dont forget VA ID
 - breathe, smile, shake hands, act normal.",58,Male,US,Fleet Mechanic,event,,,,,,
1805,,,ThanhDQ,accepted,,,2026.03.12,2026.03.13,10,,Jenna Whitaker,"Fall makers market
 Old Town Square, 102 Main St, Burlington VT
 Sat Oct 4, 10 am to 4 pm
 need there by 8:30 for setup
 
 Table plan:
 1. prints in wooden crate
 2. small ceramics up front
 3. cash box under blue cloth
 4. QR sign by the candle jars ☕
 
 also remember I said yes to Mia's kid piano recital later same day.
 St. Luke's Hall on Maple Ave, 6:00 pm, maybe get there 5:40 if teardown isnt a mess.
 
 * pack ibuprofen
 * extra tape and price stickers
 * snacks bc I get cranky fast
 * charger brick
 
 email organizer if booth wall space is still available - jenna.w.art@gmail.com
 
 maybe wear the mustard sweater if weather stays crisp.
 dont forget to smile in the morning even if sales start slow.",34,Female,US,Ceramic Artist,event,,,,,,
1806,,,ThanhDQ,accepted,,,2026.03.12,2026.03.13,14,,Alyssa Moreno,"cousin bbq at Lake Eola Park, Orlando
 Sat April 18
 get there by 3:15 pm bc parking gets weird
 bring folding chair + bug spray
 text Nina when leaving
 she said pavilion 3 near the swan boats
 address i saved: 512 E Washington St, Orlando
 pick up ice on the way
 dont forget veggie burgers for Sam
 Uncle Rob doing music around 5ish
 maybe wear the green tank if hot
 need cash for parking just in case
 take family pic before sunset
 ask Maya abt the reunion in July
 leave no later than 2:20 from apt
 also grab the blue cooler from hall closet",29,Female,US,Auto Parts Sales Manager,event,,,,,,
1807,,,ThanhDQ,accepted,,,2026.03.12,2026.03.13,7,,Marcus Bell,"Jazz in the Park thing :)
 Friday, June 12
 Millennium Park, Chicago
 meet Jada by the Cloud Gate side at 6:40 pm
 
 bring light jacket bc lake wind always sneaks up
 tickets are free but RSVP email said gates open 5:30
 maybe eat first or grab tacos on Michigan Ave after
 phone battery better be charged this time lol
 
 band starts at 7:30
 backup meetup spot = near the big fountain if crowd is nuts
 train home maybe around 10:15
 dont forget portable charger
 record 2 songs max, not the whole set
 send parking info to Kev
 rain plan: check by 4 pm",34,Male,US,Auto Parts Sales Associate,event,,,,,,
1808,,,ThanhDQ,accepted,,,2026.03.12,2026.03.13,6.3,,Priya Shah,"Annual dental checkup - Dr Patel
 Tuesday Aug 11 at 9:20 am.
 Westlake Dental, 1847 Monroe St, Madison.
 Leave apt by 8:35 bc traffic on University gets dumb.
 Bring new insurance card.
 Ask abt tooth sensitivity on left side.
 Dont drink coffee right before.
 They said arrive 15 mins early for forms.
 Parking garage entrance is behind the clinic.
 Need to call work if running late.
 Stop by pharmacy after maybe.
 Use HSA card, not regular debit.
 Remember floss question lol.
 Set alarm night before.
 Check if clean mask in car.
 Maybe grab bagel after if there's time.
 resched only if storm gets bad.",31,Female,US,Auto Claims Adjuster,event,,,,,,
1809,,,ThanhDQ,accepted,,,2026.03.12,2026.03.13,9,,Daniel Harper,"1) Dad's retirement dinner
 • Thurs Sept 24
 - 6:30 pm reservation
 * Harbor House, 550 N Harbor Dr, Milwaukee
 2) call restaurant by noon to confirm we still have 9 ppl
 • ask for table not too close to kitchen
 - bring card from me + Erin + kids
 * maybe get there 20 min early
 3) Mom wants semi nice clothes, no jeans if possible
 • pick up cake from Sweet Note bakery at 4:45
 - inscription: Congrats Dad, enjoy the slow mornings
 * dont forget candles even tho it's not a bday
 4) parking valet? check that
 • text Liam the address bc he always gets lost
 - photo w everyone before food comes
 * budget's gonna hurt but worth it",42,Male,US,Auto claims adjuster,event,,,,,,
1810,,,ThanhDQ,accepted,,,2026.03.12,2026.03.13,10,,Sofia Bennett,"Book fest plan
 Saturday Oct 3
 Main event at Powell's Books, 1005 W Burnside St, Portland
 
 start early
 leave by 8:10 am
 coffee first maybe
 
 - author talk 9:30 in the Pearl Room
 - signing line prob long, bring sticky notes w name spelling
 - panel at 1 pm across the street at the old church hall
 
 need comfy shoes bc last yr feet were dead :((
 meet Erin around noon if she actually wakes up
 lunch idea: food carts on 10th
 
 also wanna pop into that tiny zine booth
 if books get heavy, stash them in trunk
 rain jacket yes, umbrella no
 end by 4:30ish then drive back south
 save receipt for the big hardcover
 dont forget parking photo",26,Female,US,Account executive,event,,,,,,
1811,,,ThanhDQ,accepted,,,2026.03.12,2026.03.13,19,,Marissa Cole,"Summer block party reminder for me
 Maple Grove Neighborhood BBQ + movie night
 Sat July 18
 starts 4:30 pm, movie after sunset around 8:45
 at Willow Creek Park, 1842 Greenview Rd, Columbus
 bring folding chair bc last time grass was soggy
 park near the tennis courts entrance not the pool lot
 text Jenna if running late, she said they save spots till 5:15
 need to drop off pasta salad at check-in table
 label dish w/out nuts!!
 kids games near the north field so dont set up too far away
 remember raffle cash, tickets were 2 for $5
 might get chilly after dark so hoodie in trunk
 bathrooms by rec center, code maybe same as spring fest?
 do NOT forget bug spray this time
 maybe leave house 3:50 to avoid the long line on Greenview",34,Female,US,Elementary School Teacher,event,,,,,,
1812,,,ThanhDQ,accepted,,,2026.03.12,2026.03.13,22,,Terrence Holloway,"Jazz on the River thing
 Fri Aug 7
 6:00 doors, music 7ish :))
 Harbor Lawn at Riverfront Arts Center
 221 E Dock St, Savannah
 
 Need to call rideshare early bc parking was a mess last yr
 meet Dev + Alina by the big steel fish sculpture
 they said left side of lawn is less crowded
 grab wristband first, then food trucks
 
 bring blanket not chairs
 small cooler ok but no glass, check that again
 weather looked hot all day then maybe breezy later
 set alarm for 4:45 so I can leave work on time
 
 afterparty maybe at Blue Lantern on Bay St if everybodys still awake
 dont wear the new white sneakers u idiot, grass + spilled beer
 charge phone before heading out",29,Male,US,Sous Chef,event,,,,,,
1813,,,ThanhDQ,accepted,,,2026.03.12,2026.03.13,7,,Olivia Hart,"1. PTO mtg for Ava's school
 2. Tuesday Sept 15
 3. arrive by 6:40 pm, meeting starts 7 sharp
 4. Lincoln Elementary library
 5. 905 W Palmer Ave, Indianapolis
 • bring the fall fundraiser forms
 • ask abt volunteer slots for book fair
 • mention the weird pickup line traffic near door C
 - Ms. Ramirez wanted parent ideas for family reading night
 - maybe suggest cocoa + used-book swap
 * parking in rear lot off Elm, front fills fast
 * sit near outlet if bringing laptop
 + childcare is in room 12 til 8:30
 + snack sign-up too, maybe brownies?
 3) dont forget to sign attendance sheet or no vote
 4) leave office by 6:05 or it'll be close",41,Female,US,Payroll Specialist,event,,,,,,
1814,,,ThanhDQ,accepted,,,2026.03.12,2026.03.13,11,,Brandon Pike,"Open house for the new climbing gym
 Thursday Oct 22
 Red Peak Climbing
 58 Franklin Yard, Denver
 doors at 5 pm
 demo comp starts 6:30
 coach intro around 7:15
 need waiver done before I go
 check if guest pass still free for first visit
 bring thin socks and water bottle
 ask about monthly membership vs punch card
 there's a gear swap table too
 maybe sell old chalk bag lol :(
 parking garage entrance on 15th not Franklin
 text Noah when I leave the shop
 dont eat some giant meal first or I'll regret it
 try beginner bouldering area first, no showing off",26,Male,US,Auto Body Technician,event,,,,,,
1815,,,ThanhDQ,accepted,,,2026.03.12,2026.03.13,7,,Denise Warner,"Holiday market list
 Winter Makers Market at Union Station
 Sun Dec 6
 10:00 am - 3:00 pm
 30 W Pershing Rd, Kansas City
 
 Need a gift plan before I wander around for 2 hrs again
 Mom = candle or hand-knit scarf maybe
 Ty = local hot sauce set
 
 1) get there early for decent parking
 2) coffee first from the cafe inside the west hall
 3) check booth map near front desk
 
 - handmade ornaments aisle B
 - ceramics aisle D
 - live music on mezzanine at noon
 
 Also ask about the wreath workshop, starts 1:30 if seats still open
 bring tote bags, cash, and card just in case
 if Jenna comes too, meet by the giant clock at 10:15
 wear the green coat, station gets drafty near the doors",38,Female,US,Product Manager,event,,,,,,
1816,,,ThanhDQ,accepted,,,2026.03.12,2026.03.13,3,,Marissa Cole,"book club at harbor light cafe, 1948 union st san francisco
 thurs april 23
 get there by 6:40 bc parking is always annoying
 official start 7 pm but jen said ppl drift in late
 bring the copy w/ sticky notes in ch 8 + 11
 ask about next month's pick before I forget again
 maybe wear the green sweater, cafe gets cold for some reason
 text Nina when leaving work so she saves a seat
 if hungry, order the mushroom toast not the dry cookie lol
 topic this time = The Last Coast
 need cash for split bill, card machine was weird last time
 bathroom code was on receipt, random but useful
 don't mention I still haven't finished the ending ugh
 Union St entrance, not the side door
 afterward maybe walk to bus stop w/ Nina if it's dark
 set reminder for 6:05 leave office
 bring pen, not just highlighter",31,Female,US,High school teacher,event,,,,,,
1817,,,ThanhDQ,accepted,,,2026.03.12,2026.03.13,16,,Darren Whitaker,"Summer neighborhood block party
 Saturday, June 13
 Oakview Park, near the picnic shelter on 8th Ave, Columbus OH
 starts 3:00 pm, grill stuff closer to 4ish
 
 need to swing by Leo's place first bc he has the folding chairs
 his apt is 221 Dennison Ave, go there around 2:15
 call if running late: +1 614-555-0184
 
 bring: buns, mustard, those paper plates from pantry
 don't forget extension cord for speaker
 maybe playlist w/ less 90s rock this time :))
 
 kids water balloon thing at 5
 raffle ticket drawing 6:30
 sunset should be around 8:50 so string lights before then
 ask Mrs. Ramirez where she wants the dessert table
 take a pic of the flyer in case people ask for the rain date",42,Male,US,Auto claims adjuster,event,,,,,,
1818,,,ThanhDQ,accepted,,,2026.03.12,2026.03.13,5,,Talia Nguyen,"dentist cleanup - bright smile dental
 1187 peachtree rd ne, atlanta
 monday may 11
 appt 8:30 am
 leave apt by 7:50 bc traffic gets dumb
 parking garage entrance on juniper side
 bring new insurance card
 and the old retainer just in case
 ask about whitening but prob skip if $$$
 no coffee before, teeth look gross lol
 Dr. Patel or maybe the hygienist Kara?
 need to confirm next 6 mo visit before leaving
 text boss from waiting room if I'm gonna miss standup
 grab smoothie after at Green Blend across street
 set alarm for 7:00, 7:08, 7:15 bc I do not trust myself
 save receipt",27,Female,US,UX designer,event,,,,,,
1819,,,ThanhDQ,accepted,,,2026.03.12,2026.03.13,9,,Owen Mercer,"1) Cousin Eli engagement party
 - Sunday Aug 9
 - Riverstone Event Loft, 455 Water St, Milwaukee
 - be there 1:30 pm, party starts at 2
 • bring gift bag from hall closet, not wrapped yet
 • card needs both my name + mom's name
 → dress code is ""nice casual"" so maybe navy shirt + clean sneakers
 * ask Aunt Renee if she still needs help w/ slideshow setup
 * projector check at 12:45 maybe
 - parking lot behind the bakery, enter from Clay St
 • don't forget envelope for cash gift
 • say congrats to Maya's parents too, not just Eli
 - if running late call Brooke +1 414-555-0276
 * no sports cap, mom already said that twice
 • try not to leave before cake unless absolutely wiped",36,Male,US,Physical therapist,event,,,,,,
1820,,,ThanhDQ,accepted,,,2026.03.12,2026.03.13,3,,Bianca Ramirez,"Flight to Seattle for Janelle's tiny wedding ✈️
 okay, real plan:
 June 18 depart 9:10 am from LAX
 Terminal 6, Alaska desk probably
 need to book rideshare for 6:15 bc dad will not be awake
 
 ceremony is June 19
 Golden Gardens Bathhouse, Seattle
 4:30 pm photos, 5:00 actual vows
 backup indoor room if it rains :( just ask at check-in
 
 stuff to pack
 blue dress
 flats for sand + heels for later dinner
 gift envelope
 phone charger + portable battery
 
 also:
 text Mel when I land
 her number is +1 206-555-0139
 brunch with college ppl maybe June 20 at Fremont, around 11ish
 don't overpack coat, borrow one if needed
 remember this is Janelle's weekend, no work laptop omg",29,Female,US,Product manager,event,,,,,,
1821,,,ThanhDQ,accepted,,,2026.03.12,2026.03.13,0,,Hannah Mercer,"remember: Spring vendor fair for Liam's school is Sat April 18 at Riverside Community Center, 2458 W Belmont Ave, Chicago. gotta be there by 8:15 am for booth setup and they open doors at 10. bring square reader, cash box, blue tablecloth, ext cord, signup sheet, tape, and the cookie labels i still havent printed. parking behind the gym off Campbell, not front lot. text Megan if running late at +1 312-555-1847. maybe leave home 7:20 bc traffic gets dumb on Belmont. after fair ends around 2:30 pm, pick up cupcakes from Sweet Crumb on Lincoln before going back. dont forget Liam said ""no plain napkins pls"" lol. weather check Friday night. if rain, pack the plastic bins. also need $20 small bills from ATM. wear school tee, not the gray hoodie.",34,Female,US,Elementary School Teacher,event,,,,,,
1822,,,ThanhDQ,accepted,,,2026.03.12,2026.03.13,7,,Marcus Holloway,"Dad's retirement dinner
 
 Thursday, June 11
 6:30 pm reservation, dont be late again
 Harbor Room, 88 Seaport Blvd, Boston
 
 Need to call restaurant Wed afternoon to confirm we're still 11 ppl
 ask for corner table if possible bc Aunt Denise cant hear well in middle of crowd
 manager was Carla I think
 
 Gift stuff:
 print the old firehouse photo
 put card in jacket pocket
 bring the navy gift bag from closet shelf
 
 Parking garage entrance on Northern Ave, not by the hotel
 meet Evan outside at 6:10 if he gets off train on time
 
 Dad hates speeches but we're doing short toast anyway :)) keep it under 2 min
 mention 32 yrs on the job + fishing plans in Maine
 tell mom not to post pics before dessert lol",52,Male,US,Transit Dispatcher,,,,,,,
1823,,,ThanhDQ,accepted,,,2026.03.12,2026.03.13,22.2,,Priya Ellison,"Flight to Seattle for Maya's grad weekend — Fri May 22, JFK Terminal 4, Delta flight leaves 7:05 am.
 Set alarm for 4:10.
 Cab pickup from apartment 5:00, booked under P. Ellison.
 Text Maya when boarding.
 Airbnb check-in after 3 pm at 417 Belmont Ave E, Seattle.
 Saturday ceremony is 1:00 pm at University of Washington, Alaska Airlines Arena.
 Need the purple saree blouse from tailor by Wednesday.
 Bring backup flats bc heels will wreck me.
 Lunch maybe at Portage Bay after ceremony if her roomies are joining.
 Ask cousin Neel if he still wants ride from airport.
 Small gift goes in carry-on, not checked bag.
 Remember charger, tiny steamer, safety pins, advil.
 Try not to overpack this time.
 Weather prob chilly there, pack the green trench.
 Save room for Sunday brunch before flight home.
 Return flight is 8:40 pm Sunday from SEA.
 Do not forget ID in side pocket.",29,Female,US,Product Designer,,,,,,,
1824,,,ThanhDQ,accepted,,,2026.03.12,2026.03.13,5,,Caleb Donnelly,"- Sat community cleanup + block party
 - June 6, start 9:00 am
 - meet at Oakview Park, 1412 Grant St, Denver
 
 * gloves, trash bags, sunscreen, old sneakers
 * bring folding table for sign-in if it'll fit in trunk
 * coffee urn pickup from church hall at 8:15
 
 1. call Rosa at +1 720-555-2291 Friday night re extra rakes
 2. check if city actually dropped off the orange bins
 3. print the ""kids mural corner"" sign again bc last one smeared
 
 • food trucks show up around 11:30
 • little stage setup by basketball court
 • my shift on mic = noon to 12:20, keep intro short
 
 > if windy, move raffle table inside rec room
 > save 2 veggie plates for the Lopez grandparents
 
 ugh dont forget cash for ice, last year that was a mess :(",41,Male,US,Auto Mechanic,,,,,,,
1825,,,ThanhDQ,accepted,,,2026.03.12,2026.03.13,14,,Sofia Bennett,"Book club + birthday mashup for Nina
 Sunday Aug 9
 Blue Lantern Books, 607 Oak Grove Rd, Asheville
 
 be there 4:30 to help move chairs + put cake in their fridge
 event starts 5 pm ish, reading chat first then surprise cake around 6:15
 
 Things to bring:
 - paperback copies of The Namesake for the 3 ppl who still didnt get one
 - candles + lighter
 - the tiny gold banner from last yr
 
 Need to email owner (marco@bluelanternbooks.com
 ) about using the back patio if weather stays nice
 also ask whether outside drinks are still okay or if thats changed
 
 parking lot is small so maybe leave car on Walnut and walk over
 Kayla coming from work, maybe save her a seat near the front
 
 note to self: dont mention ""surprise"" in family group chat again
 Nina always notices weird wording lol
 end by 7:30 bc some ppl drive back to Greenville",37,Female,US,Physical Therapist,,,,,,,
1826,,,ThanhDQ,accepted,,,2026.03.12,2026.03.13,15.1,,Marissa Cole,"Summer block party at Jen's place, don't blank on this again. Cedar Grove Apartments courtyard, 1842 Willow St, Columbus, OH. Sat June 20. Setup starts 3ish, ppl prob show around 4:30. I said I'd bring the folding chairs + that big blue cooler from storage. Text Jen before noon so she can buzz me in if the side gate's locked. Need ice, paper plates, veggie tray, maybe extra napkins bc last year we ran out fast. Parking is awful on Willow so maybe leave car by 3rd Ave and walk over. Marcus might swing by after work if his shift ends on time. Weather app said hot, like upper 80s, so sunscreen + bug spray. Music speaker needs charging Friday night. Remember the raffle tickets are $5 each and cash is easier. Also ask if kids are doing sidewalk chalk again bc I can grab chalk at Target. Wear the red tank, not the sweater lol. If it rains they move everybody to the clubhouse near building C. Don't be late this time, cleanup crew starts at 8 and I already promised an hour.",29,Female,US,Dental Hygienist,,,,,,,
1827,,,ThanhDQ,accepted,,,2026.03.12,2026.03.13,9,,Trevor Nguyen,"Cousin Kayla baby shower
 Riverside Room at Magnolia Event Hall, 55 Brighton Ave, Savannah, GA
 Sunday Aug 9
 brunch starts 11:00 am, games maybe 12:15
 
 Need gift bag finished before Sat night
 put in the board books + teething rings
 grab receipt just in case she gets doubles
 
 Aunt Ree wants me there by 10:15 to help w/ balloons
 call her if running late: +1 912-555-0148
 
 Parking behind the building, entrance off Miller Ln not the front
 wear the blue button down, no sneakers if possible
 remember camera battery
 
 Ask Kayla's husband abt stroller brand they picked
 and don't forget to sign the little advice cards :)
 leave by 2:30 bc got evening shift next day and need sleep",34,Male,US,Warehouse Supervisor,,,,,,,
1828,,,ThanhDQ,accepted,,,2026.03.12,2026.03.13,11,,Alicia Benton,"Flight to Chicago for design conf
 Midway Airport, then Hilton Chicago Magnificent Mile, 198 E Delaware Pl
 Mon Sept 14
 cab to airport by 5:15 am
 flight boards 6:40
 land around 8:05 local if no delays
 check in at hotel after 3, maybe drop bag earlier
 conference badge pickup 4:30-6:30 in lobby hall
 dinner meetup with Nia at Giordano's, 730 N Rush, 7:15 pm
 Tuesday keynote starts 9 sharp, dont stroll in late
 bring laptop charger, sketchbook, the black flats
 need business cards from desk drawer
 expense stuff: keep receipts for taxi + meals
 call Mom once I get to hotel so she quits worrying
 if weather turns cold, buy cheap hoodie nearby
 return flight Wed night 8:20 pm",41,Female,US,Product Designer,,,,,,,
1829,,,ThanhDQ,accepted,,,2026.03.12,2026.03.13,5,,Damon Pierce,"1) Derek's backyard movie night
 - Fri July 17, starts after sunset, around 8:45 pm
 * 2216 Maple Crest Dr, Boise, ID
 • bring camping chair bc his patio seats are never enough
 2) Need to stop by WinCo first for popcorn, canned seltzer, and those gummy worms Sam likes
 - projector screen goes up at 7:30, Derek asked if I can help tack the corners
 * movie vote was between Jaws and Top Gun, pretty sure Jaws won
 • text group by noon to see who's still coming
 3) Parking only on one side of the street, dont block the Johnsons driveway again
 - maybe wear hoodie, nights get weirdly chilly there
 * if rain hits, backup is his garage w/ extension cord
 • ask Mia to bring bug candles
 4) remember cash for pizza split, prob like $12 each
 - leave house no later than 7:05
 * and pls charge phone first :((",27,Male,US,Auto Mechanic,,,,,,,
1830,,,ThanhDQ,accepted,,,2026.03.12,2026.03.13,5,,Evelyn Hart,"Book club / patio concert combo maybe too much for one evening but okay
 Thursday May 28
 5:30 pm - meet Nora at Brew Lantern, 910 King St, Alexandria, VA for quick coffee
 Need to hand her the borrowed novel first so I stop carrying it around
 
 then
 6:40-ish head to Waterfront Park stage, 1A Prince St
 local jazz set starts 7:00
 bring small blanket
 maybe the light jacket too bc wind off the river is no joke
 
 - confirm if Priya already bought tickets or if this one is free
 - if paid, check email from civic arts ppl
 - restroom by the marina side, easier than the food tent line
 
 after concert maybe tacos at El Molino, 114 Union
 text Dad back before 9 bc he keeps asking abt Sunday plans
 # also remind myself: no heels this time, ankles were mad last week
 end goal = home by 10:30, wash hair, bed",38,Female,US,High School Counselor,,,,,,,
1831,,,ThanhDQ,accepted,,,2026.03.12,2026.03.13,0,,Alyssa Moreno,"Saturday block party on Maple St, don't flake again. Starts around 4ish on June 20 at 118 Maple Street, Columbus, OH, but ppl usually drift in closer to 5. Need to bring folding chairs from garage, the blue cooler, and maybe that citronella spray bc mosquitos were awful last yr. Jen said kids are doing sidewalk chalk near the church lot and live music kicks off after sunset. Parking prob better on Birch Ave side. Text Marco if running late since he has the side gate code. Also remember to stop for ice and those mini waters, not soda. Wear the old sneakers bc it might get muddy by the alley if it rains.",29,Female,US,Elementary School Teacher,,,,,,,
1832,,,ThanhDQ,accepted,,,2026.03.12,2026.03.13,16,,Darren Pike,"Team offsite check
 Seattle branch office, 410 Terry Ave N, Seattle
 Thu Aug 14
 be there by 8:15, first session 8:45 sharp
 
 Need laptop, charger, badge, notebook w Q3 ideas
 ask Nina abt hotel parking receipt thing
 coffee w Omar maybe 7:40 at Storyville if flight lands on time
 
 Lunch is supposed to be catered but grab almonds just in case
 afternoon workshop in Harbor Room, not Bay Room, I keep mixing that up
 happy hr after at Old Stove in Pike Place around 6
 
 send deck to Priya before Wednesday night
 don't wear the stiff shoes again omg
 cab back to hotel from brewery if it gets late
 
 title for calendar: North region planning day
 call mom after everything, she said don't forget",41,Male,US,Product Manager,,,,,,,
1833,,,ThanhDQ,accepted,,,2026.03.12,2026.03.13,9,,Kiara Benson,"Derm follow-up appt
 Mon Sept 9, 2026
 11:20 am
 Lakeview Medical Plaza
 Suite 204, 875 W Belmont Ave, Chicago
 
 1) leave work by 10:35 bc traffic there is dumb
 2) bring insurance card + ID + list of skincare stuff I'm using
 3) ask abt refill timing and if morning appt next time is easier
 4) don't forget parking ticket validation downstairs
 
 - stop at pharmacy after if the line isn't crazy
 * maybe grab soup from Corner Pantry next door
 • text Liv once I'm done so she knows if lunch is still on
 - set alarm for 9:15, 9:25, 9:35 bc I snooze too much
 
 note to self: entrance is on the Belmont side, not the little side street
 last time I walked in circles for 10 mins lol :)
 keep a hoodie, those offices are freezing",34,Female,US,Graphic Designer,,,,,,,
1834,,,ThanhDQ,accepted,,PhucVQ,2026.03.12,2026.03.13,11,,Russell Avery,"- Dad's retirement dinner
 - Friday, October 3rd, 7:00 pm
 - Mason Grill, 82 Harbor Road, Portland, ME
 
 1. call restaurant by Tuesday to confirm we're still 14 ppl
 2. ask for corner table if possible bc Uncle Ray talks super loud :))
 3. pick up cake from Sweet Fern around 4:30
 
 * bring old fishing photo for the toast
 * print the short speech, don't trust myself to wing it
 * remind Leah to bring Dad from the house by 6:40, not earlier
 
 Also
 Mom wants navy/cream decorations only, no bright colors
 check if parking lot behind the place fills up fast
 save Jenna's number in case florist is late
 
 end goal: easy night, no stressing, let him actually enjoy it",52,Male,US,Auto Mechanic,,,,,,,
1835,,,ThanhDQ,accepted,,,2026.03.12,2026.03.13,11,,Simone Caldwell,"wedding expo plan
 Atlanta Convention Center, Hall B, 285 Andrew Young Intl Blvd NW
 Sun March 22
 doors 10 am, panel I wanna catch at 11:30
 
 I should get there early-ish bc registration line was insane last season
 bring the folder with venue quotes, color swatches, and that messy guest count list
 
 Priority people to talk to:
 - florist from Peachtree Bloom, booth 118
 - DJ crew near the back stage area
 - cake tasting table if they still do the lemon one
 
 Questions:
 Can anyone handle late November dates?
 Any setup fees hidden in the contract?
 Do they travel out to Decatur or charge extra?
 
 Need a break around 1 or I'll get cranky, maybe food court downstairs
 text Aunt Rene pics of centerpieces
 grab parking stub before walking off again
 
 If things go well, book final consult for Tues night and quit overthinking every tiny detail",31,Female,US,Paralegal,,,,,,,
1836,,,ThanhDQ,accepted,,,2026.03.12,2026.03.13,12,,Natalie Brooks,"Saturday pop-up art fair at Riverfront Park, downtown Tampa.
 Need to leave kinda early bc parking gets ugly after 10.
 Address I saved: 401 N Ashley Dr, Tampa, FL.
 April 18, 10:30 AM to around 3 PM.
 Meet Jen by the coffee truck near the fountain if she gets there first.
 Bring the blue folding tote for prints.
 Also cash bc last time some booths didnt take cards.
 Check if the ceramic lady from St Pete is coming again.
 Lunch maybe from that taco stand by the south gate.
 Text mom after I park so she knows I'm not driving back till later.
 Weather prob hot, sunglasses + water.
 Don't wear the white sneakers, grass gets muddy.
 Need one small gift for Ava's birthday while I'm there.
 If running late, use Ashley Dr garage entrance not the side lot.
 Could swing by Armature after, but only if not exhausted.",29,Female,US,Elementary School Teacher,,,,,,,
1837,,,ThanhDQ,accepted,,,2026.03.12,2026.03.13,9,,Marcus Holloway,"Jazz on the Lawn - city summer kickoff :)
 Friday, June 12
 Prospect Park bandshell area, 95 Prospect Park W, Brooklyn
 Doors/open lawn at 6:15 pm, music starts 7ish
 
 ask Dev if he's still bringing chairs bc mine is busted
 pickup sandwiches before heading over, maybe from Court St deli
 train option: F to 15 St if parking is insane
 
 Need to remember this is the event where I said I'd meet Priya's coworkers, so dont show up in gym clothes.
 Also bring the tiny blanket, bug spray, phone battery pack.
 Rain plan is prob canceled, check parks page around noon.
 
 After show maybe stop at Ada's place in Park Slope if everyone's still hanging out.
 Set reminder to leave office by 5:20 or I'm gonna miss sunset part :(",41,Male,US,IT Support Specialist,,,,,,,
1838,,,ThanhDQ,accepted,,,2026.03.12,2026.03.13,7.4,,Brianna Patel,"Dental cleaning - not optional this time
 Tuesday Aug 4 at 8:40 AM.
 Lakeview Family Dental, 2238 N Clark St, Chicago.
 Leave apartment by 8:00 bc traffic on Clark is always dumb.
 Bring new insurance card.
 Ask front desk abt whitening quote too.
 Dr. Ramos said x-rays only if needed.
 Do not drink coffee right before.
 Parking garage entrance is on Deming.
 Call work once checked in so they know I'll log on late.
 Maybe grab bagel after at the place next door.
 Need to resched haircut if this runs long.
 Put copay in wallet tonight.
 Wear hoodie bc that office is freezing.
 Save receipt for FSA.
 Text Erin later abt lunch if I'm done before 11.",34,Female,US,Marketing Analyst,,,,,,,
1839,,,ThanhDQ,accepted,,,2026.03.12,2026.03.13,5,,Julian Mercer,"* Cousin Mia engagement dinner
 * Sunday Sept 20, 6:30 PM
 * Siena Trattoria, 118 King St, Alexandria, VA
 * semi-formal, not full suit
 
 1. leave DC by 5:15 latest
 2. gift envelope is in desk drawer, dont forget again
 3. call Aunt Rosa when parked bc she hates waiting at host stand
 
 - table should be under Mercer party, maybe 14 ppl
 - ask abt veg option for Lena
 - snap one decent family pic for grandma
 
 • maybe bring extra blazer if weather turns weird
 • toast is probably after mains, keep comments short lol
 • if dinner ends early, offer Mia ride back to hotel on Duke St
 
 Need to charge phone and clean car Saturday night.",38,Male,US,Civil Engineer,,,,,,,
1840,,,ThanhDQ,accepted,,PhucVQ,2026.03.12,2026.03.13,7,,Denise Alvarez,"Book club / patio night at Harper's place
 Oct 8, Thursday, 7 PM
 Harper's townhouse patio, 77 Willow Bend Ln, Austin
 
 Bring the copy of The Dutch House w/ my sticky notes still in it.
 Also the lemon cookies if I can get off work on time.
 
 Why I wrote all this out: last month I mixed up the house and ended up two streets over like an idiot.
 
 Harper said parking is better near the mailboxes in the second row.
 Text group when I leave.
 
 Talk points maybe:
 - ending felt rushed but still kinda loved it
 - Maeve was exhausting in a good way
 - ask Celia abt that podcast episode she mentioned
 
 If it goes late, dont forget alarm for Friday 6:00 am.
 Could leave by 9:45.
 Could stay till 10:30 if convo is good and I'm not dead tired.
 
 umbrella maybe, Austin weather's been acting chaotic lately.",46,Female,US,Payroll Coordinator,,,,,,,
1841,,,ThanhDQ,accepted,,,2026.03.12,2026.03.13,9,,Alyssa Moreno,"Spring craft fair booth w/ Maya at Riverfront Plaza, 201 E Water St, Syracuse
 sat Apr 18
 set up by 8:15 am, event opens 10
 bring square reader + charger bc last time it died
 tablecloth is in hall closet
 Maya said park in garage on Franklin, cheaper than street
 need small bills for change, at least $60
 text Jen about borrowing the folding chair tonight
 coffee first maybe from Drift, opens 7
 sign says handmade candles + prints, dont forget easel
 weather looked windy so pack clips
 lunch break around 1 if crowd slows down
 call mom after, she wanted to stop by
 if sales are bad still stay till 4 lol
 Riverfront Plaza manager number +1 315-555-0184
 email from organizer was on Mar 29 from kelsey.brownfield@gmail.com
 
 need venmo sign rewritten bc mine looked messy
 leave apt no later than 7:35 or I'll be rushing again",29,Female,US,Graphic Designer,,,,,,,
1842,,,ThanhDQ,accepted,,,2026.03.12,2026.03.13,4,,Marcus Holloway,"Dad's retirement dinner
 Blue Harbor Room, Pier 6, Baltimore
 Friday May 22, 6:30 pm
 wear navy shirt not the wrinkled one
 reserve Lyft by 5:40 from home
 
 Need to pick up cake at Sweet Crumbs, 412 Aliceanna St by 4:45
 ask for the vanilla one w/ Congrats Captain Ron on it
 bring card from me + Tasha, still need to sign it
 
 Guest list I care abt: Aunt Denise, Uncle Ray, Coach Miller, maybe old crew from the ferry office
 Dad hates big speeches so keep mine under 2 mins
 maybe tell the story abt the broken radio on the Bay, not the embarassing graduation one :)
 
 parking at the pier is prob packed
 backup lot on Thames St
 restaurant phone +1 410-555-0137 if we're late
 send final headcount to marina.events@blueharborroom.com
  before Wednesday",41,Male,US,Transit Supervisor,,,,,,,
1843,,,ThanhDQ,accepted,,,2026.03.12,2026.03.13,16,,Priya Shah,"Queens night class starts again
 Digital Marketing Cert
 LaGuardia Community College, Building B room B-231, Long Island City
 first class is Tuesday Sept 8 at 6:15 pm
 subway from Jackson Hts, take E then 7 if needed
 leave work by 5 sharp no excuses
 bring old notebook, laptop, charger, and student ID
 tuition receipt should already be in email from bursar
 check if parking pass is even worth it
 Professor name maybe L. Romero? verify later
 grab something quick to eat before class, otherwise I'll get cranky
 target deli near Thomson Ave maybe
 text babysitter by noon to confirm till 9:45 pm
 husband can do pickup if train is delayed
 after class stop at CVS for highlighters
 dont forget this is the class w/ group project, be nice to ppl
 orientation note said attendance matters week 1
 email questions to ceprograms@lagcc.edu
 
 main office line +1 718-555-0179
 low key excited, also tired already",36,Female,US,Payroll Specialist,,,,,,,
1844,,,ThanhDQ,accepted,,,2026.03.12,2026.03.13,14,,Devin McCall,"• Austin Half Marathon packet pickup
 • Palmer Events Center, 900 Barton Springs Rd, Austin
 • Friday Feb 13 between 11 am and 7 pm
 • race morning is Sunday Feb 15, corral at 6:30 am
 
 - bring photo ID + registration QR code
 - bib, safety pins, timing tag, maybe free shirt
 - dont wear new shoes on race day, seriously
 
 1. leave office early around 3:45
 2. traffic on Lamar gets dumb by 5
 3. park south side if garage isn't full
 
 * call Nate if I cant make pickup in time: +1 512-555-0148
 * trainer's note said easy jog only on Saturday
 * eat normal dinner, no giant queso bomb :(
 
 → after pickup swing by Fleet Feet for gels
 → weather check again Saturday night",33,Male,US,High School Counselor,,,,,,,
1845,,,ThanhDQ,accepted,,,2026.03.12,2026.03.13,10.4,,Elena Brooks,"Book club + author talk
 Northside Library auditorium, 88 Waverly Ave, Portland
 Thursday Nov 12, doors 6 pm, talk at 6:30
 
 Need to ask front desk if they save seats for members. Last yr was chaos.
 I'm bringing the marked-up copy, maybe not the ugly tote.
 
 - text Nora by lunch
 - print the e-ticket from email just in case
 - stop for soup first if it's raining
 
 Things to remember:
 1. question for the Q&A about chapter 7 ending
 2. donate canned goods at entry if I have time
 3. pickup order from Green Basket after
 
 also library contact +1 503-555-0191
 event mail came from readings.northside@gmail.com
 
 dont be late again, parking on Everett fills up fast ⭐",27,Female,US,Veterinary Technician,,,,,,,
1846,,,ThanhDQ,accepted,,,2026.03.12,2026.03.13,18.78,,Marissa Cole,"Austin design meetup next Thurs at Capital Factory, 701 Brazos St, Austin. Need to leave by 5:20 bc traffic on I-35 is always awful. Bringing tablet, charger, and those sample label mockups for Jenna to peek at. Check in starts 6:00 pm, panel at 6:30, prob wraps around 8:15. Parking garage on San Jacinto might be cheaper than valet. Text Nina when I get there so she doesn’t save me a seat forever. Wear the black flats not heels, learned that the hard way last time. Remember to ask about freelance branding leads and the in-house role they mentioned. Add 3 business cards to wallet. Maybe grab coffee after if ppl are still hanging around. Also don’t forget the name tag email said “enter from side lobby.” Weather said possible rain, so toss umbrella in tote. March 19, 2026. If I’m running late just go straight upstairs to the 5th floor event room.",29,Female,US,Graphic Designer,,,,,,,
1847,,,ThanhDQ,accepted,,,2026.03.12,2026.03.13,5.2,,Caleb Morton,"Cousin Eli engagement party
 Sat April 11, 2026
 The Grove House, 88 Willow Creek Rd, Nashville
 Need to be there by 4:30, party starts 5 pm sharp
 
 Things to handle before then:
 gift bag for Eli + Harper
 pick up lemon bars from Sweet Annie’s around 1:00
 steam blue button-down bc it’s wrinkled bad
 bring folding table if Dad forgets his again
 
 Call Mom Friday night to confirm if Aunt Rena needs a ride from Franklin.
 Parking apparently behind the barn, not out front.
 Dress code is “garden casual” whatever that means lol :)
 
 Do not mention the surprise weekend trip in front of Harper.
 Take pics of Grandma early before she gets tired.
 If it rains they’re moving everybody into the side hall by 5:15.",34,Male,US,High School History Teacher,,,,,,,
1848,,,ThanhDQ,accepted,,,2026.03.12,2026.03.13,16,,Tiana Brooks,"baby shower for Keisha
 Sunday May 3
 11:30 am
 Maple Room at Lakeside Community Center
 1840 Sheridan Ave, Chicago
 theme is soft yellow + sage
 bring the stroller gift receipt too
 ask Monique if she still wants me to come early
 I said maybe 10:45 to help set up balloons
 need cash for the diaper raffle tickets
 dont forget card, I already wrote half of it
 parking lot on the east side, not the front entrance
 maybe wear the cream dress if weather stays warm
 pickup fruit tray that morning from Mariano’s
 text Keisha’s sister when I arrive bc doors stay locked
 wraps up around 2-ish unless family stays later",27,Female,US,Payroll Specialist,,,,,,,
1849,,,ThanhDQ,accepted,,,2026.03.12,2026.03.13,11.8,,Daniel Kerr,"* Dad’s retirement dinner
 * Friday, June 12, 2026
 * Harbor Room, Pier 6 Restaurant, 410 Seawall Blvd, Galveston
 * Be there by 6:15 pm, dinner service starts 6:45
 * reserve spot near front for Aunt Bev bc she cant hear well
 * pick up the photo board from print shop before 3
 * bring extension cord for slideshow
 * call restaurant Thurs to double-check vegan plate for Leah
 * dont let Dad show up in his fishing cap pls
 - maybe ask Marcus to handle the toast first
 - save 2 seats together for Mom + Pastor Neal
 - ask host where the mic will be set up
 • sunset pics outside around 7:30 if weather cooperates :(
 • after-party prob at hotel lobby bar across the street
 • reminder: card envelope is in desk drawer, top left",46,Male,US,Auto Claims Adjuster,,,,,,,
1850,,,ThanhDQ,accepted,,,2026.03.12,2026.03.13,15.8,,Renee Holloway,"1. PTO planning note - Sedona wellness weekend
 Bell Rock Inn, 6246 State Route 179, Sedona, AZ
 check-in Fri Sept 18 around 3:00 pm
 yoga class booked Sat 8:30 am
 
 Need to leave Phoenix airport by rental car no later than 1:15.
 2. confirm if Tara is rooming w me or getting her own spot
 still waiting on her text back
 
 - dinner idea: Elote Cafe Friday night if reservation opens
 - hike Cathedral Rock early Sat before it gets too hot
 - pack electrolytes, hat, and that knee wrap just in case
 
 Also, workshop is called “reset weekend,” starts 10:00 am Saturday in Juniper Studio.
 Dont mix this up w the Tucson trip, diff month entirely.
 Maybe bring journal bc last retreat made me weirdly emotional lol
 
 Sunday checkout is 11:00 am, maybe grab coffee at Cuptown on the way out.
 If budget gets out of hand, skip the spa add-on and just do the sound bath.",38,Female,US,Product Manager,,,,,,,
1851,,,ThanhDQ,accepted,,,2026.03.12,2026.03.13,0,,Marissa Coleman,"Summer block party note for Oakview neighbors, Sat June 20 at Maple Grove Park pavilion on E 14th, starts 4:30 pm and prob goes till 8ish, need to get there by 4 to help set up tables, bring folding chairs from garage, blue cooler, citronella candles, and that long extension cord, check if rain plan moves us to the rec center on Linden Ave, text Kira abt dessert count, she said maybe 18 families, don’t forget sign that says “Oakview Summer Hang”, kids chalk and bubble stuff in trunk, hot dogs from Price Market Friday night, pick up ice day of, speaker is still in hall closet unless Noah borrowed it again, wear the green tank bc it’ll be crazy hot, parking on the north lot by baseball field, if mom asks yes she can come too, maybe leave house 3:35 bc traffic near downtown always weird on festival weekends, also RSVP to the neighborhood email before Wed 9 pm so they know how many buns to order, kinda excited for this ngl",31,Female,US,Elementary School Teacher,,,,,,,
1852,,,ThanhDQ,accepted,,,2026.03.12,2026.03.13,12,,Darnell Price,"Vegas union conference
 West Hall at the Aria, 3730 S Las Vegas Blvd
 Mon Aug 17
 flight lands 8:10 am so no messing around w/ baggage
 
 check in if room is ready, if not leave suitcase w/ bell desk
 registration desk opens 10:00 am near Ballroom C
 panel I actually need: labor trends + contract tech stuff, 1:30 pm
 text Reggie when I’m in the lobby bc he’s coming from Reno
 
 dinner maybe at Javier’s but only if per diem works lol : )
 save cab receipts
 wear navy jacket for Tuesday keynote
 Tuesday breakfast roundtable starts 7:15 sharp, don’t be late again
 
 return flight Wed Aug 19 at 6:40 pm
 airport by 4:15 latest
 grab gift for Tasha at Terminal 1 if there’s time
 remember charger, badge, and those printed notes from the office",42,Male,US,Transit Operations Supervisor,,,,,,,
1853,,,ThanhDQ,accepted,,,2026.03.12,2026.03.13,6.3,,Evelyn Hart,"Bridesmaid brunch for Lena
 Sunday Sept 13.
 Rosemary House, 118 Willow St, Savannah.
 Need there by 10:15 even tho invite says 10:30.
 Bring the photo envelope from college years.
 Call bakery Friday to confirm mini quiches.
 Wear the pale yellow dress, steam it Sat night.
 Ask Nina if she still has the “Bride to Be” sash.
 Parking looked tight last time, maybe use the side lot on Drayton.
 Gift card goes inside the striped card, not loose.
 Lena’s sister is gluten free so add fruit plate.
 Take extra bobby pins + safety pins.
 Try not to cry during toast, seriously.
 After brunch everyone heads to Forsyth for pics around 1 pm.
 If weather gets gross, move pics to the covered porch.
 Set alarm bc this is not the day to oversleep.
 Send final headcount Saturday night.",27,Female,US,Veterinary Technician,,,,,,,
1854,,,ThanhDQ,accepted,,,2026.03.12,2026.03.13,5,,Owen Mercer,"1. Dad’s retirement dinner - finally happening.
 2. Friday, Nov 6, 6:30 pm at Harbor Room, 88 Water St, Baltimore.
 3. Call restaurant Thurs to lock in table for 11, not 10.
 4. Bring the old shipyard photo for the little speech.
 5. Need to leave work by 5:15 or I’ll get stuck in tunnel traffic.
 6. Pick up cake from Sweet Anchor at 4:45, order under Mercer.
 7. Candles? maybe dumb for a retirement cake but ask anyway.
 8. Uncle Ray needs the address texted again, he always loses it.
 9. Save seat next to Dad for Aunt Denise, she’ll be late.
 10. Don’t let Mason start the slideshow before everyone eats.
 11. Ask host abt projector plug when I arrive.
 12. Parking garage entrance is on Fleet, not Water.
 13. Bring cash for valet just in case.
 14. Try to keep speech short, no rambling abt “back in 1998” stories.
 15. Mom wants a family photo outside after, weather app says chilly.
 16. take coat.
 17. maybe tissues too :(",38,Male,US,Auto Claims Adjuster,,,,,,,
1855,,,ThanhDQ,accepted,,PhucVQ,2026.03.12,2026.03.13,7,,Priya Holloway,"Holiday market plan
 Dec 5, downtown Asheville
 Pack Square Park main lawn
 
 - booth check-in 8:00 am
 - selling ceramic ornaments + tiny candle holders
 - canopy weights!!! do not forget again
 
 Need cash box from studio drawer
 Square reader should be charged by Friday night
 1) coffee from Alder St on the way in
 2) park near College St garage if spaces left
 3) text Jamie when booth is up
 
 I made the sign but still need prices on half the pieces
 maybe do 18 for snowflake ornaments, 26 for the blue-glaze trees
 also print Venmo QR bigger bc ppl kept squinting last year
 
 if it gets windy move tissue paper under the table bins
 market opens 10 am, closes 5 pm
 stay cheerful even if it starts slow
 afterward dinner at Chai Pani w/ Jamie maybe around 6:30 if we’re not dead lol",34,Female,US,Ceramic Artist,,,,,,,
1856,,,ThanhDQ,accepted,,,2026.03.12,2026.03.13,0,,Marissa Cole,"Cherry Blossom Picnic at Green Lake, Seattle, Sat Apr 18, 2026 from 1ish-4pm. need bring the blue blanket, paper plates, strawberries, and that lemon pasta salad if I have time Friday night. parking gets weird near the community center so prob aim to get there by 12:30. text Nina +1 206-555-1842 when leaving so she saves a spot. if rain, move to covered tables by the bathhouse. dont forget sunscreen, speaker, and extra hoodie bc Seattle lies abt spring weather.",29,Female,US,Elementary School Teacher,,,,,,,
1857,,,ThanhDQ,accepted,,,2026.03.12,2026.03.13,10,,Daniel Mercer,"book club thing - ""Late Harbor"" discussion
 Tue May 12, 2026
 7:00 pm at Riverbend Books, 418 W 8th St, Kansas City
 
 need to finish ch 19-24 before going
 ask Jamie if she still wants a ride
 bring the sticky notes w/ the quotes I underlined
 maybe leave work by 6:10 so I can find parking
 
 grab coffee first from the place next door if line isnt wild
 wear the green sweater bc that store is always freezing lol
 question to bring up: was the ending actually rushed or am I just being picky
 
 backup note - if I miss it, email club host at marenreads@gmail.com
  and ask for June date
 also return Owen's copy, it's bent already and I feel bad
 set reminder Monday night
 dont forget glasses this time",41,Male,US,Civil Engineer,,,,,,,
1858,,,ThanhDQ,accepted,,,2026.03.12,2026.03.13,9.9,,Tasha Nguyen,"1. Event: Maya's engagement brunch :)
 2. Date: Sunday June 7, 2026
 3. Time: 11:30 am, maybe get there by 11:10
 4. Spot: Juniper Room, 92 Pearl St, Denver
 5. bring the wrapped candle gift
 6. wear the tan heels not sneakers
 7. call sis Sat night to confirm if she's meeting me there
 8. Maya's cousin said street parking sucks
 9. alt garage on 11th ave maybe cheaper
 10. need card + cash tip just in case
 11. text RSVP if anything changes: +1 720-555-9031
 12. ask for no salmon plate, still dont trust brunch seafood tbh
 13. leave apt by 10:45 if traffic's bad
 14. maybe curl hair that morning??
 15. DONT be late again
 16. seriously",33,Female,US,Graphic Designer,,,,,,,
1859,,,ThanhDQ,accepted,,,2026.03.12,2026.03.13,18,,Evan Holloway,"- flight museum volunteer orientation
 - Fri Aug 14, 2026 / 6:00 pm
 - Museum of Flight, 9404 E Marginal Way S, Seattle
 
 * print ID form before leaving office
 * bring driver's license + notebook
 * maybe eat first bc orientation prob runs long
 
 parking note: south lot after 5 should be open
 call front desk if lost: +1 206-555-4476
 
 also they mentioned comfy shoes
 not the stiff brown ones, feet were dead last time
 
 if Aaron bails, go anyway
 kinda nervous but it'll be fine :/
 
 end goal = sign up for Saturday shifts in Sept",38,Male,US,Auto Claims Adjuster,,,,,,,
1860,,,ThanhDQ,accepted,,PhucVQ,2026.03.12,2026.03.13,6.2,,Priya Salazar,"Neighborhood summer block party
 Aug 22, 2026
 Maple Ave between 3rd + 4th, Columbus
 starts 5 pm, music by 6
 
 Need:
 - folding chairs
 - citronella candles
 - extension cord for lights
 
 Mrs. Wilkes wanted me there early bc check-in table setup at 4:15
 remember to tape the ""kids games"" sign near the hydrant
 
 I said I'd handle dessert too, so maybe brownies + watermelon unless it's crazy hot
 Title on flyer says ""Maple Summer Night"" which is kinda cheesy but cute
 
 text Ben if ice is still needed +1 614-555-2681
 and ping Laila abt the raffle jar
 
 last thing: bring cash for taco truck, they were card-only last yr until the wifi died lol",27,Female,US,Product Manager,,,,,,,
1861,,,ThanhDQ,accepted,,,2026.03.12,2026.03.13,0,,Marissa Holt,"Austin work trip reminder — leave this here so I stop forgetting stuff. Flight for SXSW client meetup is Tues March 24, 2026, landing 9:40 AM at AUS. Hotel is CitizenM Austin Downtown, 617 Colorado St, check-in after 2. Main thing is the BrightLedger panel at Austin Convention Center, 500 E Cesar Chavez St, starts 3 PM and I prob need to be there by 2:15 for badge pickup. Dinner w/ Eli + Nora at Moonshine Grill around 7:30 if everyone's still alive by then. Wed March 25 investor breakfast at 8 at the hotel lobby cafe, then product demo 11:00 AM at Capital Factory, 701 Brazos. Need charger, navy blazer, the black flats not heels, and print 2 copies of pricing sheet bc last time was chaos. Lyft from airport maybe easier than rental. Text mom before boarding. Also dont forget return flight Thurs March 26 at 6:20 PM, terminal check bc I mixed it up last trip.",34,Female,US,Product Manager,,,,,,,
1862,,,ThanhDQ,accepted,,,2026.03.12,2026.03.13,11,,Devon Pierce,"Saturday Apr 18 - Jamal's backyard wedding
 Riverside Oaks, 1147 Pine Hollow Rd, Asheville NC
 ceremony starts 4:30 PM, dont roll in at 4:29 like a maniac
 
 Need tan suit pressed by Thurs
 brown shoes, no sneakers this time
 pick up gift card + write actual note
 
 Hotel booked at The Foundry, 22 Battery Park Ave
 check-in 3 PM
 Uber to venue maybe 20ish mins
 
 Call Tasha Friday night to confirm if I'm giving her a ride
 if yes, leave hotel 3:35 latest
 
 After-party maybe at the couple's rental house on Maple St
 bring light jacket bc mountain nights get cold
 
 Sunday brunch 10:30 AM at Sunny Point Cafe
 could be packed so go early-ish
 send congrats pic to Jamal's mom after",29,Male,US,High School Teacher,,,,,,,
1863,,,ThanhDQ,accepted,,,2026.03.12,2026.03.13,13.1,,Cynthia Alvarez,"Board retreat stuff
 1) Fri May 8, 2026 - nonprofit board retreat, Lakeview Conference Center, 88 Harbor Rd, Madison WI
 2) Be there by 8:15 AM, welcome coffee starts 8:30, first session 9 sharp
 3) Parking is behind the east entrance, not the main loop (I always mess this up)
 4) Bring printed budget draft, donor update, blue folder
 5) Lunch w/ sponsors at 12:15 in Birch Room
 6) Panel rehearsal 2:40 PM w/ Monica + Dean
 7) My talk is 3:15, keep it under 12 mins pls
 8) Dinner reservation 6:45 PM at Sardine, 617 Williamson St :)
 
 - hotel: AC Hotel Madison Downtown, 1 N Webster St
 - check-in after 4 PM
 - maybe ask front desk for quiet room
 - wear green blouse + black slacks
 
 * Sat May 9 breakfast debrief at 7:30 AM
 * back at conference center by 8:20
 * closing session ends noon
 * drive home after, unless too wiped lol",41,Female,US,Development Director,,,,,,,
1864,,,ThanhDQ,accepted,,PhucVQ,2026.03.12,2026.03.13,20,,Kyle Brennan,"Graduation weekend for Maya
 Friday June 12, 2026
 leave Cleveland by 6:00 AM
 Kent State University, 800 E Summit St, Kent OH
 ceremony at 10:00 AM in the MAC Center
 
 grab flowers first
 yellow ones if poss
 text Sara when parking gets ugly
 
 lunch after at Laziza, 195 E Erie St, Kent
 reservation under Brennan 1:30 PM
 
 take pics w grandma before she gets tired
 don't bring up family drama pls
 
 stop by Maya's apartment after
 help load boxes maybe
 back home before dark if traffic isnt awful :))",38,Male,US,Auto Claims Adjuster,,,,,,,
1865,,,ThanhDQ,accepted,,,2026.03.12,2026.03.13,8,,Elaine Mercer,"Summer music fest notes
 Lollapalooza Chicago trip
 Grant Park, Chicago IL
 Aug 1, 2026
 
 book Amtrak if still cheaper than flying
 leave St. Louis early Fri morning
 
 - festival gates open 11 AM
 - meet Priya by the Buckingham Fountain at 12:30
 - Tyler's set around 8:45 PM, do NOT miss it
 
 Need portable charger
 clear bag
 sunscreen
 comfy shoes not the white ones
 
 Hotel maybe Club Quarters, 75 E Wacker Dr
 or that cheaper place near River North if rates drop
 
 Sat Aug 2 brunch idea: Wildberry, 130 E Randolph
 then architecture boat tour at 2 maybe
 
 remember: last year phone died + I got lost, so write Priya's number on paper too
 weather in Chicago could flip fast, pack light rain jacket
 if budget gets weird just skip merch and eat before going in",27,Female,US,Graphic Designer,,,,,,,
1866,,,ThanhDQ,accepted,,,2026.03.12,2026.03.13,0,,Marissa Holt,"Cousin Jen baby shower at Willow Creek Hall, 18 Maple Ave in Columbus, Sat Apr 18.
 Need to leave by 12:15 bc traffic on I-70 is always dumb.
 Starts 1 pm but ppl prob show up closer to 1:30.
 I said I'd help w/check-in table for the first hr.
 Bring the gift bag from closet shelf, not the plain brown one.
 Also tape card shut so it doesn't fall out agn.
 Pink/green theme, wear the light blue dress maybe.
 Text Nina when I'm parking so she can meet me outside.
 Parking lot entrance is behind the building, not on Maple.
 Remember stroller raffle ticket cash, maybe $10 in small bills.
 Pick up cupcakes from Sweet Crumb around 11 if they call.
 Phone for hall in case I get lost: +1 614-555-2891.
 Don't forget camera charger this time, last family thing I messed that up.
 Afterward maybe dinner w Mom at Cedar & Vine if we're not too tired.
 Need to be back home before 8 bc dog walker leaves at 8:30.
 set alarm fri nite so I don't oversleep.
 Honestly kinda excited, been forever since everybody got together.",29,Female,US,Elementary School Teacher,,,,,,,
1867,,,ThanhDQ,accepted,,,2026.03.12,2026.03.13,0,,Daniel Mercer,"Wed June 10 - Austin product meetup thing at Capital Factory, 701 Brazos St, Austin. Need badge pickup by 5:45 bc panel starts 6:30 sharp. I should leave office no later than 5:05 or parking will be a pain. Want to ask about the API rollout and maybe corner Leah after the session since she said hiring might open in July. Wear the navy button-down, not the wrinkled gray one. Save seat near an outlet if possible bc laptop battery is trash lately. There’s also that mini networking mixer after 8, so keep a few cards in wallet. If I blank on names, check the attendee list email from r.torres@buildlane.io
 . Food prob just snacks, so grab a taco before. And seriously remember: garage entrance on 8th, not Brazos, messed that up last time :( 
 Also need to call rideshare if rain starts again. 
 Could be home by 9:30-ish unless convo runs long. 
 Title for calendar should just say ""BuildLane meetup"" so I can find it fast. 
 Maybe good chance to pitch the dashboard idea. 
 Don't chicken out. 
 Bring charger. 
 Bring mints. 
 Bring notebook, not legal pad. 
 check in w Maya after. 
 maybe worth it fr.",38,Male,US,Product Manager,,,,,,,
1868,,,ThanhDQ,accepted,,,2026.03.12,2026.03.13,10,,Tiana Brooks,"haircut + color appt
 Sunday May 3
 1:45 pm
 Studio Ember
 4559 N Clark St, Chicago
 ask for Rae, not front desk random
 show inspo pics for softer bangs
 NO super warm blonde pls
 remember cash tip
 parking in rear alley lot maybe $8
 call if running late: +1 312-555-4478
 wash hair sat night only, not morning of
 bring tiny hoop earrings case I need to take them out
 after appt maybe coffee at Juniper across the street
 whole thing should take around 3 hrs
 text Liv when done so she knows if dinner needs to move
 don't wear white sweater lol
 check if they validate parking bc last time I forgot to ask
 set reminder for 12:50 to leave",26,Female,US,Veterinary Technician,,,,,,,
1869,,,ThanhDQ,accepted,,,2026.03.12,2026.03.13,0,,Gregory Lane,"* Dad's retirement dinner - Fri Sept 11, 7:00 pm
 * Harbor Room, 92 Seaport Blvd, Boston
 * call Aunt Bev by Wed, she still doesn't know the final time
 * reservation is under Lane party, prob 14 ppl
 * bring old photo from the garage if I can find it
 * ask restaurant abt gluten-free for Kara: +1 617-555-9034
 * parking garage attached but fills up fast
 * maybe just take the T if weather's gross
 * wear decent shoes, not work boots
 * toast should be short, no rambling
 - mention 32 yrs at the shipyard
 - thank Mom for secretly planning half of it
 - do NOT bring up the fishing boat disaster from 2014 :))
 • cake pickup from North End Bakery at 4:30
 • candles are in kitchen junk drawer
 • title on card: ""Congrats, Cap""
 • stay after a bit to help w gifts + cleanup",45,Male,US,Auto Mechanic,,,,,,,
1870,,,ThanhDQ,accepted,,,2026.03.12,2026.03.13,15,,Evelyn Park,"Bridal expo for Sam + me
 Sunday Feb 22
 Riverside Convention Center, 1200 Water St, San Antonio
 doors open 10 am, first planning workshop 10:30
 
 Need comfy shoes bc last yr's home expo wrecked my feet.
 Bring folder w venue quotes and the guest count scribbles.
 Maybe ask the florist booths abt late Oct flowers that don't look too fall-ish.
 
 1) stop at registration desk first for the tote bag + vendor map
 2) enter the honeymoon giveaway even if it's cheesy
 3) find cake tasting section before lunch crowd hits
 
 - also swing by the photo booth vendors
 - ask about weekday discounts
 - compare DJ prices vs live band, no impulsive booking
 
 Call Sam if I get there early: +1 210-555-6127
 meet Mia near the main fountain around 11:15
 lunch truck court outside on the south side around noon maybe
 panel on budget planning at 1:00 in Room C
 grab extra cards, but toss the pushy ones later
 if we like that green invitation set, take pic of booth name
 home by 3-ish so I can still finish laundry",31,Female,US,Dental Hygienist,,,,,,,
1871,,,ThanhDQ,accepted,,,2026.03.12,2026.03.13,0,,Marissa Cole,"Sat farmers market + Mia bday mashup downtown, don't forget this again. Going to Riverside Market Plaza, 1148 W Elm St, Madison. Sunday Apr 21. Be there around 9:15 am if I want parking. Mia meeting me closer to 10. Need cash bc some stalls still act weird abt cards. Grab flowers first, then bread, then that strawberry jam she liked last yr. Also check if the pottery lady is in the back row near the coffee truck. Wear sneakers bc last time feet were dead by noon. Text Mia before leaving apt. Maybe bring cooler bag if buying cheese. If rain, move to covered section by 3rd Ave entrance. Lunch maybe at Green Basket Cafe next door around 12:30. Do not forget her card. Also ask about live music set time. Leave home by 8:35 max.",29,Female,US,Graphic Designer,,,,,,,
1872,,,ThanhDQ,accepted,,,2026.03.12,2026.03.13,14,,Derrick Vaughn,"Jazz in the Park note so I quit mixing up dates 
 
  Event: Summer Brass Night at Lakeview Commons 
  Friday June 14 
  gates open 6:00 pm, show prob starts 7-ish 
  location: 88 Harbor Loop, Cleveland 
  park near east lot, west one was a nightmare last summer 
 
  bring fold-up chair + bug spray 
  maybe light jacket bc lake gets windy after dark 
  meet Tori by the fountain, not the food trucks 
  her cousin might come too 
  if running late, call her not text 
 
  remember to stop at ATM on Euclid before heading over 
  grab tacos there if line isn't insane 
  don't sit too close to speakers this time, ears rang after lol 
  head out from work by 5:10 to make it on time",41,Male,US,Transit Supervisor,,,,,,,
1873,,,ThanhDQ,accepted,,,2026.03.12,2026.03.13,6,,Elena Whitaker,"Bridal shower for Kels
 Bluebird Room, 2nd floor at Harbor House, 19 Water St, Portland ME
 Saturday May 18
 Need to arrive 1:30 pm, actual start 2:00
 Bring wrapped cookbook gift
 Also tape the small envelope under lid of gift bag
 Pick up lemon bars from North End Bakery by 11:45
 Wear green dress, steam it friday night
 Call Aunt Rene if parking garage is full
 Her number is +1 207 555 3816
 Don't forget camera battery
 Games start around 3, I said I'd help w prizes
 Try not to mention the vegas trip surprise
 Kels's mom gets stressed so just help, no arguing
 Leave house no later than 12:40
 Card still needs signing",33,Female,US,Elementary School Teacher,,,,,,,
1874,,,ThanhDQ,accepted,,,2026.03.12,2026.03.13,13,,Nolan Pierce,"* Fantasy baseball draft @ Chris's place :)
 * 742 N Maple Ave, Kansas City
 * Tues March 26, 7:30 pm sharp, but get there 7:00 for pizza
 * bring laptop + charger, last yr battery died = disaster
 * venmo league dues before draft if possible
 - $40 buy-in
 - keeper rules printed? maybe just screenshot them
 - don't let Ben talk me into risky pitchers again
 • stop for soda on the way
 • maybe ice too bc Chris never has enough
 • text group if traffic on I-35 is bad
 1. check roster rankings during lunch break
 2. set alarm for 6:05 pm
 3. leave office by 6:20 latest
 4. remember trophy is still in my hall closet lol :)",27,Male,US,IT Support Specialist,,,,,,,
1875,,,ThanhDQ,accepted,,,2026.03.12,2026.03.13,4,,Camille Rios,"Book fest plan
 Main thing is the Midtown Readers Expo at Civic Center Hall, 401 Grant Ave, Denver
 Sept 7, saturday
 doors 10 am
 
 Need to hear the 11:30 author talk from Nina Beller
 but also wanna swing by the small press tables first bc they sell out fast
 
 - pack tote bag
 - refill water bottle
 - bring cash for signed copies
 
 Parking maybe in the 11th Street garage unless it's full
 Backup spot: lot behind the old library
 
 after expo, meet Jordan at Pine & Ash Cafe around 2:15
 talk abt that writing workshop in Boulder next month
 
 Note to self: don't overbook the day again :( 
 choir rehearsal is still 6:30 pm at St. Mark's, 52 Willow Rd
 so leave downtown by 5 at the latest
 
 If expo runs long, skip browsing and just get the poetry panel notes from Jordan",38,Female,US,Human Resources Manager,,,,,,,
1876,,,ThanhDQ,accepted,,,2026.03.12,2026.03.13,10,,Melissa Grant,"Friday Night Jazz in the Park at Riverfront Plaza, 201 Water St, Savannah
 Apr 18, 7:00 pm gates, music starts 7:45
 bring folding chair bc last yr grass was damp
 parking prob best in Bay St garage, not street
 text Nina before leaving so we dont miss each other again
 food trucks were pricey last time so maybe eat first
 save $20 cash for drinks anyway
 wear the denim jacket if it gets windy off the water
 check if clear bag rule is still a thing
 band I actually wanna catch = Low Country Blue Set
 dont forget phone charger, always die at these things
 meet near the fountain on the east side if crowded
 if running late just go straight to lawn area by stage B
 could invite Mark but only if he confirms by noon
 set reminder Friday 5:30 to leave work on time
 also sunscreen maybe, the sun still hits hard early evening",29,Female,US,Graphic Designer,,,,,,,
1877,,,ThanhDQ,accepted,,,2026.03.12,2026.03.13,6,,Brandon Lee,"Denver work summit - The Maven Hotel, 1850 Wazee St, Denver, CO
 Mon May 11, check-in by 3 pm, kickoff dinner 6:30 :)
 need decent shoes, not sneakers this time
 presentation file on laptop + backup on drive
 
 Ask front desk abt early bag drop if flight lands before noon
 Uber from DEN might be easier than train w all the stuff
 expense dinner receipt, dont lose it again
 
 Tuesday agenda
 9:00 team breakfast in Kachina room
 11:15 client panel downstairs
 2:00 breakout w product ppl
 maybe step out around 4 to call Mom back
 
 Wed May 13
 checkout 10 am
 airport by 12:30 latest bc security there was slooow last trip
 grab coffee for Erin before session if I have time",41,Male,US,Product Manager,,,,,,,
1878,,,ThanhDQ,accepted,,,2026.03.12,2026.03.13,10,,Tasha Moreno,"CPR recert class
 St. Luke's Training Center, 84 Palmer Ave, Newark, NJ
 Saturday June 6
 class starts 8:30 am sharp
 be there by 8:05 for sign-in
 bring badge and old cert card
 parking lot entrance is on Walnut, not Palmer
 wear scrubs or at least comfy clothes
 coffee first bc six hours of videos lol
 lunch break around noon but prob short
 call Jenna Friday night to swap shifts
 email certificate copy to supervisor after class
 don’t forget notebook
 maybe pack granola bar
 if rain, leave house 20 min earlier
 renewal fee already paid online",34,Female,US,Nurse,,,,,,,
1879,,,ThanhDQ,accepted,,,2026.03.12,2026.03.13,9,,Eric Holloway,"* Cousin Maya graduation dinner
 * La Paloma Grill, 6228 Mission Rd, Kansas City, KS
 * Sun May 24, 5:45 pm reservation
 * table should be under Holloway party, 9 ppl
 - bring card + cash for her gift envelope
 - ask Dad if he's riding w me or Aunt Cheryl
 - traffic on I-35 gets dumb around that time
 - maybe leave by 4:50 just in case
 • Maya wants photos before we sit down, prob outside by the mural
 • wear blue button-up, not the wrinkled white one
 • call restaurant Sat night to confirm high chair for baby Theo
 + pick up flowers from Hy-Vee around 3
 + save the speech idea in notes so I dont ramble
 + no baseball cap at dinner, obviously
 ! text family thread when I'm on the way
 ! dessert is supposed to be tres leches, dont skip it",38,Male,US,Auto Mechanic,,,,,,,
1880,,,ThanhDQ,accepted,,,2026.03.12,2026.03.13,9,,Hannah Pierce,"Summer book fair volunteer shift
 Main note: Brookside Public Library, 4416 Grove Ave, Richmond
 Sat July 18
 doors open 10 am / I need to be there 9:15
 
 Things to do before leaving:
 1. print the volunteer email from Carla (carla.henson@brooksidefriends.org
 )
 2. pack water bottle + little snack
 3. grab reading glasses bc tiny price stickers are evil :( 
 
 Remember the setup part
 kids table goes near front windows
 mystery/crime section by the side wall
 ask for extra tape if signs curl up again
 
 - maybe wear the green library tee if it's clean
 - bring $15 cash in case I buy that used cookbook
 - after shift, meet Ben at Union Market around 1:30 if I'm not too tired
 last time parking behind the library filled up fast, so try the church lot across the street",27,Female,US,Elementary School Teacher,,,,,,,
1881,,,ThanhDQ,accepted,,,2026.03.12,2026.03.13,0,,Marissa Doyle,"Spring book fair at Lincoln Middle kinda important bc I told Ava I'd help at the check-in table, library gym at 1450 W Maple Ave, Columbus, OH, Sat Apr 18, 9:30am to 1ish. Need bring folding cash box, blue markers, tape, charger, and the signup sheet from kitchen counter. Park behind the cafeteria door if front lot is packed again. Text Jenna if I'm running late, she said vendors start unloading around 8:45. Don’t forget coffee first bc last yr I got cranky by 11. Booth by the stage, not hallway. Ask about used sci-fi set for Eli. Maybe wear sneakers not boots. If rain, move inside library wing. Pick up muffins on the way from Northstar. Keep receipt for PTA. Remember name tag.",34,Female,US,Elementary School Librarian,,,,,,,
1882,,,ThanhDQ,accepted,,,2026.03.12,2026.03.13,14,,Trevor Haines,"Dad's retirement dinner
 
  Thurs June 11, 6:30 pm
  Harbor House Grill, 982 Seabrook Rd, Annapolis, MD
 
  call restaurant Wed morning to confirm we're still 14 ppl
  ask for corner room, less noisy for Grandma
  order cake pickup by 5:45 from Sweet Tide Bakery
 
  invite list again so I don't miss anybody:
  Mom
  Aunt Cheryl + Ben
  Nina maybe late after clinic shift
  Marcus bringing old photos
 
  bring card and that navy gift bag from closet
  say a few words but keep it short lol :))
  parking lot gets full after 6, leave by 5:40
  maybe grab tissues too bc Mom will def cry
  title for card: ""Happy Retirement, Captain Ron""",42,Male,US,Transit Supervisor,,,,,,,
1883,,,ThanhDQ,accepted,,,2026.03.12,2026.03.13,15,,Elena Pruitt,"- Sat community cleanup + picnic
 - Riverside Park, near the boat ramp, 2201 River Rd, Louisville, KY
 - April 25
 - check-in 8:15 am, cleanup starts 8:30, picnic around noon
 * wear old sneakers
 * bring work gloves, extra trash bags, sunscreen
 * stop by hardware store Fri night for grabber tool
 • ask Maya if she's still bringing the folding table
 • save Joe a seat bc his knee has been bugging him
 -> after cleanup swing by Green Jar Cafe if everyone wants iced tea
 - remind city volunteer desk I already filled waiver last month
 * maybe bring speaker but keep volume low
 • weather said breezy, maybe hoodie
 - take before/after pics for neighborhood page
 * don't forget to put cooler back in car
 • if running late, use the east entrance not main gate
 - note: picnic area is Shelter B, not A",29,Female,US,Landscape Designer,,,,,,,
1884,,,ThanhDQ,accepted,,PhucVQ,2026.03.12,2026.03.13,8,,Damon Cross,"Flight expo thing in Denver
 Rocky Mtn Aviation Center, 8900 Peña Blvd, Denver, CO
 Fri Aug 14
 doors 10am, my panel 1:20 pm
 
 Need badge printout
 Need charger + clicker
 Need the revised slide deck, not the old one
 
 Lunch w/ Carla maybe 12:05 at the atrium cafe
 She wants to talk vendor deal stuff
 
 Call hotel shuttle if plane lands after 8:40
 reservation under Cross / AeroWest
 
 dont forget to ask about the simulator demo for Noah
 and grab 2 business cards from each booth I like
 
 If time after, swing by Red Rocks overlook before dark :(",38,Male,US,Aircraft Parts Sales Rep,,,,,,,
1885,,,ThanhDQ,accepted,,,2026.03.12,2026.03.13,19,,Nicole Vargas,"1. Cousin Tia baby shower
 2. Sun May 3
 3. 2:00 pm but get there by 1:15 to help set up
 4. Venue: Magnolia Room, 77 Pearl St, Savannah, GA
 5. theme is wildflowers / soft yellow
 
 bring:
 6. diaper cake from Hallie
 7. gift bag w/ onesies + target card
 8. tape, scissors, extra ribbon bc last time nobody had any
 
 little stuff:
 - text Aunt Ree on Saturday night to double check headcount
 - call bakery at 10 when they open, cake says ""Baby June""
 - keep stroller parking by side wall open
 - ask DJ guy to keep music low during games
 
 food note
 9. veggie tray arrives 1:30
 10. lemonade + ice from Kroger on Abercorn
 
 also
 * maybe wear green dress, not the heels
 * take pics when Tia opens grandma's quilt
 * event host contact in case of mess: Brianna +1 912-555-0187
 * dont leave balloons in hot car again lol",31,Female,US,Payroll Specialist,,,,,,,
1886,,,ThanhDQ,accepted,,,2026.03.12,2026.03.13,22,,Marissa Cole,"Cedar Point day trip Sat May 16, leave early so traffic doesnt eat the whole morning.
 Meeting Jess + Omar at the South Lot by Union Station, Chicago, around 6:15 am.
 Buy parking pass tonight bc I always forget the dumb extras.
 Need the cooler from basement and the blue tote w sunscreen, phone charger, advil, bandaids.
 Tickets are under my email, search ""Cedar Point order"" if I panic at the gate.
 Lunch maybe inside the park but prob cheaper to pack wraps and chips first.
 Omar said try Steel Vengeance before noon or line gets insane.
 Jess wants pics by the lake around sunset if we're not all sweaty goblins by then.
 Wear the black shorts, not jeans, last time that was a terrible call.
 Address for the first stop: 225 S Canal St, Chicago, IL.
 Then driving straight to Cedar Point, 1 Cedar Point Dr, Sandusky, OH.
 Back in town late, maybe after 11 pm, so dont promise anyone anything Sunday morning.
 Gas up Friday night.
 Text Mom once we get there so she doesnt do the whole ""just checking"" thing.
 Weather looked warm but breezy near the water.
 Bring a light hoodie anyway.
 Could grab coffee at 5:45 from the Jackson Blvd spot if I wake up on time.
 Main thing: dont oversleep again.",29,Female,US,Graphic Designer,,,,,,,
1887,,,ThanhDQ,reject,,,2026.03.12,2026.03.13,,,Daniel Ruiz,"Austin wedding weekend
  
 Fly in Friday, Sept 18 and head straight to the hotel near downtown. Reservation should be under Danny Ruiz, check-in after 3 pm. Venue for the welcome drinks is the patio at Hotel Van Zandt, 605 Davis St, Austin, TX, around 7:30ish.
  
 Actual wedding is Saturday Sept 19 at 5:00 pm, Barr Mansion, 10463 Sprinkle Rd. Need to leave by 4 at the latest bc traffic there gets weird. Navy suit is fine, brown shoes, dont forget the tie this time :))
  
 Sunday brunch with cousins at Paperboy, 1203 E 11th St, 10:30 am if everybody survives the open bar. Bring the card from my desk drawer, and the envelope too, bc showing up with just vibes is not enough.
  
 Call Lena Thursday night to confirm if I'm giving Aunt Rosa a ride from the airport. If yes, terminal B pickup around 1:40 pm Friday. Also set aside extra cash for valet/tips bc Austin always ends up pricier than I think.
  
 Before leaving: charge watch, steam shirt, pack lint roller, allergy pills, phone battery.",37,Male,US,High School Counselor,,,,,,,
1888,,,ThanhDQ,accepted,,,2026.03.12,2026.03.13,17,,Aisha Bennett,"Client dinner - Green Harbor project, Wed June 10.
 Location: Harbor House, 550 N Harbor Dr, Milwaukee, WI.
 Be there by 6:20 pm even though dinner starts 6:45.
 Table is under Bennett / North Shore Design.
 Need to bring the sample tile board and the revised floor sketches.
 Do not ramble abt pricing right away, let them ask first.
 Order something easy, no pasta, no giant mess on a white blouse.
 Text Marcus when I park so he can meet me in the lobby.
 The couple from Bay View might also stop by for ten min.
 Remember names: Elaine, Rob, and maybe their contractor Vince.
 Parking garage entrance is off Erie St, not the front drive.
 Call restaurant at +1 414-555-0187 if running late.
 Quick mirror check before walking in.
 After dinner, send follow-up note Thursday morning before 9.
 Backup plan if place is too loud: ask to move near the side windows.
 Bring charger bc my battery has been acting sketchy.
 No sneakers. Seriously.",34,Female,US,Interior Designer,,,,,,,
1889,,,ThanhDQ,accepted,,,2026.03.12,2026.03.13,9,,Trevor Mills,"- Open mic night for Nate's bday
 - Friday Aug 7, sign-up starts 7 pm, show prob 8ish
 - The Lantern Room, 118 Orchard Ave, Asheville, NC
 * bring cash for cover + tips, card machine there was busted last month
 * maybe do 2 songs max so I dont chicken out halfway
 * ask Maya if she's still driving from West Asheville
 • pickup cupcakes before 5 from Sweet Fern Bakery, 42 Biltmore Ave
 • candles + lighter in glovebox already I think
 • text Nate's brother the table spot once we get seated
 1) guitar tuner
 2) capo
 3) lyric note in jacket pocket
 4) ibuprofen lol
 - wear the dark green overshirt, looks less wrinkled on stage
 - dont get there late, parking near downtown turns into a nightmare
 - if anybody asks, yes sing the Springsteen one and get it over with",26,Male,US,Auto Mechanic,,,,,,,
1890,,,ThanhDQ,accepted,,,2026.03.12,2026.03.13,2,,Priya Holloway,"Sunday baby shower for Tessa
 at first: ""just a few ppl"" lol, now it sounds like half the county is coming
 
 1. date = April 26, start 1:00 pm, maybe done by 4:30 if games dont drag forever
 2. place = community room at Willow Creek Apartments, 88 Lakeview Rd, Durham, NC
 3. park by building C, side entrance is easier for Nana's walker
 
 Need welcome sign, gift table cloth, tape, extra pens, and that eucalyptus ribbon from the hall closet.
 Brunch-ish menu:
 - mini quiche
 - fruit tray
 - lemon bars from Renee
 - sparkling water + ginger ale
 
 Call bakery Saturday by noon to confirm ""Oh Baby"" cake pickup at 10:15 am from Bright Seed Bakery, 901 Broad St.
 Also grab flowers on the way, Trader Joe's should be enough unless they look sad.
 
 Reminder to myself: Tessa hates cheesy games, so keep it simple.
 Maybe one advice card station, one baby-name jar, done.
 
 If Cousin Mel brings that huge speaker again, hide it :)
 Playlist should stay soft, not a club soundtrack.
 
 Send final headcount to Leah Friday night.
 Her email is leah.morano@gmail.com
  in case texting gets buried.
 Wear the loose blue dress bc setup starts early and I'll be running around all day.
 Last thing: ice, ice, ice. always forget the ice.",31,Female,US,Elementary School Teacher,,,,,,,
