Tony Alvarez: mechanic found during road issue phone: +1 915-555-6671,ID Anno,Anno Status ,ID QA,QA Status,FB Format,FB Content,Date,% AI,Data_type,participant,Script,age,gender,country,occupation,primary category,secondary category,topics of interest,application used,OS,device info,YYYY.MM.DD
1,HUNGNV5,,,accepted,ok,ok,2026/03/07,0,Note,Liam,Met a guy about the copper piping suply today.His name is David Miller.Works at the new wholesale place downtown.Really good prices on fittings.Need to call him next Tuesday before 10 AM.He said he can get me a 15% discount if I open an account.Cell: +1-555-019-8372Office: +1-555-019-8800 ext 44Email: david.miller@pipewholesaledemo.net (just in case)Don't forget to ask him about the PEX A expansion tools.,34,Male,en_US,Plumber,contact,,,,,,
2,HUNGNV5,,MinhBH,hold,"- trùng format
- trùng số dòng",ok,2026/03/07,0,Note,Emma,Met Sarah Jenkins at the Westside open house today.She seems like a really straightforward real estate agent. Told her we are looking for a 3 bed 2 bath under 400k.She mentioned an off-market property coming up next month.Need to call her office on Thursday to get the address.Her direct line: +1-555-018-9921Email: s.jenkins@cityhomesrealty.comMake sure to ask if the roof was replaced on that new listing.,29,Female,en_US,Nurse,contact,,,,,,
3,HUNGNV5,,MinhBH,hold ,"- trùng format
- trùng số dòng",ok,2026/03/07,0,Note,Isabella,"Talked to Mark from the IT department about my broken hard drive.He said he couldn't fix it but gave me a contact for data recovery.Guy's name is Kevin, runs a shop out in the suburbs.Mark said Kevin is a miracle worker with water-damaged laptops. Have to text Kevin first thing tomorrow morning.Phone: +1-416-555-0123He charges around $200 just to look at it, but it's worth it.Need to drop off the laptop before 10 AM if I want same-day service.",24,Female,en_US,Graduate Student,contact,,,,,,
4,HUNGNV5,,MinhBH,hold,trùng format,ok,2026/03/07,0,Note,Noah,"Finally found a potential dog walker for Buster!Chatted with a girl named Emily at the dog park this afternoon.She handles a lot of hyperactive labs, so she can definitely handle my boy.She has a bonded and insured pet sitting business.Rates are $25 for a 45-minute walk, which is cheaper than Rover.Need to set up a meet and greet for this weekend.Her cell is +1-555-019-7462.She said texting is the best way to reach her during the day.I should ask her for two client references just to be safe.Also need to confirm if she has experience giving dogs oral medication.",35,Male,en_US,Software Engineer,contact,,,,,,
5,HUNGNV5,,MinhBH,hold,"- trùng format
- trùng số dòng",ok,2026/03/07,0,Note,William,Got a business card from the plumber who fixed the sink.His name is Hector and he was super fast and didn't overcharge.He ALSO does general contracting and bathroom remodels.His number: +1-555-013-4829He said he gives free estimates on Saturdays.I should give him a call next month when we have the budget.Email is hector.builds@emailprovider.comReminder: check his Yelp reviews just to see pictures of his tile work.Also ask him if he pulls the permits or if we have to do it.,42,Male,en_US,Chef,contact,,,,,,
6,HUNGNV5,,MinhBH,hold,"- trùng format
- trùng số dòng",ok,2026/03/07,0,Note,Mia,"Met a freelance graphic designer who specializes in packaging.Name: Samantha Cole.Her portfolio looked exactly like the vibe we want for the new coffee line.Very minimalist, lots of earth tones.She's currently taking new clients starting in November.I need to email her our brand guidelines by Friday.Contact number: +1-604-555-0188Email: samanthacole_design@webmail.comNeed to schedule a Zoom call with her and the marketing team.She seems very professional and easy to work with.",31,Female,en_US,Marketing Exec,contact,,,,,,
7,HUNGNV5,,MinhBH,hold,"- trùng format
- trùng số dòng",ok,2026/03/07,0,Note,Ethan,"Car broke down on I-95 again, I am so done with this Honda.The tow truck driver (Mike) gave me his uncle's mechanic shop info.The place is called ""Ray's Auto Fix"" on 4th street.Mike swore Ray won't rip me off for an alternator replacement.Shop phone: +1-555-011-3827Call them at 8 AM sharp because they'll get busy.Ask for Ray specifically and mention Mike the tow guy sent me.I need to ask if they have a payment plan or accept CareCredit.Can't afford a $600 repair right now out of pocket.",22,Male,en_US,Retail Worker,contact,,,,,,
8,HUNGNV5,,MinhBH,hold ,- Trùng format,ok,2026/03/07,0,Note,Ava,"Notes from the wedding catering tasting.Chef's name is Julian from ""Taste of the Valley"".The short rib was amazing, but the chicken was a bit dry.Julian said he can adjust the sauce for the chicken no problem.We need to finalize the guest count and send it to him by the 15th.His direct line for urgent changes: +1-555-017-9933Email: julian.catering@valleyevents.comMust remember to ask him about gluten-free options for Aunt Mary.Also need to confirm if they provide the plates and silverware or if we rent them.He requires a 50% deposit to lock in the date.I'll call him tomorrow during my lunch break to pay it.",28,Female,en_US,HR Specialist,contact,,,,,,
9,HUNGNV5,,,hold,"- ngắn
- trùng format",ok,2026/03/07,0,Note,Benjamin,"Greg from the office recommended his CPA, Lisa Wong.He said she is great at handling freelance income and deductions.Lisa's office number: +1-403-555-0145She offers a free 30-minute consultation for new clients.Need to call her front desk to book an appointment for late February.Bring last year's return and all the 1099 forms.",38,Male,en_US,Architect,contact,,,,,,
10,HUNGNV5,,MinhBH,hold,trùng format,ok,2026/03/07,0,Note,Logan,"Met a really cool guy at the vintage guitar shop today.His name is Arthur and he restores old tube amplifiers.My Fender Twin Reverb has been buzzing for months, which driving me crazy.He said it probably just needs new capacitors and a re-tube.He works out of his garage on the east side of town.Phone: +1-555-014-6621 (he prefers calls, not good with texting).I should bring the amp over to him this Saturday morning.He quoted me around $150 for labor plus parts, which is super fair.",45,Male,en_US,High School Teacher,contact,,,,,,
11,Nganp1,,HAINV2,accepted,ok,ok,2026/03/07,0,Note,Marcus Hill,"Plumbing contact – Mike. Saved this after the pipe leak in the kitchen last winter.Mike was the plumber the neighbor recommended.He came the same day and fixed the sink pretty quickly.
Phone: +1 415 682 9033
Works mostly around the Oakland / Berkeley area.Good guy, explained what caused the pipe crack.Call him if the bathroom drain keeps making that gurgling sound again.Also said he can install the new garbage disposal if I decide to buy one.Try weekdays before 4pm because he said evenings get busy.Remember to ask about the estimate before scheduling.",39,Male,en_US,Warehouse Supervisor,contact,,,,,,
12,Nganp1,rework done,HAINV2,hold,"trùng format
8 dòng",ok,2026/03/07,0,Note,Danielle Brooks,"Dog sitter contact
Name: Rachel Kim
Phone: +1 310 778 4521
Met her at the dog park near Maple Street.She offered to watch Luna when I travel for work.She has two golden retrievers and seems really responsible.Lives about 10 minutes away so drop-offs should be easy.Rates were around $35 per day if overnight.Need to text her at least a week before trips.She prefers communication by text instead of calls.Good backup sitter if my sister isn’t available.",28,Female,en_US,Graphic Designer,contact,,,,,,
13,Nganp1,rework done,HAINV2,hold,"- trùng format
- trùng số dòng
9 dòng",ok,2026/03/07,15,Note,Aaron Patel,"Car mechanic recommendation
I met him through a colleague when myHonda started making a clicking noise. Its a small shop, but he's very knowledgeable about Hondas. It's located somewhere near the Tempe industrial area. He replaced my brake pads last spring. The price was much cheaper than the dealer's quote. If the engine fault light comes on again, call him first. He's usually open Monday to Saturday mornings. Bring cash because he'll give you a small discount.
Joe Ramirez – independent mechanic
Phone number: +1 602 901 7745",34,Male,en_US,IT Support Specialist,contact,,,,,,
14,Nganp1,rework done,HAINV2,hold,"trùng format
8 dòng",ok,2026/03/07,22,Note,Lauren Whitfield,"Piano Teacher Emma

Mrs. Katherine Doyle

Phone n: +1 617 540 2884

Another parent at emma’s school suggested it
Studio Near Brookline Library
type: Beginner piano lessons for kidddd🎹
Schedule Tuesday afternoons
Payment: not sure",41,Female,en_US,Elementary School Teacher,contact,,,,,,
15,Nganp1,rework done,HAINV2,hold,"trùng format
8 dòng",ok,2026/03/07,45,Note,Tyler Jensen,"Moving company contact note
BrightWay Movers – spoke with a guy named Kevin.
Direct phone: +1 720 311 6840
Got this number when we moved apartments last year.They handled the couch and bed frame without scratching anything.Kevin said to text photos of large furniture beforehand.Based in Denver but covers nearby suburbs too.If we move again next summer call them early.Weekends book out fast.Rates were hourly plus truck fee.Save this in case friends ask for a mover recommendation.",30,Male,en_US,Real Estate Assistant,contact,,,,,,
16,Nganp1,rework done,HAINV2,hold,"- trùng format
- trùng số dòng
6 dòng",ok,2026/03/07,0,Note,Sabrina Lopez,"Hair stylist info - Alicia Torres

Met her at the salon downtown Miami.She did the layered haircut as I like last October.Specializes in curly hair which is hard to find.Appointments usually fill up two weeks ahead.She prefers clients to text instead of calling.Works Wednesday through Sunday.If I want color done she said book a longer session.Keep this number for next haircut around April. Her Phone: +1 305 422 9517",26,Female,en_US,Retail Store Manager,contact,,,,,,
17,Nganp1,rework done,HAINV2,hold,"- trùng format
- trùng số dòng",ok,2026/03/07,25,Note,Gregory Shaw,"**Tax Accountant – Note**
* **Name:** David Klein, CPA
* **Phone:** +1 212 889 4076
* **Referred by:** My cousin during tax season
* **Office location:** Somewhere near Midtown Manhattan
**Notes:
* Helped file last year’s freelance income properlyy
* Very patient when explaining deductions
* Email was mentioned, but phone is faster for appointments
* Plan to call again around late February
* Bring receipts and 1099 forms when meeting
* Good contact to keep if finances get complicated againn
",45,Male,en_US,Freelance Photographer,contact,,,,,,
18,Nganp1,rework done,HAINV2,hold,"trùng format
8 dòng",ok,2026/03/07,0,Note,Nicole Harding,"Babysitter contact saved after PTA meeting
Name: Chloe Bennett
High school senior who babysits in the neighborhood.Several parents recommended her.Watched the kids once during our anniversary dinner.Very polite and kept the house tidy.Charges about $15 per hour.Lives three blocks away so she can come quickly.Text her a day ahead if we need help.Save this for occasional weekend evenings.
Phone: +1 503 733 1940",37,Female,en_US,Dental Hygienist,contact,,,,,,
19,Nganp1,rework done,HAINV2,hold,trùng format,ok,2026/03/07,4,Note,Brandon Cole,  ,33,Male,en_US,Bartender,contact,,,,,,
20,Nganp1,,HAINV2,accepted,ok,ok,2026/03/07,0,Note,Heather McMillan,"Local gardener contact
Name: Peter Walsh
Phone: +1 408 915 3722
Met him when he was landscaping the neighbor’s yard.Asked about help with trimming the big hedges.He said spring is the best time for shaping them.Works mostly around San Jose area.Friendly older guy who’s been gardening for years.Need to call him before April if I want the yard cleaned up.He also mentioned installing drip irrigation.Keep number saved for seasonal yard work.",44,Female,en_US,Librarian,contact,,,,,,
21,NhiNX,,DuongTC,accepted,ok,ok,2026/03/07,0,Note,Aaron T.,"Derek Collins: plumber contact saved after pipe issue
phone: +1 513-555-2784

February kitchen sink pipe burst: landlord called Derek
Derek suggested keeping number for future plumbing issues

notes:
- building plumbing old
- fragile pipes
- hot water pressure fluctuates
- if leak happens: shut off valve under sink first
text Derek early if drainage slows: avoid bigger problems",32,Male,en_US,Delivery Dispatcher,contact,,,,,,
22,NhiNX,,DuongTC,accepted,ok,ok,2026/03/07,0,Note,Lauren P.,"babysitter contact: after visiting sister

Megan Foster
+1 720-555-9137

sister recommended Megan: watched nephew several times
Megan studies early childhood education
babysits part time: evenings: weekends

met Megan briefly last sunday
seemed patient: brought small games for kids

possible reason to call:
company dinner next month

ask Megan: watch two kids at once
texting works best: Megan in classes during day",30,Female,en_US,Dental Hygienist,contact,,,,,,
23,NhiNX,,DuongTC,hold,- trùng format,ok,2026/03/07,0,Note,Kyle B.,"Tony Alvarez: mechanic found during road issue
phone: +1 915-555-6671

stopped at Tony’s small garage: outside El Paso
truck making grinding sound

Tony inspected brakes: pads worn
not dangerous yet: need replacement soon

Tony recommended: return in few weeks
shop opens early: around 7am most days
garage location: near highway exit

if noise gets louder: call Tony immediately
fix before driving long distances: save number: Tony mechanic",44,Male,en_US,Construction Worker,contact,,,,,,
24,NhiNX,,DuongTC,hold,- trùng format,ok,2026/03/07,14,Note,Danielle S.,"hair stylist recommendation from Nina: work

Rachel Kim
phone: +1 323-555-4821

Nina trusts Rachel: color treatments: natural highlights
salon location: Silver Lake neighborhood
changing hair color: this summer

before scheduling: ask Rachel:

- consultation appointment required first

- price: color: trim

- weekend time slots available

Nina said Rachel books quickly: reach out couple weeks ahead",27,Female,en_US,Social Media Manager,contact,,,,,,
25,NhiNX,,DuongTC,accepted,ok,ok,2026/03/07,7,Note,Gregory W.,"BrightCare Dental scheduling number

appointment line
+1 317-555-8056

receptionist gave number: last cleaning visit
fastest way: change: book appointments

Dr. Patel handled cleaning earlier: everything went smoothly

next routine checkup: around November

when calling: remember:

- confirm insurance on file

- ask: early morning slots available

office downtown: near courthouse building
parking garage attached: makes visits easier",51,Male,en_US,High School Teacher,contact,,,,,,
26,NhiNX,,DuongTC,hold,trùng format,ok,2026/03/07,8,Note,Maria C.,"building maintenance supervisor contact

Luis Ramirez
phone: +1 305-555-4490

Luis repaired air conditioning: hot week in July
unit stopped working: apartment warm quickly

fixed issue thirty minutes
explained filter needed cleaning: adjustment

if anything breaks: contact Luis first

ask Luis check later:

- balcony door lock sticking

- water pressure shower inconsistent

Luis works mornings in building: keep number saved",38,Female,en_US,Travel Agent,contact,,,,,,
27,NhiNX,,DuongTC,hold,trùng format,ok,2026/03/07,16,Note,Patrick L.,"gym trainer after class

Jordan Mills
phone: +1 646-555-3379

met Jordan after strength training: last week
asked Jordan: improving squat form

Jordan offers private coaching sessions: help technique: structured workout plans
gym location: downtown Manhattan: near office

ask Jordan:

- price: training sessions

- custom programs

- early morning workouts available

Jordan mentioned texting works best: between clients
booking before fall training season",34,Male,en_US,Financial Analyst,contact,,,,,,
28,NhiNX,,DuongTC,hold,trùng format,ok,2026/03/07,5,Note,Sophie R.,"photographer: farmers market event

Caleb Turner
+1 206-555-6183

photographing food vendor: market
talked briefly: covers private events

work looked good: natural candid style: not overly posed

possible use:
Emma’s graduation celebration next summer

questions for Caleb:

-availability in June

-rates: two: three hours coverage

-typical turnaround time: edited photos

replies to texts within day",31,Female,en_US,Elementary School Teacher,contact,,,,,,
29,NhiNX,,DuongTC,accepted,ok,ok,2026/03/07,15,Note,Brian K.,"It support contact: coworking space

Samir Shah
phone number : +1 408-555-5922

laptop suddenly refused connection: shared Wi-Fi
Samir helped: checked network settings: solved problem quickly
router conflict caused disconnects

works independently: tech consultant

call later: upgrade home internet system
installs mesh Wi-Fi networks: apartments

send message first before contacting: describe issue: Samir knows tools needed",40,Male,en_US,Product Manager,contact,,,,,,
30,NhiNX,,DuongTC,accepted,ok,ok,2026/03/07,3,Note,Emily J.,"moving truck driver: last apartment move

Tom Rivera
phone:
+1 281-555-7234

drove moving truck: Dallas to Houston last year
handled furniture carefully: labeled boxes: made unpacking easier

contact Tom directly if moving again: lease ends next spring

before booking: ask Tom:

- still works with same moving company

- availability: weekend moves

save number: avoid searching for movers later",36,Female,en_US,HR Specialist,contact,,,,,,
31,HungLD,,MinhBH,accepted,ok,ok,2026/03/07,13,Note,Brandon H.,"Roof repair contact – keep this handy for when you need it.
Name: Mike Carter
Phone: +1 312-555-7841
Company Carter Roofing Services

I met Mike last fall when he came to check Tom’s roof after the big storm.
He mentioned that he’s often working around our neighborhood too.
I need to call him about the small leak over the garage.
The best time to call him is on weekday mornings before 10am, as noted on his card.
He said they usually set up inspections within two or three days.
Also, ask him about the warranty on shingle replacement.
Tom mentioned that his pricing was fair when compared to the other contractors.
If he doesn’t pick up, just leave a voicemail with the address and say that Tom sent me.",41,Male,en_US,Real Estate Agent,contact,,,,,,
32,HungLD,,,hold,trùng format,ok,2026/03/07,0,Note,Melissa R.,"Here is the dog sitter contact information.
Emily Watkins
Phone: +1 415-555-2098

Emily Watkins took care of our dog Daisy while we were in Seattle last summer.
Was really good with Daisy.
She lives just three blocks away, near Pine Street.
Emily is great with dogs that get nervous.
She shares photo updates every evening to keep us posted on how our dog is doing.
We should ask Emily if she’s available to watch our dog during the weekend in May.
She usually charges us for every night she watches our dog.
She offered us a little discount the last time we worked with her.
If you want to reach Emily, it's best to text her first before calling.
Emily mentioned that she prefers to talk about scheduling between 8 and 10 in the morning.
We should check with Emily to see if she’s still hosting stays at her place.
We should probably check with her to see if she can water our plants, just like she did when she looked after our dog.
It's a good idea to have Emily's phone number saved because finding a good dog sitter like her isn't easy.",29,Female,en_US,Graphic Designer,contact,,,,,,
33,HungLD,,MinhBH,hold ,trùng format,ok,2026/03/07,0,Note,Daniel P.,"I bumped into Carlos Mendoza, a freelance electrician, while he was working on the lighting in our office building lobby.He’s a good guy who explained everything to me in a way that was easy to understand.I saved his phone number, +1 602-555-6634, because I’m considering changing the lighting in my kitchen.Carlos said he used to work for a company, but now he works for himself.Carlos typically spends his weekends working on houses.I need to speak with Carlos about putting in dimmer switches and some new outlets.Hementioned that getting pictures of what needs to be done gives him a better idea of how much it will cost.Carlos lives in Phoenix.He travels around the city to finish his work.Carlos  said he has a license and insurance.I should remember to call Carlos before I begin the renovation project.",37,Male,en_US,Restaurant Manager,contact,,,,,,
34,HungLD,,,hold,trùng format,ok,2026/03/07,0,Note,Rachel K.,"I want to get in touch with a piano teacher.
The piano teacher I found is Linda Greer.
Her phone number is +1 718-555-1489.
I saw Linda's information on the community center bulletin board.
Teaches piano lessons to beginners and people who are a little more advanced.
I am thinking about signing my daughter Lily up for piano lessons with Linda this fall.
She said that kids usually start out with piano lessons that are thirty minutes long once a week.
Linda has a studio where she teaches piano lessons.It is located in Brooklyn near Prospect Park.
I need to ask Linda if she has any time on Saturday mornings for piano lessons.
Linda mentioned that she usually has a recital for her students in December.
I should call Linda after I finish work this week.
When I call Linda I will also ask her what books my daughter Lily should get before her piano lesson with Linda .
I am going to save this information because good piano teachers, like Linda tend to fill up.",35,Female,en_US,Elementary School Teacher,contact,,,,,,
35,HungLD,,,hold,trùng format,ok,2026/03/07,30.8,Note,Marcus D.,"My coworker suggested a mechanic.
Name: Tony Alvarez
Phone: +1 210-555-9352
My colleague Josh really likes Tony. He says Tony is the mechanic in San Antonio.
He said Tony managed to fix his truck in just one afternoon. The dealer said it would take three days.
The shop could be named Alvarez Auto Garage.
I need to give Tony a call about the noise my Civic is making.
Josh told me Tony’s a straightforward guy who won’t try to sell me stuff I don’t actually need.
It's a good idea to call early in the morning since the shop gets really busy.
If my schedule lines up, I’ll bring the car in on Friday.
I should probably ask him to check the brakes while it’s there.
It's handy to have a mechanics contact saved.
I need to remember to mention to Tony that Josh Martinez was the one who referred me.",44,Male,en_US,Warehouse Supervisor,contact,,,,,,
36,HungLD,,,hold,trùng format,ok,2026/03/07,0,Note,Olivia S.,"Local photographer contact
Name: Sarah Lin
Phone: +1 503-555-4077
I met Sarah at te farmers market weekend.
She was taking pictures for a vendor booth.
She showed me her work.
I am thinking about hiring her for family photos in the fall.
Sarah specializes in natural-light portraits.
She said the best time for photos is around sunset.
Her studio is in Portland. She goes to nearby parks.
I need to send her a message, about her prices.
She likes it if you text her first because she is often taking pictures.
I also want to ask if she offers photo shoots.
I will keep her info here so I do not lose her number.",32,Female,en_US,Marketing Coordinator,contact,,,,,,
37,HungLD,,,hold,trùng format,ok,2026/03/07,0,Note,Tyler B.,"Kayak rental guide contact
Name: Greg Hollis
Phone: +1 904-555-5226
Met Greg during the kayaking tour near Jacksonville beach.
He mentioned he also organizes small group trips on weekends.
Thinking about booking another outing with a few friends.
Greg knows a lot about the coastal marsh areas.
He said spring is the best time to see dolphins out there.
Usually answers texts quicker than calls.
Need to ask him about pricing for a group of four people.
Also check what equipment we need to bring ourselves.
He told me they launch near the public marina.
Save this number so I can plan another trip later.",,Male,en_US,Fitness Trainer,contact,,,,,,
38,HungLD,,MinhBH,hold ,2 câu liên tiếp AI,ok,2026/03/07,0,Note,Kevin M.,"Plumber contact. Keep this for house repairs

* Name: Jason Miller

* Phone: +1 614-555-9283

Got Jasons number from our neighbor Mark. Marks basement pipe burst in winter. He said Jason helped fix their water heater the day they called.

I talked to Jason when he came to check the leak in our room. He seemed professional. He explained the issue without rushing.

I need to call Jason about the drain in the upstairs bathroom sink. He said sending photos first helps him understand the problem quicker.

Jason is usually available, on weekday afternoons. Sometimes he works on Saturdays too.

Reminder: I need to ask Jason about the cost to replace pipes. I also want to check if he installs water filtration systems.

Keep this saved so I don't lose Jasons contact. He seems like a plumber.",45,Male,en_US,Insurance Adjuster,contact,,,,,,
39,HungLD,,,hold,trùng format,ok,2026/03/07,2.8,Note,Natalie S.,"Freelance computer repair guy

Name: Ethan Brooks

Phone: +1 720-555-8164

I met Ethan year through a coworker. My laptop had stopped booting. He fixed the problem in one evening. He recovered most of my files.

Ethan handles computer repair and tech troubleshooting on his own. I saved his number. I might need help with my desktop.

He mentioned home Wi-Fi networks and routers. He helps people set them up.

The best way to reach him is to send a text before calling. He usually gets back to you within a hours. Unless he is busy with a job.

I should ask him about upgrading my storage drive. I also wonder if he builds custom PCs for gaming.

It's an idea to keep tech contacts, like Ethan saved in your notes.",34,Female,en_US,Dental Hygienist,contact,,,,,,
40,HungLD,,MinhBH,hold ,câu cuối bị liên tiếp,ok,2026/03/07,0,Note,Trevor L.,"I know a guy named Ethan Brooks who does Freelance Computer Repair Service. He is really good at fixing computers.

I met Ethan Brooks at the office a year ago. My laptop was not working. It would not turn on. Ethan was able to fix it in one evening and he even got most of my files back.

Ethan does his computer repair work and he is also good at figuring out what is wrong with computers.

Ethan is the person to go to when you have computer problems.

I have Ethan's phone number, which's +1 720-555-8164 written down somewhere so I can call him if my desktop computer breaks.

I think Ethan can also help you set up your home Wi-Fi network and router.

If you want to call Ethan Brooks you should text him first so he knows you are going to call.

He will usually call you back in an hour unless Ethan Brooks is busy fixing someone Computer.

I need to make him a call because I wanna ask about getting a storage drive for my computer.

I am also wondering if Ethan Brooks builds custom gaming computers.

It is an idea to write down the phone numbers of people like Ethan who are good, at fixing computers so you can find them easily when you need them.",28,Male,en_US,Logistics Coordinator,contact,,,,,,
41,PhucVQ,,MinhBH,accepted,ok,ok,2026/03/07,7.3,Note,Daniel Harper,"Plumber contact – Mike (called him when the kitchen pipe burst last winter)                                
Name: Mike Rodriguez – local plumber recommended by neighbor Tom                                        
Phone: +1 415 672 9033                                        
Works mostly around San Mateo and Redwood City                                        
Very responsive when I texted late evening                                        
Charged fairly but bring cash just in case                                        
Said he can usually come same day for emergencies                                        
Need to call him again about the slow leak under the bathroom sink                                        
Also ask about replacing old water heater soon                                        
Best time to reach him is mornings before 10                                        
Remember he prefers texts first before calling                                        
Saved because trustworthy tradespeople are hard to find",41,Male,en_US,Insurance Adjuster,contact,,,,,,
42,PhucVQ,,,hold,trùng format,ok,2026/03/07,8.2,Note,Rachel Kim,"Contact: Dr. Amanda Lee (family dentist)                                
Office phone: +1 617 555 9033                                        
Clinic is called ""Harbor Dental"" in Cambridge                                        
I started going there after Emily recommended her                                        
Very patient with nervous patients which helps a lot                                        
Last cleaning was back in October                                        
Need to schedule another checkup sometime next month                                        
They usually send reminder texts but I like keeping this here                                        
Parking behind the building is limited                                        
Call early in the day for appointments                                        
Receptionist name is Carla                                        
Remember to ask about whitening options",29,Female,en_US,Marketing Coordinator,contact,,,,,,
43,PhucVQ,,,hold,trùng format,ok,2026/03/07,2.7,Note,Kevin Boyd,"Electrician info – Trevor                                
Trevor Liu                                        
Phone: +1 646 288 4471                                        
Met him when he fixed the hallway lighting in the building                                        
Landlord recommended him for apartment wiring issues                                        
Really quick job replacing two broken outlets in the kitchen                                        
Explained what caused the short circuit which was helpful                                        
Said to call if breaker keeps tripping again                                        
I should schedule him to check the old fuse box soon                                        
He usually works in Manhattan and Brooklyn                                        
Text him photos of the issue before scheduling                                        
Rates seemed reasonable compared to others                                        
Remember to ask about installing a ceiling fan in bedroom",29,Male,en_US,Graphic Designer,contact,,,,,,
44,PhucVQ,,,hold,trùng format,ok ,2026/03/07,2.69,Note,Olivia Sanders,"Linda Torres – dog sitter                                
Mobile: +1 503 441 2782                                        
Found her through the local neighborhood Facebook group                                        
She watched Milo for 3 days when I going to Seattle                                        
Sent photo updates every morning which was nice                                        
Lives about two streets away so pickup is easy                                        
Charges $35 per day for boarding                                        
Also does short notice walks sometimes                                        
Need to text her for the trip in August                                        
Milo seemed really comfortable around her                                        
She has a golden retriever named Daisy                                        
Probably best sitter I've used so far                                        
Remember to bring Milo's food when dropping him off                                        
Backup contact if Rover app sitters cancel",32,Female,en_US,Elementary School Teacher,contact,,,,,,
45,PhucVQ,,,hold,trùng format,ok,2026/03/07,0,Note,Aaron Lewis,"Carl Henderson – plumber				
Phone: +1 720 908 1452					
Referred by the property manager for the condo					
Fixed the kitchen sink leak back in February					
Showed up on time which is rare for contractors					
Left his card stuck to the fridge actually					
Said he covers most of Denver metro					
If the bathroom pipe keeps rattling I should call him					
Pretty friendly guy, talked about fishing a lot					
Rates seemed normal for plumbing work					
Save this number in case of emergency leaks",41,Male,en_US,Insurance Adjuster,contact,,,,,,
46,PhucVQ,,,hold,trùng format,ok,2026/03/07,2.8,Note,Olivia Turner,"Accountant contact for tax help                                
Name: Rachel Kim                                        
Phone: +1 212 730 1189                                        
Friend Lily referred me to her during last tax season                                        
She specializes in freelance and small business taxes                                        
Very patient explaining deductions for contract work                                        
Office is somewhere near Midtown but meetings can be virtual                                        
Need to schedule early next year before April rush                                        
Send her last year’s documents ahead of time                                        
She mentioned she also helps with quarterly estimates                                        
Email is best but phone works if urgent                                        
Saved here so I don’t lose her contact again                                        
Definitely using her next filing season",37,Female,en_US,Interior Designer,contact,,,,,,
47,PhucVQ,,,hold,detector 24%,ok,2026/03/07,3.3,Note,Jessica Miller,"Maria Gutierrez – tailor who altered my work suits				
Contact number: +1 213 667 5201					
Shop is a tiny place near 3rd Street in LA					
Found her after reading Yelp reviews					
She shortened two blazers and fixed the lining					
Really precise stitching, everything fits better now					
Turnaround time was about four days					
She prefers calls instead of texts					
Might bring my navy dress there next week					
Also does wedding dress alterations apparently					
Very sweet older lady running the shop					
Keep this contact for future clothing fixes",27,Female,en_US,HR Specialist,contact,,,,,,
48,PhucVQ,,,hold,trùng format,ok,2026/03/07,4,Note,Melissa Grant,"Dog sitter contact – Jenna                                
Jenna Walsh                                        
Phone: +1 303 555 9184                                        
Met her through the neighborhood Facebook group last summer                                        
She watched Cooper for three days while we went to Aspen                                        
Super responsible and sent daily photo updates                                        
Lives only a few blocks away near Maple Street                                        
Charges about $25 per walk or overnight stay                                        
Need to check if she’s available for our July vacation                                        
Also ask if she still boards dogs at her house                                        
Text first rather than call (she mentioned she works shifts)                                        
Keep her number handy because holiday weeks fill up fast                                        
Definitely my first choice for dog sitting",34,Female,en_US,Marketing Manager,contact,,,,,,
49,PhucVQ,,,hold,trùng format,ok,2026/03/07,2.8,Note,Tyler Bennett,"Coach Ryan Miller – local running group organizer                                
Phone: +1 646 389 7754                                        
Met him during the Saturday Central Park run club                                        
Leads the 10K training group every weekend                                        
Pretty motivating coach without being intense                                        
Mentioned he also does personalized training plans                                        
Thinking about signing up for the fall half marathon program                                        
He said texting works best during the day                                        
Group meets near the Columbus Circle entrance                                        
Usually around 8am Saturdays                                        
Need to confirm next week's route with him                                        
Friendly guy, used to run college track                                        
Saved his number so I don't lose it",36,Male,en_US,Financial Analyst,contact,,,,,,
50,PhucVQ,,,hold,trùng format,ok,2026/03/07,0,Note,Brandon Scott,"Nate Collins – auto mechanic				
Cell: +1 602 701 9985					
Works at Desert Ridge Auto Repair					
My coworker Luis recommended him last year					
He replaced the brake pads on my Honda					
Didn't try to upsell anything which I appreciated					
Explained what needed fixing and what could wait					
Said I should come back around 5k miles later					
Shop opens early around 7am					
Call ahead because they get busy					
Solid mechanic, keeping his contact here",38,Male,en_US,Warehouse Supervisor,contact,,,,,,
51,DuongTC,,,hold,"- trùng format
- my detector 40%",ok,2026/03/07,8.4,Note,Alicia,"Call regarding apartment plumbing repair
Contact: Mike Reynolds - the plumber who fixed the kitchen leak last year.
Phone: +1 415-982-4471
Met him through the landlord during emergency pipe issue.
They were pretty reliable and even arrived early, which was nice.
I need to ask if he can check the drip in the bathroom sink as well.
Make sure to ask about the cost estimate before setting up an appointment.
He sometimes works on weekends.
Best time to call is after 9am.
Hold onto his number just in case the heater starts acting up again.
Make sure to include the building address on Pine St.",34,Male,en_US,Marketing Coordinator,contact,,,,,,
52,DuongTC,,,,ok,ok,2026/03/07,6.9,Note,Alisha,"Vet contact for Luna, my golden retriever.
Dr. Karen Patel - Riverside Animal Clinic.
Phone: +1 312-555-9082
Saved after Luna’s vaccination appointment in February.
The clinic was really patient with nervous dogs.
Need to call next month to schedule for flea treatment.
I also want to ask about switching to a different food brand.
Parking behind the clinic is limited, need to arrive early.
They send reminders but I like to confirm myself.
Receptionist name might be Julia.
Keep the number handy in case Luna eats something weird again.
Open Monday through Saturday",27,Female,en_US,Dental Assistant,contact,,,,,,
53,DuongTC,,,hold,trùng format,ok,2026/03/07,3.4,Note,Trevor,"IT help contact from old job.
Name: Alex Gutierrez
Phone: +1 646-203-7789
Worked with in a system upgrade project on 2022.
Really good with network troubleshooting.
Saved number because he offered freelance help if needed.
If my home server keeps dropping connection I might text him.
He prefers text first instead of random calls.
Lives somewhere in Queens now I think.
Also builds custom PCs on the side.
Could ask him for advice about new graphics card.
A chill guy, easy to talk to.
Met originally through coworker Daniel.",39,Male,en_US,Warehouse Supervisor,contact,,,,,,
54,DuongTC,,,hold,trùng format,ok,2026/03/07,0,Note,Megan,"Wedding photographer lead
Name: Olivia Chen Photography
Phone: +1 917-440-2216
Found through Instagram portfolio.
Her style is very natural lighting and outdoor shots.
Thinking about booking for October wedding.
Need to ask about half-day vs full-day package.
Also check if she travels to Vermont venues.
Her website said dates fill quickly.
Email was slow last time so maybe call directly.
Budget target around $2500 if possible.
Save sample gallery she sent.
Reminder to talk with Ryan before confirming date.
Ask about engagement photo session option.
Also check contract deposit rules.",31,Female,en_US,Event Planner,contact,,,,,,
55,DuongTC,,,hold,trùng format,ok,2026/03/07,0,Note,Derek,"Auto repair recommendation.
Samir Khan - an independent mechanic.
Phone: +1 408-771-5632
Mark suggested when the Honda had a brake noise.
Apparently he used to work at a dealership.
Charges less but still uses good parts.
Need to call before next oil change.
Ask him if he can inspect the suspension too.
Shop is somewhere near Santa Clara industrial area.
Open early mornings according to Mark.
Would rather call midweek than Monday.
Keep contact saved for emergencies on road trips.
Also ask about tire rotation price.",42,Male,en_US,Delivery Driver,contact,,,,,,
56,DuongTC,,,,ok,ok,2026/03/07,7.3,Note,Hannah,"Piano teacher option for weekend lessons.
Name: Mrs. Laura Bennett.
Phone: +1 503-602-1148
Got her number from the community center bulletin board.
She teaches beginner to intermediate adults.
I'm thinking about restarting practice this year.
Need to ask if Saturday afternoon slot is open.
Lesson price listed around $40 per hour.
She mentioned flexible scheduling during the summer.
Studio located near Hawthorne area.
Maybe ask if trial lesson is possible.
If I go, I'll bring the old sheet music.
Also curious if she teaches music theory basics.
Remember to call after work hours.
Lessons can start sometime in April maybe.
Very excited but also nervous to play again.",29,Female,en_US,Librarian,contact,,,,,,
57,DuongTC,,,hold,trùng format,ok,2026/03/07,2.8,Note,Marcus,"Realtor contact from open house visit
Name: Daniel Brooks
Phone: +1 720 884 3329
Met him at a townhouse showing last Sunday.
He seemed knowledgeable about Denver neighborhoods.
Saved number in case we decide to seriously start house hunting.
Need to ask about listings under 450k.
Also want info on first-time buyer programs.
He offered to send new listings by text.
His card mentioned 12 years experience.
Call sometime this week after work.
Emily wants a place with small yard.
Ask about commute distance to downtown.
Remember to compare mortgage estimates first.
Don’t rush decision though.
Still just researching right now.
But good to have a contact ready.",37,Male,en_US,High School Teacher,contact,,,,,,
58,DuongTC,,,hold,trùng format,ok,2026/03/07,3,Note,Olivia,"Hair stylist recommendation
Name: Natalie Ross
Phone: +1 214 555 6721
Chloe recommends her for layered cuts.
Works at a salon in uptown Dallas.
Thinking about trying something shorter for summer.
Need to call and ask about consultation appointment.
Apparently she books weeks ahead.
Also does color treatments but those cost extra.
Look at the photos Chloe sent again.
Ask about maintenance for bangs.
Parking around the salon might be tricky.
Prefer weekday evening appointment.
Save number to not lose it again.
Could be a good regular stylist if it works out.
Remember to mention Chloe referred me.
Bring hairstyle reference pictures.",26,Female,en_US,Marketing Coordinator,contact,,,,,,
59,DuongTC,,,hold,trùng format,ok,2026/03/07,3,Note,Ethan,"Guitar repair shop contact
Tom Alvarez - local luthier
Phone: +1 602 993 4184
Met him at the music store.
He adjusted the neck on the acoustic once.
Did a really careful job and explained everything.
Need to ask if he replaces pickups on electric guitars.
My Strat has buzzing issues lately.
He said texting photos helps diagnose faster.
The shop usually closed Sundays.
Might stop by next week after work.
Also curious about restringing service price.
Keep contact saved for future guitar maintenance.
He mentioned he’s been repairing instruments for 25+ years.",33,Male,en_US,Audio Technician,contact,,,,,,
60,DuongTC,,,hold,trùng format,ok,2026/03/07,4.8,Note,Rachel,"Babysitter recommendation from coworker.
Name: Emily Carter
Phone: +1 617 731 5095
Sarah from office used her for date nights.
Apparently great with toddlers and very responsible.
Thinking about asking her to watch Noah occasionally.
Need to text first and introduce myself.
Ask about weekend availability.
Also confirm hourly rate before scheduling.
Sarah said she brings small games for kids.
Lives not too far from our neighborhood.
Would feel better meeting her once beforehand.
Maybe invite for quick coffee chat.
Keep note so I remember where contact came from.
Important backup option when parents can’t help.",35,Female,en_US,HR Specialist,contact,,,,,,
61,HAINV2,,Nganp1,hold,"
- trùng format",ok,2026/03/08,0,Note,Ethan,Need to keep this contact for the flooring material supplier I talked to this morning. His name is Chris Dalton. Met him while checking prices for vinyl planks at the construction warehouse on West Street. He said their company recently started giving contractor discounts if you order more than 50 boxes. That might help on the apartment remodel job next month. I should call him early next week to ask about stock availability. He mentioned mornings are better because afternoons get busy with deliveries. Phone: +1-555-018-6421 He also said texting works if I just need quick pricing info. Ask him if they carry the oak color series. Also confirm delivery fees.,37,Male,en_US,Carpenter,,,,,,,
62,HAINV2,,Nganp1,accepted,ok,ok,2026/03/08,0,Note,Madison,"Writing down the contact for the bakery supplier I spoke with earlier today.Her name is Olivia Parker.I met her at the small business expo downtown.She distributes specialty chocolate and baking ingredients to local shops.Could be useful for seasonal menu items at the café.She said to call her sometime this week to talk about wholesale orders.Best time is late morning before lunch rush.Phone: +1-555-017-2034 She mentioned email works too but phone is faster.Email: olivia.parker.bakery@demo-mail.com
Need to ask about dark chocolate bulk pricing.Also check minimum order quantity.",30,Female,en_US,Café Manager,contact,,,,,,
63,HAINV2,,Nganp1,hold,"- trùng format
50%AI",ok,2026/03/08,0,Note,Brandon,"I wanted to share a quick note about the computer repair technician my coworker recommended. His name is Alan Rivera. He seems to fix laptops and handle small office networks. My desktop has been running slow lately, so I might need his help. I’ll try to get in touch with him sometime tomorrow afternoon. He mentioned that texting first tends to be simpler. Phone: +1-555-016-5578. He can also help with remote troubleshooting if the problem is related to software. I need to ask about how to clean the system and check the hard drive. Make sure to ask about his hourly rate before setting up anything.",28,Male,en_US,Marketing Assistant,contact,,,,,,
64,HAINV2,,Nganp1,hold,"- trùng format
50%AI
7 dòng",ok,2026/03/08,0,Note,Lauren,Contact info from the gardening workshop at the community center. Met a woman named Teresa Hill who sells organic vegetable seedlings. She grows them at a small greenhouse outside the city. Could be great for starting my backyard garden this spring. She said to reach out in early April when the new plants are ready. Phone: +1-555-014-7729 She prefers calls in the evening after 6 PM. Also mentioned she sometimes posts updates about plant availability through text messages. Need to ask about tomato and pepper seedlings.,42,Female,en_US,Librarian,contact,,,,,,
65,HAINV2,,Nganp1,hold,"trùng format
9 dòng",ok,2026/03/08,7,Note,Tyler,Writing this down so I don’t lose the contact again. Talked with a car detailing guy earlier today. Kevin Marshall was his name. Ran into him at the gas station while I was filling up the truck. He pointed out the swirl marks and scratches on the door. Said he could probably clean most of it up with polishing. Apparently he runs his own mobile detailing setup. Works out of a van and goes to customers instead of having a shop. That would make things easier for me honestly. I’m trying to get the truck looking decent before listing it online. He told me to text him if I want a price estimate. Phone: +1-555-019-6645 Need to ask about full interior detail and scratch removal. Also see if he does weekend appointments,39,Male,en_US,Delivery Driver,contact,,,,,,
66,HAINV2,,Nganp1,hold,"trùng format
6 dòng",ok,2026/03/08,0,Note,Chloe,"Contact from the yoga studio I visited this evening. The instructor’s name is Megan Foster. She teaches small group yoga classes three times a week. I liked the class so I’m thinking about signing up for a monthly membership. She told me to message her if I want details about schedules. Phone: +1-555-015-9322 She usually replies to texts quickly in the morning. Need to ask which days the beginner classes run. Also check the monthly price.
",24,Female,en_US,College Student,contact,,,,,,
67,HAINV2,,Nganp1,,"6 dòng 
",ok,2026/03/08,15,Note,Nathan,Need to save the contact for the appliance repair technician. His name is Robert Klein. The neighbor recommended him after I mentioned the washing machine making loud noises. Supposedly he fixes most brands and comes to the house. I should give him a call tomorrow morning. Phone: +1-555-018-4476 He said early calls are easier before he starts appointments. Need to explain the spinning noise issue. Also ask about inspection cost.,46,Male,en_US,Insurance Agent,contact,,,,,,
68,HAINV2,,Nganp1,hold,"trùng format
50% AI
6 dòng",ok,2026/03/08,0,Note,Avery,Contact from the art supply store downtown. Spoke with a manager named Daniel Wright. He said they can order specialty watercolor paper in bulk for local artists. That might help since the store usually runs out quickly. I should call him sometime next week. Phone: +1-555-012-6884 He suggested texting the exact paper brand I need. Also said they sometimes give discounts for bulk purchases. Ask about Arches cold press paper availability,33,Female,en_US,Illustrator,contact,,,,,,
69,HAINV2,,Nganp1,hold,"trùng format
48% AI
8 dòng",ok,2026/03/08,0,Note,Dylan,Quick note so I don’t lose the number. Talked with a guitar repair guy earlier today. Victor Lopez. Works at that little music store near the station. I brought up the problem with my acoustic guitar buzzing when I play certain chords. He said it might just need a neck adjustment and fresh strings. Honestly that would be a relief if it’s something simple. I should probably bring the guitar in before next week’s practice. Phone: +1-555-017-1149 He told me afternoons are usually quieter if I want to stop by. Need to ask about setup cost and maybe pick up a new strap while I’m there,27,Male,en_US,Music Teacher,contact,,,,,,
70,HAINV2,,Nganp1,failed,"trùng format
48% AI
","

ok",2026/03/08,7,Note,Samantha,"One thing - saving this contact for a cleaner someone mentioned lately. Julia Bennett runs the whole setup. Her crew handles homes, so far as I know. A thorough cleanup feels necessary around here. Guests arrive next month. That timing lines up well. A person mentioned Julia likes hearing from first-time clients who walk her through the home setup - helps her figure out how long it’ll take and what it might cost. Each space varies, after all. Maybe get in touch by midweek to check when she’s free. Calls seem to go better early, before her team kicks into gear for the day. Oh, also need to bring up whether kitchen gadgets or floor coverings in bathrooms fall under their detailed cleanup. Number to dial: +1-555-016-3907",35,Female,en_US,Music Teacher,contact,,,,,,
71,HAINV2,,Nganp1,accepted,ok,,2026/03/08,0,Note,Wesker,Wrote this down after stopping by the building supply place on the north side of Columbus. Guy behind the counter introduced himself as Robert Jenkins. We ended up talking about drywall prices and he mentioned their warehouse sometimes gives small contractors a better deal if we call ahead. Might need that soon because the basement job on Riverside Drive is starting in a couple weeks. Robert said mornings are easier for him before deliveries start coming in. Need to ring him sometime Monday and ask about moisture resistant boards and insulation rolls. He also mentioned they sometimes have leftover materials from big site orders that get discounted. Could be worth checking before buying retail. Phone: +1-614-555-2471 Office: +1-614-555-2420 Email: rjenkins.buildsupply@demo-mail.com,37,Male,en_US,Carpenter,contact,,,,,,
72,HAINV2,,Nganp1,hold,"trùng form 
46% AI",ok,2026/03/08,11,Note,Harper,"That yoga teacher at the little studio close to Capitol Hill in Denver - her name’s Hannah Clarke. Last Saturday I went to her beginner session. It turned out better than expected. Not overwhelming, yet my body felt it afterward. She said she limits how many show up each time. That way everyone picks up the movements right. Maybe I’ll try the Tuesday night classes, assuming work doesn’t run late. Since she spends most afternoons teaching, messages tend to get faster replies. The five-session package came up in conversation - could save a bit compared to drop-ins. Getting in touch soon feels necessary; spots seem to go quickly. Phone: +1-303-555-1982 Email: hannahclarkeyoga@studio-demo.org",29,Female,en_US,Graphic Designer,contact,,,,,,
73,HAINV2,,Nganp1,hold,trùng format ,ok,2026/03/08,10,Note,Caleb,Ran into a mechanic earlier today while I was at the auto parts place in Phoenix picking up oil and filters. His name was Daniel Ortega. We started talking because I mentioned the strange shifting problem my old Ford truck has been making lately. He said he works mostly on older pickups and runs a small garage not too far from the west side industrial area. Sounded like he has seen that issue before. He suggested calling before bringing the truck in so he can make sure the parts are available. I might take the truck there next week if the noise keeps getting worse. Daniel also said mornings are usually quieter at the shop which makes inspections easier. Need to give him a call sometime Tuesday. Phone: +1-602-555-7341 Shop: +1-602-555-7342 Email: ortegagarage@autodemo.com,41,Male,en_US,Delivery Driver,contact,,,,,,
74,HAINV2,,Nganp1,failed,,"Eric said they usually need at least a day notice for larger orders. I should call him once we know the exact date of the event.
AI 5%  sau khi sửa lại",2026/03/08,5,Note,Madison jr.,"Lunch at work needs sorting out - reach out

Green Market Kitchen
Contact Person Eric Dawson Manager

Later in the day, a small deli caught my eye on the walk home through Portland. Apparently, folks around here get meals packed up regularly when they’re busy at their desks. According to Eric, that kind of setup might just fit what we need next week. Something about it feels like it lines up with our plans without much fuss.

Fine to hold onto this one if the usual bakery happens to be closed. Might come in handy when plans shift without warning. Still works even if we didn’t plan it first. Keeps things moving when the main choice falls through. Not ideal, but better than starting over from zero.

Important details:

Most times a full day ahead works best when ordering in bulk

Check whether their menu includes meals without meat for everyone on the group

Next step:
Fine. Once the event date settles, get in touch with Eric.

Contact information:

Phone: +1-503-555-2744
Store: +1-503-555-2748
Email: eric.dawson@greenmarketdemo.com",33,Female,en_US,Office Administrator,contact,,,,,,
75,HAINV2,,Nganp1,hold,my detective 45%,AI 8%  sau khi sửa lại,2026/03/08,8,Note,Logan,"This contact came from my trip to a flooring warehouse earlier this week in Tampa.
Steven Patel answered when I called about flooring. Around a quarter of an hour passed while we talked through how moisture affects laminates compared to vinyl options nearby. The conversation moved slowly, shaped by questions I hadn’t thought to ask before.
Back in our chat, Steven pointed out how bulk buys might lower costs when hiring outside workers for the condo work set for summer. Prices tend to dip a bit if you order more, he said, something worth considering come July.
Maybe try waterproof vinyl planks - kitchen spots could really use them. The choice may turn out stronger that way.
Finding those numbers at the worksite comes first. Only after that will a phone reach for him happen. Timing lines up with the week ahead, nothing sooner.
Contact information:
Phone: +1-813-555-4429
Warehouse: +1-813-555-4431
Email: spatel.flooring@demo-supply.com",45,Male,en_US,Construction Contractor,contact,,,,,,
76,HAINV2,,Nganp1,hold,"
trùng format",ok,2026/03/08,0,Note,Jasmine ,Another contact related to dog training that I should keep saved. A friend at the park mentioned a trainer named Brian Keller who sometimes works with larger breeds around the Denver area. I haven’t met him yet but Megan said he helps with more advanced behavior training if basic classes are not enough. Might be useful later if Cooper still ignores commands after the beginner course. Brian apparently does home visits sometimes which could make training easier. I should call first and ask what his schedule looks like next month. Also want to ask about his pricing before committing to anything. Phone: +1-720-555-4472 Email: briankellertraining@demo-mail.com,27,Female,en_US,Veterinary Assistant,contact,,,,,,
77,HAINV2,,Nganp1,hold,"trùng format 
AI 100%",ok,2026/03/08,11,Note,Cameron,"Later that evening in Austin, after the crowd thinned at the meetup, a conversation stuck with me.
Talking with Kevin Huang - backend engineer, sharp observer - took an unplanned turn toward system strain.
Our own team's recent slowdowns came up casually, almost by accident.
His experience troubleshooting startup infrastructures felt relevant, maybe even useful.
He mentioned helping smaller teams audit their setups now and then.
If leadership wants fresh eyes on our stack, his insight could come into play.
Evenings tend to suit him better once his job wraps up.
Maybe start with a note so he knows which app you will use plus details about the visitor numbers expected.
His number sits at +1 512 555 6824.
Reach out via email too - kevinhuang dot dev at techdemo dot io.
",31,Male,en_US,IT Support Specialist,contact,,,,,,
78,HAINV2,,Nganp1,hold,"trùng format
 8 dòng
50% AI",ok,2026/03/08,13.4,Note,Grace,"Note from the pottery workshop I attended over the weekend in Santa Fe. The instructor was Daniel Reyes, really friendly and clearly knows his craft. He showed us a few glazing tricks that made my bowl actually look decent for once. I asked if he runs longer classes because I’d like to practice more than just a one day workshop. He said they usually open new beginner courses every couple months and returning students can use the studio during certain hours. I should call him next week and see when the next session starts. Phone: +1-505-555-2904 Studio: +1-505-555-2905 Email: danielreyesceramics@artdemo.org",36,Female,en_US,Librarian,contact,,,,,,
79,HAINV2,,Nganp1,accepted,ok,ok,2026/03/08,15,Note,Nolan ,"That backyard corner stays thirsty, still. Sipping lattes by the curb one Tuesday past, someone two driveways down brought up Anthony Brooks - fella wiring drip lines through half of Sacramento lawns. Talk wandered toward uneven soak spots behind my shed. His take? Today's timers hum along with forecasts, pausing mid-cycle when skies open. Later on, heat spikes make things tough around here. Maybe that thought could actually work out. He shows up one night, takes a look at the space outside, gives numbers after. Calling during the week fits better, just after I leave the workplace. How long setup takes? Good thing to bring up too. You get me directly through +1-916-555-7059 if needed. Ring us anytime on 1-916-555-7060 when you prefer talking. Should words work better, drop a note instead - anthonybrooksirrigation@demo-mail.com catches every message. While phones ring, email stays quiet till opened",42,Male,en_US,Landscape Technician,contact,,,,,,
80,HAINV2,,Nganp1,hold,"trùng format
100%AI",,2026/03/08,13.4,Note,Chloe ,Wrote down this contact after going to a small art event near the lakefront in Chicago yesterday evening. I met a photographer named Rachel Simmons while walking around the booths. We started talking because she had some really nice outdoor portrait photos on display. I mentioned that my parents’ anniversary is coming up next month and she said she often does casual family photo sessions in parks around the city. Her style looked pretty natural which I liked. Rachel suggested reaching out a couple weeks before the date if we want a weekend session. I should probably check with my family first and then call her to see what dates are open. Phone: +1-312-555-5913 Email: rachelsimmonsphoto@demo-studio.com,28,Female,en_US,Marketing Coordinator,contact,,,,,,
81,HungLD,,MinhBH,accepted,ok,ok,2026/03/08,13,Note,Ryan Caldwell,"Need to remember this contact                                
Marcus Lee – phone: +1 312 555 6402                                        
Met him during the Chicago small business networking night last October                                        
He runs a printing shop that does quick turnaround banners and flyers                                        
Could be useful for the marketing materials for the spring sale                                        
He said texting works better than calling because he’s usually in the workshop                                        
His shop is somewhere near West Loop, need to double check address later                                        
Plan: reach out early next week about price quotes                                        
Also ask about bulk discounts if we print more than 200 posters                                        
Don’t forget to mention that Olivia from the event introduced us                                        
He seemed friendly and open to new clients",36,Male,en_US,retail store manager,contact,,,,,,
82,HungLD,,Nganp1,accepted,ok,ok,2026/03/08,18,Note,Aaron Whitaker,"HVAC repair contact I should keep                                
Last winter the heater stopped working during that cold snap                                        
Neighbor recommended a technician named Paul Denton                                        
Number saved here: +1 816 555 7420                                        
He came out the same day and fixed the thermostat wiring
Really reasonable price too
If the AC struggles this summer I should call him again
He said older systems like mine sometimes need capacitor replacement
Remember:
Call earlier in the day because afternoons get booked fast
Lives somewhere on the north side but services the whole area",42,Male,en_US,warehouse manager,contact,,,,,,
83,HungLD,,Nganp1,accepted,ok,ok,2026/03/08,12,Note,Megan Hart,"Auto body shop lead
Funny thing happened midday. Mike at the office mentioned someone he knows. This person knocks out car dents fast. Costs way less than you’d think. Got it done last week himself. Said it took under an hour flat
Tony Alvarez
+1 480 555 1298
Funny thing is, runs operations from a tiny store tucked behind the gas spot close to Tempe
A small fix might take care of the deep mark near the right window
Funny thing Mike mentioned - Tony likes getting pictures through texts before anything else. Seems he wants proof upfront, sent straight to his phone
Note to self
Tomorrow morning, snap a photo of the door. Capture it when light is soft. Aim before sunrise if possible. Frame the shot with care. Let the moment settle first. Wait until everything feels still. Then press the button gently
Drop it over, then request a ballpark figure",38,Male,en_US,construction supervisor,contact,,,,,,
84,HungLD,,,hold,trùng format,đã sửa lại,2026/03/08,12,Note,Tyler Benson,"Photographer contact from Emma’s birthday party
Her name was Danielle Brooks
Phone number: +1 917 555 6011
Mom and Dad's Anniversary October
Maybe she'd suit Mom and Dad's anniversary just right. Given that her nights often involve photographing events, starting the chat by text or email might work better.
Questions you might want to bring up when talking to her
How free is she during October?
How much does she charge for three hours?
Her fee - does it cover photo edits, or only raw images? Still wondering if touch-ups are part of the deal. What exactly comes when payment clears: adjusted shots or unedited ones straight from the camera?",34,Female,en_US,event planner,contact,,,,,,
85,HungLD,,MinhBH,accepted,ok,,2026/03/08,13,Note,Danielle Price,"Bike repair help
A friend from the group ride mentioned:
Chris Dalton
Call me anytime on my phone at +1 303 555 4837
Apparently he does independent repairs from his garage
Might come in handy because the back derailleur on my bike won’t stay in gear
Things he said he’s good at
– tune ups
– brake adjustments
– replacing worn chains
Last time, he made it clear - reach out first if you plan to come by
Funny how it might need another look by Saturday, should the bicycle keep misbehaving. Could be worth a try sometime Sunday instead, depending on how things go. The timing often shifts when glitches stick around too long. Worth keeping an eye open later in the week, just in case nothing settles down",25,Male,en_US,graduate student,contact,,,,,,
86,HungLD,,,failed,trùng format,đã sửa lại,2026/03/08,7,Note,Justin Reed,"Note from the community gardening group
Contact Person: Linda Torres
That's her phone line: +1 505 555 7791.
It is her handling the planning of when volunteers tend to each garden section
Getting more involved is something I’ve been thinking about lately. When it comes to securing a spot for next season, she said timing matters - early spring is when messages should go out. Her notes include the days compost gets delivered, so that detail isn’t missing.
Last thing - maybe drop her a message around then, just to see whether spots might still be free.",40,Female,en_US,librarian,contact,,,,,,
87,HungLD,,,hold,trùng format,đã sửa lại,2026/03/08,9,Note,Katie Vaughn,"Financial advisor someone recommended
Name written down during dinner with my cousin
Gregory Mills
+1 212 555 9572
Apparently he helps with retirement planning and investment basics
Not urgent but I've been meaning to look at my 401k situation
Questions for him
fees for consultation
whether he works with small portfolios
Cousin said Greg explains things in plain English
Maybe call after tax season is over",46,Male,en_US,restaurant owner,contact,,,,,,
88,HungLD,,,hold,trùng format,đã ghi lại % AI,2026/03/08,15,Note,Laura McKenzie,"Babysitter possibility from church group
Alyssa Parker
Contact by phone at +1 615 555 3340
College student studying education
Weekends find her watching kids for neighbors who trust her with their little ones
Finding a sitter could make evenings easier once in a while, especially when it's just me and Mark planning to leave the house after dark
Before scheduling anything I should
meet her first
let the kids get comfortable
Check the cost per hour too
Most moms and dads figure texting works best",29,Male,en_US,coffee shop manager,contact,,,,,,
89,HungLD,,,,ok,đã ghi lại % AI,2026/03/08,8,Note,Maria Carrey,"Local handyman contact
Saw a recommendation in the neighborhood Facebook group
People said he’s great with small household fixes
My to-do list currently:
loose kitchen cabinet hinge
bathroom towel rack falling off
screen door that won’t slide properly
Instead of hiring separate services maybe he can handle everything
Eric Lawson
+1 704 555 4482
Plan
send him a message with the list and see if he’s available next week",51,Female,en_US,real estate agent,contact,,,,,,
90,HungLD,,,,ok,đã ghi lại % AI,2026/03/08,18,Note,Patrick Doyle,"Dog sitting option
Name: Rachel Kim
Phone: +1 206 555 3389
Met her at the park when our dogs started playing together
She mentioned she sometimes boards dogs for neighbors
Things to ask her next time:
– overnight rate
– if she has a fenced yard
– whether she takes multiple dogs at once
Trip to Portland in July is when I’d probably need help
Better message her a few weeks ahead
She seemed really calm with animals which is reassuring",27,Female,en_US,florist,contact,,,,,,
91,NhiNX,,DuongTC,hold,trùng format,,2026/03/08,33,Note,Emma,"rachel turner realtor contact
met during oak street condo open house sunday
said call early if want private viewing listings
phone +1 415 882 1094
works skyline realty san jose
note ask about 2bed near train station
she mentioned spring market very competitive
possible off market condo soon
text morning better she said
remember bring budget notes
maybe coffee chat next week discuss options",31,female,en_US,graphic designer,contact,,,,,,
92,NhiNX,,DuongTC,accepted,ok,,2026/03/08,18,Note,Marcus,"mike dalton mechanic contact
friend jared recommendation after brake noise
garage near sunset blvd los angeles
number +1 323 771 6408
helped diagnose grinding rear wheel
said pads worn almost metal
good reviews neighborhood forum
call morning schedule repair
maybe check tires same visit
remember ask hybrid battery inspection
keep contact future car trouble
trusted shop option",44,male,en_US,sales manager,contact,,,,,,
93,NhiNX,,DuongTC,hold,trùng format,,2026/03/08,0,Note,Olivia,"dr lisa grant dentist chicago downtown
clinic bright smile dental center
met during emergency tooth pain appointment
phone +1 312 555 7486
assistant maria manages calendar bookings
recommended cleaning twice yearly
possible whitening consult summer
parking garage alley behind clinic
note bring insurance card next time
call before june vacation trip
friendly staff good equipment
keep contact dental care",28,female,en_US,barista,contact,,,,,,
94,NhiNX,,DuongTC,hold,trùng format,2 dòng liên tiếp,2026/03/08,0,Note,Daniel,"kevin patel photographer seattle
met wedding expo convention center hall b
portfolio strong natural light photos
contact +1 206 993 4410
thinking engagement shoot october
he suggested golden hour discovery park
instagram gallery helpful reference
note check pricing packages
possible travel fee mount rainier shoot
text easier than email he said
creative style documentary vibe
save contact wedding planning stage
review portfolio later tonight",35,male,en_US,product manager,contact,,,,,,
95,NhiNX,,DuongTC,hold,trùng format,,2026/03/08,0,Note,Hannah,"angela morris dog trainer
met zilker park dog area austin
rocky barking leash chaos moment
she stepped in calm guidance
phone +1 512 804 3391
runs weekend obedience sessions
recommended 4 week training cycle
bring treats leash favorite toy
rocky smart just distracted she said
message friday reserve class spot
training field near soccer grass area
maybe private lesson later too
keep number dog behavior help
save contact pet training",26,female,en_US,graduate student,contact,,,,,,
96,NhiNX,,DuongTC,hold,trùng format,,2026/03/08,0,Note,Ryan,"daniel cho recruiter tech industry
met startup networking meetup palo alto hub
discussion backend roles silicon valley
mobile +1 650 441 7703
works venturehire recruiting firm
focus early stage startups hiring engineers
said several teams scaling infrastructure
reminder update resume before call
possible coffee intro meeting downtown
linkedin profile active check later
maybe send portfolio links
good contact career transition planning
follow up next week maybe
store number professional network
note keep updated resume ready",39,male,en_US,software engineer,contact,,,,,,
97,NhiNX,,DuongTC,hold,trùng format,,2026/03/08,0,Note,Sophia,"emily sanders yoga instructor denver
met saturday vinyasa class downtown studio
flow session challenging but great
contact number +1 720 661 9082
teaches tue thu early morning classes
studio name mile high yoga loft
said text if want private mobility lesson
note ask stretching routine shoulders
possible membership discount mention
bring mat towel water bottle next time
class playlist calming ambient music
maybe invite sarah join session
good instructor patient style
save contact class schedule updates
remember book spot before weekend",33,female,en_US,marketing specialist,contact,,,,,,
98,NhiNX,,DuongTC,hold,trùng format,6,2026/03/08,6,Note,Aaron,"Mark Henderson plumber neighbor recommendation
fixed burst pipe kitchen last winter storm
arrived late night still helped
charge fair not crazy emergency price
San Jose area service
remember he mentioned installing new water heater systems too
call if basement leak shows again
saved number somewhere here +1 415 772 9043
Mark Henderson reliable guy
maybe tell Tom about him
good local contact",37,male,en_US,delivery driver,contact,,,,,,
99,NhiNX,,DuongTC,accepted,ok,,2026/03/08,6,Note,Natalie,"met Jessica Wu small creator meetup Seattle waterfront
photography style very natural not heavy editing
thinking headshots for portfolio site soon
she said weekday mornings studio quieter
also offered outdoor shoot Gas Works Park option
Jessica Wu photographer
note number here before losing card
+1 206 889 5417
maybe schedule April if weather decent
check budget first
nice energy easy talk",26,female,en_US,graphic designer,contact,,,,,,
100,NhiNX,,DuongTC,hold,trùng format,,2026/03/08,28,Note,Marcus,"roadside tire problem outside Denver night drive ski trip
small shop helped even near closing time
Carlos Rivera mechanic there
looked over brakes quickly too
said road salt destroys rotors fast Colorado winters
Rocky Mountain Auto shop
number saved after service receipt
call ahead next time passing through
+1 720 664 3382
Carlos Rivera honest mechanic vibe
keep contact for future road trips
maybe send thanks message sometime",44,male,en_US,regional sales manager,contact,,,,,,
101,Nganp1,rework done,HAINV2,hold,"my detective 45%
Detect AI các câu liên tiếp",,2026/03/08,33,Note,Trevor Lang,"Dustin Weber is available to contact.
Telephone:+1 3037714482
Water pooled under the washer that morning, so I asked around in the hallway. A neighbor mentioned a guy named Dustinnn - said he handles broken machines. By afternoon, he showed up with a bag of tools, took one look, fixed the loose hose fast. His voice stayed calm while he worked, explaining how old parts click together easier than new ones jammed with circuits. The whole thing felt quiet, almost ordinary, just someone turning chaos into stillness.
If that dryer starts thumping again, I’ll ring him right away. First thing - call him before anything else. Should it kick up noise, my move is clear: phone in hand. The moment those heavy bumps return? His number gets dialed. Loud thumps mean one path - hear them, call him. When the machine rumbles too hard, reaching out comes first. That sound returns - the next step won’t wait. Banging resumes? Contact happens immediately. Next loud shake - and he's getting called. Noise shows up again - it leads straight to a call.
Fridges can be checked by him, so he mentioned.",38,male,en_US,Apartment Maintenance Technician,contact,,,,,,
102,Nganp1,rework done,HAINV2,hold,,"AI: 4%
bỏ ngoặc {} trông sẽ tự nhiên giống ng viết hơn",2026/03/08,18,Note,Holly Sanderson,"Writing this down before I forget the number again.
I met a freelance photographer during a small art event downtown. Her work was really natural looking, not overly edited like a lot of stuff online <3. I might want some casual portraits done later this year.

Name: Claire Donnelly
Phone: +1 720 998 2651

She said weekends book up quickly so it’s better to message a couple weeks ahead. Might reach out around fall when the trees change color.",29,female,en_US,marketing specialist,contact,,,,,,
103,Nganp1,,HAINV2,accepted,ok,AI: 6%,2026/03/08,12.9,Note,Leonard Pike,"Garage door technician contact — keep this somewhere safe.

Guy named Victor Moreno came by after the garage door got stuck halfway open last winter. Turned out the spring was worn out. He replaced it and showed me how to do basic maintenance.

Phone: +1 602 881 6409

Things to remember:
he prefers calls in the morning
works mostly around the Phoenix area
charges a basic inspection fee but it’s reasonable ",51,male,en_US,Construction Estimator,contact,,,,,,
104,Nganp1,rework done,HAINV2,hold,trùng format,"AI: 5%
bỏ ngoặc {} trông sẽ tự nhiên giống ng viết hơn 
trông format giống 101",2026/03/08,14,Note,Cassandra Holt,"**Dog Trainer Contact Card**

**Name:** Melissa Grant
**Phone:** +1 503 447 9158

**Notes:**
Found Melissa through a local pet group online. She helped with training sessions when my dog was having issues barking at strangers. The training was really helpful and she explained the behavior side in a very simple way. Sessions usually take place at a nearby park so the dog can practice around other people. Might book another session if the leash pulling starts again.
",33,female,en_US,Freelancer,contact,,,,,,
105,Nganp1,rework done,HAINV2,hold,trùng format,AI: 12%,2026/03/08,5.1,Note,Arnold Greene,"Storms here can be rather severe, therefore I should maintain the contact information for the man who fixed the roof last summer. He was employed by a tiny local roofing crew under the name Patrick Doyle.in comparison to other quotations I received, the cost was reasonable, and they completed the repair in a single day.

I should get in touch with him again the next time I require gutter cleaning or a roof inspection

Patrick Doyle
Phone: +1 412 556 7394",58,male,en_US,Insurance Adjuster,contact,,,,,,
106,Nganp1,,HAINV2,,ok,,2026/03/08,8,Note,Marissa Tate,"Pediatric tutor info for my nephew.

Name: Daniel Cho
Phone: +1 650 772 1984 renggg

My sister asked if I knew anyone who helps kids with math homework and a coworker recommended Daniel. Apparentlyy he used to be a middle school teacher and now does tutoring sessions after school hours.could be useful if my nephew keeps struggling with algebra this semester.

Remember: he said texting first works best.",34,female,en_US,Financial Assistant,contact,,,,,,
107,Nganp1,rework done,HAINV2,hold,trùng format,,2026/03/08,3.9,Note,Ethan Crowley,"Random note about a mechanic someone recommended to me. The guy works at a smaller auto shop outside town and supposedly knows a lot about older trucks. I haven’t gone there yet but a coworker swears by him and says he doesn’t overcharge like the dealership places do.

Contact info before I lose it:
Raymond Torres – mechanic
Phone: +1 915 664 5207

If the engine light comes back on, maybe try this place first.",44,male,en_US,Delivery Route Manager,contact,,,,,,
108,Nganp1,rework done,HAINV2,hold,trùng format,,2026/03/08,7.9,Note,Paige Larkin,"**Yoga Instructor Note**

* **Instructor:** Naomi Fletcher
* **Phone:** +1 818 337 9045
* Met her during a weekend wellness workshop
* Teaching style is calm and very beginner-friendly
* Helpful since I'm still fairly new to yoga
* Focuses a lot on breathing rather than complicated poses
* Classes usually happen on Tuesday evenings
* Might attend a few more sessions once my schedule clears up
",27,female,en_US,Event Coordinator,contact,,,,,,
109,Nganp1,rework done,HAINV2,hold,trùng format,,2026/03/08,0,Note,Ronald Beckett,"I saved the electrician's number after they did some work in the neighborhood.Carl Jennings, his number is 901-733-6159.Carl put the outdoor lights near the driveway.He really knew what he was talking about. He showed me how the wiring worked, and it was so clear that I feel like I could fix it myself if something came up.After he finished, everything has been running smoothly.Do you want to make your yard brighter later on?time to call him againI heard he also checks electrical panels=)))",49,male,en_US,Warehouse Operations Manager,contact,,,,,,
110,Nganp1,,HAINV2,,ok,,2026/03/08,0,Note,Tessa Wilcox,"I was chatting with a coworker about travel plans and she mentioned a small independent travel planner she used for a trip last year. Apparently he helped arrange flights and hotel bookings without the usual stress of comparing dozens of websites. Might be useful when I finally plan that Europe vacation I've been thinking about.

{Travel planner: Adrian Keller}
{Phone: +1 646 938 2741}

She said he's good at finding cheaper flight combinations.",31,female,en_US,Marketing Specialist,contact,,,,,,
111,DuongTC,,,,ok,,2026/03/08,7.1,Note,Daniel Harper,"Mike – auto repair guy on 3rd Street.
Phone Number: +1 415 555 0187.
Met him when my car died last winter.
He helped jump the car and didn’t charge me anything.
Runs a small garage called Harbor Auto.
Call him whenever the Honda starts making weird noises.
Said he’s best available early mornings before 9am.
Also good person to ask about used tires.
Remember to schedule oil change next month with him.
Friendly guy, talks a lot about classic Mustangs.
Lives somewhere near Daly City I think.
If the engine light comes on again, should call Mike first.
And also ask him about brake pads price.
Save this so I don’t lose his number again",34,Male,en_US,Delivery Driver,contact,,,,,,
112,DuongTC,,,hold,trùng format,,2026/03/08,5.7,Note,Melissa Vaughn,"Carla Jennings (freelance graphic designer).
Phone: +1 303-555-6621.
Met at the Denver startup meetup last fall.
She offered help designing the cafe logo.
Really good with branding and packaging ideas.
Said texting works better than calling.
Usually responds in the evenings after 6pm.
Lives somewhere in Lakewood area.
Need to send her inspiration photos for the menu board.
Might hire her later for social media graphics too.
Very energetic personality, big coffee fan.
Mentioned she gives discounts to small businesses.
Keep contact for future marketing projects.
Reminder: ask about timeline and pricing.",29,Female,en_US,Café Owner,contact,,,,,,
113,DuongTC,,,hold,trùng format,,2026/03/08,0,Note,Trevor Simmons,"Coach Ramirez – local boxing trainer.
Met him at the community gym in Queens.
Runs early morning boxing conditioning classes.
Thinking about joining his training program.
He said beginners are welcome.
The classes usually start at 6:30am weekdays.
Saturday sparring sessions sometimes.
Very strict but motivating coach.
Call before showing up for the first session.
Gym address somewhere near Roosevelt Ave.
Need to buy hand wraps before first class.
He also trains amateur fighters occasionally.
Could help with improving stamina.
Keep number in case I decide to start next month.
Phone: +1 917 555 2408.",41,Male,en_US,Security Guard,contact,,,,,,
114,DuongTC,,,hold,trùng format,,2026/03/08,6.6,Note,Rachel McMillan,"Dr. Patel (a dentist recommended by coworker Jenna).
Mobile: +1 650 555 9044.
Office called Bay Smile Dental.
Located somewhere in downtown Palo Alto.
Need to schedule cleaning and checkup.
Last appointment was over a year ago.
They accept my insurance apparently.
Receptionist said mornings fill up quickly.
Call at least two weeks in advance.
Dr. Patel known for being gentle with nervous patients.
Good option for teeth whitening later maybe.
Write down questions about gum sensitivity.
Parking garage nearby according to Jenna.
Office hours Monday through Friday mostly.
Remember to bring insurance card.
Might also ask about night guard for grinding teeth.
Save number so I can book after next paycheck.
Don’t forget to confirm appointment day before",37,Female,en_US,HR Specialist,contact,,,,,,
115,DuongTC,,,hold,trùng format,,2026/03/08,0,Note,Anthony Delgado,"Luis – Apartment maintenance contact.
Phone: +1 702-555-3180.
Works for the building management office.
Handles plumbing and electrical issues.
Met him when the kitchen sink leaked.
Very quick fixing things around the unit.
Usually around the complex in the mornings.
Text him first before calling.
Need him to check the hallway light again.
Also ask about the noisy bathroom fan.
Super friendly, always wearing a baseball cap.
Office number never answers so better to reach Luis.
Lives nearby according to neighbors.
Important contact for emergencies.
Save this in case heater stops working.
Could also ask him about replacing shower head",45,Male,en_US,Warehouse Supervisor,contact,,,,,,
116,DuongTC,,,,ok,,2026/03/08,6.5,Note,Olivia Turner,"Hannah – dog sitter from the neighborhood group.
Found her through the local Facebook pet group.
She watched Luna once during my Austin trip.
Very reliable and sent photo updates.
Lives about 10 minutes away.
Best to contact her at least a week early.
Charges per day but reasonable price.
Might need her again for July travel plans.
She also does dog walking during weekdays.
Remember that Luna likes her treats.
Mobile: +1 512-555-7316.",31,Female,en_US,Elementary School Teacher,contact,,,,,,
117,DuongTC,,,hold,trùng format,,2026/03/08,2.5,Note,Marcus Lee,"Ethan Park – freelance IT support.
Helped setting up the router and the network.
Met through a coworker recommendation.
Really good with troubleshooting slow internet.
Works mostly around Seattle area.
Said weekends are usually open for small jobs.
Call him if the server backup fails again.
Also knows a lot about security cameras.
Might ask him to upgrade the office WiFi.
Telephone: +1 206-555-4479",38,Male,en_US,Real Estate Agent,contact,,,,,,
118,DuongTC,,,hold,trùng format,,2026/03/08,9,Note,Stephanie Brooks,"Natalie – wedding photographer contact.
Phone: +1 404 555 5591.
Met her at my cousin’s wedding last summer.
Her photos looked amazing and very natural.
Thinking about booking her for our ceremony.
She travels around Georgia for events.
Said spring dates get booked quickly.
Need to ask about package prices.
She also offers engagement photo sessions.
Prefer communication through text.
Check availability for October weekend.
Very calm personality which is nice for big events.
Look up her portfolio online again.
Save this contact for planning binder.
Maybe schedule a quick call next week.
Reminder: ask about editing turnaround time",33,Female,en_US,Event Planner,contact,,,,,,
119,DuongTC,,,hold,trùng format,,2026/03/08,4.8,Note,Brian Coleman,"Tom Gallagher – neighbor who lends tools.
Phone: +1 734-555-2988.
Lives two houses down on Maple Street.
Met him while fixing the fence last spring.
Has tons of tools in his garage workshop.
Borrowed his power drill once.
Told me to call anytime before stopping by.
Usually home after 5pm weekdays.
Retired mechanic so knows a lot about repairs.
Might ask him about fixing the lawn mower.
Also mentioned he has a ladder I could borrow.
Good guy to know in the neighborhood.
Bring back his wrench set next time.
Should invite him for a barbecue next time.
Save number so I don’t knock randomly.
Helpful contact for house projects.
Could ask advice about replacing porch light.
Keep this saved for future fixes.",52,Male,en_US,Insurance Adjuster,contact,,,,,,
120,DuongTC,,,hold,trùng format,,2026/03/08,8.1,Note,Lauren Mitchell,"Kayla - hair stylist, I really like in the salon downtown.
Phone: +1 323-555-6402.
My hair cut by her last month.
Super friendly and easy to talk to.
Really understood the layered style I wanted.
Works at Sunset Glow Salon in LA.
Appointments usually booked a week ahead.
Best to text her for scheduling.
Thinking about highlights next visit.
She recommended coming back every eight weeks.
Parking at the salon is tricky so needs to arrive early.
Ask her about hair care products she mentioned.
Save this so I always book with the same stylist.
Next haircut probably sometime mid-April.",27,Female,en_US,Retail Store Manager,contact,,,,,,
121,HUNGNV5,,,,ok,,2026/03/08,,Note,Alex,"my amp blew up during practice tonight.
jason said he knows a guy who fixes vintage fenders.
i need to text him tomorrow before noon bc he gets busy.
the number is +1-555-019-2234
don't forget to ask if he has the specific 6L6 tubes in stock.


if he doesn't, i have to order them online.


ugh this is gonna cost me at least 200 bucks.


gonna have to borrow Dave's spare amp for the gig on friday.


so annoying, right before the biggest show of the month.
",28,Male,en_US,Musician,contact,,,,,,
122,HUNGNV5,,,,ok,,2026/03/08,,Note,Brenda,"[Vendor Update - Floral Arrangements]Current status: Awaiting final quote.The previous florist bailed on us, total disaster.Found a new local shop: ""Petals & Stems""Owner is Maria. She seems super sweet and actually listened to the bride's weird color palette.Action item: Send her the Pinterest board link ASAP.Her direct cell for weekend emergencies: +1-555-014-9901Note: DO NOT call the shop number, she said the receptionist is new and messes up messages.Need to confirm if she includes vase rentals or if we need to source those separately.Follow up by Thursday 4PM.Budget limit is $1500! Cannot go over this!",42,Female,en_US,Event Planner,contact,,,,,,
123,HUNGNV5,,,hold,trùng format,,2026/03/08,,Note,Chris,"Things to do before the semester starts:- Finish the syllabus for Bio 101- Buy more whiteboard markers (the good ones)- Email the department head about the lab equipment budget- Call the IT helpdesk guy about my projector.His name is Kevin from tech support.Extension is usually useless, try his mobile: +1-555-017-8821He told me to text him the serial number of the projector.- Print the student rosters- Setup the online grading portal- Get a haircut (seriously looking homeless rn)Gotta get all this done by Monday.I am not ready for summer to be over.",35,Male,en_US,Teacher,contact,,,,,,
124,HUNGNV5,,,hold,trùng format,,2026/03/08,,Note,Diana,"Honestly today was so overwhelming.Moved into the new dorm and my roommate is already driving me crazy.She plays her music so loud and it's only day one.I tried to study in the library but forgot my laptop charger.Ended up talking to a girl in the study lounge named Sophie.She is in my advanced calculus class!Thank god, I really needed a study buddy.She understood the professor's weird grading curve way better than I did.We agreed to meet up on Wednesdays to go over the problem sets.Her whatsapp is +1-555-011-3349.I need to message her to see what time works best.Maybe college won't be so bad if I actually make friends.",22,Female,en_US,Student,contact,,,,,,
125,HUNGNV5,,,hold,trùng format,,2026/03/08,,Note,Ethan,Prep for call with the new tax accountant.Who: Lisa Chen (recommended by the Chamber of Commerce).Contact: +1-555-018-7742Questions to ask her:1. Do you handle multi-state sales tax?2. What is your hourly rate vs flat retainer?3. Can you help me migrate from Quickbooks desktop to online?Make sure to mention I have W2 employees AND 1099 contractors.She needs to know about the new warehouse lease.Reminder to self: Be polite but firm about the budget.Last guy overcharged us massively.Call her on Tuesday at 10 AM.Have the 2024 P&L statement open on my screen during the call.,50,Male,en_US,Small Business Owner,contact,,,,,,
126,HUNGNV5,,,,ok,,2026/03/08,,Note,Fiona,"Trying to decide on a dog trainer for Buster.Option A is too expensive.Option B is ""The Canine Coach"" (Dave).Pros:- Uses positive reinforcement only.- Will come to my apartment for the sessions.Cons:- Only available on weekday mornings.I think I'll go with Dave. His reviews on Google are amazing.He specifically works with rescue pitbulls with separation anxiety.Text him at +1-555-012-9988 to book the consultation.Ask if he needs me to buy a specific harness before the first lesson.Really hope he can get Buster to stop chewing the baseboards.",31,Female,en_US,Architect,contact,,,,,,
127,HUNGNV5,,,hold,trùng format,,2026/03/08,,Note,George,"Details for the hiking trip next month.Trail: Routeburn Track.Weather can change instantly, pack the heavy rain gear.Need to leave a copy of the itinerary with someone local.Talked to the guy at the gear rental shop, his name is Sam.He said he knows the trail like the back of his hand.Gave me his satellite phone number just in case we get into trouble.+1-555-016-5544 (add to the Garmin InReach contacts tonight).He said to text him if we get delayed at the Harris Saddle hut.Don't forget to pay him for the extra fuel canisters when we return the packs.Really looking forward to this.Just hope my knees hold up for the steep sections.",60,Male,en_US,Retired,contact,,,,,,
128,HUNGNV5,,,hold,trùng format,,2026/03/08,,Note,Hannah,"Notes from the Q3 Onboarding Review meeting.Attendees: Me, Sarah, John.The catering for new hire orientation has been terrible lately.Sandwiches were stale last week.John suggested using a food truck instead.He knows the owner of ""Taco Fiesta"".Owner is Miguel.John says Miguel can do a flat rate for 50 people.I need to call him to negotiate the menu options (must have vegan).Phone: +1-555-013-1122Tell him John from TechCorp sent me.Follow up by Friday so we can lock it in for the August cohort.",28,Female,en_US,HR Generalist,contact,,,,,,
129,HUNGNV5,,,hold,trùng format,,2026/03/08,,Note,Ian,"+1-555-019-8877 <- DO NOT LOSE THIS NUMBERIt's for the only guy in town who fixes these old risograph printers.His name is Mr. Henderson.I have a huge zine order due on Monday and the drum is completely jammed.I am literally panicking right now.He closes at 5 PM today so I need to call him on my lunch break.If he can't fix it, I'll have to refund like 20 people on Etsy.Which will ruin my shop rating.Note: he is kinda grumpy so be super nice.Offer to pay the rush fee.I really need to invest in a backup machine next year.",38,Male,en_US,Graphic Designer,contact,,,,,,
130,HUNGNV5,,,hold,trùng format,,2026/03/08,,Note,Julia,"finally got a lead on a literary agent!!!emily was at the networking mixer and gave me a direct contact.agent: Marcus Vance at Sterling Lit.he is actively looking for sci-fi manuscripts.this is my chance.number to his direct desk: +1-555-015-4433- don't call until the query letter is PERFECT.- edit chapter 1 tonight.- cut the boring prologue completely.she said he hates long phone calls, so keep the pitch under 2 mins.if i land him, i am buying emily the biggest bottle of wine.deep breaths. you got this.",25,Female,en_US,Freelance Writer,contact,,,,,,
131,HUNGNV5,,,,ok,,2026/03/08,,Note,Sam,"omfg the airconisbroken again and its literally 90 degrees outim sweatingtodeath in this stupid carasked the uber guy who picked me up yestreday for a mechaniche reccomended his brother in law, tonysupposedly very fair prices and doesnt scam peoplehis shop is down by the old mall+1-555-019-2834 is his directcellneedto call him asap tomorow morningask if he takes walk-ins or if i need an appti swear if it costs more than 500 dollars im just riding the busso sick of this honda civic ugh",25,Female,en_US,Retail Worker,contact,,,,,,
132,HUNGNV5,,,hold,trùng format,,2026/03/08,,Note,Ben,"met a super cool girl at starbucks today while waiting for my coffeename is Maya, she does freelance brand designsaw her working on her ipad and her art style is awsomeexactly what we need for the new packaging projectshe gave me her bussiness card but im totally gonna lose it so writing it herenumber: +1-555-012-4499she said text is better bc she hates phone calls lol sameneedto check out her portofolio link later tonightask her what her hourly rate is and if she has time next monthhope my boss actually approves the budget for thisim so tired of using basic canva templates",31,Male,en_US,Marketing Exec,contact,,,,,,
133,HUNGNV5,,,hold,trùng format,,2026/03/08,,Note,Rachel,panic mode rn bc our regular babysiter sudenly cancelled for thursdaynightasked the moms group on facebook for a lifelinekaren from pta suggested a college student named chloekaren says chloe is super responsible and even knows cprliterally a lifesaver if shes freeher digits: +1-555-017-8822gonna text her immediatly to see her availabilitygotta ask if she is ok with dogs bc buster jumps a lotoffer her 20/hr to sweeten the deal so she says yesreally need this date night with markwe havent been out alone in like 4 months tbh,34,Female,en_US,Nurse,contact,,,,,,
134,HUNGNV5,,,hold,trùng format,,2026/03/08,,Note,Greg,"need to sort out my freelancetaxes before i get audited or somethingmy shoebox full of reciepts is giving me severe anxietyjohn told me to use his accountant, mr. wilsonhe specializes in gig economy workers and small bizznumber to his front desk: +1-555-014-9911need to call them during my lunchbreak to make an apointment- ask what documents i need to bring to the first meeting- do i bring all the 1099s printed out or just email them a pdf??i hope he can find some good deductions for my home officehonestly i hate math so much just take my money and fix itplz dont let me owe the irs thousands",42,Male,en_US,Graphic Designer,contact,,,,,,
135,HUNGNV5,,,hold,trùng format,,2026/03/08,,Note,Jess,"finally doing it!!! getting the floral sleeve tatoofound this amazing artist on insta, her name is leahshe does that fine line blackwork style i love so muchher books open on the 1st of next monthshe doesnt check igdm so i have to text her booking phone+1-555-011-3355draft the text now so i can just copy paste it at midnight""hi leah, looking to comission a half sleeve with peonies...""definitly need to ask about her day rateprobably gonna be crazy expensive but whatever its on my body foreverso freakin excited ahhhhh",27,Female,en_US,Barista,contact,,,,,,
136,HUNGNV5,,,,ok,,2026/03/08,,Note,Mike,literally crying rn there is water dripping from the celing in the bathroomtried calling my useless landlrd 5 times and he sent me to voicemailthe upstairs neighbor gave me the number for an emergency 24hr plumberguys name is Hector from RapidRooter or something+1-555-018-7711calling him immediatley before my apartment floods completelyim sending the bill straight to the property management companyask hector to document all the waterdamage for my renters insurancei cant believe im dealing with this at 11pm on a tuesdaygonna break my lease i swear to godthis building is falling apart,29,Male,en_US,Software Engineer,contact,,,,,,
137,HUNGNV5,,,hold,trùng format,,2026/03/08,,Note,Lily,"ok so i really need to start taking my mentalhealth seriously this yearmy anxity is out of control latelysarah gave me the info for her therpist, dr. evansshe said dr evans does emdr and is super validatingim so tired of talking to ppl who just nod and say how does that make u feelher intake coordinator's direct line is +1-555-013-6644gotta call tmrw morning to see if they have any evening slots avaliablecheck if they take my cigna insurance bc paying out of pocket is not happeningit always feels so awkward calling these placesbut i cant keep ignoring itjust do it just pick up the phone and call",33,Female,en_US,HR Specialist,contact,,,,,,
138,HUNGNV5,,,hold,trùng format,,2026/03/08,,Note,Tom,"found my dream stratocaster on fb markteplace for a steal!!!the guy selling it is named Gary, says he's downsizing his collectionit looks mint condition in the photos but u never knowhe said no emails, calls or texts only+1-555-015-8899texting him rn to see if i can come check it out this saturdayneed to ask if the neck is straight and if the frets have wearbring my own mini amp to test the pickups just in casegonna try to negotate down to $450 if i bring cashhope it's not a scketchy neighborhoodmaybe i'll make my roommate come with me so i don't get robbed lol",24,Male,en_US,College Student,contact,,,,,,
139,HUNGNV5,,,hold,trùng format,,2026/03/08,,Note,Ava,im so done with having a stomachache every time i eat breadmy gym coach told me to go see a sports nutritonisthe reccomend a lady named julia who has a clinic downtownshe apparently fixed his ibs issues last yearher clinic phone is +1-555-016-1122ill ring them on my way to work tmrw- need to ask what the initial consultation fee is- do they need me to do bloodwork first??- ask if she can make me a custom meal plan that isnt just chicken and ricei miss eating pizza so muchhope she can actually figure out whats wrong with my gut,30,Female,en_US,Fitness Instructor,contact,,,,,,
140,HUNGNV5,,,hold,trùng format,,2026/03/08,,Note,Dan,"okay only 4 months left till the wedidng and we STILL dont have a djthe one i wanted is completely booked out for the whole yearbut he gave me his friend's number who does weddings tooDJ Marcus (aka DJ SpinRight lol what a name)cell: +1-555-012-7755gotta call him asap to see if he's availble on oct 12thwe need to make sure he doesn't just play cheesy 80s music all nightask him if he takes a ""do not play"" list bc i swear if i hear the chicken dance...also confirm if he brings his own lighting setup or if we need to rent itplease god let him be in our budgetim so stressed i just want this party to be fun",38,Male,en_US,Project Manager,contact,,,,,,
141,HUNGNV5,,,hold,trùng format,,2026/03/08,,Note,Sarah,⚠️ Emergency Plumber Needed 🔽 I need ⬇️ serious help. My kitchen sink is clogged & smells disgusting 🤢💀 I need help fast and asked the neighborhood group on FB. Someone gave me a recommendation for a guy named Roberto. His number is +1-555-019-3822. He said to text him pictures of the pipes before he comes 📸. I mean I don’t even know if he charges extra for the weekend 😤. I don’t even know if he uses Venmo or CashApp to be honest 💸. I’m just so annoyed! Why is growing up just about spending money to fix things? I’m trying to keep this man’s tip at $20 if he can actually fix this today.,26,Female,en_US,Graphic Designer,contact,,,,,,
142,HUNGNV5,,,,ok,,2026/03/08,,Note,Mike,"🎶 DJ FOR THE PARTY 🎶finally found someone who won't charge an arm & a leg!Name: DJ Marcus (spins at the downtown club) 🎧🔥Contact info ➡️ +1-555-012-4455Need to ring him tmrw at noon 🕛Q's to ask:❓ do u bring ur own speakers & lights?? 💡🔉❓ can we give u a ""DO NOT PLAY"" list? (no ed sheeran plz 🙅‍♂️)❓ how much is the deposit to lock in the date? 💳hope he plays good hiphop and not just radio garbage 🎵if this works out the party is gonna be insane 🕺💃gonna share his number with dave too.",34,Male,en_US,Bartender,contact,,,,,,
143,HUNGNV5,,,hold,trùng format,,2026/03/08,,Note,Emily,[ VET CLINIC / DOG BEHAVIORIST ] 🐶🧠buster's separation anxiety is getting way too extreme 😥he literally chewed through the drywall today wtf 🏚️my regular vet recommended ✨ Dr. Sarah Jenkins ✨she specializes in anxious rescues 🐾☎️ Call: +1-555-014-8831- their office hours are weird (only open tues-fri) 🗓️- ask about the consultation fee... probably gonna be like $200 💸- see if she does home visits?? 🏡i really hope we don't have to put him on prozac 💊im just so stressed leaving him alone now 😔💔,29,Female,en_US,Teacher,contact,,,,,,
144,HUNGNV5,,,hold,trùng format,,2026/03/08,,Note,Dave,">>> BOAT REPAIR GUY <<< 🚤🔧the outboard motor is completely shot. wont even turn over 🤬met a dude at the marina who does side jobsName = ""Cap'n Dan"" (lol whatever) ⚓Cell 📱: +1-555-017-9911he said he can come look at it this weekend !!* gotta run to the ATM bc he's cash only 💵🏦* ask if he can also check the steering cable while he's at it ⚙️pray it's just the spark plugs and not a blown head gasket 🙏summer is almost over and i want to get back on the water 🌊🎣fingers crossed it's a cheap fix 🤞",41,Male,en_US,Electrician,contact,,,,,,
145,HUNGNV5,,,hold,trùng format,,2026/03/08,,Note,Chloe,"💅✨ NAIL TECH FIND ✨💅my current girl moved away and my acrylics are lifting SO BAD 😭found @NailsByLexi on insta and her line work is crazy good 🖌️🌸she doesn't use dm's for booking 🚫have to text her assistant to get an appt 📲: +1-555-011-3388- draft message: ""hi! looking for a full set with french tip & charms 🎀""- ask if she includes cuticle care in the base price 💰she's located in that pink building on 4th street 🏢hope she has an opening before my birthday next week 🎂🥺im literally wearing bandaids on my fingers rn to hide the mess lol 🩹",22,Female,en_US,Student,contact,,,,,,
146,HUNGNV5,,,,ok,,2026/03/08,,Note,Sam,💻 DATA RECOVERY CONTACT 💻I am having a massive panic attack rn 😱spilled iced coffee all over my macbook and it wont turn on ☕💻☠️apple store said it's fried but john knows a guy who does micro-solderingName: Kevin (works out of a shop called ByteFix) 🛠️Number: +1-555-018-7744 📞>> call him FIRST THING at 9am << ⏰i have all my project files on there and NO BACKUP im so stupid 🤦‍♂️ask if he does emergency 24hr rush jobs 🏃‍♂️💨i will pay whatever he wants just please save my hard drive 💸🙏never drinking near my laptop again i swear to god 🙅‍♂️,30,Male,en_US,Software Dev,contact,,,,,,
147,HUNGNV5,,,hold,trùng format,,2026/03/08,,Note,Jessica,"CATERING FOR THE GALA 🥂🍽️the last vendor flaked on us. absolute nightmare. 😡found a replacement: ""Elegant Bites Catering"" 🍤🥗Chef's name is Marcus 👨‍🍳Direct line ➡️ +1-555-013-1122Need to finalize this by EOD tomorrow ⏳✅ Confirm if they can do vegan/gluten-free options 🌱✅ Ask if they provide the waitstaff or just drop off the food 🤵‍♀️✅ Negotiate the price down if we pay upfront in full 💳he sounded super professional on the voicemail 🎙️pls let the salmon be good 🙏🐟so much stress planning this event omg 🤯",35,Female,en_US,Marketing Dir,contact,,,,,,
148,HUNGNV5,,,hold,trùng format,,2026/03/08,,Note,Ben,📸 STUDIO RENTAL HUSTLE 📸Need a space for the fashion shoot next month 👗✨that warehouse loft on east side is perfectOwner is Mr. Henderson 🏢hit him up at +1-555-019-5566 📱* Questions to ask him:-- does the space have natural light in the afternoon?? ☀️🪟-- is the freight elevator working?? (carrying gear up 3 flights = NO 🙅‍♂️)-- what's the hourly rate vs full day rate? 💵🕰️he prefers calls over texts bc he's old school 📞👴gotta secure this location or the client will be pissed 😤calling him after i finish editing these photos 💻🎨,27,Male,en_US,Photographer,contact,,,,,,
149,HUNGNV5,,,hold,trùng format,,2026/03/08,,Note,Olivia,🏡 ROOFING CONTRACTOR 🏡the inspection report on the smith house came back horrible 📉🏚️needs a total tear off before closing in 3 weeks ⏳my usual guy is booked out till november ugh 😩called my broker and she gave me Jimmy's info 🔨👷‍♂️📞 +1-555-015-4422 (Jimmy Cell)* ask if he can do a free estimate this saturday morning 📋* see if he pulls the city permits or if i have to 📝🏢* need him to match the shingle color of the garage 🏠🎨if he can pull this off he's getting all my future business 🤝💯praying it doesnt rain next week 🌧️🙏,45,Female,en_US,Real Estate Agent,contact,,,,,,
150,HUNGNV5,,,hold,trùng format,,2026/03/08,,Note,Ryan,🎮 CUSTOM ARCADE BUILDER 🎮want to get my brother a custom fighting stick for his bday 🕹️🎁found a dude on reddit who builds them locally!!User is 'ArcadeNinja' but real name is Alex 🥷🔧Text him here 👉 +1-555-016-8833Specs i want:🕹️ Sanwa joystick (red)🔴 8 button layout (clicky ones)💻 needs to work on PC and PS5gotta ask what his turnaround time is... bday is in 3 weeks 🎂⏰he uses custom acrylic art covers too which is sick 🎨🔥hope it's under $250 total 💸im so hyped to give this to him 😁🎮,24,Male,en_US,Retail Worker,contact,,,,,,
151,PhucVQ,,,hold,trùng format,,2026/03/08,15,Note,Alice Patricia,"Mike Reynolds – plumber recommended by my neighbor after the pipe leak in the kitchen last winter
Phone: +1 312 555 4821
Based in Chicago, works mostly on residential repairs
Came over on short notice when the sink pipe burst
Charged a fair price and explained what went wrong
Mentioned he also installs water heaters and sump pumps
Good guy to call if anything breaks in the basement again
Try weekday mornings since he said weekends fill up fast
I still need to ask him about the slow drain in the upstairs bathroom
Might schedule something early next month
Keep this number handy in case the pipe leaks again",36,Female,en_US,Insurance Claims Adjuster,contact,,,,,,
152,PhucVQ,,,,ok,,2026/03/08,15,Note,Dana Lin Thomas,"Mike – neighborhood electrician
+1 415 772 9034

Met him when the kitchen lights kept flickering last fall.
Lives a few streets over, really friendly guy.
Said I can text anytime if something electrical acts weird again.

Notes to remember:
- prefers text before calling
- works mostly mornings but returns calls in afternoon
- helped install the new ceiling fan in living room
- charged a fair price compared to the other quote
- might ask him about installing outdoor patio lights next month
- remind him I’m the blue house on Cedar Ave",29,Female,en_US,Product Manager,contact,,,,,,
153,PhucVQ,,MinhBH,accepted,ok,,2026/03/08,11.4,Note,Andrew Collins,"New contact from the farmers market last Saturday:
Jamie Brooks – sells homemade hot sauces and BBQ rubs.
Phone number he gave me for orders: +1 512 555 7749
Apparently he does small batch sauces out of Austin.
I tried the smoked habanero one and it was amazing on tacos.
He said texting works best if I want to order bottles.
Might grab a few as gifts for the guys at work.
He also mentioned a seasonal peach-chipotle sauce coming in July.
Should check with him before the next backyard cookout.
Save his contact under “Jamie – Hot Sauce Guy”.
Remember he sometimes delivers locally if the order is big enough.
Could be good for the neighborhood BBQ event too.",37,male,en_US,Landscape Designer,contact,,,,,,
154,PhucVQ,,,,ok,,2026/03/08,14.2,Note,Ethan W.,"Saturday networking notes – contact to keep

I met someone named Julia Park during the community marketing workshop downtown. She mentioned she consults small startups on branding and digital campaigns.

Her phone number: +1 646-555-3928

We talked for almost twenty minutes about helping my cousin’s bakery with social media promotion.
She suggested starting with short Instagram videos and seasonal promotions.

Things to remember if I reach out:
• send her the bakery website first
• ask about her hourly consulting rate
• mention we met near the registration desk

She said texting works better than calling.
Apparently she travels often between NYC and Boston.

Possible collaboration later this summer if the bakery actually wants marketing help.
Need to follow up before I forget.",34,male,en_US,Sales Representative,contact,,,,,,
155,PhucVQ,,,,ok,,2026/03/08,9.4,Note,Rachel Mitchell,"Grocery store recommendation contact
- name: Ben Carter
- phone: +1 214-555-7713
- works as independent refrigerator repair tech

Saved this after he fixed the cooling issue at the store last month.
Arrived pretty fast (same afternoon call).

Notes:
- usually works across Dallas suburbs
- charges diagnostic fee first
- accepts Venmo or cash

Possible reasons to call him again
- if the freezer unit starts making that loud buzzing sound again
- for yearly maintenance before summer

He mentioned Mondays are his busiest day.
Better chance reaching him Tuesday morning.",39,female,en_US,Grocery Store Manager,contact,,,,,,
156,PhucVQ,,,,ok,,2026/03/08,16,Note,Tyle G.,"Olivia Chen
• phone: +1 917 445 2081
• Met her during the digital marketing workshop in Brooklyn last fall
• Works as a freelance brand strategist
• Said she’s open to collaborating on small business campaigns
• I should call her sometime next week about the bakery project
• Best hours: weekday afternoons
• Mentioned she hates early morning calls lol
• Also runs a small newsletter about marketing trends
• Might invite her to speak at the local meetup group
• Note to self: text first before pitching anything",31,male,en_US,Delivery Driver,contact,,,,,,
157,PhucVQ,,,received,ok,,2026/03/08,16,Note,Kayla Turner,"Contact to keep: Sarah Whitfield
+1 720 663 4109


Met during the community volunteer cleanup at Sloan’s Lake.
She coordinates weekend volunteer groups sometimes.


Things about Sarah so I remember later:
- works for the city parks department
- said they often organize trail restoration days
- invited me to join the next event in April
- easiest way to reach her is texting
- she usually sends details a few days before events
- might also know about kayak rentals around the lake
- seemed really organized and friendly
- follow up if I want to volunteer again this spring",24,female,en_US,Finance Student,contact,,,,,,
158,PhucVQ,,MinhBH,accepted,liên tiếp > 2 câu detect AI,,2026/03/08,0,Note,Robert Alvarez,"Got to write this down before I forget. That day at the travel shop, Linda Harper handed me her card - she works with groups, sorts out flight plans. Ring her place by dialing +1 602-555-7716 if you're arranging something big. Turns out, booking early, like four weeks ahead, helps her track cheaper options. Waiting too long makes it tougher, she mentioned. Desert Sky Travel runs the office. Besides flights, hotel deals come up often in their work. When summer plans begin, a word with her could help. Quick things go better by phone, she said, though emails still do fine. Patience shows when walking through choices.Friendly talk makes it easier.Filing this away just in case future trips need sorting. Might come in handy knowing who stepped in last time.",52,male,en_US,Auto Mechanic,contact,,,,,,
159,PhucVQ,,MinhBH,accepted,liên tiếp 2 câu detect AI,,2026/03/08,,Note,Daniel U. Harper,"Quick note so I don’t lose this contact again.
I met Dr. Patel at the community health fair downtown last spring.
She ran a small dental clinic and gave me her direct line in case I needed a cleaning.
Her phone number was: +1 415 555 9023
Her office is somewhere near Mission District but she said calling is easier than booking online.
She seemed really patient explaining insurance options.
Might call her next week to ask about teeth whitening too.
I remember she said Tuesday afternoons are usually quieter.
Also check if they accept Delta Dental before booking.
If it works out maybe switch to her clinic permanently.
Don’t forget to mention the coupon from the fair.
Save this contact under “Patel Dental” later.",41,male,en_US,Ínurance Broker,contact,,,,,,
160,PhucVQ,,MinhBH,accepted,ok,,2026/03/08,13,Note,Melissa Grant,"""Quick note so I don’t lose this number again

Name first: Marcus Hill
Phone: +1 702-555-2870

Met him through a coworker after my laptop screen cracked during the move.
Apparently he runs a small side business fixing electronics from home.

Stuff I remember from chatting with him:
• fixes phones, tablets, laptops
• cheaper than most repair shops
• usually done within 1–2 days

Need to message him if the screen flickering gets worse.
He asked me to send a photo of the model number first.

Lives somewhere near Henderson.
Evening texts are best because he works a day job.

Could also ask if he upgrades laptop batteries.""",29,female,en_US,Bakery Owner,contact,,,,,,
161,NhiNX,,DuongTC,accepted,ok,,2026/03/08,3,Note,Marcus,"contact +1 206 889 5417
Daniel Cho plumber
met Seattle condo leak issue
bathroom pipe under sink
neighbor Olivia gave number
came same evening surprisingly fast
things to ask next time
- water heater age check
- quote for kitchen faucet change
Daniel Cho Seattle plumber again if pipes act up
text better in mornings",37,male,en_US,insurance adjuster,contact,,,,,,
162,NhiNX,,DuongTC,hold,trùng format,,2026/03/08,2.2,Note,Ashley,"Jordan Patel realtor Austin
met open house South Lamar area
looking small starter house maybe next year
seemed honest not pushy
Jordan Patel real estate contact
notes
- ask about property tax estimate
- check school district info
+1 512 664 2198
office near Zilker Park
Olivia from work mentioned him too
follow up after bonus season",28,female,en_US,graphic designer,contact,,,,,,
163,NhiNX,,DuongTC,hold,trùng format,,2026/03/08,10,Note,Trevor,"Mike Dalton brake repair mechanic
met Denver roadtrip last winter
brakes grinding near Boulder highway
shop Rocky Mountain Auto
fixed same afternoon thankfully
Marcus recommended actually
remember winter tire advice he gave
good with Subarus apparently
things later
- alignment check
- brake pad warranty
call Mike Dalton if noise comes back
+1 720 664 3382",44,male,en_US,logistics manager,contact,,,,,,
164,HungLD,,,,ok,,2026/03/08,14,Note,Brandon Miller,"Contact to keep – electrician who helped last fall
Name: Carlos Ramirez
Phone: +1 512 903 7741
I got his number after the power went out in the garage and half the outlets stopped working. Neighbor Lisa recommended him.
He came by the next morning and figured out the breaker issue pretty fast.
Things I remember:
- works mostly around Austin area
- prefers calls instead of long texts
- mornings before 9 are easiest for him
Need to call him again when I finally redo the kitchen lighting.
He also mentioned he installs ceiling fans and outdoor lights.
Price seemed fair compared to other quotes I got.
Save this so I don't lose his contact again.",39,Male,en_US,Delivery Driver,contact,,,,,,
165,HungLD,,,,ok,,2026/03/08,8,Note,Hannah Pierce,Jenna Cole – dog sitter I used during my Chicago trip last summer. Her number is +1 773 555 2810 and I wrote it here so I don’t lose it again. I found her through the Rover app but we switched to texting directly after the first booking. She watched my golden retriever Milo for four days and sent updates every morning. Super responsible and Milo seemed to really like her. If I travel again for work I should message her at least a week ahead because she said weekends fill up fast. She usually responds pretty quickly in the evenings. Also remember she lives only about 10 minutes from my apartment which makes drop-off easy. She mentioned she sometimes does overnight house sitting too. Might ask her about that option next time. Keeping this note because the app chat history disappears sometimes.,28,Female,en_US,Graphic Designer,contact,,,,,,
166,HungLD,,,,ok,,2026/03/08,13,Note,Derek Lawson,"Garage door repair contact
+1 602 441 9872
Tommy Alvarez
Met him when the garage door jammed halfway open during that storm.
Details to remember:
- works with “Valley Garage Repair”
- came out same day which saved me
- replaced the broken spring
He said if the door starts making grinding noises again I should call before it snaps.
Best time to reach him: weekday afternoons.
Usually answers the phone himself.
Might ask him later about installing a quieter opener.
Also does maintenance checks once a year.
Keep his number saved for neighbors too.
Reliable guy and explained everything clearly.
Note to self: garage model is Chamberlain.
Call Tommy if anything weird happens again.",45,Male,en_US,Insurance Adjuster,contact,,,,,,
167,HungLD,,,,ok,,2026/03/08,13,Note,Karen Douglas,"Important contact for apartment maintenance stuff
• Tony Alvarez
• phone +1 305 771 4425
• building maintenance supervisor for our condo complex
Met him during the elevator inspection last month.
He said residents can message him directly for smaller issues instead of filing a full request.
Things he told me he handles:
• plumbing leaks
• AC filter replacements
• hallway lighting problems
Best time to call is weekday mornings.
He’s usually doing rounds around the building though.
If urgent just text and include apartment number.
Remember: unit 8C when contacting him.
Pretty friendly guy.
Saved so I don’t keep asking the front desk every time something breaks.",31,Female,en_US,Interior Decorator,contact,,,,,,
168,HungLD,,,,ok,,2026/03/08,9,Note,Aaron Mitchell,"Random but useful contact from the farmers market today.
I talked to a honey vendor who sells local raw honey and bee pollen.
His name is Greg Lawson.
Number he wrote down for custom orders: +1 541 884 7320
Runs a small family apiary outside Eugene.
Said people can text him if they want larger jars or seasonal batches.
He mentioned blackberry blossom honey coming later this summer.
Could be nice for baking or gifts.
Usually checks messages in the evening after market hours.
Stall name was something like Lawson Valley Honey.
Next Saturday market he’ll be there again.
Might order two jars if the price is good.
Saving this so I don’t forget where that great honey came from.
Call or text Greg if I want another batch.",27,Male,en_US,Personal Trainer,contact,,,,,,
169,HungLD,,MinhBH,accepted,ok,ok,2026/03/09,7,Note,Aaron Blake,"Mike Dalton – electrician I should keep in my notes
+1 312 555 4402


Met him when the breaker panel failed in the condo last winter.
Neighbor Lisa gave me his number because he helped their building too.
He came out on a Sunday which saved me honestly.
Works mostly around Chicago north side.
Said texting photos of the issue first helps him figure things out.
Company name might be Dalton Electrical Services.
Pretty straightforward guy, explained the wiring problem clearly.
If the hallway lights start flickering again call him.
Also said he installs EV chargers which might be useful later.
Usually busy weekday mornings.
Best time to reach him: early evening.
Keep this contact for any electrical stuff in the condo.",37,Male,en_US,Real Estate Agent,contact,,,,,,
170,HungLD,,MinhBH,accepted,ok,ok,2026/03/09,9.2,Note,Natalie Foster,"Need to remember this contact from my last trip.

Name: Carla Simmons
Travel planner I talked to about a possible Italy vacation next year.

Phone number is +1 212 555 8843.
She works with a small agency in Manhattan.
We spoke for about 30 minutes about train travel and small hotels.
Really knowledgeable about Florence and Rome neighborhoods.
She said to email or text when I finalize dates.
Also mentioned she can help with museum reservations.
Call her again maybe in January when planning starts.
Her tone was super friendly and not pushy at all.
Could be helpful if I want someone else to handle bookings.
Don’t forget to mention my coworker Daniel referred me.
Saving this here so I don’t lose the number later.
Might also ask about small group food tours.
She said spring is best season for that.
Remember to check passport expiration too.
Her office hours were roughly 9–5 Eastern.
Note: agency name sounded like Hudson Travel Co.
Keep contact handy.",42,female,en_US,Interior Designer,contact,,,,,,
171,HungLD,,MinhBH,accepted,ok,ok,2026/03/09,5,Note,Jordan Patel,"Vet clinic contact for Luna

Dr. Melissa Grant
phone: +1 404 555 1995
Atlanta Pet Wellness Center

• first visit was for Luna’s annual checkup
• vet was really gentle with her
• explained diet suggestions for small dogs
• clinic was clean and staff friendly
• receptionist named Tyler helped with paperwork
• they send reminders by text
• good place for vaccines and routine exams
• about 15 minutes from my apartment
• parking lot behind the building
• if Luna gets that ear irritation again call them
• open weekdays mostly
• Saturday hours shorter
• keep their number easy to find",31,Male,en_US,Software Tester,contact,,,,,,
172,DuongTC,,NhiNX,accepted,ok,ok,2026/03/09,2.1,Note,Leo,"Name: Marcus Hill
Phone: +1 415 555 7283
met him during that product meetup in San Jose.
works at a small robotics startup.
said to reach out if I’m ever looking for intros in that space.
probably better to text first instead of calling.
he mentioned weekdays after 6 pm are easiest.
might ask him about the Marin trails he talked about.
remember he likes short direct messages.
something like ""hey Marcus, Leo from the meetup"".
don’t send the resume immediately.
first just reconnect and chat a bit.
if he doesn’t reply, wait a couple days before pinging again.
last time I saw him was the February conference.
seemed open to helping out.
should keep this contact for later.",34,Male,en_US,Product Manager,contact,,,,,,
173,DuongTC,,,hold,đổi vị trí sđt,ok,2026/03/09,0,Note,Daniel,"Ryan – electrician referral
Phone: +1 415-555-7821
Got his number from Mark at the gym.
Supposedly really good with old house wiring.
Need to call him about the flickering kitchen lights.
Also ask about installing extra outlet in office.
Best time to reach him: evenings after 6.
He said texting first is ok.
Works around San Jose area.
Might charge inspection fee.
Remember to mention the breaker panel issue.
If price is crazy, still ask for quick advice.
Save receipt if he comes over.
Follow up next week if I forget.",36,Male,en_US,Graphic Designer,contact,,,,,,
174,DuongTC,,NhiNX,accepted,ok,ok,2026/03/09,0,Note,Melissa,"I saved this contact after talking to a plumber during the neighborhood block party last Saturday.
Name: Carlos Mendoza
Phone number: +1 210-555-9443
He works independently and mainly does small residential jobs.
Might need him for the slow drain in the upstairs bathroom.
Also the kitchen sink sometimes makes that weird gurgling sound.
Carlos said mornings are usually easier to schedule.
If possible call before 9am because he starts jobs early.
He mentioned he services most of the north San Antonio area.
Sounded pretty honest and not pushy about work.
Ask about rough price before scheduling anything.
He said estimates over the phone are fine.
Remember to mention house built in 1998.
Could also ask if he checks water heaters.
Texting works but calling him is faster according to him.
If he’s busy maybe ask when he’s free next week.
Keep this number in case pipes act up again.",41,Female,en_US,Real Estate Agent,contact,,,,,,
175,DuongTC,,,hold,đổi vị trí sđt,ok,2026/03/09,5,Note,Brandon,"Contact for car detailing guy.
Marcus Lee
+1 562-555-3814
Met him at the Shell gas station on Lakewood Blvd.
He was detailing a Tesla there and it looked super clean.
Said he does mobile service which is perfect.
Comes to driveway instead of shop.
Need to ask about full interior cleaning.
Also see if he removes coffee stains from seats.
He mentioned weekend availability sometimes opens up.
Text first before calling.
Price depends on vehicle size.
My SUV might be a little more.
Lives somewhere in Long Beach I think.
Ask if he brings his own water tank.
Maybe book before road trip next month.
If service is good, keep him as regular guy.
Could recommend him to Jake too.
Don’t lose this number again.",29,Male,en_US,Delivery Driver,contact,,,,,,
176,DuongTC,,,hold,đổi vị trí sđt,ok,2026/03/09,6.6,Note,Ashley,"Dog sitter info so I don’t lose it again!
Emily Parker
phone: +1 503-555-6629
Found her through a coworker (Nina from accounting).
Emily watched Nina’s golden retriever last winter.
Apparently very patient with nervous dogs.
Might need her when I travel in April.
Ask if she does overnight stays or just drop-ins.
She lives somewhere near Beaverton.
Texting preferred according to Nina.
Also check if she’s okay with feeding medication.
My dog sometimes refuses pills.
Ask about daily rate before confirming.
If it works out maybe use her regularly.
Remember to schedule a meet & greet first.",37,Female,en_US,Elementary School Teacher,contact,,,,,,
177,DuongTC,,NhiNX,accepted,ok,ok,2026/03/09,14,Note,Kevin,"Random but important contact from the hardware store today.
That guy named Trevor Collins.
Number he gave me: +1 720-555-1187.
He installs garage door openers and fixes broken tracks.
Met him while I was staring at the tool aisle forever.
He noticed I was looking at springs and rollers.
Said those things are actually dangerous to replace solo.
Probably right because mine looks bent.
Trevor said he’s been doing garage repairs about 12 years.
Works around the Denver suburbs mostly.
Suggested I send him a photo of the door first.
That way he can tell if it’s minor or serious.
He prefers texting pictures.
Call only if urgent repair needed.
Usually answers messages in the afternoon.
Ask about cost for spring replacement.
Also check if he lubricates the whole system during visit.
If price is fair maybe schedule next Saturday.
Garage door has been making grinding noise lately.
Would be nice to fix before winter.
Keep his contact saved just in case the motor fails later.",45,Male,en_US,Warehouse Supervisor,contact,,,,,,
178,DuongTC,,NhiNX,accepted,ok,ok,2026/03/09,6,Note,Marcus,"Need to remember this tech support guy from the office building.
IT contractor named Alex Turner.
I wrote his phone down after he helped reconnect my laptop to the network.
Contact number +1 510 882 9346.
Apparently he handles a lot of the freelance system fixes around here.
Might reach out if my workstation keeps freezing again.
He said software updates sometimes break things.
Friendly guy, explained things without being condescending.
Best way to reach him is text message first.
If urgent I can try calling during work hours.
Need to mention the accounting office when contacting him.
Also ask if he installs backup software.
Could help prevent file loss in the future.
Keep this number saved under IT help.
Might share it with Linda from payroll if she asks.
Very useful contact honestly.
Glad I wrote this down before forgetting.",44,Male,en_US,Accountant,contact,,,,,,
179,DuongTC,,,hold,đổi vị trí sđt,ok,2026/03/09,13.3,Note,Leonard,"Quick contact details so I don’t lose this again.
Vet clinic assistant I spoke with about my dog Milo.
Her name is Rachel.
Phone number: +1 404 772 5910.
She works at the small animal clinic near Pine Street.
Called me last week to explain Milo’s vaccination schedule.
She said I could call her directly with questions.
Need to check about the booster shot timeline.
Also want to ask if they offer weekend appointments.
Milo gets nervous during visits so shorter wait times help.
Rachel sounded patient and helpful.
Good person to reach if the main desk is busy.
Remember clinic hours end around 6pm.
Try calling after lunch break tomorrow.
Might schedule the next checkup while on the phone.
Keep the record updated in Milo’s folder later.
Also ask if nail trimming can be done same visit.
Very convenient if they can.
Don’t forget to thank her for the advice she gave earlier.",52,Male,en_US,Warehouse Manager,contact,,,,,,
180,DuongTC,,,hold,đổi vị trí sđt,ok,2026/03/09,11.6,Note,Julian Vance,"Finally got the contact of the mobile pet groomer Sarah mentioned.
Name: Marcus Reed.
Business: Paws & Claws Mobile Spa.
Phone: +1 512-555-0219.
He’s good with nervous dogs, so he’s a great fit for Buster.
Said he usually has openings on Tuesday mornings.
He pulls the van right up to the driveway, so no more car sickness.
Rates include the nail trim and ear cleaning.
Might be a bit more expensive than the shop but worth the convenience.
Need to text him at least a week before the summer heat hits.
He mentioned he doesn't do cats anymore.
He was super patient when I asked a million questions.
Met him briefly at the park while he was finishing another job.
Saved his info here so I don't keep bugging Sarah for it.
Told me to send a photo of Buster's coat length first.
His van is bright blue so hard to miss.
Definitely calling him for the June appointment.",34,Male,en_US,Graphic Designer,contact,,,,,,
181,DuongTC,,NhiNX,accepted,ok,ok,2026/03/09,8.9,Note,Elena Rodriguez,"I was chatting with a neighbor and she gave me a local tutor info who helps with college prep.
Naomi Chen is her name and she lives just a few blocks away in the heights.
Her cell is +1 206-555-8842 and she prefers a text before you call her.
She helped the Smith kids get their SAT scores up by a lot last year.
Apparently she is sharp but patient with kids who get frustrated easily.
We talked for a bit and she said she also has background in technical writing.
Her turnaround time for essay reviews is three days.
I should reach out once my nephew finishes his first draft of the personal statement.
She mentioned she has some availability on weekend mornings right now.
Met her through the local library's volunteer program.
Remind me to ask about her hourly rates for group sessions.
Saving this here so I can find it when his midterms start.",29,Female,en_US,Librarian,contact,,,,,,
182,DuongTC,,NhiNX,accepted,ok,ok,2026/03/09,10,Note,Gregory Miller,"* Silas Thorne - Flooring Expert.
* Contact: +1 404-555-3310.
* Met him while he was doing the hardwood at the neighbor's place.
* Specialized in custom staining and repairs for older Victorian homes.
* Said he can come by for a quote next Thursday if I am home.
* A bit old school but his portfolio looked amazing in person.
* Need to ask if he handles the subfloor leveling or just the wood.
* Usually booked out at least two months in advance.
* Best to call after 6 PM when he is off the active job site.
* Mentioned a potential discount if I buy the raw materials myself.
* Seems like a really honest guy who takes pride in his craft.",52,Male,en_US,Real Estate Agent,contact,,,,,,
183,DuongTC,,NhiNX,accepted,Ai detective 22%,ok,2026/03/09,15.8,Note,Sophie Whitmore,"Details for the private tutor the school counselor recommended for Leo.
Name: Mrs. Beverly Higgins.
Contact: +1 617-555-4992.
She is a retired math teacher with 30 yoe.
Specializes in helping kids with algebra anxiety and test prep.
Charges by the hour and is willing to come to our house for sessions.
We should start with two sessions a week.
Leo actually seemed okay with the idea of meeting her for a trial.
She stays in the area during the summer break if we need extra help.
Remind her that he struggles most with complex word problems.
Need to check if she is free on Wednesday afternoons after soccer.
Saving this here so Mark has the info for his records too.",41,Female,en_US,Registered Nurse,contact,,,,,,
184,DuongTC,,,hold,đổi vị trí sđt,ok,2026/03/09,7,Note,Derek Thompson,"I finally found the info for a guy who can repair vintage stereo equipment and turntables.
His name Arthur Vance and he runs the Analog Audio Rescue.
He can be reached at +1 312-555-7721.
My boss said he is the only one can find parts for the 70s gear.
Told me he can take a look at my dad's old Marantz receiver next month.
It usually takes about a month to get repairs done since he works alone.
I met him at the record fair while browsing the jazz section.
I should text him the model number before going to his place.
Prices are way better than the high-end boutique shops downtown.
Seems like a real enthusiast rather than just someone doing a job.
I hope he can fix the humming issue on the left channel.
He mentioned he doesn't work on modern digital receivers anymore.",47,Male,en_US,Logistics Manager,contact,,,,,,
185,DuongTC,,,hold,Ai detector 28%,ok,2026/03/09,9.2,Note,Marcus Thorne,"Found a great plumber specializes in vintage fixtures.
His name Elias Vance.
Business: Riverside Plumbing Solutions.
Cell: +1 503-555-0129.
He helped my brother with the leaky clawfoot tub.
He said he doesn’t charge extra for weekend emergency calls in the local area.
Available from 8 AM - 4 PM on weekdays.
He has some spare parts for 1940s sinks.
Very professional and cleaned up everything before he left.
Need to call him about the guest bathroom renovation in October.
He prefers a text with a photo of the issue first.
Met him at the hardware store when he was buying some copper pipe.
Really nice guy who knows the plumbing codes for the historic district.",42,Male,en_US,Architect,contact,,,,,,
186,DuongTC,,NhiNX,accepted,ok,ok,2026/03/09,19.5,Note,Sarah Jenkins,"Need to save this contact for freelance caterer I met at the gala.
Her name Isabella Rossi, who specializes in Mediterranean small plates, can be reached at +1 305-555-8842.

- She can host events for 50 people and up.
- Needs at least three weeks notice for custom menu planning.
- Pricing includes the full setup and one server for four hours.

We talked about her doing the food for my sister's baby shower in May.
Met her while she was plating those incredible mini lamb sliders.
She can offer a private cooking class for small group.
Should ask if she has any gluten-free dessert options.
Very organized and has a great eye for table presentation.
Saving this here so I don't lose her number in my emails.
She lives in the North Shore area but travels for bigger jobs.",31,Female,en_US,Event Planner,contact,,,,,,
187,DuongTC,,NhiNX,accepted,ok,ok,2026/03/09,6,Note,Kevin O'Malley,"* Name: Jackson ""Jax"" Miller - Mobile Detailer.
* Contact: +1 702-555-3310.
* Met him at the Saturday morning cars and coffee meet.
* Does full interior and exterior ceramic coating for classic cars.
* Said he can come to the office parking lot on Tuesdays.
* Note: He brings his own water and power supply in the truck.
* Charged my coworker a very fair rate for a deep interior clean.
* Need to ask if he has a monthly subscription for basic washes.
* Usually booked out for full details about two weeks ahead.
* Told me to call him directly rather than using the website form.
* Mentioned he gives a discount for referring new regular clients.
* Super meticulous about his work and uses high-end microfiber towels.
* I should book him for the truck before the winter salt hits.
* He also does headlight restoration if the plastic starts yellowing.",38,Male,en_US,Sales Manager,contact,,,,,,
188,DuongTC,,,hold,đổi vị trí sđt,ok,2026/03/09,12.7,Note,Elena Rivera,"I finally got the number for the lady who does custom upholstery and curtain sewing.
Her name is Mrs. Gladys Henderson and her phone is +1 212-555-7792.
She works out of her home studio in Queens and does amazing work.
Met her through my aunt who had her dining chairs recovered last summer.
She has a massive book of fabric samples but allows you to bring your own.
Prices are way better than the big design firms in the city.
She told me she is usually busiest during the spring renovation season.
Need to send her the measurements for the living room bay window soon.
Friendly and detail-oriented when comes to pattern matching.
She prefers phone calls over emails because she's always at the sewing machine.
Mentioned she could probably have the curtains done in about two weeks.
Saving this so I remember who to call for the nursery project.",55,Female,en_US,Interior Designer,contact,,,,,,
189,DuongTC,,NhiNX,accepted,ok,ok,2026/03/09,8.2,Note,David Wu,"Contact info for the mechanic who knows older carburetors:
Name: Sam ""Sarge"" Peterson.
Shop: Veteran Auto Works.
Phone: +1 915-555-4021.
Notes:
- Retired army mechanic with his own small shop.
- Neighbor swears he is the only honest guy in the county.
- Drop by any morning after 7 AM for a quick look.
- Doesn't do modern diagnostics; loves the ""old iron"" stuff.
- Met him at the gas station while he was admiring my Bronco.
Definitely taking the truck to him for the next major tune-up.",49,Male,en_US,Project Manager,contact,,,,,,
190,DuongTC,,,hold,đổi vị trí sđt,ok,2026/03/09,16,Note,Samantha Lowery,"I finally got the contact for the freelance baker everyone is raving about.
Name: Elena Vance.
Shop: Sweet Pea Custom Cakes.
Mobile: +1 415-555-9022.
• She made the incredible tiered cake for Clara’s wedding.
• Specializes in gluten-free and vegan options that actually taste good.
• Needs at least a month's lead time for large custom orders.
• She operates out of a licensed home kitchen in the city.
• Prices include delivery within a twenty-mile radius of downtown.
We chatted at the park and she seemed so sweet and creative.
I want to ask her about doing a dessert tower for the office party.
She prefers email for the initial design brief and reference photos.
Mentioned she can do individual cupcakes for school events too.
Saving this so I don't have to hunt through my social media for her.
Her lemon curd filling is supposed to be her signature flavor.",32,Female,en_US,Marketing Coordinator,contact,,,,,,
191,DuongTC,,NhiNX,accepted,ok,ok,2026/03/09,8.1,Note,Harrison Reed,"Met a great local guy for any future HVAC issues.
Phone: +1 704-555-0182.
Name: Thomas Miller.
He helped my neighbor fix their furnace during that freeze last week.
Said he specializes in older residential units in the suburban area.
He doesn't charge a dispatch fee if you book a week in advance.
Mentioned he can also do duct cleaning if the allergies get bad.
Very professional and wore boot covers inside the house.
Told me to text him a photo of the unit model number first.
He is usually available for service calls between 7 AM and 3 PM.
Prices seemed much more reasonable than the big corporate franchises.
Saved his info here because the AC is starting to make a rattling noise.
He mentioned he's a veteran and offers a small discount for that.
Really knowledgeable guy who didn't try to upsell any unnecessary parts.
Need to call him before the summer heat really kicks in.
He said he lives just two towns over so travel time is fast.",45,Male,en_US,High School Teacher,contact,,,,,,
192,DuongTC,,,hold,Ai detective 29%,ok,2026/03/09,16.7,Note,Victor Morales,"Random note about a reliable mobile welder I met at the trade show.
Name is Gabe Sanchez and his number is +1 210-555-3341.
Details on services:
- On-site repairs for trailers, fences, and heavy equipment.
- Has a fully equipped rig so he doesn't need my power supply.
- Charges a flat hourly rate plus a small travel fee for rural places.
- Has experience with aluminum and stainless steel.
- Works most Saturdays if the weather is clear.
Why I saved this:
My cowokers at the shop said he’s the fastest in the county.
I might need him to fix the gate on the back pasture next month.
He seemed like a straight shooter and didn't mind me asking questions.
He told me to just send a text with a clear picture of the break.
Usually responds within a couple of hours if he's not under a mask.
Based on the south side, serves the whole tri-county area.
Need to ask if he does any decorative wrought iron work too.
Definitely keep this handy for the next time the equipment breaks down.
He’s a one-man operation so you deal directly with him every time.",39,Male,en_US,Farm Manager,contact,,,,,,
193,DuongTC,,NhiNX,accepted,ok,ok,2026/03/09,7,Note,Beatrice Thorne,"Information for the mobile notary and document preparer I met.
Name: Lydia Grant.
Contact: +1 312-555-6670.
Notes from our meeting:
She helped my sister-in-law with her estate planning signatures last month.
Lydia is available during evenings and weekends which is super helpful.
She can travel to hospitals or nursing homes if someone is housebound.
Her fees are very standard but she's much faster than going to a bank.
Mentioned she is also a certified loan signing agent for real estate.
She was very patient when explaining where everyone needed to sign.
I should reach out to her when we finally finish our will updates.
She prefers a phone call to schedule but texts are fine for directions.
Friendly lady who clearly knows the legal requirements for our state.
Saving this here so I can find it when the paperwork is ready.
Lives in the North End so she's only ten minutes away from us.",58,Female,en_US,Retired Nurse,contact,,,,,,
194,DuongTC,,,hold,Ai detector 31%,ok,2026/03/09,16.4,Note,Julian Fletcher,"Met a solid guy who does professional pressure washing and window cleaning.
Name: Derek Holloway.
Business: Crystal Clear Exterior Care.
Phone: +1 602-555-8819.
- He did the driveway and the siding for the house across the street.
- Uses eco-friendly cleaning solutions that won't kill the shrubs.
- Pricing is based on the square footage of the area being cleaned.
- He also offers gutter cleaning as an add-on service in the fall.
- Said he can usually get a quote done just by looking at Google Maps.
- I met him while he was packing up his truck on Tuesday afternoon.
Why I’m keeping this contact:
The back deck is looking pretty rough and needs a deep scrub.
He mentioned he could probably fit me in before the holiday weekend.
Told me he’s fully insured which is a big plus for this kind of work.
Seemed like a hard worker and was very polite to the neighbors.
I should ask if he does roof moss treatment while he’s up there.
He said he gives a 10% discount for first-time customers in this zip code.
Saving his number now before I forget the name of his company.
Need to text him next Monday morning to see about his availability.",27,Male,en_US,Software Developer,contact,,,,,,
195,DuongTC,,NhiNX,accepted,Ai detector 22%,ok,2026/03/09,0,Note,Nathan Brooks,"Met a reliable mobile locksmith today named Gary Vance.
Phone: +1 615-555-0192.
Business: QuickKey Mobile Services.
He helped my neighbor get back into her house after a lockout.
Said he can rekey the whole house for a flat service fee.
Available 24/7 for emergencies which is good to know.
He mentioned he also programs those expensive transponder car keys.
Very professional and had all the tools in his van.
Save this so I don't have to call a random company.
Told me to text him a photo of the deadbolt first.",38,Male,en_US,Warehouse Manager,contact,,,,,,
196,DuongTC,,NhiNX,accepted,ok,ok,2026/03/09,5.8,Note,Gregory Miller,"* Name: Silas Thorne - Master Carpenter.
* Contact: +1 404-555-3310.
* Met him while he was finishing the custom deck at the neighbor's.
* Specialized in custom built-ins and crown molding for older homes.
* A bit old school but his portfolio looked amazing in person.
* Need to ask if he handles the sanding and staining himself too.
* Usually booked out at least three months in advance for big jobs.
* Best to call after 5 PM when he is done with the power tools.
* Mentioned a potential discount if I buy the raw materials myself.
* Seems like a really honest guy who takes pride in his craft.
* I should check if he has references for kitchen cabinet refacing.
* Hope he's available before the family comes for the holidays.
* He lives in the East Lake area so he is fairly local to us.
* Told me he has been in the business for over twenty-five years.
* He mentioned he can also fix that sticky front door for me.
* Remind me to show him the sketch I made for the bookshelves.
* Saving this because reliable contractors are so hard to find lately.
* He said he prefers a phone call to discuss the project details.",52,Male,en_US,Real Estate Agent,contact,,,,,,
197,DuongTC,,NhiNX,accepted,ok,ok,2026/03/09,10.1,Note,Elena Rodriguez,"Contact info for the freelance translator I met at the community center.
Name: Sofia Mendez.
Cell: +1 305-555-8842.
She specializes in legal and medical Spanish translations for documents.
Mentioned she also does live interpretation for parent-teacher conferences.
We talked about her helping my grandma with her citizenship paperwork.
She charges by the page or by the hour for live sessions.
Super friendly and seems to really care about the local community.
I should reach out to her at least two weeks in advance.
She prefers texts over calls during workday because she's busy.
Saving this here so I can find it when the lawyer calls.",29,Female,en_US,Social Worker,contact,,,,,,
198,DuongTC,,,hold,đổi vị trí sđt,ok,2026/03/09,11.8,Note,Tyler Vance,"Got these numbers from the jobsite today for the demo crew.
First guy is Mike Szabo at +1 415-555-0921.
Other contact is his partner Rico: +1 415-555-0883.
These guys are absolute beasts with a sledgehammer.
Can clear the whole basement in 4 hours.
Mike handles the scheduling but Rico is the one who owns the dump truck.
Spoke to Mike briefly about the debris removal fees for next month.
Told me they dont charge extra for haulin away old appliances.
Need to call 'em before the permit expires on the 15th.
Saved here cuz I always lose their bizness cards in my truck.
They are based in San Fran but travel for bigger demo jobs.",34,Male,en_US,Construction Foreman,contact,,,,,,
199,DuongTC,,NhiNX,accepted,ok,ok,2026/03/09,0,Note,Anita Desai,"Need to save the info for the two ladies who do the custom embroidery.
1. Mrs. Gable (Main office) - +1 512-555-7721.
2. Janie (Workshop lead) - +1 512-555-7725.
• Met them at the craft fair while looking for team jerseys.
• They do amazing stitch work on denim and heavy canvas.
• Mentioned they have a 2-week turnaround for small batches.
• Mrs. Gable is a bit picky about the digital files you sent.
• Janie said she can fix the loose threads on my vintage jacket.
• Prices are way better than the big online shops.
• They prefer a text with the design photo first.
• Both are super sweet and have been in biz for 20 yrs.
• Office is closed on Mondays so dont bother calling then.
• I wanna get the logo hats done for the summer camp kids.
• Told me to ask for the ""local biz"" discount when I order.",45,Female,en_US,Community Manager,contact,,,,,,
200,DuongTC,,NhiNX,accepted,ok,ok,2026/03/09,17.5,Note,Jordan P.,"* Contacts for the garage door repair - super important!
* Main Line: +1 602-555-3341.
* Tech Cell (Leo): +1 602-555-3345.
* Dispatch (Becky): +1 602-555-3349.
* Leo came out at 9pm when the spring snapped on the SUV.
* They r family owned and really know their stuff.
* I saved all 3 numbers just in case someone doesn't pick up.
* Told me the sensors are getting old so might need a swap soon.
Ex: If the light blinks, give Leo a quick shout on his cell.
* He lives right in the neighborhood which is clutch for emergencies.
* Price was exactly what he quoted over the phone no hidden fees.
* I'm gonna refer them to my dad for his workshop door.
* Saved under """"Garage Guys"""" so I dont forget who is who.
* They offer a """"loyalty rate"""" for return customers.
* Becky said she can email the PDF receipt tomorrow morning.
* Really great service and super fast response time for our zip.",29,Male,en_US,Logistics Specialist,contact,,,,,,
201,DuongTC,,NhiNX,accepted,ok,ok,2026/03/09,8,Note,Chloe Whitmore,"Met two great pet sitters at the dog park today while walking Bear.
Sarah: +1 720-555-1120.
Dr. Miller (the vet tech sitter): +1 720-555-1128.
Sarah is great for midday runs when I stuck at the office late.
She charges by the half-hour and sends photos of the walk.
Dr. Miller is better for overnight stays.
She is a bit more expensive but worth the peace of mind.
Both live in the Highlands area.
Met Sarah while she was handling three huge huskies.
Spoke to Dr. Miller about Bear's hip issues and she had great advices.
I should reach out to Sarah for the Tuesday/Thursday slot.
Need to save these so I dont have to use that buggy app anymore.
Sarah mentioned she's insured and has a backup walker too.
Dr. Miller is usually booked up 1 month in advance for holidays.
Both are chill and seem to love animals.
Sarah's phone is on DND after 8pm so text her early.
Dr. Miller said she can also do nail trims during her visits.
Saving this here for the next time I gotta travel for work.",31,Female,en_US,UX Researcher,contact,,,,,,
202,DuongTC,,NhiNX,accepted,ok,ok,2026/03/09,12.2,Note,Marcus Thorne,"IT consultants Ray and Sonia for the new office setup.
Ray is the genius who fixed the server crash at the law firm.
Sonia is the one to talk to about the service contracts and rates.
They specialize in small biz network security and cloud backups.
Ray mentioned he can come by for a site survey next Wednesday.
Sonia said they offer a flat monthly fee for 24/7 remote support.
Met Ray at the tech conference and he really knew his stuff.
Need to ask if they handle the cabling for the new desks too.
Sonia mentioned they have a 4-hour response time for critical bugs.
Ray is a bit of a nerd but explains things in plain English.
I saved their info here so the partners can review the costs.
They're based downtown but do a lot of work in the suburbs.
Ray prefers being contacted via text for quick tech questions.
He told me they've been in business for over 10 yrs now.
Saving this so we don't end up with another bad IT company.
- Lead Tech (Ray): +1 206-555-4401.
- Office Manager (Sonia): +1 206-555-4409.",52,Male,en_US,Product Manager,contact,,,,,,
203,DuongTC,,NhiNX,accepted,ok,ok,2026/03/09,4,Note,Elena Rivera,"Saving the details for the house cleaners I met through Maria.
Rosa and Elena
• They do a deep clean once a month for Maria's place.
• Rosa is the one who handles the scheduling and the keys.
• Elena usually brings the supplies and does the heavy lifting.
• They charge a flat rate for a 3-bedroom house like mine.
• Mentioned they r available on Friday mornings starting next month.

• They are super fast and the place looked absolutely spotless.
• I should call Rosa to book a trial clean for the guest room.
• Need to ask if they do window washin as an extra service.
• They r very trustworthy and have worked for the same families for yrs.
• Rosa prefers a call between 5 and 7pm to discuss the details.
• Elena mentioned she can also help with laundry if I pay extra.

• I'm gonna try them out before the family comes for Christmas.
• Rosa said she'll give me a ""new client"" discount for the first visit.
• Both are very professional and come highly recommended by Maria.
• Definitely want to get on their regular schedule if the trial goes well.
Main Contact: Rosa - +1 305-555-6671.
Backup/Sister: Elena - +1 305-555-6675.",41,Female,en_US,Dental Hygienist,contact,,,,,,
204,DuongTC,,NhiNX,accepted,Ai detector 21%,ok,2026/03/09,14,Note,David Wu,"Info for the estate lawyers I met at the seminar.
Partner: James Sterling - +1 212-555-9001.
Assistant: Claire - +1 212-555-9005.
Switchboard: +1 212-555-9000.
James is the one who gave the talk on living trusts and wills.
James mentioned he has a background in real estate law as well.
Claire said they offer a free 15-min phone consult for new folks.
Met James after the session and he was very approachable and kind.
I need to talk to him about updatin my dad's power of attorney.
Claire mentioned the initial retainer is a bit high but they r fast.
James is super sharp and caught a few errors in my current draft.
I saved all 3 numbers so I can reach them no matter what happens.
They r located in Midtown but do a lot of Zoom meetings lately.
Claire said to email the scanned docs before the first call.
Saving this info here so my sister has access to it too.
Need to follow up with Claire about the appointment for Tuesday.
They r a very reputable firm and come with high ratings online.
James mentioned he can also help with some of the probate stuff.
Definitely want to get this sorted before the end of the year.",58,Male,en_US,Retired Civil Engineer,contact,,,,,,
205,DuongTC,,,hold,"cấu trúc khá giống cái bên trên,",ok,2026/03/09,12.4,Note,Samantha L.,"* Info for caterers for engagement party!
* Chef Marco: +1 312-555-2201
* Event Manager (Gina): +1 312-555-2205
* Office Line: +1 312-555-2200
* Marco is the creative force behind the amazing tacos.
* Gina is the logistics pro who handles the rentals and servers.
* They specialize in ""fusion"" street food for outdoor weddings.
* Marco mentioned he can do a custom menu for my veggie friends.
* Gina said they need a 20% deposit to hold the date in June.
* Met them at the festival and loved their vibe.
* I should ask Marco about the mini churros for the dessert table.
* Gina mentioned they handle all the cleanup and trash removal.
* Marco is a bit eccentric but his food is literally life-changing.
* I saved these numbers so I can coordinate between the two of them.
* They r based in the West Loop but have a mobile kitchen rig.
* Gina said she'll send over the tasting menu by Wednesday night.
* Marco prefers texting when busy in the kitchen.
* Marco has been a chef for 10 years in 5 star hotels.
* Saving this cause dont want to lose out on our preferred date.",27,Female,en_US,Junior Accountant,contact,,,,,,
206,DuongTC,,NhiNX,accepted,Ai detector 21%,ok,2026/03/09,9,Note,Julian Fletcher,"Details for mechanics who fix the vintage bikes (""""Greasy"""" Pete and SlimV).
Main Desk: +1 503-555-8800.
Pete is the only guy I trust with the engine.
SlimV is the wizard who can find obscure parts on the internet.
They run a small shop called """"Old Iron Moto"""" in the Pearl District.
Pete mentioned he has a backlog of about three weeks right now.
SlimV said he can order the gaskets I need from a guy in Ohio.
Met Pete at the swap meet and he was super helpful with tips.
I should drop the bike off on a Tuesday morning if I want it back fast.
SlimV mentioned they also do custom paint and powder coating too.
Pete is a total pro and has been wrenching since he was a teenager.
They are a bit pricey but they can do the job right.
SlimV said he'll call me once the carb kit arrives at the shop.
Pete prefers a phone call to explain the technical issues he finds.
He told me he loves working on the old Japanese cafe racers most.
Saving this info here so I don't lose the business card again.
Need to text Pete the VIN number so he can check the specs.
They're the best in town for anything made before 1990 for sure.
SlimV mentioned they have a small lounge with coffee for customers.
Definitely want to get the bike tuned up before the summer.
Pete said he'll give me a break if I bring in oil.
✦ Shop Owner: """"Greasy"""" Pete - +1 503-555-8821.
✦ Parts Specialist: SlimV - +1 503-555-8825.",35,Male,en_US,Software Developer,contact,,,,,,
207,DuongTC,,NhiNX,hold ,ok,dinh 2 cau,2026/03/09,4,Note,Beatrice Thorne,"Information for the mobile notary and document preparer I met.
▷ Name: Lydia Grant.
▷ Contact: +1 312-555-6670.
Assistant (Mark): +1 312-555-6674.
Lydia stamps the papers and verifies IDs.
Mark handles all the travel scheduling and the billing invoices.
They helped my sister-in-law with her estate planning last month.
Lydia is available during evenings and weekends which is great.
She can travel to hospitals or nursing homes if needed for clients.
Her fees are very standard but she’s much faster than a bank.
Mark was very patient when explaining where everyone needed to sign.
I should reach out to them when we finish our will updates soon.
Lydia prefers phone calls to schedule but texts are fine.
Saving this here so I can find it when the paperwork is all ready.
She usually needs about 24 hours notice for a house call.
Mark said they have a portable scanner for digital copies as well.",61,Female,en_US,Retired Librarian,contact,,,,,,
208,DuongTC,,,hold,AI detective 37%,ok,2026/03/09,4.1,Note,Dominic Vance,"Referred Mechanic: Elias Vance.
Phone Number: +1 313-555-0192.
Speciality: Vintage Ford truck repairs and transmission work.
1. Met him through a guy at the local car show last Saturday.
2. He works out of a private shop behind industrial park.
3. He can source original parts for my 1978 F-150 project.
4. He charges by project rather than hourly labor rate.
5. Told me to swing by on a weekday to show him the engine bay.
6. He doesn't do paint or body work, just mechanical stuff.
7. Noted that he is usually busy with restorations in the summer.
8. He prefers a phone call to schedule a formal diagnostic.
9. Mentioned he might have a spare carburetor in his inventory.
10. Very straightforward guy who knows his way around a carburetor.
11. He suggested I bring my own oil filters to save time.
12. Definitely worth a visit before I try the dealership again.
13. He has a lot of positive reviews on the local car club forum.
14. I'll reach out once I get the new spark plugs delivered.
15. Keep this info in the glovebox in case of breakdown.
16. He said he can also help with some basic electrical wiring issues.
17. Seems like he's been doing this for over thirty years now.
18. His shop is only open until 4:00 PM on most weekdays.",54,Male,en_US,Logistics Manager,contact,,,,,,
209,DuongTC,,NhiNX,accepted,ok,ok,2026/03/09,6,Note,Sierra Thorne,"Contact: Sarah Jenkins - Landscaping


Phone: +1 404-555-8221


She was referred by the neighbor with the great hydrangea bushes.
Her company is called Green Thumb Professionals.
Her specialty is in drought-resistant garden and stone pathway.
I need to discuss the drainage problem.
She can do the seasonal cleanups and mulching for a flat fee.
Noted that she brings her own equipment and haul-away service.
Mentioned she's booked out about three weeks in advance right now.
Told me she prefers phone calls over emails for scheduling.
She seemed very honest about what wouldn't grow in my soil type.
Need to ask her about installing a small koi pond later this summer.
She's worked in this neighborhood for over ten years.
I'll call her after the rainy season ends to start the patio work.
Definitely save this for the spring renovation.",21,Female,en_US,University Student,contact,,,,,,
210,DuongTC,,NhiNX,accepted,ok,ok,2026/03/09,10,Note,Elena Moretti,"New Yoga Instructor: Maya Sharma.
Phone: +1 503-555-0122.
Met her at Riverside Wellness Studio open house. 
Notes for the future:
* She teaches a specialized ""Vinyasa Flow"" on Tuesday nights.
* Her private sessions are held at her home studio in Portland.
* Mentioned she gives a 15% discount for healthcare workers.
Steps to take:
1. Check if my current gym membership allows for outside credits.
2. Text her by Friday to see if she has any 6:00 PM slots left.
3. Ask about the ""bring a friend"" trial class for Sarah.
4. Buy a thicker mat cause her floor is hardwood.
I should definitely follow her on Instagram to see her daily tips.
Really glad I ran into her before the new semester starts.
Her dog, a Golden Retriever, sometimes joins the backyard sessions.
Seems like a perfect fit for my fitness goals this year.",34,Female,en_US,Registered Nurse,contact,,,,,,
211,DuongTC,,,hold,trùng format,,2026/03/09,7,Note,Marcus Thorne,"(Contractor: David ""Davy"" Miller).
Mobile: +1 915-555-8840.
Context: This guy was the lead carpenter for the Johnson’s deck renovation. They swear by his work and said he actually shows up on time.
Current Project Ideas:
● Need a quote for the built-in bookshelves in the study.
● Might ask him about the rotting trim on the garage door.
● He does minor plumbing if it's part of bigger remodel.
Important Details:
1- He is usually booked out at least two months in advance.
2- Prefer phone call over a text for the initial consultation.
3- He brings his own crew and handles all the debris removal.
4- Can source reclaimed wood if I want.
He’s a retired vet and straightforward about pricing.
I’ll call him after the tax refund hits in April.
He mentioned he doesn't work on Sundays at all.
Keep this saved so not lose his number like last time.",45,Male,en_US,High School Principal,contact,,,,,,
212,DuongTC,,,hold,Ai detector 27%,ok,2026/03/09,9.3,Note,Julianne Miller,"Met this freelance graphic designer, Marcus Thorne, at the tech mixer last Thursday.
Business name: Thorne Creative Studio.
Phone: +1 512-555-0198.
He works with vectors and branding.
Seemed knowledgeable about UI/UX trend for 2026.
Has a special discount for first-time customers if they can mention the mixer.
Definitely should be contacted when the new website project begins next month.
He uses a lot of bold colors in his portfolio which I really liked.
Told me he prefers a quick text before a formal call.
Lives over in the East Austin area so he's local.
He might be able to assist me with the logo redesign.
Seemed like his rates were pretty fair for the quality I got to see.
He also does some motion graphics on the side.
Reminded me to check out his Behance profile for more samples.
I’ll probably shoot him a line about the flyer project on Tuesday.
He had a really unique vintage denim jacket on.
He seems like a pretty relaxed dude to work with for a project.
Wait for the budget approval before sending the brief.
Keep his info handy in case the current agency falls through.",29,Female,en_US,Marketing Coordinator,contact,,,,,,
213,DuongTC,,NhiNX,accepted,ok,ok,2026/03/09,7.6,Note,Chloe Bennett,"Contact: Linda Harper (Travel Agent).
Direct: +1 602-555-7716.
She was the one who handled the family reunion flight bookings. Her agency, 

Services she offers:
• International flight itineraries and visa assistance.
• Curated hotel packages in Europe and Asia.
• Travel insurance that actually covers cancellations.
Planning for Tokyo 2027:
1) Contact her at least 6 months before the cherry blossom season.
2) Ask about the ""rail pass"" bundle for traveling between cities.
3) Get a quote for a traditional Ryokan stay in Kyoto.
She mentioned email works for basic questions but phone is faster.
Friendly and very patient with my constant itinerary changes.
Saving this here so I don't have to dig through my inbox again.
She mentioned that she can beat the prices that Expedia is offering.
I will contact her when we figure out the dates with the rest of the group.",31,Female,en_US,Marketing Coordinator,contact,,,,,,
214,DuongTC,,,hold,Ai detector 36%,ok,2026/03/09,13,Note,Terrence Boyle,"New Dog Trainer: Klaus Meyer.
Phone: +1 503-555-8822.
Saw him working with a high-energy Malinois at the park. His control over the dog was cool and uses a mix of clicker training and positive reinforcement.
Key points from our chat:
✦ He offers a six-week basic obedience course for puppies.
✦ Come to the house for 1-on-1 dog training.
✦ Charges per session or offers a discount for a full block.
Steps for Buster:
1. Record a video of Buster barking at the mailman.
2. Schedule the ""evaluation"" session for next Saturday.
3. Buy the long training leash he recommended from Amazon.
He’s been doing this for 10 years and has great online reviews.
He doesn’t believe in shock collars.
Need to fix the jumping issue before my parents visit.
He is at Laurelhurst Park on Sunday.
I’m going to ask him if he has any openings left.",39,Male,en_US,Civil Engineer,contact,,,,,,
215,DuongTC,,NhiNX,accepted,Ai detector 22%,ok,2026/03/09,15,Note,Maxwell Graves,"New contact for the boat repair guy.

Mobile: +1 941-555-2009.
He works out of the marina in the north.
Specializes in outboard motor work and electrical wiring.
He fixed the fuel pump on Mike's boat for a great price.
Call him if the engine starts sputtering again.
Usually available during the weekdays before noon.
He can help with the winterization of the vessel in October
Name: Captain ""Sully"" Sullivan.",52,Male,en_US,High School Teacher,contact,,,,,,
216,DuongTC,,,hold,"Ai detector 22%
zero 25.7%",ok,2026/03/09,13.6,Note,Riley Cooper,"Local Barber: ""Big Al"" Thompson.
Mobile: +1 702-555-1234.
Shop: Al’s Classic Cuts on Fremont St.
Been going to him for six months now. He’s the only one who gets the fade right every single time. Old school vibe with a straight-razor shave.
Booking Info:
• He’s closed on Sundays and Mondays.
• You have to text him on Monday morning to get a Friday slot.
• Cash only, though he started taking Venmo last month.
Reminders for next visit:
1. Ask him about the new pomade he was using last time.
2. Get a beard trim since it's getting a bit wild.
3. Check if he’s still moving to the new shop in Summerlin.
He’s a huge sports fan, so be ready to talk about the Raiders.
Usually has a bit of a wait,
I'll call him tomorrow if he can squeeze me in at 4.
He also does great cuts for kids if I ever bring my nephew.",35,Male,en_US,Sales Representative,contact,,,,,,
217,DuongTC,,NhiNX,accepted,ok,ok,2026/03/09,14.7,Note,Arthur Pendel,"* Contact: Robert Miller (Handyman).
* Phone: +1 702-555-6674.
* He helped my brother fix a leaky roof.
* Knows basic plumbing.
* He's a retired contractor does small jobs now.
* Lives in the Henderson area but travels around town.
* He said he doesn't charge for travel time.
* Need him to check the creaking floorboards in the hallway.
* I should text him video of the problem.
* He works on Tuesdays and Thursdays.
* He is reliable and shows up exactly when he says he will.
* He's much cheaper than the big corporate repair companies.
* Reminded me that he only accepts cash or Venmo payments.
* Keep this number handy for any house emergencies.",61,Male,en_US,Librarian,contact,,,,,,
218,DuongTC,,NhiNX,accepted,ok,ok,2026/03/09,2.7,Note,Darren Miller,"Brand New Carpenter Steve and Robby
Steve: +1 512-555-0982.
Robby: +1 512-555-1104.
Met these guys at hardware store when I was looking for cedar planks.
These guys have a small workshop called SR Woodworks located in Cedar Park.
2. Steve is the main guy for quotes, and Rob handles the heavy lifting.
3. Told me they can start in about 2 weeks if I buy the lumber early.
4. They gave me a discount if I pay in cash instead of card.
Super chill dudes, seem very honest about the labor costs.
I need to text them about the dimensions of the wall where I am installing my library tomorrow.
These guys also do hidden doors.
Do not forget to ask them about the color of the stain they used.
Definitely hiring these guys for the basement job.",34,Male,en_US,Librarian,contact,,,,,,
219,DuongTC,,,hold,AI detector 26%,ok,2026/03/09,11.72,Note,Monica Geller,"Info for the babysitters:
- Julie: +1 212-555-8831.
- Julie's sister Anna: +1 212-555-9902.
Live in the apartment next to the park.
Met them through Mrs. Higgins who has used them for years.
Why I'm saving this:
● They both CPR certified and experienced with toddlers.
● Julie is available everyday after 6pm.
● Anna can do weekend shifts if booked in advance.
● They charge $20/hr for one kid, $25 for two.
Things to remember:
1. Leaves the emergency contact list on the case.
2. Julie is allergic to peanuts.
3. They like to order pizza for dinner.
4. Need to confirm the New Year's Eve slot by Friday.
5. Anna is a bit quiet but good with art and crafts.
6. They don't have cars so I need to walk them home if late.
7. Ask Julie if she can water the plants while being here.
8. Both are super reliable and never cancel last minute.
Gonna be a lifesaver for our date nights this winter.
Save the gate code in the text thread for them.",32,Female,en_US,Chef,contact,,,,,,
220,DuongTC,,,hold,Ai detector 35%,ok,2026/03/09,11.2,Note,Kevin Zhao,"(Electrician: Mike Vance).
(Personal: +1 415-555-2278).
(Office: +1 415-555-9900).
Mike was the guy who fixed the circuit breaker during the storm.
He works for ""PowerPro Solutions"" but does side jobs on weekends.
+ He's very fast and doesnt overcharge for small wiring fixes.
+ Mentioned the kitchen outlets need to be grounded soon.
+ Suggested I get a whole-house surge protector eventually.
1) Call him for the garage light installation next Tuesday.
2) Should ask about smart thermostat wiring for the upstairs unit.
3) Lives over in the Sunset district.
A professionaleElectrician and can clean up all the wire scraps.",41,Male,en_US,Accountant,contact,,,,,,
221,DuongTC,,NhiNX,accepted,ok,ok,2026/03/09,0,Note,Laura Jenkins,"Name: Chef Marco (Catering).
Main Line: +1 504-555-3341.
Met him at the food expo last month, his creole fusion is amazing.
Notes for Mom's 60th bday party:
▷ He can do a full sit-down dinner or just heavy hors d'oeuvres.
▷ Specializes in seafood but has a great vegan jambalaya too.
▷ Requires a 30% deposit to lock in the date on his calender.
To-Do:
* Email him the guest list and the venue address.
* Check if he provides the plates and silverware.
He's very popular so I gotta move fast on this one.",38,Female,en_US,Event Planner,contact,,,,,,
222,DuongTC,,NhiNX,accepted,ok,ok,2026/03/09,7,Note,Julian Banks,"▷ Boat Mechanics: Capt. Sully & Assistant Jim.
▷ Sully: +1 941-555-0122.
▷ Jim (Mobile): +1 941-555-4490.
Met these guys at the marina while they were workin on a hull.
They are the only ones around here who know how to fix old outboards.
Sully is the expert on engines while Jim handles the electrical stuff.
1. They charge by the hour but are way faster than the shop.
2. Jim can come to the dock directly with his van.
3. They don't do fiberglass repair, just mechanical and wiring.
4. Told me to call them if the motor starts sputterin again.
Important notes for the season:
● Need to schedule the winterization before the first frost.
● Jim said my battery cables are startin to look a bit frayed.
● They prefer cash but can take Zelle if the signal is good.
● Sully has a really funny dog that goes everywhere with him.

Glad I found someone who wont rip me off at the marina.",45,Male,en_US,Architect,contact,,,,,,
223,DuongTC,,NhiNX,accepted,ok,ok,2026/03/09,12,Note,Riley Cooper,"Personal Trainer: Chloe B.
Phone: +1 617-555-3381.
She was working out next to me at the Peak Gym and gave me some tips.
Context: Shes a certified strength coach and does private sessions.
1) Charging $75 per hour which is a bit pricy but she's pro.
2) Focuses on functional mobility and core strength for runners.
3) Available early mornings before I head into the office.
4) I wanna lose about 10 lbs before the summer beach trip.
5) She mentioned she also does customized meal plans for clients.
Gonna text her for a trial session next Wednesday.
Seems very motivating and doesn't shout like the other trainers.
I need to buy new cross-training shoes before we start.
Ask her about the group class discount for my roommate too.",28,Female,en_US,PR Specialist,contact,,,,,,
224,DuongTC,,,hold,Ai detector 28%,ok,2026/03/09,8.6,Note,Arthur Pendel,"Contact update: Handyman Robert & Son (Kevin).
Robert is the old-school contractor and Kevin handles the tech/scheduling.
Service details:
* They do everything from drywall repair to basic plumbing.
* Kevin said they can also do power washing.
* They are always free on Wednesdays and Thursdays after lunch.
* Mentioned they have their own ladder and heavy tools.
My Project List:
1. Fix the creaky floorboards.
2. Replace the broken light fixture.
3. See if they can paint the guest bathroom before June.
4. Ask for a quote on the fence repair near the oak tree.
5. Check if they take Venmo or if I need to get cash.
6. Robert is very meticulous but takes his time on the details.
7. Kevin is the one to text if I need a fast response.
8. They both love coffee so have some ready when they arrive.
I'll ping Kevin on Friday to see if they can swing by next week.
Very reliable and they dont leave a mess behind which I like.
Main: +1 702-555-6674.
Kevin Jr cell: +1 702-555-0012.",61,Male,en_US,Retired Teacher,contact,,,,,,
225,DuongTC,,,hold,Ai detector 32%,ok,2026/03/09,17.2,Note,Felicity Wu,"Dentist: Dr. Aris & Office Mgr Kim.
Met them at a local health fair near the park.
Why change?: My current dentist is too far and always overbooks.
1- Kim said they have late evening appts on Wednesdays.
2- They take my insurance plan without any extra copay.
3- Dr. Aris is great in anxiety-free dentistry (huge plus).
4- The office is only 3 blocks from my apartment.

Dr. Aris (Direct): +1 312-555-2009.
Kim (Appts): +1 312-555-2010.
I gotta call Kim to transfer my records from the old place.
Need a checkup before the end of this month.",44,Female,en_US,HR Manager,contact,,,,,,
226,DuongTC,,NhiNX,accepted,Ai detector 21%,ok,2026/03/09,11.5,Note,Grant Miller,"Realtors: The Sterling Duo (Nora & Sam).
Nora cell: +1 718-555-0045.
Sam office: +1 718-555-0099.
They sold the house down the street in less than a week for over asking.
Context: Think about selling the condo and moving closer to work.
+ Nora handles the staging and the photography for the listings.
+ Sam is the lead negotiator and deals with the lawyers/banks.
+ They offer a free home evaluation to see what it's worth now.
+ Mentioned they have a list of pre-approved buyers looking here.
To-Do:
1. Clean up the balcony
2. Take some ""BEFORE"" photos.
They seem like a real power couple in the Brooklyn market.",35,Male,en_US,Sales Rep,contact,,,,,,
227,DuongTC,,,hold,Ai detector 27%,ok,2026/03/09,9.1,Note,Victor Hugo,"Tiler: Jorge Silva & Assistant Luis.
Jorge was doing the renovation for the house across the street.
His tile work on their backsplash looks absolutly perfect and clean.
Luis is the one who handles the scheduling and material pickups.
1. They specialize in porcelain and natural stone floors.
2. I want them to redo the master bathroom floor next month.
3. Jorge said he can get a discount on tiles at the local depot.
4. They are available to start new projects in late April.
5. Luis suggested I buy the grout myself to save some money.
6. They dont have a website so you have to call them directly.
7. Very old-school but the craftsmenship is top-tier stuff.
8. They quoted me a price per sq ft that was very fair.
9. Reminded me to check the subfloor for any water damage first.
10. I'll give Luis a call once I pick out the marble tiles.
11. Jorge is a perfectionist, the job shouldn't be rushed.
12. Make sure that there is a parking space cleared.
13. They like to begin the job around 7:30am, to avoid the heat.
14. A contract will be requested after the start date has been determined.
15. Saving this for the big bathroom remodel project.
16. Hope they are still free when the tiles finally arrive.
17. Luis said he'd send over some more photos of their work.
Jorge: +1 602-555-0091.
Luis (texts): +1 602-555-0088.",48,Male,en_US,Contractor,contact,,,,,,
228,DuongTC,,,hold,Ai detector 33%,ok,2026/03/09,6.2,Note,Terrence Vance,"Contact: Dr. Aris Thorne (Piano).
Cell: +1 305-555-4432.
Home: +1 305-555-1100.
Met him last weekend at the open house for the community center.
He instructs classical music and jazz for intermediate skill levels.
Located near the library downtown.
Charges about 60 bucks for an hour.
Had an opening on Wednesday at 5pm.
Need to go back to practice before first lesson.
He was very understanding when I mentioned that I had not played in years.
He wants me to bring my old music sheets so that he can get a sense of my skill level.
He also holds two recitals a year for his students.
He is a great guy with a very peaceful energy.
Check if he offers a discnt for booking 10 lessons upfront.
I should ask if he can teach my niece too.
His studio is closed on Mondays for private rehearsal.
He mentioned he has a waiting list for Saturday slots.
He used to play for the symphony apparently.
Text him by Thurs to confirm the first session.",45,Male,en_US,Real Estate Agent,contact,,,,,,
229,DuongTC,,NhiNX,accepted,Ai detector 24%,ok,2026/03/09,15,Note,Megan R.,"Need to keep Brian Keller's number saved because he is the plumber 

He came late in the evening but still fixed it fast.
Phone: +1 415 772 9031.
Lives somewhere near Daly City.
Call him if the garbage disposal starts making grinding noise again.
Also he said texting first is usually better because he's often under houses or driving between jobs.
He mentioned weekends are okay but mornings fill up fast.
Charged $120 last time which honestly wasn't bad.
Might also help with the bathroom faucet that keeps dripping.
He's a friendly type, big beard, drives a white van with blue lettering.
If I move apartments later I should still keep the contact.
He said repeat customers get quicker scheduling.
Note: ask him about installing that better sink filter thing.
Anyway don't delete this number.",34,Female,en_US,Graphic Designer,contact,,,,,,
230,DuongTC,,NhiNX,accepted,ok,ok,2026/03/09,15,Note,Daniel P.,"Coffee meeting contact from the startup mixer downtown last Thursday. This guy builds custom PC rigs and might be able to help me out with the editing station I need for video editing. His name Lucas Moreno, and seems like an expert in GPUs and cooling systems. Contact him at +1 628 441 2674. Best time to contact is the afternoons. Otherwise, he’s busy in the mornings.

Apparently, he has a business fixing gaming computers. I mentioned that my laptop is not capable of handling 4K videos. He checks my specs if I send him a text message first. He prefers texting over calling.

If I decide to follow up, I should probably mention the YouTube travel channel idea we discussed and ask him what kind of budget I would need for a proper editing station.",29,Male,en_US,Video Editor,contact,,,,,,
231,DuongTC,,NhiNX,accepted,ok,ok,2026/03/09,2.6,Note,Rachel T.,"Olivia Grant is the cat sitter Sarah recommended.
Her number is +1 503 882 1946.
I should message her a week before any trip.
She said she usually books up fast during holidays.
Lives only a few streets away from my place.
She's calm and good with nervous pets.
She said she can also water plants if needed.
Price was around $35 a visit which isn’t bad.
Important to remind her that Milo hates loud vacuums.
She prefers evening check-ins rather than early mornings.
Text first instead of calling because she’s often walking cats.
Also ask if she still makes the overnight stays.
Need to confirm if she’s available in July.
Save this contact carefully.
This could be my regular sitter if things go well.
Remember to ask about Milo’s food schedule.
And the hiding spot of the spare key.
Don’t forget to ask for references next time.
Save Olivia’s contact here in case the phone resets.",41,Female,en_US,Elementary School Teacher,contact,,,,,,
232,DuongTC,,NhiNX,accepted,ok,ok,2026/03/09,0,Note,Kevin L.,"• Auto mechanic recommendation – Evelyn Galvan.
• Shop phone: +1 210 774 5528.
• Located somewhere near South Flores Street.
• My coworker Mark swears that Tony fixed his truck in a day’s time.
• Call him if the Civic keeps making rattling sound.
• Apparently best time is early morning before 9am.
• He prefers calls instead of long texts.
• Mention Mark Henderson when calling so he knows the referral.
• Might also ask him to check brake pads soon.
• Keep this number saved for future car trouble.",38,Male,en_US,Warehouse Supervisor,contact,,,,,,
233,DuongTC,,NhiNX,accepted,ok,ok,2026/03/09,14.3,Note,Alicia M.,"Dentist contact just in case I finally stop procrastinating about the cleaning appointment.
Dr. Patel’s office number: +1 732 555 8044.
Office assistant name might be Jenna (not totally sure).


Clinic name: Garden State Dental Studio.
Address I wrote down after talking with neighbor Tom: 214 Broad St, Red Bank.
Tom said they’re gentle and good with nervous patients.


Things to remember before calling:
- ask about new patient paperwork
- confirm if they accept Delta Dental
- schedule maybe late afternoon after work


Also there was another number Jenna gave for appointment reminders.
Reminder line: +1 732 555 8099.


Wednesdays are usually quieter there.
If I finally book it, ask about whitening options too.
Leaving all of this here so I don’t lose the numbers again.
Seriously need to call sometime this month.",45,Female,en_US,Real Estate Agent,contact,,,,,,
234,DuongTC,,NhiNX,accepted,ok,ok,2026/03/09,6,Note,Tyler G.,"Jake Morrison – electrician I met when the office lights went out last month.
Phone: +1 206 881 3476.
He works mostly in small commercial buildings around Seattle.
Remember he said texting first is easier bc he’s often climbing ladders or driving between jobs.
Really chill guy, kinda tall w/ a baseball cap.
Charged our office a fair price so might use him if my apt wiring keeps acting weird.
Also mentioned his coworker Luis helps on bigger jobs.
Luis number: +1 206 442 1183 (backup if Jake doesnt answer).
Important: tell them it’s Tyler from the marketing office building.
Jake said evenings after 6pm usually ok for quick calls.
If the kitchen outlet sparks again I def need to call.
He also installs ceiling fans which I might finally do this summer.
Keep both numbers saved, dont loose this note again.
Seriously phone wiped once and I had to hunt him down again.",31,Male,en_US,Marketing Coordinator,contact,,,,,,
235,DuongTC,,NhiNX,accepted,zero 20.4%,ok,2026/03/09,18,Note,Melissa A.,"I've met a hair stylist at the cousin’s wedding: Carla Nguyen and she worked at a salon in the downtown area. The phone number she told to text is +1 714 553 9281. She said texting pics of the hairstyle idea first helps so she knows how long to book the appointment.

The salon itself is called “Luna Hair Studio.” Another stylist there is Brianna in case Carla’s booked. Brianna’s line (front desk mostly answers) is +1 714 553 9017. Carla said weekends get crazy so weekday evenings are better if I want highlights done.

Reminder: tell her I was the one from Emily’s beach wedding who spilled prosecco lol. She’ll prob remember that. Also ask roughly how much balayage costs before committing because I forgot to ask and I dont wanna be shocked at the bill.",27,Female,en_US,Event Planner,contact,,,,,,
236,DuongTC,,NhiNX,accepted,ok,ok,2026/03/09,6,Note,Marcus D.,"Need to keep this landscaper contact.
Name: Roberto Diaz.
Phone: +1 602 771 4402.
Met him while cutting neighbor’s lawn.
My lawn looked terrible so I asked for his number.
He said he does mowing every two weeks.
Also offered cheap hedge trimming.
Speaks spanish but can understand English.
Usually answers calls around lunch time.
Text works too but replies slower.
His cousin Mateo sometimes helps.
Mateo number: +1 602 771 4409.
If Roberto busy call Mateo instead.
Need them before HOA complains again.
Grass already getting too tall.
Dont forget address when texting them.
Need to ask about sprinkler repair maybe.
Save both contacts just in case.
Prob gonna need them during summer.
",44,Male,en_US,Delivery Driver,contact,,,,,,
237,DuongTC,,NhiNX,accepted,ok,ok,2026/03/09,0,Note,Hannah S.,"★ Dog trainer contact – dont forget this one.
★ Name: Erica Collins.
★ Main phone: +1 404-660-2187
★ Backup: +1 404-660-2190
★ Met her at the park while she was training.
★ She gave a good tip for Luna pulling the leash.
★ Said a full session usually about 1 hour.
★ Message in the morning cause she’s with clients in the afternoon.
★ She seemed really patient, prob good for stubborn dogs.
★ Need to ask about puppy social classes too.",36,Female,en_US,Librarian,contact,,,,,,
238,DuongTC,,,hold,Ai detector 38%,ok,2026/03/09,9,Note,Andrew C.,"Random but useful contact from a tech meetup last fall. I talked with a guy named Ben Carter can repair phones and laptops as a side hustle. His number was +1 917-420-7735. If the MacBook ever starts overheating again I can send pictures of the error message.
He mentioned Olivia, his girlfriend, who assists in replacing screens. Her contact: +1 917-420-7798. They both operate from a repair booth but sometimes meet clients at the coffee shops when the repair is quick.
Important: Ben said weekends are easier for him since weekdays he worked an IT job. And he told me some repairs take longer if parts need ordering so dont expect magic overnight fixes lol.
Leaving both numbers here because my last phone died suddenly and I had zero repair contacts saved anywhere. Lesson learned. This note stays.",33,Male,en_US,Software Tester,contact,,,,,,
239,DuongTC,,NhiNX,accepted,ok,ok,2026/03/09,6,Note,Brandon K.,"Garage door repair contact I shouldn't lose again.
Phone: +1 817 440 9322
Name: Derek Walsh (I think thats how he spells it).
Met him when the garage door at the duplex wouldnt close.
He showed up same day which was kinda amazing.
Another number he gave in case he's on another job: +1 817 440 9391 (his brother Matt).
Matt Walsh also works the same repair van sometimes.
If calling, mention it's the gray house on Cedar block.
Derek also installs smart garage openers btw.
Could upgrade later when budget less tight.
Last time he charged around $90 which wasnt too bad honestly.
Need to remember this before the door starts jamming again.
Save both contacts bc I always loose these things.
Next time ask if they do yearly maintnence.",39,Male,en_US,Property Manager,contact,,,,,,
240,DuongTC,,NhiNX,accepted,ok,ok,2026/03/09,18.4,Note,Natalie R.,"Met two photographers during an art pop-up downtown and they said they sometimes do quick photo shoots for LinkedIn pics, etc. Might actually need it soon since my profile photo is ancient.
First one: Jamie Cole. Number: +1 323-770-5184. I could text her and include the art market I need, so she knows who I am. She mainly shoots outdoor photos around Echo Park.
Second photographer: Andre Patel. Number: +1 323-770-5122. He finds it better to shoot in the evening because during the day, he has to assist other photographers.
Jamie also mentioned their shared studio contact line: +1 323 770 5199 in case both of them are busy.
Note to self: ask prices BEFORE booking lol. Last time I assumed it’d be cheap and it wasnt.",28,Female,en_US,Social Media Manager,contact,,,,,,
241,DuongTC,,NhiNX,accepted,ok,ok,2026/03/09,7,Note,Victor L.,"Need to keep these pest control contacts.
Name first: Samir Khan.
Number: +1 480 662 7401.
He treated the ant problem in the kitchen last summer.
Pretty quick service actually.
He said if bugs come back within 3 months he’ll recheck for free.
His coworker also handles some houses nearby.
Coworker name: Dylan Price.
Phone: +1 480 662 7444.
Dylan deals more w/ termite stuff.
Samir suggested texting photos if possible.
Helps them figure out what bug it is faster.
Usually replies late evening.
Try Samir first before Dylan.
HOA complains if pest issues spread so keep this handy.
Dont forget gate code when messaging them.
Also ask about monthly plan maybe.
Leaving both numbers here so I dont forget again.",46,Male,en_US,Insurance Agent,contact,,,,,,
242,DuongTC,,NhiNX,accepted,ok,ok,2026/03/09,0,Note,Kayla M.,"– Contact from yoga studio front desk.
– Instructor: Lila Torres.
– Cell: +1 505 338 2194.
– Studio desk line: +1 505 338 2100.
– She helped me w/ back stretch after class.
– Mention I’m the one w/ the blue mat lol.
– Text is better than calling as she mentioned.
– Tues & Fri mornings are when she teaches.
– May need to ask her about the private session.
– Need reminder bc I always forget names.",24,Female,en_US,Barista,contact,,,,,,
243,DuongTC,,NhiNX,accepted,ok,ok,2026/03/09,7,Note,Kevin B.,"Need to remember this electrician contact before I lose the paper again.
Name: Carlos Medina.
Phone: +1 713 662 9044.
Met him when he was fixing lights at the bakery next to my office.
Really nice guy, said small home jobs are fine for him.
My kitchen light flickers sometimes so prob should call soon.
He told me texting first is easier bc hes often on ladders.
Also said evenings after 5 usually better.
If he doesnt answer right away just wait a bit.
He mentioned his helper might answer sometimes.
Need to ask cost before he comes over lol.
Dont forget this contact again.",37,Male,en_US,Office Administrator,contact,,,,,,
244,DuongTC,,NhiNX,accepted,ok,ok,2026/03/09,9.7,Note,Olivia D.,"Yesterday while waiting at the car wash I talked w/ a mobile car detail guy and figured I should save the info somewhere before I forget. The guy’s name was Jordan Pike, and he said he goes to houses and offices to detail cars. That sounds super convenient because my car is a mess these days.

Jordan’s number is +1 602 881 4471. He told me to text cause he checks messages between jobs. Apparently weekends fill up quick so better ask a few days early.


He also said his brother sometimes helps with bigger vehicles. Brother’s name: Marcus Pike, phone +1 602 881 4490.


If I do book it, ask for the “deep clean package” he mentioned.",29,Female,en_US,Travel Agent,contact,,,,,,
245,DuongTC,,,hold,AI detector 25%,ok,2026/03/09,12.3,Note,Darren S.,"Contacts for computer repair in case my laptop dies again.
First guy: Ben Carter.
Number: +1 917 420 7735.
Met him at a coworking space where he fixed a screen for a person.
He mentioned that free diagnostic services for a quick check are great.
Ben’s second contact for me was his friend Olivia Chen.
Phone: +1 917 420 7798.
She handles more complicated hardware stuff.
Ben said texting pictures of the problem helps alot.
Also told me not to wait too long if laptop overheats again.
Need to back up files before calling them.
Dont wanna loose my work again ugh.
Keep both numbers saved here.",42,Male,en_US,Freelance Writer,contact,,,,,,
246,DuongTC,,NhiNX,accepted,ok,ok,2026/03/09,12,Note,Rachel M.,"• Dog walker contact from the park
• Name: Lily Sanders
• Phone: +1 404 772 1186
• She was walking three dogs at once but they were super calm.
• I asked bc Milo gets bored while I'm at work.
• Lily said she does midday walks mostly.
• Backup number she wrote down: +1 404 772 1102 (her work line I think).
• Price was around $20 per walk which isnt terrible.
• She prefers texts instead of calls.
• Mention I'm the one with the brown terrier.
• Might start with 2 days a week.
• Need to check schedule first tho.
• Dont forget to message her next week.",34,Female,en_US,Dental Hygienist,contact,,,,,,
247,DuongTC,,NhiNX,accepted,ok,ok,2026/03/09,3.6,Note,Anthony P.,"Plumber contact just in case the bathroom leak comes back.
Name: Frank Delgado.
Lives somewhere nearby but travels around jobs.
Phone number: +1 305 661 9303.
My neighbor Carla recommended him last year.
She said he fixed her sink pretty fast.
Frank told me texting is ok but calls get quicker reply.
He also mentioned weekend jobs cost a little more.
Call him when pipe under sink starts dripping again.
Dont forget to explain its the condo on 3rd floor.",50,Male,en_US,Restaurant Manager,contact,,,,,,
248,DuongTC,,NhiNX,accepted,ok,ok,2026/03/09,7.5,Note,Amanda F.,"I was getting coffee and chatted with a florist. She gave me a card, saying I should call if I need flowers for parties or birthdays. Her name was Natalie Brooks, and she had a small flower shop that sometimes offered same-day orders.
Her direct number: +1 303 882 4410. She told me texting pictures of the style you want is actually easier for her to price things.
Another contact there was her coworker Sam. Phone: +1 303 882 4458. Sam handles deliveries around the city most mornings.
Note to self: if ordering for Mom’s birthday next month ask about peonies or soft pink bouquets she mentioned.",32,Female,en_US,HR Specialist,contact,,,,,,
249,DuongTC,,NhiNX,accepted,ok,ok,2026/03/09,8.86,Note,Tyler M.,"Contact from gym locker room convo.
Guy fixes bikes.
Name: Ryan Cooper.
Number: +1 619 550 3382.
My mountain bike brakes feel weird lately.
Ryan said he does repairs out of his garage workshop.
Cheaper than bike stores apparently.
His friend also helps sometimes.
Friend name: Josh Miller.
Josh phone: +1 619 550 3390.
Ryan told me text photos first so he knows parts needed.
Evenings after 6 best time.
Remember to mention I’m the tall guy from the gym chat.",27,Male,en_US,Fitness Trainer,contact,,,,,,
250,DuongTC,,NhiNX,accepted,ok,ok,2026/03/09,0,Note,Kevin R.,"★ Locksmith info (dont lose this again).
★ Name: Eddie Park.
★ Phone: +1 714 663 2274.
★ Helped me when I locked keys in the car.
★ Came pretty quick honestly.
★ Said if emergency late night still can call.
★ Another tech from same service: Daniel Cho.
★ Daniel number: +1 714 663 2299.
★ They cover most of the area near my apt.
★ Save both incase it happens again.",36,Male,en_US,Auto Parts Salesperson,contact,,,,,,
251,DuongTC,,NhiNX,accepted,ok,ok,2026/03/09,9.5,Note,Jeremy L.,"Wrote this down so I dont forget the appliance repair guy again.
Name was Mike Duran.
Phone: +1 512 774 2291.
Met him when he fixed the washing machine in the upstairs unit.
Seemed honest and didnt overcharge which is rare lol.
He said texting first will works cause he usually drives between houses.
If he’s busy another tech from his team might answer.
That other guy was named Leo I think.
Leo number: +1 512 774 2233.
Need them if the dryer keeps making that loud thump sound.
Also Mike mentioned he repairs dishwashers too.
Dont lose this contact again seriously.",40,Male,en_US,Building Supervisor,contact,,,,,,
252,NhiNX,,DuongTC,accepted,AI detective 22.2,ok,2026/03/09,15.11,Note,Brian K.,"Name: Carla Jenkins
Phone: +1 503 555 0174
Met her when she helped organize the volunteer at Riverside Park.
She's part of the local community board and usually coordinates weekend projects.
Said I could reach out if I wanted to help again or if our office team wants to join a volunteer day.
Pretty energetic and remembers everyone's name somehow.
Best time to call is late afternoon because she works mornings at the library.
Also mentioned texting works fine if it's about scheduling.
Need to ask her when the next park cleanup event is happening.
She talked about something planned for early April but I forgot the exact weekend.
Might be nice to bring coworkers this time since the company wants more community involvement.
Reminder: tell her I'm the guy who helped carry the trash bags near the river trail.
",36,Male,en_US,Civil Engineer,contact,,,,,,
253,NhiNX,,DuongTC,hold ,ok,2 câu liên tiếp,2026/03/09,3.9,Note,Rachel T.,"Dentist appt – Dr Patel cleaning visit
BrightSmile Dental Clinic
5821 Lakeview Dr, Austin TX
Date: May 6
Time: 3:40 PM

things to remembr before going:
bring new insurence card from work
arrive like 10–15 min early for paperwork
parking is aparently behind the building by the pharmacy

clinic phone if I gotta resched:
+1 512 555 7391

last time Dr Patel said I might need X-rays again so prob gonna take longer
also wanna ask about teeth whitening prices",29,Female,en_US,Marketing Coordinator,contact,,,,,,
254,NhiNX,,DuongTC,accepted,ok,ok,2026/03/09,3.9,Note,Daniel S.,"note abt Kevin (car mechanic guy)

Name: Kevin Morales
West End Auto Repair
phone: +1 415 555 8832

met him when my Honda wouldnt start last Aug
turned out just the battery lol but he didnt rip me off
way better than the dealership ppl tbh

should call him before my summer roadtrip
ask him to check brakes + tires
he told me mornings around 9ish are easiest time to reach him
also maybe ask abt the squeeky belt noise",37,Male,en_US,Real Estate Agent,contact,,,,,,
255,NhiNX,,DuongTC,hold ,ok,2 câu liên tiếp,2026/03/09,15.11,Note,Jessica Miller,+1 720 555 0141 is the number for a mechanic named Troy Alvarez. I wrote this down after my car inspection at the small garage on Colfax Avenue. He was the technician who explained why the brake pads were wearing unevenly. Seemed straightforward and didn’t push extra repairs which I appreciated. He said if I start hearing that squeaking again I should call and he’ll check it quickly. Apparently Tuesdays and Thursdays are slower days at the shop so that’s the easiest time to schedule something. He also said texting the number works because it goes directly to the shop phone. Planning to reach out before my road trip in June just to make sure the car is good for a long drive. I remember he mentioned he specializes in Honda and Toyota engines which is perfect for my Civic. Need to describe the vibration I sometimes feel when braking. Also ask him roughly how long a full brake replacement takes in case I need to plan a day off. Keeping his contact here so I don’t lose the receipt with his info.,31,Female,en_US,Marketing Coordinator,contact,,,,,,
256,NhiNX,,DuongTC,accepted,ok,ok,2026/03/09,7.5,Note,Nicole P.,"Book club night – next meetup
June 18
starts around 7:00 PM


this months book = The Night Circus
im supposed to lead part of the convo (chapters 5–10)
prob should reread those again before going


bring:
notebook w/ the questions I wrote last week
a pen this time (forgot last meeting smh)
maybe order that lavender latte again bc it was rly good


if running late text Olivia
+1 206 555 6248


usually we end up staying till like 9ish",33,Female,en_US,Librarian,contact,,,,,,
257,NhiNX,,DuongTC,accepted,ok,ok,2026/03/09,0,Note,Jeremy P.,"Need to keep this contact somewhere safe before I lose it again. Last winter when the heater stopped working my neighbor told me to call a repair guy named Dave. Turned out he was super helpful and didn’t overcharge like the first company I called. His number is +1 303 555 7182. Name in my phone is “Dave HVAC Denver”. He said if the furnace starts making that rattling noise again I should text him instead of calling because he’s usually on jobs during the day. Might ask him in October to do a quick furnace check before winter hits again. Also he mentioned he installs thermostats if I ever upgrade to one of those smart ones. Really nice guy, dont wanna forget his number again.",38,Male,en_US,Delivery Driver,contact,,,,,,
258,NhiNX,,DuongTC,accepted,ok,ok,2026/03/09,0,Note,Marcus L.,"note about my neighbor Tom across the hall

we only actualy met after the elevator got stuck that one night lol
turns out hes been in this building almost 5 yrs
works night shifts as a nurse so I hardly see him daytime

he offered to water my plants when I travel which was super nice
need to return the favor sometime

in case of building stuff:
Tom Reynolds
+1 773 555 4109

prefers texting not calls bc hes usualy sleeping during the day
also he warned me landlord sometimes ignores maintenence requests",42,Male,en_US,Accountant,contact,,,,,,
259,NhiNX,,DuongTC,accepted,ok,ok,2026/03/09,0,Note,Tyler G.,"laptop repair place just in case my computer dies again

• tech guy: Brian Chen
• phone +1 212 555 7745


went there when my laptop battery kept draining super fast
Brian checked it and said the battery health was basically dead
replaced it same day which saved my week honestly


notes:
• store on 8th Ave near subway entrance
• closes around 7pm most days
• they also clean fans if the laptop overheats
• prob should do that soon",29,Male,en_US,Video Editor,contact,,,,,,
260,NhiNX,,DuongTC,accepted,ok,ok,2026/03/09,0,Note,Alicia W.,"marathon training plan reminder thing

Chicago Lakefront Marathon
Grant Park – Chicago
Oct 11
race start 7:30 AM

rough training goals:
weeks 1–4 build base miles slowly
week 5 start doing long runs every Sunday morning
week 8 try a 15 mile run along the lake trail

need new running shoes soon
current pair already like 420 miles lol

coach Ryan said text if knee starts hurting again
+1 847 555 2056

also download that pacing app ppl in the running grp keep talking abt
26",26,Female,en_US,Physical Therapist,contact,,,,,,
261,NhiNX,,DuongTC,accepted,ok,ok,2026/03/09,8.7,Note,Alicia M.,"Road trip planning note

Destination: Santa Fe, New Mexico
Date leaving: Aug 14 early morning
driving from Dallas so prob like 10 hrs total

stuff to do there:
visit the Georgia O'Keeffe museum
walk around the plaza area
try legit New Mexican enchiladas
maybe check out that canyon road art street ppl talk abt

hotel I looked up: Desert Sage Inn
front desk: +1 505 555 4463

pack list reminder
sunscreen
good walking shoes
extra phone charger
camera",27,Female,en_US,Barista,contact,,,,,,
262,NhiNX,,DuongTC,accepted,ok,ok,2026/03/09,16.9,Note,Thomas R.,"My younger sister Claire has been on my mind lately. She moved to Portland two years ago and ever since then we only talk every few months which kinda sucks. Growing up we used to bike around the neighborhood almost every day after school. Now she’s busy with work and I get busy too and suddenly months pass. Her cell should still be +1 971 555 8824. Need to call her sometime this week, not just text. She told that she’s been getting into a pottery class and seems happy there. Would be nice to visit her sometime this year if flights arent crazy expensive. Also remember to send her the old family photos mom found.",44,Male,en_US,High School Teacher,contact,,,,,,
263,NhiNX,,DuongTC,accepted,ok,ok,2026/03/09,5.3,Note,Dana S.,"gym goals list so I stop slacking

main thing: stay consistent lol

- run 3x a week (even if its short)
- try that saturday spin class again
- stretch more bc my legs get super tight
- drink more water during the day
- stop skipping workouts when work gets busy

class I might sign up for:
HIIT class at Midtown Fitness
trainer name: Jake
front desk phone: +1 212 555 6407

goal by end of summer
run a full 5k without stopping",32,Female,en_US,Interior Designer,contact,,,,,,
264,NhiNX,,DuongTC,hold,"Ai detective 24
đổi vị trí sđt và địa chỉ, date, time",ok,2026/03/09,18,Note,Carlos G.,"Dentist appointment reminder thing

place: Riverbend Dental Care
address: 1180 Harbor Blvd, Anaheim CA
appt date: April 22
time: 2:15 PM

things to bring
insurance card
ID
maybe that list of questions abt teeth sensitivity

call them if running late
office # +1 714 555 3904

last time the hygienist said I should floss more (yeah yeah I know)
also maybe ask abt whitening trays this time",41,Male,en_US,Restaurant Manager,contact,,,,,,
265,NhiNX,,DuongTC,accepted,ok,ok,2026/03/09,9,Note,Evan T.,"Carpet cleaning guy I used last spring

name: Martin Lopez
phone: +1 713 555 4418
company: FreshStep Carpet Care (Houston area)

called him after that huge coffee spill in the living room... total disaster
thought the stain was permanant but he actualy got most of it out
pretty chill guy and didnt try to upsell stuff
price was lower than the other quote I got too

note to self:
text him pics next time if theres a stain again
he said thats the easiest way to tell if it can be cleaned
also good idea to book him before the holidays when fam visits",33,Male,en_US,Insurance Agent,contact,,,,,,
266,NhiNX,,DuongTC,accepted,ok,ok,2026/03/09,0,Note,Natalie P.,"saved this contact so I dont loose it again

Emily Carter – freelance photog
+1 619 555 2890

met her at Josh & Melissa’s wedding last yr
she was taking all the candid pics during the reception
super friendly and later she sent everyone a gallery link

thinking abt asking her to do family photos this fall
she mentioned October light is best for outdoor shoots

stuff to ask when I text:
pricing packages
if she does mini sessions
maybe shoot at Balboa Park
she said texting is better than calling btw",29,Female,en_US,Preschool Teacher,contact,,,,,,
267,NhiNX,,DuongTC,hold,AI detector 50%,ok,2026/03/09,,Note,Gregory L.,Contact for laptop repair in case my computer acts weird again. The tech's name is Aaron Patel and his number is +1 408 555 7342. Shop is called Silicon Fix Lab in San Jose. I went there when my laptop screen kept flickering randomly and it was driving me nuts. He figured out it was just a display cable issue and fixed it in like 40 mins which was way faster than I expected. Seemed honest and explained the problem in normal words not tech jargon lol. He said if it starts doing that again just call or text him. Also mentioned they can swap batteries or upgrade to bigger SSDs if I ever need it. Prob good to keep this saved somewhere.,46,Male,en_US,Mechanical Engineer,contact,,,,,,
268,NhiNX,,DuongTC,accepted,ok,ok,2026/03/09,7.2,Note,Lisa M.,"Hair stylist info so I stop forgeting where I go lol

Brittany Shaw
North Oak Hair Studio

phone: +1 816 555 5621

coworker Dana recomended her a few months ago
first haircut there back in Feb
she actualy listened to what I wanted which is rare tbh

next visit reminder:
ask abt subtle highlights
book at least a wk ahead (she gets busy)
maybe try that deep conditioning thing she talked abt

parking lot behind the salon entrance",35,Female,en_US,Dental Assistant,contact,,,,,,
269,NhiNX,,DuongTC,hold,trùng format,ok,2026/03/09,0,Note,Marcus D.,"tow truck contact – keeping this just in case

QuickLift Towing
roadside help number: +1 404 555 9187

used them when my car died on the highway outside Atlanta late at night
like around 10:30pm and most other places wouldnt even answer
their dispatcher picked up right away which was a relief

driver name was Tony I think
showed up in about 30 min give or take
super chill dude and helped push the car onto the truck

they towed it to a repair shop nearby
price wasnt cheap but atleast it was honest

note for future me:
save this in contacts too
good backup if AAA takes forever
hopefully never need it again haha",40,Male,en_US,Construction Supervisor,contact,,,,,,
270,NhiNX,,DuongTC,accepted,ok,ok,2026/03/09,3,Note,Ryan B.,"AC repair contact I should keep for future
That guy's name is Viktor
phone: +1 602 555 3419


met him when the AC stopped working last July during that insane heat wave
neighbor told me to call him
he actually showed up later the same afternoon which was a lifesaver
turned out it was just a capacitor thing, quick fix
didnt charge anything crazy either


note to self:
text him first instead of calling (thats what he said works best)
maybe book a maintenence check before next summer",37,Male,en_US,Warehouse Manager,contact,,,,,,
271,NhiNX,,DuongTC,accepted,ok,ok,2026/03/09,"2,5",Note,Olivia C.,"Jenny – dog sitter from the neighborhood

+1 415 555 6728

met her at the dog park near Pine St a few months ago
she watched Max when I went to San Diego for 3 days
sent pics every day which was honestly great lol

things to remembr:
she likes texting not calls
charges per day not per hr
book at least a week early bc she gets busy fast
good backup if another trip comes up",30,Female,en_US,Yoga Instructor,contact,,,,,,
272,NhiNX,,DuongTC,hold ,ok,2 dòng liên tiếp,2026/03/09,4,Note,Derek H.,"contact info for bike repair shop so I dont forget again

Riverside Bike Garage
mechanic name: Sam
phone number +1 503 555 9941

went there when my back brake started squeeking rly bad
he fixed it in about 20 mins while I waited
also tightened the chain for free which was nice

note for later
bring bike back there if gears start acting weird again
they open around 10am most days I think
good place overall",28,Male,en_US,Barista,contact,,,,,,
273,NhiNX,,DuongTC,hold,Ai detector 50%,ok,2026/03/09,0,Note,Paula M.,writing this here before I loose the number again. The electrician who fixed the kitchen outlet last month was Greg Thompson and his cell is +1 614 555 1186. I found him from a local FB group where ppl said he was reliable. When he came over he checked a couple other outlets too just to make sure nothing else was wrong. Pretty friendly guy and explained why the breaker kept tripping. Said if anything starts flickering again I can text him a pic of the panel and he'll tell me if its serious or not. Also mentioned weekends get booked fast so weekdays are easier.,42,Female,en_US,Office Administrator,contact,,,,,,
274,NhiNX,,DuongTC,hold,"đổi vị trí tên shop, owner và phone",ok,2026/03/09,0,Note,Marcus L.,"Lawn service contact (keep this saved)

GreenCut Lawn Care
owner: Eddie Morales
phone: +1 210 555 8842

used them earlier this spring when the yard got way too overgrown lol
they mowed, edged the sidewalk and cleaned everything up after
looked waaay better when they finished

notes:
they usually come early mornings
can set up monthly service if needed
Eddie said texting works faster than calling
prob book them again before the next HOA inspection happens",39,Male,en_US,Property Manager,contact,,,,,,
275,NhiNX,,DuongTC,accepted,ok,ok,2026/03/09,0,Note,Monica L.,"dog trainer contact – keep this saved

• Trainer: Carla Simmons
• phone: +1 305 555 6381
• met her during a group obedience class at Bayfront Park

why I saved this:
• my dog Luna kept pulling like crazy on the leash
• Carla showed a trick where u stop walking instead of yanking leash
• after a few days Luna actually got better lol

reminders:
• she does private training sessions too
• charges per hr I think
• weekends book up fast
• text first before calling",34,Female,en_US,Event Planner,contact,,,,,,
276,NhiNX,,DuongTC,accepted,ok,ok,2026/03/09,0,Note,Lauren S.,writing this here so I dont forget again bc I already lost this number once. The person is a mobile notary named Alicia Gomez and her phone number is +1 713 555 9206. I needed a bunch of refinance paperwork notarized a few months ago and she actually drove to my apartment which was super convinient. She walked me through where to sign everything and double checked the forms before leaving. Really profesonal but still friendly. She mentioned she works most evenings too which is helpful. If we finish the new lease docs soon I might call her again. She said texting first works better usually since shes often driving between appts.,38,Female,en_US,Mortgage Processor,contact,,,,,,
277,NhiNX,,DuongTC,accepted,ok,ok,2026/03/09,2.6,Note,Kevin R.,"plumber contact I shoudnt loose again
name: Daniel Ortega
phone: +1 480 555 2194
company: DesertFlow Plumbing

came over when the upstairs bathroom sink started leaking like crazy
water dripping under the cabinet which scared me a bit
he found a cracked pipe joint behind the wall
fixed it same visit luckily

things I remembr:
super calm guy, explained stuff in normal words
said older pipes crack easier in the heat here

note to self:
text him if kitchen faucet starts dripping again
weekday mornings prob best time to reach him
also installs water heaters btw",41,Male,en_US,Truck Dispatcher,contact,,,,,,
278,NhiNX,,DuongTC,hold,format khá tương tự cái bên trên,ok,2026/03/09,0,Note,Andre M.,"electrician contact – dont forget this one

• name: Scott Henderson
• phone: +1 702 555 1189
• company: BrightLine Electrical

called him when garage lights suddenly stopped working
turned out wiring in the switch box got loose somehow
he fixed it pretty quick thankfully

other stuff I remember:
• checked a couple outlets while he was here
• said the wiring in the house looked mostly ok
• suggested replacing old surge protectors

future reminder:
• call him if breaker trips again
• he also installs ceiling fans
• afternoons are easier for booking appts",45,Male,en_US,Auto Parts Manager,contact,,,,,,
279,NhiNX,,DuongTC,accepted,ok,ok,2026/03/09,0,Note,Haley C.,"writing this down before I forget again
Travel agent I talked to last week

Name: Sandra Lee
agency: HarborWay Travel
phone: +1 617 555 2084

I called asking abt flights to Iceland next spring
she explained diff airline routes and stopovers
said late April might be cheaper than summer

notes to remembr:
she sends quotes by email usually within a day
texting the office number works too
might ask her abt hotel bundles later
seemed rly knowledgable abt Europe trips
save this contact in phone also
could help plan bigger trips later",34,Female,en_US,Graphic Designer,contact,,,,,,
280,NhiNX,,DuongTC,accepted,ok,ok,2026/03/09,3.9,Note,Jared B.,"local guitar teacher contact

Mark Ellison
cell: +1 503 555 6731

found his number on a flyer at the music shop downtown
wanted help learning fingerstyle guitar

first lesson went pretty good actually
he showed me some warm-up exercises for fingers
said practice 10–15 min daily not just once a week

reminder stuff:
lessons usually weekday evenings
bring acoustic guitar + notebook
text him a day before lesson to confirm
dont forget picks next time",26,Male,en_US,Bike Courier,contact,,,,,,
281,NhiNX,,DuongTC,accepted,ok,ok,2026/03/09,0,Note,Olivia R.,"babysitter contact from neighbor recomndation

- Chloe Martinez
- phone: +1 915 555 8921
-  lives a few streets away I think

• watched Ethan when I had that long dentist appt
• neighbor said shes helped several families nearby

good things I noticed:
• showed up on time
• kept Ethan busy w games and drawing
• cleaned toys before leaving

future note:
• ask if shes free during summer break
• prob book earlier since her schedule fills up",38,Female,en_US,Pharmacy Technician,contact,,,,,,
282,NhiNX,,DuongTC,accepted,ok,ok,2026/03/09,0,Note,Trevor D.,"contractor contact – prob useful later

company: RidgeLine Deck Builders
owner name Carl Jensen
phone number +1 651 555 3407

met him while he was repairing a deck across the street
stopped to ask abt replacing the boards on my back steps
he gave a few quick tips right there
said cedar boards last longer in this climate

note for later
call him when ready to rebuild the deck next spring
he said estimates are free so might as well ask",45,Male,en_US,Postal Worker,contact,,,,,,
283,NhiNX,,DuongTC,accepted,ok,ok,2026/03/09,2.8,Note,Simone K.,"florist contact I saved after my cousin’s engagement party

* Petal & Stem Florals
* main contact: Laura Kim
* phone: +1 213 555 7764

* she did the centerpieces for the party
* flowers looked amazing honestly
* a few ppl asked where they came from

* things to remember
* she focuses on small events mostly
* prefers texting before calls
* studio somewhere downtown LA

* might pass her contact to Rachel
* Rachel planning a baby shower later this yr",33,Female,en_US,Event Coordinator,contact,,,,,,
284,NhiNX,,DuongTC,accepted,ok,ok,2026/03/09,0,Note,Daniel W.,"I should prob keep this auto glass contact written somewhere. The guy’s name is Ricky Bowman and his phone number is +1 480 555 7340. Met him after a rock cracked my windshield on the highway last fall. Instead of making me drive to a shop he actually came to my office parking lot and fixed the chip right there in about 30 min. He said if a crack spreads too much the whole windshield has to be replaced which costs way more, so fixing it early matters. Seemed honest and didnt try to upsell stuff. Note to self: if another chip shows up just text him first because he said that’s easier while he’s on jobs.",39,Male,en_US,Delivery Coordinator,contact,,,,,,
285,NhiNX,,DuongTC,accepted,ok,ok,2026/03/09,3.3,Note,Trevor P.,"lawn mower repair guy
Bill Carter
phone: +1 614 555 9903
small workshop behind the hardware store on Maple St
fixed the mower blade after I hit a rock in the yard
did the repair same day which was lucky
also sharpened the blade a bit so it cuts better now
price wasnt too bad either
he mentioned older mowers sometimes stall bc of dirty fuel lines
note to self check that if it happens again
could bring the mower back for a tune-up before summer
dont forget this contact again",45,Male,en_US,Security Guard,contact,,,,,,
286,NhiNX,,DuongTC,hold ,ok,AI > 25,2026/03/09,2.2,Note,Jasmine L.,contact from a cooking class I randomly joined a few weeks ago. The instructor’s name was Marco Ruiz and his number is +1 213 555 6402. The class was about homemade pasta and it was honestly way more fun than I expected. He walked everyone through mixing the dough and rolling it out by hand. At the end we actually cooked the pasta with a simple tomato sauce. Marco said he runs other weekend classes too like sauces and bread baking. If I want the schedule I can just text him directly. Might take another class later this year because learning to cook a few real dishes would be useful.,28,Female,en_US,Fashion Retail Associate,contact,,,,,,
287,NhiNX,,DuongTC,accepted,ok,ok,2026/03/09,0,Note,Emily F.,"bike fitting specialist contact

★ shop: Velocity Cycle Lab
★ technician: Dana Brooks
★ phone: +1 720 555 6133

★ went there for a pro bike fitting session before training rides
★ she adjusted saddle height and handlebar reach
★ also checked pedal position

★ after that the bike felt way more comfortable
★ she said small adjustments help prevent knee pain on long rides
★ might go back before next cycling event season",31,Female,en_US,Physical Therapist,contact,,,,,,
288,NhiNX,,DuongTC,hold,Ai detector 79%,ok,2026/03/09,3.2,Note,Kyle M.,"appliance repair contact (write this down)

company: HomeFix Appliance Service
technician: Aaron Blake
phone: +1 719 555 2714

called them when the fridge suddenly stopped cooling properly. Aaron checked the compressor and fan system and figured out the fan motor had worn out. Took about an hour to replace and everything started working again. I thought the whole fridge was dead so that was a relief. He also said dishwashers and washing machines can be repaired too if they stop draining. Good number to keep saved somewhere before I forget.",41,Male,en_US,Warehouse Technician,contact,,,,,,
289,NhiNX,,DuongTC,accepted,ok,ok,2026/03/09,0,Note,Natalie D.,"math tutor contact for my nephew

• Name: Emily Harper
• phone: +1 312 555 4803

• found her on a notice board at the library
• she does basic math and algebra tutoring
• helped my nephew understand fractions finally lol

• reminders
• sessions usually evening time
• text before scheduling
• bring school workbook next time
• might book her again before next semester tests",37,Female,en_US,Bookstore Manager,contact,,,,,,
290,NhiNX,,DuongTC,hold,Ai detector 42%,ok,2026/03/09,0,Note,Robert C.,"car detailing contact I used once but prob useful later

name: Andre Phillips
mobile: +1 702 555 5612

he runs a mobile detailing service and came to my driveway last summer. The inside of my car had coffee stains and dust everywhere after a long road trip. Somehow he cleaned the seats and carpets really well. Took about two hours but the car looked almost new again. If I plan another long drive it might be worth booking him again beforehand so the car starts clean. He told me texting works best for scheduling.",44,Male,en_US,Construction Foreman,contact,,,,,,
291,NhiNX,,DuongTC,accepted,ok,ok,2026/03/09,0,Note,Aaron S.,"honey vendor contact from farmers market

→ name: Larry Jenkins
→ phone: +1 919 555 3784

→ sells jars of raw local honey
→ talked with him about diff types like clover and orange blossom
→ he harvests from a few nearby farms apparently

→ notes for later
→ he’s usually at the Saturday morning market
→ can text ahead if I want bigger jars
→ might grab more honey next month",36,Male,en_US,Landscape Designer,contact,,,,,,
292,NhiNX,,DuongTC,hold,Ai detector 50%,ok,2026/03/09,9,Note,Brian T.,locksmith contact I prob shouldnt forget again. The guy’s name is Harold Finch and his phone number is +1 704 555 1932. I called him after locking myself out of the apartment one evening which was honestly embarrasing. He showed up in about 25 min and opened the door without damaging the lock. While he was there he also suggested replacing the old deadbolt since it sticks sometimes. Seemed like a decent guy and didnt charge anything crazy. If the lock jams again or I lose keys again (hope not lol) I should just text him because he said he checks messages faster than voicemail.,42,Male,en_US,Warehouse Supervisor,contact,,,,,,
293,NhiNX,,DuongTC,hold,Ai detector 42%,ok,2026/03/09,6.3,Note,Lauren P.,"nail salon contact I actually liked

place: Blossom Nail Lounge
phone: +1 646 555 8041

went there before my friend’s birthday dinner. The tech named Kim did the manicure and it lasted way longer than usual which surprised me. The salon was pretty clean and not super noisy either. They said weekday afternoons are quieter if I wanna book again. Might go back before the holiday party at work. Need to remember this number because I keep forgetting which salon it was.",29,Female,en_US,Digital Marketing Assistant,contact,,,,,,
294,NhiNX,,DuongTC,hold,Ai detector 27%,ok,2026/03/09,,Note,Victor S.,"bicycle shop contact
shop name: Hilltop Cycles
mechanic: Pete Lawson
phone: +1 415 555 2887
stopped there when my chain kept slipping during rides
Pete adjusted the derailleur and tightened everything
bike felt way smoother after that
he also showed me how to clean the chain properly
shop had a lot of spare parts too
note to self go back if brakes start rubbing again
opens around 9am I think
good local bike place",36,Male,en_US,Courier,contact,,,,,,
295,NhiNX,,DuongTC,hold,Ai detector 42%,ok,2026/03/09,0,Note,Tara S.,"local tailor contact

▲ shop: Midtown Alterations
▲ tailor: Nina Park
▲ phone: +1 213 555 6670

▲ she shortened a pair of work pants for me
▲ stitching looked really neat
▲ finished the job in two days

▲ might bring a jacket there later
▲ she said appointments arent always needed",35,Female,en_US,Accountant,contact,,,,,,
296,NhiNX,,DuongTC,hold,Ai detector 50%,ok,2026/03/09,5,Note,Andrea L.,contact from pottery workshop I tried recently. The instructor’s name was Dana Hill and her number is +1 520 555 4118. The class was a beginner wheel throwing session and honestly I was terrible at first but she helped everyone step by step. At the end we made small bowls and she said they would be fired in the kiln next week. Dana mentioned she runs monthly classes and sometimes open studio hours where people can come practice. If I decide to keep learning pottery I should message her about the next schedule.,32,Female,en_US,Graphic Artist,contact,,,,,,
297,NhiNX,,DuongTC,hold,Ai detector 88%,ok,2026/03/09,0,Note,Marcus J.,"pest control company contact

service: EcoGuard Pest Solutions
phone: +1 702 555 3379
called them after noticing ants near the kitchen window. The technician sprayed around the outside walls and checked for entry points. He explained the ants usually come inside when the weather gets hot. After the treatment they mostly disappeared within a few days. Good to remember this company if bugs show up again later in the summer",47,Male,en_US,HVAC Technician,contact,,,,,,
298,NhiNX,,DuongTC,accepted,ok,ok,2026/03/09,5.5,Note,Dana R.,"anguage tutor contact

• Name: Sofia Delgado
• phone: +1 305 555 9024

• met her through a community center class
• she teaches conversational Spanish
• first lesson was mostly practice talking

• reminders
• sessions usually Saturday mornings
• text before confirming time
• bring notebook for vocab words
• might continue lessons next month",27,Female,en_US,Travel Agent,contact,,,,,,
299,NhiNX,,DuongTC,accepted,ok,ok,2026/03/09,0,Note,Kevin L.,window cleaning service contact I used once when the outside windows got really dusty after construction nearby. The company is ClearView Window Care and their phone is +1 602 555 4416. A crew came with long poles and cleaned the second floor windows which I definitely couldnt reach myself. Took them maybe an hour and the glass looked way better afterward. They said they also do seasonal maintenance if needed. Could be useful again before hosting guests.,40,Male,en_US,Property Manager,contact,,,,,,
300,NhiNX,,DuongTC,accepted,ok,ok,2026/03/09,1,Note,Eric D.,"coffee equipment repair contact from a café owner friend

→ technician: Leo Grant
→ phone: +1 312 555 7518

→ he fixes espresso machines apparently
→ my friend used him when their grinder stopped working
→ said he’s quick and knows a lot about café equipment

→ good number to keep if I ever open a small coffee stand idea",38,Male,en_US,Food Truck Owner,contact,,,,,,
301,NhiNX,,DuongTC,accepted,ok,ok,2026/03/09,19.5,Note,Monica K.,childcare contact I saved after meeting another parent at the park. Her name is Rachel Morgan and her number is +1 503 555 9186. She sometimes helps families with evening babysitting when parents need a night out. The mom I talked to said Rachel watched their two kids several times and they liked her a lot. Might reach out if I need someone during date night or work events. Should text a few days ahead because she also studies during the week.,34,Female,en_US,Dental Receptionist,contact,,,,,,
302,NhiNX,,DuongTC,hold,AI detector 88%,ok,2026/03/09,9.7,Note,Patrick H.,"writing down a couple contacts from the community garden meeting so I dont forget later
First person: Laura Benton – phone +1 415 555 7721
Second contact: Mark Doyle – +1 415 555 8843
Both help organize the neighborhood garden plots near Oak St park. I talked with Laura about getting a small plot for growing herbs and maybe tomatoes this summer. Mark handles the watering schedule and tools shed key apparently. They said new volunteers usually join Saturday mornings around 9ish. I should text Laura first before showing up so she can add my name to the list. Also Mark mentioned they sometimes share extra seedlings if people bring compost. Good people to stay in touch with if I want to get involved more.",46,Male,en_US,Delivery Dispatcher,contact,,,,,,
303,NhiNX,,DuongTC,accepted,ok,ok,2026/03/09,11,Note,Alyssa M.,"dentist office contacts just in case

clinic: BrightSmile Dental
main desk: +1 503 555 4620
assistant line: +1 503 555 4625

dentist: Dr. Karen Liu
hygienist I saw: Megan

went there for a cleaning last month and the visit was actually pretty smooth. Megan explained the flossing stuff better than anyone before lol. Dr Liu said my next checkup should be in about 6 months. Need to call the main desk number for scheduling but Megan said texting reminders sometimes works too. Save both numbers because I always lose the appointment cards they give me.",31,Female,en_US,Retail Manager,contact,,,,,,
304,NhiNX,,DuongTC,accepted,ok,ok,2026/03/09,0,Note,Jerome T.,"some contacts from the gym
trainer name: Kyle Watson – phone +1 702 555 6641
front desk contact: +1 702 555 6600
another trainer I met: Sam Patel – +1 702 555 6629
these guys run the strength training sessions at IronForge Gym. Kyle helped me fix my squat form because my knees kept drifting forward. Sam runs the Saturday conditioning class which is brutal but kinda fun. Front desk number is for booking sessions or asking about membership stuff. Kyle told me if I want a custom workout plan I can text him during weekdays. Might try that next month once my schedule calms down.",38,Male,en_US,Truck Driver,contact,,,,,,
305,NhiNX,,DuongTC,hold,AI detector 40%,ok,2026/03/09,10.3,Note,Hannah C.,"florist contacts from my cousin’s engagement party planning

* Lily Garden Florals – owner: Rachel Kim
* phone: +1 213 555 3804

* second shop: Sunset Petals
* contact person: David Nguyen
* phone: +1 213 555 3811

Rachel specializes in smaller arrangements and bouquet design. David’s shop handles bigger event decorations. I spoke with both because we werent sure how big the party would be. Rachel suggested seasonal flowers to save money which sounded smart. David mentioned delivery service for events too. Good to keep both contacts since wedding planning stuff always changes last minute.",35,Female,en_US,Event Assistant,contact,,,,,,
306,NhiNX,,DuongTC,accepted,ok,ok,2026/03/09,0,Note,Trevor K.,"writing down some car related contacts from last weekend
mechanic: Luis Ortega – +1 602 555 4403
tow service backup: DesertTow – +1 602 555 4417
parts store guy: Eddie Grant – +1 602 555 4420
my car battery died while I was visiting Phoenix and Luis helped check the alternator. Turned out battery was just old thankfully. Eddie works at the auto parts store and helped pick the right replacement. The towing company number was recommended by Luis just in case the car didnt start. Good to save these since road problems never happen at convenient times.",44,Male,en_US,Construction Estimator,contact,,,,,,
307,NhiNX,,DuongTC,hold,AI detector 34%,ok,2026/03/09,0,Note,Michelle R.,"contacts from the volunteer animal shelter

• shelter manager: Tina Morales – +1 915 555 7002
• adoption desk: +1 915 555 7005
• vet tech: Daniel Price – +1 915 555 7011

I visited the shelter last Sunday thinking about volunteering a few hours each month. Tina explained how the orientation works and gave me the adoption desk number too. Daniel is the vet tech who checks new animals when they arrive. Everyone seemed really friendly and the place looked well organized. Might call Tina next week to ask about the next volunteer orientation day.",29,Female,en_US,Veterinary Assistant,contact,,,,,,
308,NhiNX,,DuongTC,hold,AI detector 25%,ok,2026/03/09,8,Note,Brian D.,"locksmith contact
name: Paul Richards
phone +1 617 555 2280
called him after locking keys in my car last winter
showed up in about 20 min which was lucky
opened the door without damaging the lock
pretty professional guy honestly
said he also installs new deadbolts
texting works faster than calls
keep this saved for emergencies
hope I never need it again lol",41,Male,en_US,Bus Driver,contact,,,,,,
309,NhiNX,,DuongTC,hold,AI detector 83%,ok,2026/03/09,19,Note,Kelly S.,"babysitter contacts from the neighborhood group
Name: Chloe Daniels  +1 704 555 8103
Name: Hannah Price +1 704 555 8122

both were recommended by two different parents on the street. Chloe usually helps families during weekdays after school. Hannah mostly does weekend evenings. Havent hired either yet but several neighbors said they were reliable. Might reach out to Chloe first if I need help on a work night. Good to keep both numbers saved just in case plans change suddenly.",33,Female,en_US,Bank Teller,contact,,,,,,
310,NhiNX,,DuongTC,accepted,ok,ok,2026/03/09,13.8,Note,Victor L.,"contacts from weekend fishing trip plann
friend Jake: +1 503 555 9012
bait shop owner Mike: +1 503 555 9045
boat rental dock: +1 503 555 9050
Jake suggested a lake outside Portland for trout fishing. Mike runs the small bait shop near the dock and told us early mornings are best. The dock number is for reserving one of the small aluminum boats if we go next month. Might text Jake later this week to confirm dates.",37,Male,en_US,Landscape Worker,contact,,,,,,
311,NhiNX,,DuongTC,hold,AI detector 60%,ok,2026/03/09,10.35,Note,Laura N.,"random contacts from the apartment building maintenance list I wrote down after talking with the manager. 
Maintenance supervisor is Greg Allen and his phone is +1 212 555 6090. 
For plumbing issues they usually call a contractor named Victor Salas
+1 212 555 6104. 

The front office desk number is +1 212 555 6001 

if something breaks after hours. Greg told me tenants should text him first before calling the contractors directly so he can track the issue. Probably smart to keep all these numbers saved somewhere instead of digging through emails later.",36,Female,en_US,Interior Decorator,contact,,,,,,
312,NhiNX,,DuongTC,hold,AI detector 50%,ok,2026/03/09,17.6,Note,Garrett L.,"phone contact from the kayak rental place at the lake last weekend. 
guy running the dock was named Ben Torres,he told me to text him directly if I wanna reserve a kayak next time. 
His number +1 541 555 9183. he also mentioned his coworker Lily handles weekday rentals at +1 541 555 9197. They keep a small list for regulars so calling early morning helps. I should reach out a few days before any trip because weekends fill up fast during summer. Would be fun to go again once the weather warms up.",33,Male,en_US,Outdoor Gear Sales Associate,contact,,,,,,
313,NhiNX,,DuongTC,accepted,ok,ok,2026/03/09,0,Note,Rachel D.,"contacts from the local book club sign-up sheet

• organizer: Megan Hill → +1 312 555 2678
• alt contact: Jason Rowe → +1 312 555 2690

• Megan sends the monthly reading list
• Jason manages the café reservation for meetings

• they meet first Tuesday each month
• text Megan if joining a discussion night
• Jason said extra chairs can be arranged if more ppl show up

remember to confirm next meeting before showing up lol",27,Female,en_US,Librarian,contact,,,,,,
314,NhiNX,,DuongTC,accepted,ok,ok,2026/03/09,12.8,Note,Dante M.,"couple contacts from the skate park renovation meeting I stopped by
project lead: Aaron Mitchell – +1 206 555 7422
city parks office: +1 206 555 7400
community volunteer coord: Tasha Green – +1 206 555 7445
they’re organizing volunteers to help repaint ramps and clean the area next month. Aaron said texting him is the easiest way to get updates about the work days. Tasha keeps the signup list for helpers and snacks lol. Might drop by if I’m free that weekend.",24,Male,en_US,Skate Shop Clerk,contact,,,,,,
315,NhiNX,,DuongTC,accepted,ok,ok,2026/03/09,0,Note,Elaine K.,"notes from wedding cake tasting appt

* bakery: Sweet Harbor Cakes
* main baker – Olivia Tran → +1 415 555 6703
* shop line → +1 415 555 6700

* Olivia helped us sample vanilla and lemon cakes
* said custom designs need about 4 weeks notice

* good to remember:
* texting pics of cake ideas is fine
* deposits required for big orders
* flavors rotate seasonally",39,Female,en_US,Wedding Planner,contact,,,,,,
316,NhiNX,,DuongTC,accepted,ok,ok,2026/03/09,11.1,Note,Jared P.,"electrician contacts from work building maintenance
lead tech: Calvin Rhodes
cell +1 513 555 3481
backup tech: Luis Moreno
cell +1 513 555 3499
service office: +1 513 555 3400
Calvin fixed the hallway breaker when lights kept tripping last week. Luis usually handles weekend emergencies apparently. Office number is for scheduling inspections or paperwork. Might need them again if the storage room outlets keep overheating.",46,Male,en_US,Facilities Coordinator,contact,,,,,,
317,NhiNX,,DuongTC,accepted,ok,ok,2026/03/09,0,Note,Brooke A.,"dog walker contacts I saved after chatting w ppl at the park

◆ walker: Natalie Cruz – +1 720 555 2891
◆ walker: Tim O’Neal – +1 720 555 2894

◆ Natalie usually does morning walks
◆ Tim works evenings mostly

neighbors said both are reliable and send photo updates. Havent booked yet but might need someone when work travel picks up again. Better to text a day or two early.",30,Female,en_US,Software Tester,contact,,,,,,
318,NhiNX,,DuongTC,accepted,ok,ok,2026/03/09,12.9,Note,Leo R.,"contact from the guitar repair booth at the music festival
guitar tech name: Oliver Dean
phone +1 615 555 9932
his assistant: Maya Cole – +1 615 555 9935
Oliver adjusted my acoustic guitar neck on the spot because the strings were buzzing. Said seasonal humidity messes with wood instruments sometimes. Maya handles scheduling if I need a full setup later. Probably worth visiting their shop before recording anything serious.",35,Male,en_US,Podcast Producer,contact,,,,,,
319,NhiNX,,DuongTC,accepted,ok,ok,2026/03/09,0,Note,Tasha W.,"contacts from a small yoga retreat info session I attended

→ retreat guide: Priya Sharma – +1 928 555 4820
→ booking desk: +1 928 555 4801
→ wellness coordinator: Mark Silva – +1 928 555 4833

Priya leads the sunrise yoga classes by the canyon. Mark organizes hiking groups for guests who want something active. Booking desk handles payments and cabin reservations. Might try the weekend retreat later this year if vacation days line up.",41,Female,en_US,School Counselor,contact,,,,,,
320,NhiNX,,DuongTC,accepted,ok,ok,2026/03/09,0,Note,Dennis C.,"snow blower repair contacts from the hardware store notice board
repair tech: Frank Dalton – +1 315 555 7128
parts supplier: North Ridge Equipment – +1 315 555 7102
assistant mechanic: Eli Vargas – +1 315 555 7141
Frank fixed my neighbor’s machine last winter apparently. Eli handles pickup jobs if the equipment is too heavy to move. The parts shop sells replacement belts and spark plugs. Good numbers to keep before winter shows up again.",52,Male,en_US,Bus Mechanic,contact,,,,,,
321,NhiNX,,DuongTC,accepted,ok,ok,2026/03/09,0,Note,Kendra S.,"contacts from a community theater volunteer signup

▲ stage manager: Allison Park → +1 917 555 6042
▲ costume lead: Diego Alvarez → +1 917 555 6051
▲ rehearsal studio desk → +1 917 555 6000

Allison coordinates rehearsal times and actor schedules. Diego manages costume fittings and prop storage. Studio desk is where deliveries and ticket calls go. Thinking about helping backstage during the fall show if my evenings stay free.",29,Female,en_US,Retail Stylist,contact,,,,,,
322,NhiNX,,DuongTC,accepted,ok,ok,2026/03/09,19,Note,Caleb R.,"contacts from the weekend sailing intro class
instructor: Nate Holloway – +1 410 555 8821
dock office line: +1 410 555 8800
assistant instructor: Mia Lopez – +1 410 555 8843
took a beginner sailing class at the harbor last Sat. Nate showed us basic knot tying and how to adjust the sail angle when wind shifts. Mia handled the signup list and said texting her is easiest if I wanna join the next practice session. The dock office answers for equipment rentals too. Prob gonna try another class next month if weather stays good.",34,Male,en_US,Shipping Clerk,contact,,,,,,
323,NhiNX,,DuongTC,hold,format khá tương tự 321,ok,2026/03/09,0,Note,Andrea P.,"wrote these down after chatting w ppl at the community dance studio

studio desk → +1 323 555 4410
hip-hop teacher: Malik Reed – +1 323 555 4418
latin dance coach: Sofia Cruz – +1 323 555 4424

went there just to watch a class but Malik convinced me to try a short warm-up. Way harder than it looks lol. Sofia runs salsa nights every Thurs evening. Desk lady said texting the instructors works better than email. Might sign up for beginner salsa soon if my schedule allows.",28,Female,en_US,Makeup Artist,contact,,,,,,
324,NhiNX,,DuongTC,accepted,ok,ok,2026/03/09,0,Note,Damon S.,"fishing trip contacts from last wknd
bait shop owner: Gary Beck
phone +1 715 555 2004
boat rental dock: +1 715 555 2010
guide recommended by Gary: Luke Sanders – +1 715 555 2018
went up north for trout fishing w friends. Gary gave some solid advice abt which lures work this time of year. Luke runs small guide trips if someone needs help finding good spots. Dock number is just for boat reservations. Might come back in fall when the fish are bigger.",41,Male,en_US,Roofing Contractor,contact,,,,,,
325,NhiNX,,DuongTC,accepted,format khá tương tự 321,ok,2026/03/09,0,Note,Lila W.,"notes from local photography meetup contacts

• meetup host: Daniel Cho – +1 206 555 7781
• equipment rental desk: +1 206 555 7705
• another photographer I talked w: Emily Park – +1 206 555 7792

Daniel organizes photo walks around downtown once a month. Emily recommended a good sunset spot near the waterfront. Rental desk apparently has tripods and lenses if ppl dont own gear yet. I might join their next outing… need more practice w night photos tbh.",26,Female,en_US,Social Media Assistant,contact,,,,,,
326,NhiNX,,DuongTC,accepted,ok,ok,2026/03/09,18.3,Note,Harold B.,random contacts from a local beekeeping workshop I checked out. The main speaker was Tom Granger and his phone is +1 802 555 6202. Another guy helping with the demo was Eric Valdez at +1 802 555 6217. The small supply store they run has a desk line +1 802 555 6200. Tom explained how new beekeepers should start w two hives instead of one in case one colony struggles. Eric handles orders for honey jars and smoker tools. Might try a hive next spring if I’m brave enough lol.,52,Male,en_US,High School Science Teacher,contact,,,,,,
327,NhiNX,,DuongTC,accepted,ok,ok,2026/03/09,0,Note,Casey M.,"contacts from weekend pottery market

◆ clay artist: Rita Delgado – +1 505 555 3184
◆ kiln studio desk – +1 505 555 3100
◆ workshop teacher: Jonah Mills – +1 505 555 3193

Rita sells handmade bowls at the market stalls. Jonah runs beginner clay workshops every other Sat. Desk number is for reserving a spot since the classes fill quick. Rita said beginners usually mess up the first bowl anyway so dont stress abt it lol. Might try it sometime.",33,Female,en_US,Florist,contact,,,,,,
328,NhiNX,,DuongTC,accepted,ok,ok,2026/03/09,0,Note,Simon K.,"quick contact note from skate shop event
name: Trevor Lane
phone +1 503 555 9013
runs small board repair service downtown
fixed a cracked skateboard deck for my nephew
also sells spare wheels sometimes
said texting pics of damage helps him estimate repair cost
cool guy overall
keeping his number in case the kid breaks another board",37,Male,en_US,Delivery Driver,contact,,,,,,
329,NhiNX,,DuongTC,hold,format khá tương tự 327,ok,2026/03/09,0,Note,Olivia D.,"travel meetup contacts I got while planning a backpack trip

→ group organizer: Martin Shaw – +1 720 555 5570
→ hostel contact he suggested: Pine Ridge Hostel desk +1 720 555 5500
→ hiking guide: Carla Mendes – +1 720 555 5589

Martin runs a small travel meetup where ppl share trip ideas. Carla leads guided hikes near the mountains. Hostel desk handles cheap overnight rooms if hikers stay late. Martin said best way to ask questions is texting since he replies faster there.",31,Female,en_US,Bar Manager,contact,,,,,,
330,NhiNX,,DuongTC,accepted,ok,ok,2026/03/09,0,Note,Darren L.,"car club contacts from a meet-up at the diner parking lot
club organizer: Pete Harmon – +1 734 555 8122
mechanic friend: Alex Ruiz – +1 734 555 8139
parts supplier desk: +1 734 555 8100
these guys meet every second Sunday morning. Pete organizes the drive routes. Alex sometimes helps members fix minor engine stuff in the lot. Parts desk sells filters and oil for quick swaps. Might join their next ride if my schedule clears up.",44,Male,en_US,Auto Parts Clerk,contact,,,,,,
331,NhiNX,,DuongTC,hold,format khá tương tự 327,,2026/03/09,0,Note,Natalie F.,"contacts from volunteering at a local community radio station

* station manager: Kevin Wu – +1 415 555 6721
* tech support: Brianna Cole – +1 415 555 6740
* recording studio desk – +1 415 555 6700

Kevin showed me how they schedule weekend shows. Brianna handles equipment setups and microphones. Desk line is for booking studio time if volunteers want to record segments. Pretty cool place honestly… might help produce a small podcast there if I get time.",29,Female,en_US,Library Assistant,contact,,,,,,
332,HUNGNV5,,MinhBH,accepted,ok,ok,2026/03/09,16,Note,Liam,"I am looking for an accountant to help me with my taxes this year. The accountant I used year made a big mistake with my 1099 forms. I was talking to my uncle. He gave me the contact information of his Certified Public Accountant. His name is Robert Jenkins. I have his office phone number which's +1-555-018-4422. I need to call Robert Jenkins tomorrow morning to find out if he is taking on clients.

Before I call Robert Jenkins there are a things I need to get ready. These things are:

* my tax return from year

* all the receipts from my freelance graphic design jobs

* the summary of the expenses, for my home office.

I really hope Robert Jenkins does not charge than 300 dollars. Taxes make me really nervous. I just want to get them done. I want to hire Robert Jenkins to do my taxes so I do not have to worry about them.",31,Male,en_US,Graphic Designer,contact,,,,,,
333,HUNGNV5,,,hold,Ai detector 33%,ok,2026/03/09,13,Note,Chloe,"""Finding a pet sitter for our upcoming vacation is a relief.

Boarding facilities are really expensive for our two dogs.

I met a girl named Lily at the dog park today.

She takes care of dogs and has great references.

Her cell number is +1-555-014-9911.

She said she prefers texting over calling.

She needs to know if our dogs have any food allergies.

I should text her tonight to set up a meeting.

I must remember to ask her about her cancellation policy.

If she is okay with giving Max his ear drops.

She charges 40 dollars a day which's a great deal.

I am so relieved I don't have to leave them in a kennel.

They always come back from there smelling funny.

Our vacation is going to be much better knowing our dogs are safe, with Lily.""",28,Female,en_US,HR Specialist,contact,,,,,,
334,HUNGNV5,,,hold,Ai detector 27%,ok,2026/03/09,0,Note,Marcus,"Who am I calling? A plumber named Mario.

Why am I calling him? The kitchen sink is all clogged up. It smells really bad.

Contact info: +1-555-019-3388

When to call: On my lunch break at 12:30 PM.

What to ask: Does he charge just to come take a look, at it?

If it costs than 200 bucks I am just going to watch youtube and do it myself.",35,Male,en_US,Store Manager,contact,,,,,,
335,HUNGNV5,,MinhBH,hold ,liên tiếp > 2 câu detect AI,ok,2026/03/09,8,Note,Sarah,The roof is leaking again into the master bedroom. I am really going to lose my mind with this house. My coworker told me about a roofing contractor he used spring. The contractor is called Top Tier Roofing and the owner is Dave. His phone number is +1-555-011-5544. I need to call Dave thing in the morning. I have to ask Top Tier Roofing if they do estimates. I also need to ask if Top Tier Roofing can put a cover on the roof before the next storm hits. Hopefully Top Tier Roofing will find that it is a few missing shingles and not a full replacement. I really cannot afford a 10 thousand dollar roof job now. Top Tier Roofing is my hope to fix the roof. Homeownership is really frustrating I think.,42,Female,en_US,Retail Worker,contact,,,,,,
336,HUNGNV5,,MinhBH,hold ,liên tiếp > 2 câu detect AI,ok,2026/03/09,12,Note,Evan,"I went to the marketing meetup night and I met a freelance copywriter who does email funnels. The freelance copywriter I met is Sarah. Sarah is a freelance copywriter and her portfolio is really good. We need someone, like Sarah to help us with Q4 sales.
There are a things I need to do now.
* I have to send Sarah our brand guidelines.
* I need to ask Sarah about her rate and her project rate.
* I want to know if Sarah can start working with us week.
Sarahs phone number is +1-555-017-2266. Sarah said I can call her after 2pm. I will try to call Sarah on Thursday. If we can work with Sarah that will be great. I am having a time doing these newsletters by myself. Working with Sarah will make my life easier because Sarah is a freelance copywriter who specializes in email funnels.",29,Male,en_US,Marketing,contact,,,,,,
337,HUNGNV5,,MinhBH,accepted,ok,ok,2026/03/09,16,Note,Nina,"I should get my car detailed before putting it up for sale.My car’s interior is totally covered in dog hair.A year ago, someone spilled coffee on the passenger seat of my car.I found a detailing guy through the local Facebook group.His name is Kevin.Kevin really shows up right at your driveway.He brings his own water tank.His phone number is +1-555-012-8855.I'm texting Kevin now to check if he has any openings this weekend.I just want to check if Kevin's deep clean package covers shampooing the carpets in my car.If it doesn’t, I’ll need to find someone to detail my car.Kevin charges 150 dollars, which seems pretty fair for a mobile detailing service.I really ought to clear out all the trash from my car’s trunk before Kevin arrives.I don’t want Kevin to get the idea that I’m a slob.Selling my civic is probably going to be a real pain.I need the down payment for the new truck.I'm really hoping Kevin does a good job cleaning my car.",25,Female,en_US,Nurse,contact,,,,,,
338,HUNGNV5,,,hold,Ai detector 29%,ok,2026/03/09,0,Note,Jack,"1. I need to call the wedding venue coordinator, Jessica.
2. Her phone number is +1-555-013-4477.
3. I have to confirm the headcount with her by Friday.
4. I also want to ask if we can drop off the decorations the night before the wedding.
5. I should check if the bartender is included in the catering package.
6. I keep forgetting to ask her about parking for our guests.
7. If they have to pay for parking we need to let people know on the website.
8. Planning this wedding is, like having another full-time job.
9. I'm really tired. We still have three months to go.
10. At least we have the cake sorted out.
11. If Jessica doesn't answer I'll have to leave a voicemail.
12. I hope everything goes smoothly.",33,Male,en_US,IT Support,contact,,,,,,
339,HUNGNV5,,MinhBH,hold ,liên tiếp 2 câu detect AI. Ở đầu câu,ok,2026/03/09,12,Note,Mia,"I found this trainer online and I want to talk about the good and bad things about him. The trainer is Marcus Vance and his phone number is +1-555-016-9922.

Here are the good things about Marcus Vance:

* He is really good at powerlifting. Can help me fix my form.

* The gym he uses is very close to my home it only takes 10 minutes to get

Now here are the not good things about Marcus Vance:

* He is pretty expensive it costs 80 dollars for each session.

* He is only available at 6 in the morning, which means I have to wake up at 5.

I have decided to call Marcus Vance and book a trial session. I want to ask him if he has any deals or discounts when you pay for a lot of sessions at once. My squat form is really bad. My lower back hurts every time I do it. I really need someone who knows what they are doing to look at it. I will hurt myself. I will call Marcus Vance tomorrow when I am, on my way to work. I am going to ask him all my questions and see what he says about Marcus Vance services. I think Marcus Vance can really help me with my powerlifting and form correction.",27,Female,en_US,Designer,contact,,,,,,
340,HUNGNV5,,,hold,Ai detector 35%,ok,2026/03/09,6,Note,Leo,"""[Electrician Contact][Name: Gary from Spark Electric][Phone: +1-555-015-3311]
Half of the outlets in my living room stopped working for no reason.
I tried flipping the breaker switch but nothing changed.
I am not going to touch the wires because I do not want to get electrocuted.
The HOA president recommended Gary.
I will call him at 8 AM tomorrow.
I will ask him if he has a charge, for his service.
I will also ask him to check the panel while he is here.
I hope it is a fix.""",45,Male,en_US,Architect,contact,,,,,,
341,HUNGNV5,,MinhBH,accepted,ok,ok,2026/03/09,0,Note,Zoe,"I am finally getting a tattoo to cover up that stick and poke from college.

I did a ton of research on Instagram. Found a tattoo artist whose line work is amazing.

Her name is Lexi. She works at the parlor downtown.

She does not do messages for booking so I have to text her assistant.

The booking number is +1-555-018-6644.

I need to text them what I want and where the tattoo is going.

I am thinking about a piece, on my forearm to hide the old ink.

I am going to ask Lexi what her hourly rate is because I heard Lexi is pricey.

Honestly paying for a good cover up is so worth it.

I refuse to have another tattoo on my body.

Hopefully Lexi has an opening sometime month.

I am going to draft the message tonight and send it thing tomorrow.

I need to attach a picture of my arm in lighting.",24,Female,en_US,Student,contact,,,,,,
342,HUNGNV5,,MinhBH,accepted,ok,ok,2026/03/09,10,Note,Aaron Mitchell,"I want to keep this contact for house repairs.
Fall the heater stopped working and my neighbor told me about a technician.
Phone: +1 214 662 9130
Name: Victor Alvarez
He works on his own now. He used to work with a bigger company that fixes heaters and air conditioners.
He came over the evening and fixed the problem with the thermostat.
He charged me money than the other person I got a quote from.
He said if the system starts making clicking sounds I should call him right away.
He also said he does checks on the heating and cooling systems every season.
It is probably an idea to schedule one of these checks before winter comes.
He lives in North Dallas somewhere.
I am going to keep his phone number so I do not lose it in my messages.
The best way to get in touch, with Victor Alvarez is to call him on the phone not send him an email.
I need to remember to ask Victor Alvarez about replacing the air filter
I will call Victor Alvarez to ask him about this.",45,Male,en_US,Property Manager,contact,,,,,,
343,HUNGNV5,,MinhBH,accepted,ok,ok,2026/03/09,16,Note,Haley Simmons,"I have a vet contact for Milo
* Dr. Laura Kim
* +1 415 553 7784
* Bay Pet Wellness Clinic
* I met Dr. Laura Kim when I took Milo for his vaccination appointment.
* Dr. Laura Kim was really good at explaining everything to me. She did not rush us at all.
* I think Bay Pet Wellness Clinic is a place for routine checkups for Milo.
* The clinic is near Mission Street which's pretty convenient for me.
* The people at the reception said I can usually get an appointment in the middle of the week for Milo.
* If Milo has another stomach problem I should call Bay Pet Wellness Clinic first.
* Bay Pet Wellness Clinic also does grooming for pets which's nice to know.
* I need to remember to book Milos checkup in October.
* I should save Dr. Laura Kims contact information in case something happens to Milo.
* My experience with Dr. Laura Kim at Bay Pet Wellness Clinic was much better than with the vet.
* There is not a lot of parking, near Bay Pet Wellness Clinic so I should get there early.",32,Female,en_US,Graphic Designer,contact,,,,,,
344,HUNGNV5,,MinhBH,hold ,liên tiếp > 2 câu detect AI,ok,2026/03/09,0,Note,Trevor Daniels,"Contact to remember – electrician who helped during the blackout summer.
Marcus Hill
Cell: +1 646 921 5033
Lives in Brooklyn. Works all over New York City.
Friend Kevin introduced me to Marcus after my fuse box kept tripping.
Marcus checked the wiring. Replaced one damaged breaker.
He explained what caused the issue, which was really helpful to me.
If the lights flicker again I should call Marcus directly.
He said evenings are usually easier, for scheduling.
Marcus also mentioned that he installs home lighting systems.
I could ask about that later when I am renovating my kitchen.
Marcus is a friendly guy and he showed up on time.
I will keep his number saved under ""Marcus Electric”.
Reminder to recommend Marcus to my landlord too.
I would definitely hire Marcus again.",38,Male,en_US,Video Editor,contact,,,,,,
345,HUNGNV5,,,hold,Ai detector 34%,ok,2026/03/09,0,Note,Denise Parker,"I want to remember the travel agent who helped with our anniversary trip.
Her name is Sandra Lopez.
We worked together when we were planning our Hawaii vacation year.
Sandra Lopez handled the flights and the hotel reservations. She even recommended a snorkeling tour for us.
If we ever plan another trip I should get in touch with Sandra Lopez again.
The contact number for Sandra Lopez is +1 305 441 6209.
The agency that Sandra Lopez works for is called OceanWay Travel. It is in Miami.
I liked that Sandra Lopez responded quickly to my emails.
Sandra Lopez was also able to find a flight option for us at the last minute.
Time I should ask Sandra Lopez about travel insurance too.
I am keeping this note so I can get help from Sandra Lopez if I need to book trips.
The advice from Sandra Lopez saved us a lot of time.
I think Sandra Lopez is probably worth recommending to our friends well.
I do not want to delete this number by accident.
I might contact Sandra Lopez again spring to plan another trip, with her help.",44,Female,en_US,Accountant,contact,,,,,,
346,HUNGNV5,,MinhBH,accepted,ok,ok,2026/03/09,0,Note,Tyler Brooks,"I have a list of people I can call when I need to get my car fixed.
1) Jake Turner
His phone number is +1 720 998 1142.
My coworker Sam told me about Jake Turner.
Jake Turner is a mechanic and he is really good, at fixing older trucks.
2) Olivia Chen
Her phone number is +1 720 665 2294.
Olivia Chen has an auto repair shop downtown.
My neighbor says Olivia Chen is honest when it comes to the cost of car repairs.
I need to ask Olivia Chen if she can replace brakes.
3) Carlos Vega
His phone number is +1 303 883 7420.
Carlos Vega is a mechanic which means he can come to my house to fix my car.
This could be really convenient if my truck breaks down again and I cannot take it to a shop.
My plan is to call least one of these people next week.
I want to keep these phone numbers in one place so I do not have to search for them in my inbox every time I need them.",36,Male,en_US,Logistics Coordinator,contact,,,,,,
347,HUNGNV5,,,hold,Ai detector 29%,ok,2026/03/09,9,Note,Monica Rivera,"Met someone at the farmers market who sells cakes for events. Her booth was super popular. The samples were really good.
The name on the card is Jasmine Cole.
Her phone number is +1 503 771 9486.
She said she does custom orders for birthdays.
This could be perfect for Daniels party in August.
The prices seemed okay compared to bakery chains.
I need to send her a message about chocolate flavors.
I also need to ask if she delivers or if I have to pick up the cakes.
Apparently her kitchen is. Inspected.
I should contact her least two weeks before the party.
I'm saving this so I don't lose her business card.
Everyone, at the market kept saying her cakes are great.
Definitely worth trying.",29,Female,en_US,Elementary Teacher,contact,,,,,,
348,HUNGNV5,,MinhBH,hold ,liên tiếp > 2 câu detect AI,ok,2026/03/09,16,Note,Scott Turner,"Lawn care contact list
First guy I spoke with is Ben Carter – +1 919 774 2265
He runs a landscaping crew right here in the neighborhood.
My second option is Dave Patel – +1 919 540 6631
Dave Patel handled the Johnson family yard summer.
Both Ben Carter and Dave Patel said they could mow and trim hedges for me every week.
I need to compare the prices that Ben Carter and Dave Patel are asking for before I choose one of them.
Ben Carter seemed like he was going to be cheaper. Dave Patel has really good equipment.
I plan to call Ben Carter and Dave Patel on Friday afternoon.
I will also ask Ben Carter and Dave Patel about leaf removal in the fall.
I should keep these numbers saved for yard work with Ben Carter and Dave Patel.
I do not want to forget to measure the size of my backyard
It would be really nice not having to mow my lawn myself
I have to remember to check the HOA rules, about using landscaping services like Ben Carter and Dave Patel.",50,Male,en_US,Insurance Agent,contact,,,,,,
349,HUNGNV5,,MinhBH,hold ,liên tiếp > 2 câu detect AI,ok,2026/03/09,15,Note,Claire Donnelly,"I really liked the Yoga instructor I met during the trial class yesterday.
Instructor: Maya Thompson
Studio: FlowSpace Yoga in Seattle.
I can text her at +1 206 884 3310 if I need to.
Maya Thompson has a calm and clear way of teaching Yoga.
The class we did was about slow stretching and breathing which was really nice.
I am thinking of joining the Thursday Yoga session at FlowSpace Yoga.
Maya Thompson said that beginners are welcome to join, which is great.
Before I sign up for the Yoga class I need to find out how much it costs to be a member of FlowSpace Yoga.
If I do decide to join Maya Thompson said I should bring my Yoga mat.
I should also get to the studio early because parking near FlowSpace Yoga fills up quickly.
I will text Maya Thompson if I decide to attend the Yoga class
I want to keep this note so I remember Maya Thompsons contact information.
Going to Yoga classes at FlowSpace Yoga could be a thing to do after work it might help me relax.
I like the idea of doing Yoga with Maya Thompson at FlowSpace Yoga, in Seattle.",35,Female,en_US,Librarian,contact,,,,,,
350,HUNGNV5,,,hold,"Ai detector 24%
zero 24.7%",ok,2026/03/09,14,Note,Jordan Keller,"My sister told me about a photographer.
His name is Liam Foster.
You can call him at +1 617 705 9944.
Liam Foster did my sisters engagement photos in Boston.
The pictures Liam Foster took looked really nice and natural and not too edited.
I am thinking about asking Liam Foster to take our family portraits this fall.
Liam Foster likes it when people send him text messages to book a session.
Most of the time Liam Foster takes pictures in parks.
I need to ask Liam Foster if he will travel outside the city to take pictures.
I also want to ask Liam Foster how much he charges for a one-hour photo shoot.
My sister said Liam Foster is really good, with kids and that is a help.
I want to save this information so I do not forget about Liam Foster.",39,Male,en_US,Software Tester,contact,,,,,,
351,HUNGNV5,,,hold,Ai detector 25%,ok,2026/03/09,14,Note,Rachel Bennett,"Important contact from the community garden meeting.
Coordinator: Daniel Price
Reach Daniel Price at +1 718 663 4108
Daniel Price organizes volunteer schedules for the community garden plots.
Daniel Price told me that new members of the community garden should text Daniel Price before showing up to the community garden.
The community garden workdays usually happen on Saturday mornings at the community garden.
I am planning to help with planting at the community garden month.
Daniel Price also manages the shared tool shed at the community garden.
I need to ask Daniel Price where the extra watering cans are stored at the community garden.
Daniel Price seemed welcoming to new volunteers at the community garden.
Daniel Price is a person to know if I want a permanent plot at the community garden later.
I am saving this so I remember how to contact Daniel Price.
Do not forget to message Daniel Price before the community garden meeting.
The community garden address is, near Oak Street.",28,Female,en_US,Barista,contact,,,,,,
352,HUNGNV5,,MinhBH,hold ,liên tiếp > 2 câu detect AI,ok,2026/03/09,11,Note,Liam,"I really cannot deal with the heat now. He said he uses Travis from Chill Air Services because Travis from Chill Air Services does not overcharge. The name of this guy is Travis from Chill Air Services. His cell phone number is +1-555-019-2244. I am going to call Travis from Chill Air Services tomorrow morning before I go to the office.
I have some questions to ask Travis from Chill Air Services:
* Does Travis from Chill Air Services give estimates for the air conditioning unit?
* How soon can Travis from Chill Air Services come out to my place?
* Can Travis from Chill Air Services also check the thermostat wiring because it is really old?
I hope Travis from Chill Air Services can fix the air conditioning unit easily and it is not the compressor that needs to be replaced. I really hope Travis, from Chill Air Services does not charge me a thousand bucks to fix the air conditioning unit.",31,Male,en_US,Graphic Designer,contact,,,,,,
353,HUNGNV5,,,hold,"Ai detector 24%
zero 26.6%",ok,2026/03/09,11,Note,Chloe,"""Looking for someone to shoot our wedding because our original photographer canceled.
Jenny told me about a freelance photographer she knows from college.
She said his editing style is really moody and romantic.
* Contact info:
Marcus Thorne
Phone: +1-555-014-9988
Email: marcus.t.photos@webmail.com
He specializes in shots, which is exactly what we want.
We do not want those awkward family portraits.
I need to text him today to see if he is available on October 14th.
Also I need to ask what his packages include.
For example does he bring a shooter?
How long does it take to get the digital gallery back?
I definitely need to ask for a link to his portfolio too.
I am so stressed, about this now.
If he is booked I have no idea what we are going to do.""",28,Female,en_US,HR Specialist,contact,,,,,,
354,HUNGNV5,,,hold,Ai detector 46%,,2026/03/09,9,Note,Marcus,"""need to find a statistics tutor before midterms start.
I saw a flyer in the student union for a grad student.
She helps with data analysis and spss software.
Her name is sarah jenkins and her number is +1-555-011-3377.
She only charges 25 dollars an hour which is way cheaper than the campus center.
I should msg her tonight to see if she has any openings.
Tuesday or thursday evenings would work best for my schedule.
I really struggle with the hypothesis testing chapter.
I need someone to explain it to me in terms.
Hopefully she is good at teaching and not just smart, at statistics.
I will text her after dinner because i am stressing out about midterms""",22,Male,en_US,Student,contact,,,,,,
355,HUNGNV5,,,hold,Ai detector 25%,ok,2026/03/09,8,Note,Sarah,"I am trying to figure out which realtor to hire to help sell my moms house. I have two options to consider.
* Option 1 is a corporate agency but they are too expensive.
* Option 2 is David Wu from Local Homes Realty. His phone number is +1-555-018-4422.
I am thinking about David Wu because my coworker used him and he sold their place in one week.
David Wu knows this neighborhood well.
His commission rate is also a little lower than what other realtors charge.
I have some questions to ask David Wu tomorrow.
I want to ask him: Do you pay for the staging and professional photos?
I need to confirm this because it's a big deal, for me.
I also want to ask him: Will you have houses every weekend?
I will call David Wus office line during my lunch break.
I need to get my moms house listed for sale before the market slows down.
David Wu can help me do that.
I should call David Wu. Ask him these questions so I can decide if he is the right realtor to sell my moms house.",42,Female,en_US,Retail Worker,contact,,,,,,
356,HUNGNV5,,MinhBH,hold ,liên tiếp > 2 câu detect AI,ok,2026/03/09,16,Note,Evan,"*I found a handyman near my place. His name is Hector. He has his small business.
His cell number is +1-555-013-5566.
Hector said I should text him pictures of the things that need to be fixed
I need Hector to fix the faucet in the kitchen because it is broken.
The sliding screen door is also broken. It came off the tracks.
I want Hector to install a ceiling fan in the bedroom too.
I will message Hector on Friday when I get paid.
I have to make sure Hector is okay with dogs. My dog Buster barks a lot.
I will ask Hector how he charges for his work. Does he charge by the hour. Does he charge a rate, for all the work?
I really cannot live like this anymore. The sound of the water dripping at night is really driving me crazy.
I should ask Hector for an estimate before he starts working on the faucet and the things that are broken.
I want to hire Hector to fix everything.",35,Male,en_US,IT Support,contact,,,,,,
357,HUNGNV5,,MinhBH,hold ,liên tiếp > 2 câu detect AI,ok,2026/03/09,5,Note,Nina,"My wisdom tooth is really hurting me today. It is so painful. My regular dentist sent me to see a surgeon, in the downtown area. His name is Dr. Alan Vance. The office number is +1-555-016-9911. I need to call them soon as possible to get an emergency extraction.
Things to remember for the call:
* I need to ask if they accept my Blue Cross insurance.
* I want to know if they offer IV sedation because I am really scared of needles.
* I have to ask how much the copay will be approximately.
* I need to know if I need someone to drive me home after the procedure.
I am eating soup. Taking Motrin right now just to get by. If they cannot fit me in this week I will be really upset. Wisdom tooth pain is the thing I have ever experienced. My wisdom tooth is making my life miserable. I just want to get my wisdom tooth extracted and feel better.",27,Female,en_US,Nurse,contact,,,,,,
358,HUNGNV5,,MinhBH,accepted,ok,ok,2026/03/09,11,Note,Jack,"I need to find a groomer for Max because the last place shaved him too short. He looked like a mole rat. It was so sad. The lady at the dog park highly recommended her groomer The Fluffy Pup Salon, which is owned by Jessica. Her direct line is +1-555-012-7744.
She also said Jessica does not put them in those drying cages.
I need to text Jessica to see if she has any openings before the holidays. I also want to know if they use shampoo for sensitive skin.
Max has bad allergies and gets itchy really fast. Hopefully Jessica does not charge a lot of money for a bath. 
I am going to message Jessica tomorrow morning to ask her all these questions, about The Fluffy Pup Salon and what she can do for Max.",33,Male,en_US,Architect,contact,,,,,,
359,HUNGNV5,,MinhBH,hold ,liên tiếp > 2 câu detect AI,ok,2026/03/09,18,Note,Mia,"""i am finally getting my car detailed before i try to sell it. The interior is completely covered in dog hair. There is a stain. My brother told me about a detailing guy who comes to you. His name is kevin and his mobile number is +1-555-015-3300. I am going to text him now to see what his packages cost. I really hope he can get the smell of dog out of the carpets. If he charges than 200 bucks i am definitely booking him. Selling this car is gonna be such a headache but i need cash right now. I should probably clean out the trash from the trunk before he gets here so i dont look like a slob, to a stranger. I gotta remember to ask if he needs to use my water hose. Hopefully it doesnt rain on saturday when kevin comes to detail my car.""",24,Female,en_US,Designer,contact,,,,,,
360,HUNGNV5,,,hold,Ai detector 38%,ok,2026/03/09,6,Note,Leo,"I am really worried about my freelance taxes this year. The thing is, I have a lot of 1099 forms and I do not think I can use TurboTax anymore.
I found a person who can help me with my taxes. Her name is Lisa Chen. She is a CPA. Her phone number is +1-555-017-8822.
There are some things about hiring Lisa Chen. She specializes in freelance taxes and taxes for contractors. My friend also used her. She found a lot of deductions for his small business.
I have a call with Lisa Chen tomorrow. I want to ask her some questions.
I want to know what her flat fee is, for a person.
I also want to know if I need to organize all my receipts before I give them to her.
I want to know if she can help me set up an LLC for next year.
I will call her office at 10am to set up a meeting.
Freelance taxes are really complicated. They give me a big headache.
I really hope I do not owe the IRS a lot of money.
Freelance taxes are just so frustrating.
I am really hoping Lisa Chen can help me with my freelance taxes.",29,Male,en_US,Electrician,contact,,,,,,
361,HUNGNV5,,,hold,Ai detector 43%,ok,2026/03/09,17,Note,Zoe,"""- My backyard looks like a jungle now.
- I got a warning letter from the homeowners association, about the weeds yesterday.
- I'm looking for a landscaping service so I asked the neighborhood group for recommendations.
- Someone suggested a guy named Miguel.
- His phone number is +1-555-011-6655.
- I'm going to text him to see if he can do a cleanup.
- I need him to mow the lawn weed whack and trim the hedges.
- I also want to know if he takes away the yard waste or leaves it in bags.
- Hopefully he's available this weekend before I get fined.
- I really don't like doing yard work it's so tiring.
- I'm willing to pay him a bit if he does it quickly.""",38,Female,en_US,Store Manager,contact,,,,,,
362,HUNGNV5,,MinhBH,accepted,Ai detector 21%,ok,2026/03/09,14,Note,Ethan Walker,"Contact for the laptop repair guy I met month.

* Name: Aaron Blake

* Phone: +1 646 902 4418

* He works at a computer repair shop near Brooklyn Heights.

My laptop screen went black suddenly. He fixed it the same day.

It was a loose display cable.

He did not charge much which was nice.

He said if the screen flickers again just call him.

The shop hours are usually from 10 am, to 6 pm.

Aaron prefers a text message first before calling.

I might ask him about upgrading the SSD

I am saving his number here so I do not lose it.

He could also help Jake if his laptop keeps freezing.

He is a pretty chill guy honestly.",30,Male,en_US,Freelance Photographer,contact,,,,,,
363,HUNGNV5,rework done,PhucVQ,accepted,ok,ok,2026/03/09,12,Note,Nicole Adams,"I need to find someone to call if the washing machine breaks again.
Phone number: +1 312 774 9055
The name is David Kim.
He is an appliance repair technician that my landlord recommended.
David Kim came over when the washing machine would not drain water.
David Kim figured out that the pump was clogged.
David Kim fixed it in thirty minutes.
The charges from David Kim were fair compared to the service I checked.
David Kim said that older washing machines get that problem a lot.
David Kim is usually available on weekday mornings.
It is better to call David Kim of emailing him.
I am keeping David Kims contact information for future issues, with the washing machine.
Time I will ask David Kim if he also fixes dryers.
I do not want to deal with disasters again.",41,Female,en_US,Office Administrator,contact,,,,,,
364,HUNGNV5,rework done,PhucVQ,accepted,ok,ok,2026/03/09,12,Note,Marcus Reed,"Random but useful contact – moving help.
Jake Sullivan
Cell: +1 720 662 1189
I found a local moving service in Denver that is really good.
Jake Sullivan runs this moving service in Denver.
I used Jake Sullivans moving service when I moved apartments summer.
The people from Jake Sullivans moving service showed up early. They worked pretty fast.
I was surprised that Jake Sullivans moving service damaged nothing.
The service costs about $200 per use.
They said said I should book one day ahead.
Jake Sullivan told me that weekends get busy quickly for Jake Sullivans moving service.
I might call Jake Sullivan again if I move year and I need moving help.
I could also recommend Jake Sullivans moving service to my coworkers because I had an experience with Jake Sullivans moving service.
I am saving Jake Sullivans phone number so I won't forget it.
I had an experience, with Jake Sullivans moving service overall.",35,Male,en_US,Sales Associate,contact,,,,,,
365,HUNGNV5,rework done,PhucVQ,accepted,ok,ok,2026/03/09,4,Note,Lauren Fisher,"I want to remember the information about the bakery contact for custom cakes.
The name on the card is Sarah Delgado.
Her phone number is +1 503 661 4094.
I met Sarah Delgado at a weekend farmers market.
Sarah Delgado had a booth with chocolate samples.
Sarah Delgado does custom cakes for birthday and wedding cakes.
The prices for custom cakes from Sarah Delgado seemed reasonable.
I am thinking about ordering a custom cake from Sarah Delgado for my moms birthday.
I need to text Sarah Delgado least a week in advance to place my order.
Sarah Delgado mentioned that delivery of the custom cake might cost extra.
Sarah Delgado also does cupcakes in bulk.
I am saving this information before I lose the card.
Everyone in line at the farmers market was recommending Sarah Delgados custom cakes.
It is probably worth trying a custom cake, from Sarah Delgado.",28,Female,en_US,Kindergarten Teacher,contact,,,,,,
366,HUNGNV5,rework done,PhucVQ,accepted,ok,ok,2026/03/09,15,Note,Brandon Cole,"List of people who might fix the backyard fence
* Tom Harris – +1 919 774 6621
handyman my neighbor recommended.
He fixes fences and small decks.
* Lisa Park – +1 919 540 2213
She runs a home repair service nearby.
Her online reviews look good.
* Mike Torres – +1 984 447 8090
I met him at the hardware store by chance.
The main issue is the wooden panel, on the fence.
I plan to call least two of them this weekend.
I will take photos of the fence first for estimates.
I will keep all numbers here so I don't forget them again.",47,Male,en_US,Insurance Broker,contact,,,,,,
367,HUNGNV5,rework done,PhucVQ,accepted,ok,ok,2026/03/09,14,Note,Olivia Grant,"I found a hair stylist that someone recommended to me.
Tasha Reynolds
Phone number: +1 212 665 4483
She works at Shine Hair Studio in Manhattan.
My friend Lily said Tasha Reynolds is really good at .
I am thinking about booking an appointment with Tasha Reynolds before the holiday party.
I need to ask Tasha Reynolds about weekend appointments.
Apparently Tasha Reynolds Saturday appointments fill up fast.
The prices, at Shine Hair Studio are a bit high. Tasha Reynolds is probably worth it.
I should note to mention my friend Lily when I call Tasha Reynolds.
I am saving this information so I stop asking people
I will remind myself to call Tasha Reynolds tomorrow.",27,Female,en_US,Retail Associate,contact,,,,,,
368,HUNGNV5,,,hold,Ai detector 28%,ok,2026/03/09,12,Note,Daniel Price,"I got a contact from the cycling group.
The guys name is Chris Dalton.
His cell phone number is +1 602 774 9916.
He is the one who organizes these weekend bike rides, around Phoenix.
I met Chris Dalton at the community cycling meetup.
He told me that beginners are welcome to join, which is really good to know.
The weekend bike rides usually start early on Saturday mornings.
Chris Dalton asked people to text him before joining a ride.
I am planning to try it out month.
First I need to check if my bike needs tires.
I also want to ask Chris Dalton about the desert route.
I am saving Chris Daltons phone number so I can remember to text him.
It would be nice to ride with the cycling group sometimes.
The local cycling group seems like a way to meet new people who like bike rides.",33,Male,en_US,Graphic Designer,contact,,,,,,
369,HUNGNV5,rework done,PhucVQ,accepted,ok,ok,2026/03/09,13.64,Note,Rachel Bennett,"I got a photographer recommendation from a coworker.
The photographers name is Liam Foster.
His phone number is +1 617 705 3381.
Liam Foster is based around the Boston area.
My coworker says Liam Foster is really great with family photos.
My coworker showed me some pictures that Liam Foster took.
The pictures looked very natural. Not overly edited.
I am thinking of booking a photo session with Liam Foster this fall.
I need to ask Liam Foster about his pricing for a one hour photo shoot.
I also want to check if Liam Foster travels outside of the city for photo shoots.
Liam Foster prefers to receive texts for bookings.
I am saving this information so I do not forget about the suggestion to book a photo session, with Liam Foster.",36,Female,en_US,Librarian,contact,,,,,,
370,HUNGNV5,rework done,PhucVQ,accepted,ok,ok,2026/03/09,21.2,Note,Steven Morales,"I got an electrician's contact from my landlord.
His name is Victor Santos.
His phone number is +1 305 774 6620.
The light in my living room used to flicker all the time.
So I called Victor Santos the electrician. He helped me with this problem.
It turned out that one of the breakers was going bad. That is why the living room lights were flickering.
Victor Santos the electrician told me to call him if any of the outlets, in my place stop working.
Victor Santos the electrician usually works on weekdays.",42,Male,en_US,Restaurant Manager,contact,,,,,,
371,HUNGNV5,rework done,PhucVQ,accepted,ok,ok,2026/03/09,15.5,Note,Hannah Cooper,"I am looking for someone to contact for guitar lessons.
The instructor is Leo Bennett.
His phone number is +1 305 662 7719.
He teaches at a music studio in Miami.
My friend Mark took guitar lessons with Leo Bennett year.
Mark said Leo Bennett is very patient with beginners who are taking guitar lessons.
The first guitar lesson with Leo Bennett usually covers chords.
It costs around forty dollars for a half hour guitar lesson session with Leo Bennett.
I need to check my schedule before I sign up for guitar lessons, with Leo Bennett.
Leo Bennett prefers text messages for booking guitar lesson times.",29,Female,en_US,Travel Agent,contact,,,,,,
372,HUNGNV5,,,hold,Ai detector 34%,ok,2026/03/09,10,Note,Liam,"The air conditioning unit is making that clicking noise again. I really cannot deal with the heat now. So I asked the neighbor for a recommendation. He said he uses a guy who does not overcharge. The name of this guy is Travis from Chill Air Services. His cell phone number is +1-555-019-2244. I am going to call Travis tomorrow morning before I go to the office.
Questions to ask Travis from Chill Air Services:
* Does Travis from Chill Air Services do estimates?
* How soon can Travis from Chill Air Services come out here?
I hope it is a simple fix and not the whole compressor. I really hope this does not cost me a thousand bucks.",31,Male,en_US,Graphic Designer,contact,,,,,,
373,HUNGNV5,rework done,PhucVQ,accepted,ok,ok,2026/03/09,7,Note,Chloe,"Jenny introduced Marcus Thorne, a photographer she knows for our wedding. 
He has a romantic and moody editing style.
* Contact information: Marcus Thorne
* Phone: +1-555-014-9988
* Email: marcus.t.photos@webmail.com
Marcus Thorne supposedly takes candid shots, which is exactly what we want. We really do not want those family portraits that make everyone look stiff.
I need to text Marcus Thorne today to see if he is available on October 14th. I also need to ask him what his packages include. For example does Marcus Thorne bring a photographer to help him?. How long does it take to get the digital pictures back?
I definitely need to ask Marcus Thorne for a link to his portfolio too. I am so stressed, about this now. If Marcus Thorne is booked I literally do not know what we are going to do.""",28,Female,en_US,HR Specialist,contact,,,,,,
374,HUNGNV5,,,hold,Ai detector 31%,ok,2026/03/09,11,Note,Marcus,"""need to find a statistics tutor before midterms start.
I saw a flyer in the student union for a grad student.
She helps with data analysis and spss software.
Her name is sarah jenkins and her number is +1-555-011-3377.
She charges 25 dollars an hour which's way cheaper than the campus center.
I should msg her tonight to see if she has openings.
Tuesday or thursday evenings work best for me.
I really struggle with the hypothesis testing chapter.
I need someone to explain it to me in terms.
Hopefully she is good, at teaching, not just smart.
I will text her after dinner because i am stressing out about midterms and statistics""",22,Male,en_US,Student,contact,,,,,,
375,HUNGNV5,,,hold,Ai detector 32%,ok,2026/03/09,9,Note,Sarah,"I am trying to figure out which realtor to use to sell my moms house. I have two options.
* Option 1 is a corporate agency but they are too expensive.
* Option 2 is David Wu from Local Homes Realty. His phone number is +1-555-018-4422.
I like David Wu for a reasons. My coworker used him. He sold their place in just one week.
He also knows this neighborhood well.
His commission rate is a little lower than what other realtors charge.
I have some questions for David Wu that I need to ask him tomorrow.
I want to know if he pays for the staging and professional photos.
This is a deal for me so I need to confirm this.
I also want to know if he will have houses every weekend.
I will call his office line during my lunch break.
I need to get my moms house listed soon because the market might slow down soon.
I want to get this done before that happens so I will call David Wu tomorrow.
David Wu, from Local Homes Realty seems like a choice so I hope he can help me sell my moms house.
I just need to ask him these questions. I will know for sure if I want to use him.
David Wu is my choice right now and I hope he can help me sell my moms house quickly.",42,Female,en_US,Retail Worker,contact,,,,,,
376,HUNGNV5,,,hold,Ai detector 34%,ok,2026/03/09,0,Note,Evan,"I finally found a handyman in my area
* My landlord is not helping, so I am hiring this guy myself
* His name is Hector. He has his own small business
* His cell number is +1-555-013-5566
* He told me to text him pictures of the things first
* I need him to fix the faucet in the kitchen
*. Maybe he can install the new ceiling fan in the bedroom
* I will message him on Friday when I get paid
* I have to make sure he is okay with dogs because Buster barks a lot
* I will ask him if he charges by the hour or a flat rate, for everything
* I should ask for an estimate before he starts working
* I just hope he is affordable",35,Male,en_US,IT Support,contact,,,,,,
377,HUNGNV5,,,hold,Ai detector 27%,ok,2026/03/09,12,Note,Nina,"My wisdom tooth is really hurting me today. I am in a lot of pain. My regular dentist sent me to see a surgeon. His name is Dr. Alan Vance. His office number is +1-555-016-9911. I need to call them soon as possible to get an emergency extraction, for my wisdom tooth.
There are a things I want to ask when I call Dr. Alan Vances office.
* I want to know if they accept my Blue Cross insurance for my wisdom tooth extraction.
* I want to know if they offer IV sedation because I am really scared of needles.
* I want to know how much I will have to pay for the wisdom tooth extraction.
* I want to know if I will need someone to drive me home after the procedure.
Now I am eating soup and taking Motrin to try and feel a little better. My wisdom tooth is causing me much pain. If Dr. Alan Vances office cannot see me this week I will be really upset. I think dental pain is one of the things I have ever felt. My wisdom tooth is making my life very difficult.",27,Female,en_US,Nurse,contact,,,,,,
378,HUNGNV5,rework done,PhucVQ,accepted,ok,ok,2026/03/09,10.5,Note,Jack,"""He looked like a mole rat. It was so sad. The lady at the park highly recommended her groomer The Fluffy Pup Salon.
The store is owned by Jessica. Her direct line is +1-555-012-7744.
She said Jessica is super gentle with dogs. Jessica does not put them in those drying cages.
I need to text her to see if she has any openings before the holidays. I will ask if she requires the bordetella vaccine to be updated because Max is due for one:)))).
I will also see if they use shampoo for sensitive skin. Max has bad allergies and gets itchy really fast.
Hopefully The Fluffy Pup Salon does not charge like a hundred dollars for a bath.
Finding a groomer is harder than finding a good hairdresser.
I want to make sure The Fluffy Pup Salon is a fit, for Max.""",33,Male,en_US,Architect,contact,,,,,,
379,HUNGNV5,rework done,PhucVQ,accepted,ok,ok,2026/03/09,0,Note,Mia,"""I am finally getting my car detailed before I could sell it. The interior of my car is completely covered in dog hair and stain. My brother told me about a detailing guy who comes to you. I can call him by +1-555-015-3300.
I am going to text Kevin now to see what his packages cost. I hope Kevin can get the smell of dog out of the carpets of my car.
If Kevin charges than 200 bucks I am definitely booking Kevin. Selling my car is going to be such a headache but I need cash right now.
I should probably clean out the trash from the trunk of my car before Kevin gets here. I do not look like a total slob, to a stranger.
I have got to remember to ask Kevin if he needs to use my water hose. Hopefully it does not rain on Saturday when Kevin comes to detail my car.""",24,Female,en_US,Designer,contact,,,,,,
380,HUNGNV5,,,hold,Ai detector 51%,ok,2026/03/09,5,Note,Leo,"I am really worried about my freelance taxes this year. The thing that is stressing me out is that I have a lot of 1099 forms to deal with. I do not think I can use TurboTax anymore because of this.
I found a person who can help me with my taxes. Her name is Lisa Chen. She is a CPA. Her phone number is +1-555-017-8822.
There are some things about hiring Lisa Chen. For example she specializes in freelance taxes and taxes for contractors. My friend also said that she found a lot of deductions for his business.
I have some questions for Lisa Chen when we talk tomorrow. I want to know what she charges for a persons taxes. I also want to know if I need to organize all my receipts before I give them to her. Another thing I want to know is if she can help me set up an LLC for year.
I will call her office at 10am to set up a time to meet with her.
Doing my taxes is a problem, for me. I really hope I do not owe the IRS a lot of money. Freelance taxes are really giving me a headache. I am hoping that Lisa Chen can help me with my freelance taxes.",29,Male,en_US,Electrician,contact,,,,,,
381,HUNGNV5,,,hold,Ai detector 87%,ok,2026/03/09,8,Note,Zoe,"The backyard is looking like a mess right now. I got a warning letter from the homeowners association, about the weeds yesterday. So I asked the neighborhood group if they know of a landscaping service. Someone told me about a guy named Miguel. His cell phone number is +1-555-011-6655. I am going to send him a message to see if he can come and do a cleanup. I need him to mow the lawn and trim the hedges and use a weed whacker. I will also ask him if he takes away the yard waste or leaves it in bags. Hopefully he is available this weekend before I get fined. I really hate doing yard work. It is so exhausting. I am definitely willing to pay Miguel an extra if he does the job quickly. The backyard needs a lot of work. I just want it to look nice again. I do not want to deal with the hassle of yard work. Miguel is my bet right now.",38,Female,en_US,Store Manager,contact,,,,,,
382,HUNGNV5,rework done,PhucVQ,accepted,ok,ok,2026/03/09,10,Note,Tyler Jensen,"I need to keep Aaron Coles number easy to find.
Aaron Cole is the laptop repair dude.
His number is +1 646 931 4482.
Aaron Cole fixed my MacBook when the screen went black month.
It turned out that Aaron Cole found out it was a cable behind the display, which I did not know.
Aaron Coles shop is near Brooklyn Heights somewhere.
Aaron Cole worked on my MacBook the afternoon, which really saved me a lot of trouble.
Aaron Cole did not charge much for the repair either.
Aaron Cole also does battery replacements, for laptops.
I might ask Aaron Cole about upgrading my MacBook storage
I should note that I need to text Aaron Cole before calling him.
I will keep Aaron Coles information here so I do not lose it again.",31,Male,en_US,Freelance Photographer,contact,,,,,,
383,HUNGNV5,,,hold,Ai detector 27%,ok,2026/03/09,9,Note,Megan Brooks,"I am thinking about a dog sitter option if we travel again.
Emily Carter
is a person to take care of our dog.
You can call her at +1 773 604 9217.
I met Emily Carter through the neighbor down the block.
Emily Carter watched Luna for 3 days when we went to Chicago.
Emily Carter did morning and evening walks for Luna.
Emily Carter also sent photo updates which was really nice.
I paid Emily Carter $25 per day last time.
Emily Carter is a college student so her schedule might change.
It is best to text Emily Carter a week of time.
Emily Carter lives near the red brick house, on Maple street.
I also asked Emily Carter if she could water plants time.
Luna liked Emily Carter a lot actually.
My backup plan is to use the Rover app.
I prefer Emily Carter if she is free.
I need to remember to leave a key with Emily Carter.",35,Female,en_US,Interior Designer,contact,,,,,,
384,HUNGNV5,,,hold,Ai detector 23%,ok,2026/03/09,6,Note,Carlos Vega,"mechanic contact. Might be useful
Joe Ramirez
cell: +1 213 998 5044
theres a small garage near Sunset Blvd.
The battery was dead. He also checked the alternator.
He didn't even charge me for the check.
He seems like a guy, which is rare with car stuff.
He told me to come for an oil change next month.
He also said my brake pads might need replacing
the garage is open from Monday, to Saturday.
He prefers it if you call him of sending a text.
He said afternoons get really busy there.
I'm saving his number so I don't forget.
I might send Mark to him too.",33,Male,en_US,Delivery Driver,contact,,,,,,
385,HUNGNV5,rework done,PhucVQ,accepted,ok,ok,2026/03/09,3,Note,Danielle Harper,"therapist someone at work suggested
Dr Lisa Patel
phone: +1 617 443 8892
Jenna from the office gave me her number.
The office is near Cambridge Central Square
She specializes in stress and burnout stuff.
I am thinking about booking a consultation
She also does video sessions, which's easier, for me.
I need to call during weekday hours.
I should also check my insurance coverage first.
The receptionist probably handles scheduling.
I will write down the subway directions later.
Jenna said that appointments fill up of fast.
I will remind myself to call week if I do not forget.",38,Female,en_US,Marketing Manager,contact,,,,,,
386,HUNGNV5,rework done,PhucVQ,accepted,ok,ok,2026/03/09,7,Note,Patrick Doyle,"""Tom Harris – +1 919 774 6621
my handyman neighbor mentioned him.
He said Tom Harris repairs fences and small decks.
Lisa Park – +1 919 540 2213
she runs a home repair service near my house.
Mike Torres – +1 984 447 8090
I met Mike Torres at the hardware store by chance.

The main issue with the backyard fence is a wooden panel in the back.
I plan to call Tom Harris and Lisa Park and Mike Torres at this weekend.
First I will take photos of the backyard fence.
I hope this is not super expensive to fix.
I will keep the phone numbers of Tom Harris and Lisa Park and Mike Torres here so I do not lose them.
I should also check the rules of my Homeowners Association in case they have some rules, about backyard fences.""",51,Male,en_US,Real Estate Agent,contact,,,,,,
387,HUNGNV5,rework done,PhucVQ,accepted,ok,ok,2026/03/09,8,Note,Jasmine Reed,"""babysitter contacts, just in case the daycare closes again.
Tina Wallace
+1 404 318 6675
lives in our building on the floor.
She watched Noah once when the daycare shut down suddenly.
She brought coloring books and snacks.
She is usually free after 6pm.
Another option is Rachel Nguyen
+1 404 512 8841
I met her through a local parent Facebook group.
She is CPR certified, which is good.
Her price is around $18 per hour
It's good to keep both contacts saved because I do not want to scramble at the minute again.""",34,Female,en_US,HR Specialist,contact,,,,,,
388,HUNGNV5,rework done,PhucVQ,accepted,Ai detector 21%,ok,2026/03/09,0,Note,Brian O’Connor,"""guitar lessons are finally happening I'm excited.
Instructor is Leo Alvarez
You can call him at +1 305 774 1993
He teaches at a studio in Miami Beach.
It costs $40 half an hour
My friend Mark took lessons with him year.
He said Leo is very patient, with beginners.
The first class is usually just learning chords.
I need to check my work schedule
Parking at the studio is of limited.
My goal is to start lessons before summer ends.
I also need to get guitar strings.
I'm saving his number so I don't back out again.""",29,Male,en_US,Bartender,contact,,,,,,
389,HUNGNV5,,,hold,Ai detector 27%,ok,2026/03/09,9,Note,Natalie Brooks,"I found this wedding photographer named Chloe Bennett her number is +1 503 618 4412.
The price might be around $2500, which's a bit high.
Then there is Mark Feldman his number is +1 503 709 5514.
My cousin Rachel recommended Mark Feldman to me.
I need to check if Chloe Bennett or Mark Feldman are free on our wedding date.
We are planning to get married at the Portland Garden Hall.
I also want to ask Chloe Bennett and Mark Feldman about their engagement photo packages.
I should not wait long to contact Chloe Bennett and Mark Feldman because their dates might fill up fast.
I will show these wedding photographer options to Aaron tonight.",32,Female,en_US,Event Planner,contact,,,,,,
390,HUNGNV5,,,hold,Ai detector 35%,ok,2026/03/09,0,Note,Marcus Hill,"I met a trainer from the gym week. His name is Chris Dalton. You can reach him at +1 602 445 1183. I met him at IronCore Fitness.
He helped me fix my form because it was really bad. I mean it was bad. Chris Dalton offers beginner strength training plans.
His rates are sixty dollars, per hour. Chris Dalton usually works in the mornings.
If I want a trial session I just need to text Chris Dalton. My goal is to stay consistent before summer.
I also want to ask Chris Dalton about nutrition tips. I think Chris Dalton can help me with that.",40,Male,en_US,Warehouse Manager,contact,,,,,,
391,HUNGNV5,,,hold,Ai detector 25%,ok,2026/03/09,6,Note,Olivia Sanders,"I want to try out this hair stylist named Tasha Green.
She works at Midtown Glow Salon and her phone number is +1 212 664 3370.
My friend Lily really likes Tasha Green. She said Tasha Green does a great job with color treatments.
I saw some pictures of Tasha Greens work and the hair colors looked really natural.
I am thinking about making an appointment with Tasha Green before my cousins wedding.
I need to ask Tasha Green if she has any appointments on the weekends. She fills up fast.
The prices, at Midtown Glow Salon are a bit high. I think Tasha Green is probably worth it.
When I call Tasha Green I need to remember to mention that Lily sent me.
I should save Tasha Greens information so I do not have to keep asking Lily about it.
I will call Tasha Green tomorrow afternoon to make an appointment.",27,Female,en_US,Retail Associate,contact,,,,,,
392,HAINV2,,Nganp1,hold,"Ai detector 50%
sđt phải là dãy số và bắt đầu bằng +1",ok,2026/03/09,0,Note,Lisa Jackson,"Mark is a plumber my neighbor suggested.Give us a call at 415 nine zero three two two eight four.Last winter, water started leaking from under the kitchen sink, so I left this nearby.One night, the faint drip slowly spread all over the floor.That same week, a cold draft slipped in through the window above the countertop.Since the wrench was already out for another fix, it made sense to use it here as well.Even after the pipes were fixed, this still proved useful.He showed up later that day.Things suddenly started moving quickly.It didn’t take long at all.A man who kept things simple and never piled on unnecessary stuff.Light spreads over the glass just as the faucet begins to drip.Maybe giving it another shot isn’t such a weird idea after all.The dripping shows up without asking first.He was the only one who knew how to calm that steady tapping on the porcelain.The cold from last winter is sneaking back again.Give them a call – things might change quickly.It's funny because they also handle small home repairs.Early June could be a good time to swap out the bathroom fixture, and it’s also a chance to check on any water pressure updates.I think they live somewhere in Oakland.Most afternoons are open without any extra cost.Wait to call until you’ve sent a message first.",34,Female,en_US,Web Developer,contact,,,,,,
393,HAINV2,,Nganp1,hold,zero 36%,ok,2026/03/09,0,Note,Christopher Lewis,"Reminder to get in touch with the travel taxi guy.
Mike Patterson
+1 646 778 3319
I met him one night while I was working a shift and needed a ride home from the hospital.
Really dependable driver, showed up in under 10 minutes.
Drives a Toyota Camry that’s dark blue.
He told me I could call anytime if Uber surge prices get out of hand.
He usually works in Manhattan and Brooklyn.
Hold onto his number for those late hospital shifts.
Especially on Fridays when trains get held up.
Maybe I should plan the airport ride with him next month.
He said that early morning pickups are okay.
Note: prefers phone calls over text messages.
He's a friendly guy and easy to talk to.
Reliable backup contact",32,Male,en_US,Nurse,contact,,,,,,
394,HAINV2,,Nganp1,accepted,ok,ok,2026/03/09,21,Note,Karen Hernandez,"Catering contact for office events
Elena Ruiz – homemade food service
Phone number: +1 213 555 9087
We ordered lunch trays from her once for the customer support team meeting
Everyone loved the chicken tacos and rice bowls
She runs a small family catering business
Usually needs at least 2 days notice
Price was reasonable compared to other vendors
She also does vegetarian trays
Could be useful for the holiday team gathering
Reminder: check if she delivers downtown LA
Write email or text first
She said texting is easiest
Save her menu link somewhere later
Maybe ask about breakfast burritos option
Good contact to keep for office events
Customer team liked her a lot
Don’t lose this number",40,Female,en_US,Customer Service Representative,contact,,,,,,
395,HAINV2,,Nganp1,hold,"Ai detector 49%
sđt phải là dãy số và bắt đầu bằng +1",ok,2026/03/09,11,Note,Carol Rodriguez,"School contact list
Teacher coverage is being handled by Mr. Daniel Brooks
Call using the number one three one two six six one four four five five.
Last term was so hectic that I really wished I had his contact info. In the chaos, reaching out just felt urgent. A quick call might have cleared up a lot back then.
One person manages the list of extra teachers who are ready to cover classes at different schools. That job is his.
If you want to catch him, early morning is your best bet—try to get there before eight thirty.
Often, his schedule ends up packed with meetings instead.
One time, a replacement teacher arrived after just two hours because he made it happen.
I’m just the type who feels good in neat and organized spaces. Order creates a calm that you just don’t get with mess.
Keep this handy in case it comes up again later.
People often look for others who can help them with their studies when classes are over.
Maybe he knows someone who helps kids with math. If you need extra help after class, you can start there.
Finding it won’t be difficult – it’s inside the district building, right in the heart of downtown. Just a little beyond the main square, hidden between shops and sidewalks.
Usually, reaching him by phone is quicker, even though you can also email him.",20,Male,en_US,Teacher,contact,,,,,,
396,HAINV2,,Nganp1,hold ,"
sđt phải là dãy số và bắt đầu bằng +1",ok,2026/03/09,22,Note,Thomas Brown,"Dentist office contact
Dr. Kelly Harper
The number is one followed by five zero three two two two one one nine four.
Last summer took me there - cleaning first, then a quick exam afterward.
Outside, a breeze stirred the trees while inside, time moved slow. People who worked there gave each moment full attention.
Maybe five months from now, it’d make sense to set up a cleaning again. Another session might fit well then.
Most times they’ll give a heads-up, yet calling on my own might work better.
Few steps lead to Pine Street from the workspace. Nearby paths connect straight there. Reaching it takes almost no time at all.
Out back, behind the structure, you will find space to leave your vehicle.
Try phoning during the week, but earlier in the day
Check if your coverage works here",24,Female,en_US,Teacher,contact,,,,,,
397,HAINV2,,Nganp1,hold,Ai detector 31%,ok,2026/03/09,13,Note,David Johnson,"A useful contact you might not expect
Jason Miller – the computer repair guy
Number: +1 720 449 0031
I met him at a coworking space when my laptop just froze up.
He sorted out the SSD problem in about 30 minutes.
Does small tech repairs as a freelancer.
They told me I could call if I ever build a new PC.
It’s also useful for setting up home wifi.
Lives close to Denver Tech Center
Usually gets back quicker by text.
Make sure to save this before I forget about it.
Help that could be useful for future upgrades",25,Female,en_US,Teacher,contact,,,,,,
398,HAINV2,,Nganp1,hold,Ai detector 29%,ok,2026/03/09,19.7,Note,Donna Sanchez,"Electric supply contact notes
Store manager Greg Walters
Phone +1 602 881 7743
I gave him a call when I needed some extra wiring parts for a job site.
He kept the items safe until I got there.
There was a really helpful guy at the Phoenix branch.
The store opens at 7:00 AM on weekdays.
This is a good spot to call when other places are out of materials.
He mentioned that contractors can book equipment over the phone.
Sometimes offers small discounts to customers who come back again.
Remember to mention the last order when you call back.
Also sells breaker panels
This might come in handy for the next project.
I would rather call than email.
Make sure to check the stock before you head out.",24,Male,en_US,Electrician,contact,,,,,,
399,HAINV2,,Nganp1,hold,Ai detector 32%,ok,2026/03/09,5.5,Note,Amanda Williams,"Personal contacts related to pharmacy
Dr. Andrew Cole
Direct line: +1 617 944 8201
I met him at a regional pharmacist conference in Boston.
He’s currently working in clinical drug research.
They know a lot about new medication trials.
They told me I could call if I had any questions about the study data.
It might come in handy for career advice as well.
He brought up a research fellowship program.
Maybe check in about the application deadlines a bit later.
The best time to get hold of him is early evening.
By that time, it's usually done with lab work.
He sometimes shares interesting articles too.
Don't forget to check in about the biotech seminar later.
A really laid-back personality
I'm really glad I kept this contact saved.
Honestly, this could be a potential mentor.
Note: prefers quick calls over long chats
Please avoid calling during weekday mornings.
Please update your contact information if your number changes.
Good professional connection",20,Female,en_US,Pharmacist,contact,,,,,,
400,HAINV2,,Nganp1,hold,sđt phải là dãy số và bắt đầu bằng +1,ok,2026/03/09,15,Note,Susan Jones,"Auto mechanic contact reminder

Ryan Lopez

Save complete. That number - 501 area code, followed by three threes then four digits - now sits stored. Got it written down right there.

Last year, he took care of my car's brakes.

The shop is near Central Avenue.

What you pay here feels right when lined up against nearby repair shops.

If that warning light shows up again, they said to get in touch. The engine thing - just ring them if it reappears. Should it flicker on once more, a phone call is what they want. When the dashboard signal returns, reach out, that was their note. Back on? Then call, those were the words. Light flares again? That’s when speaking to them matters.

A few workers there swap out old motor oil while others turn tires front to back.

Often Closed Sundays

Better phone ahead when making your way there.

Most times welcoming, though frequently occupied throughout the week.

Hang on to this number if things go sideways.

A reliable neighborhood mechanic who knows their stuff",49,Male,en_US,Customer Service Representative,contact,,,,,,
401,HAINV2,,Nganp1,accepted,ok,ok,2026/03/09,22,Note,ALex Carter ,"Lawn care service contact
GreenYard Services
Tyler Reed handles communication. Contact goes through him first.
Phone: +1 214 701 3390
One day I brought them on board for cutting back branches plus lawn care out back. They showed up just once but handled both jobs without issue. Branches came down neatly while the grass got a clean cut too. No extra visits were needed after that single appointment. Their work stayed tidy from start to finish that visit.
Faster finish than expected caught them off guard.
Fees shift depending on how big the yard is.
Maybe we’ll cut the grass once a month when it’s warm outside. Summer brings long days, so timing matters less by midseason.
Texting? That’s what Tyler said works best for booking. Easy, quick - no fuss about it.
Fans of city life might find it too far out. Suburbs near Dallas make up most places served.
Hold on to this number when you start clearing things out next season.
What’s included in the leaf cleanup service?
Little lights were tucked into the garden spots. A few glowed near the path edges.
Perhaps consider bringing up hedge trimming next go around too.
Last time around, things went smoother than expected. The whole thing felt more satisfying than most had said it would. Not perfect, sure - but still solid from start to finish.",37,Male,en_US,Graphic Designer,contact,,,,,,
402,HAINV2,,Nganp1,hold,"trùng format
sđt phải bắt đầu bằng +1",ok,2026/03/09,22,Note,Paul Gonzalez,"Garage equipment contact note
Rick Dalton
Call on 408 667 9203
That winter, inside a cluttered garage stacked with busted motors, we first spoke.
Most folks adjust things bit by bit while fixing hydraulics, particularly around tight industrial units. Pressure makes certain machines whine, catching his eye every time - tiny pieces often ignored stay sharp in his mind. Quiet details stick when everything else shakes.
If the workshop press machine acts up again, they said I should get in touch.
A short walk from the factory clamor close to San Jose. Evening skies sometimes carry smoke drifting past rooflines. Down below, delivery trucks roll through after dark. Facing eastward, the windows meet rows of rail tracks and dock bays. Each dawn arrives with diesel fumes resting just above the ground.
Mornings tend to stay quiet, yet I can always talk by phone if needed. Reaching me later works just fine too. Even when schedules shift, being available doesn’t change much. Conversations happen around whatever else is happening. Early mornings aren’t the whole story - timing often leans that way, yes. Evenings come up too, maybe. Afternoon slots? Those fit. Adaptability runs deep. Sunrise might lead the pack, yet that does not push out what follows.
It's his calm way that stands out when things get messy. Trouble shows up knotted tight, yet he untangles it like fixing a loose thread. Most folks stay grounded around him, simply because he stays steady. A hard moment lands, still he moves through it quiet, no fuss at all.
A small amount of attention now might save trouble later. A well-maintained compressor runs smoother over time. It tends to avoid sudden issues when treated right. Little checks go a long way in daily upkeep. Skipping steps often leads to bigger problems down the road. Regular habits make a difference without much effort.
Besides everything else, bring up those extra seals while speaking with him.
Store his number where you can grab it fast if trouble pops up out of nowhere.
Footsteps sometimes ring out when he walks through towns for work. Moving on, places shift fast - tied to jobs needing someone onsite. Far from familiar roads, he shows up where needed. Wherever the task leads, that is where he goes.
Ring me before sharing any photos.
Someone you look up to when machines act up and need fixing. When gears jam or engines stall, that’s who gets the call. Not always loud - just steady, hands-on, ready. Problems find their match in someone calm with tools and thought. Mechanics trust them. Others learn by watching.",51,Male,en_US,Mechanical Engineer,contact,,,,,,
403,HAINV2,,Nganp1,hold,Ai detector 37%,ok,2026/03/09,18.8,Note,Thomas Rodriguez,"Contact saved for tutoring support
Linda Barrett
Phone number +1 305 551 8820
I met her at a teacher training seminar in Miami.
She helps middle school students with tutoring after school.
Really good at keeping things organized and patient when working with kids.
Could you recommend some of my students who need math help?
She mentioned that calling in the evenings works best.
I’m usually free after 5 PM.
Also offers small summer classes
Remember to check the schedule later this year.
Hold onto this contact in case parents ask about tutors.",59,Female,en_US,Teacher,contact,,,,,,
404,HAINV2,,Nganp1,hold,Ai detector 38%,ok,2026/03/09,12,Note,Melissa Smith,"Contact for tech support at the coworking space
Name saved: Eric Kim
Mobile: +1 206 774 1184
He once helped fix a strange server problem when our deployment didn’t go through.
It turned out there was an issue with the container's memory.
Really calm when it comes to solving problems
I work freelance, helping out with backend consulting.
We can reach out if we need help scaling infrastructure.
He said he has worked with Kubernetes clusters before.
The easiest way to get in touch is to send a text first.
Usually replies on the same day.
Lives near downtown Seattle
Maybe we can work together on some side projects down the road.
Just a quick reminder to keep his GitHub profile bookmarked.",37,Male,en_US,Web Developer,contact,,,,,,
405,HAINV2,,Nganp1,hold,"
sđt phải bắt đầu bằng +1",ok,2026/03/09,25,Note,Charles Clark,"Print shop contact for design projects
Company: BrightInk Printing
Main Contact Maria Lopez
Call on +1 323 780 9922 using a phone. That number connects through voice devices made for talking across distances
One time I went there to print a poster
Colors came out really accurate
Starting off, Maria stepped in when the print job needed fixing. Paper texture wasn’t right at first. She changed it up until things looked smoother. A different choice made the output feel more polished. Her move improved how everything came out in the end
Business cards fall into their responsibilities as well
east la neighborhood unknown
Most days you can walk right in, just not weekends
Send big design files only after you phone first
Maybe pull those out later when putting together something for a customer. One option down the road, anyway
Grab their info if you need something printed fast",41,Male,en_US,Graphic Designer,contact,,,,,,
406,HAINV2,,Nganp1,hold,sđt phải bắt đầu bằng +1,ok,2026/03/09,14,Note,Charles Rodriguez,"Contact with a dental lab technician
Harper, David
Direct number: (718) 665-4109
Worked together before when making crowns.
Extremely accurate when using ceramic materials
His lab sits in Queens, tucked away from the busiest corners of the city.
Few people expect it, but most wait about seventy-two hours.
useful when intricate cosmetic procedures are required
Finding a chat by voice more appealing, he picks up the handset instead of typing out messages.
New zirconia stuff comes up again later. Mention it when you speak next.
handles sudden fixes too.
dependable collaborator for laboratory work
Stay in touch when the clinic needs something.
Check if new gear was picked up by him lately.",56,Female,en_US,Dentist,contact,,,,,,
407,HAINV2,,Nganp1,accepted,ok,ok,2026/03/09,0,Note,Andrew Clark,"Construction supplier contact
Mark Feldman
Phone number: +1 412 555 7233
Finding what's needed in large amounts happens under his watch at the yard where supplies stack high
Met him during a highway expansion project meeting
Very knowledgeable about concrete grades
Once he pointed out where the extra steel rods were hidden
Wait until you speak to him if your order's big
Morning folks tend to catch me easiest before the day gets busy
warehouse just beyond pittsburgh
Delivery times can be set up too
Fine link when time runs short on supplies. Right path if deadlines press hard. Solid route should things move fast. Works well once urgency strikes. Handy option whenever speed matters
Store it under his name at the office directory
Remember to mention project code when calling",55,Female,en_US,Civil Engineer,contact,,,,,,
408,HAINV2,,Nganp1,hold,sđt phải là dãy số và bắt đầu bằng +1,ok,2026/03/09,19,Note,Joshua Robinson,"Field survey contact
Name: Kevin Brooks
Give a call at one nine one nine four eight zero six zero two two
Out of nowhere, he appeared while I stood by the river taking notes. Not long after beginning site checks, there he was. Plans for the bridge made our paths cross without warning. Mapping out the land is what got us face to face at last. Right when we laid down markers, he walked into view
Experienced with drone mapping equipment
Just then, as time hit, out came the height figures - no waiting. Numbers appeared the second it mattered. When the instant arrived, up went the measurements, fast. The second passed, and there they were - the elevations, delivered. It happened right on time: data released without pause
Mainly Active in North Carolina
Funny how things like that can turn useful later - especially once the job of drawing maps shows up
Hold off on calling. Send a note instead - sometimes that gets a faster reply. Silence before speaking can help
Every day it sits outside, soaking in daylight whenever the sky stays clear
Late that night, a reply finally comes through
Very practical and efficient
Last thing - remember to bring up the new drone software when you talk to him
He mentioned new mapping accuracy improvements
Keep this digit close if you ever want to check the spot again",56,Female,en_US,Civil Engineer,contact,,,,,,
409,HAINV2,,Nganp1,hold,sđt phải là dãy số và bắt đầu bằng +1,ok,2026/03/09,0,Note,Carol Moore,"Electrical inspection contact
Inspector: Brian Keller
Start dialing one seven zero two eight one four six six seven one. That number connects straight through when you pick up the phone. Reaching out begins by pressing each digit in order. Try it anytime the need comes up. The line opens once those numbers are entered fully
A flicker dodged when the electrician came by that May. With wires looked over, risks faded. Problems halted on arrival
He reviewed the panel installation at the office building project
Though packed with specifics, it keeps things balanced when reviewing code
Helpful explaining what needed correction
Works with the city permit department
When doubts pop about fresh wiring standards, get in touch through his channel. Questions surface now and then - his inbox handles those. The moment confusion hits on current codes, slide into his messages. New regulations drop regularly; he clears the fog fast. Hit a snag with modern circuit laws? His contact sorts it quick
Last he's around? Try after lunch, closer to evening. Might catch him then
Most times when people return from checking locations
When the date shifts, people notice fresh rules appearing. These start right past twelve on January first. Everyone must follow - no exceptions once they’re in place
Reminder to ask about updated grounding requirements
Besides handling permits, it also sorts out misunderstandings along the way
Might trim time afterward if inspections loop once more
Always include a phone number when listing contractor details
Professional and straightforward
Finding errors early makes everything smoother. After that, pick a day to look closer
Useful contact for compliance questions
One day down the line, keep a saved version of that message - just to be safe. Stick with it past the point where you believe everything’s settled
Good person to ask about tricky installations",51,Female,en_US,Electrician,contact,,,,,,
410,HungLD,rework done,PhucVQ,accepted,ok,ok,2026/03/09,8,Note,Emily Carter,"+1 720 555 6241


That number belongs to Ryan Keller — the handyman my sister recommended.


I wrote it down after he fixed the loose cabinet doors in her kitchen.
Apparently he does a lot of small house repairs around Denver.
Things like drywall patches, shelves, faucets, random stuff homeowners ignore.


I haven’t used him yet but probably will soon.
The guest room door keeps sticking and it’s annoying.


She said Ryan prefers texts instead of calls.
Usually replies later the same day.


Charges hourly but reasonable according to her.
Works mostly solo so scheduling ahead helps.


If I message him include a quick description and maybe a photo.
Could also ask him about installing the wall shelves in the office.


Note to self: don’t wait until something breaks badly again.
Save his contact in the phone later tonight too.
Leaving the number here as backup.
Ryan Keller – handyman.
Denver area.",28,Female,en_US,Graphic Designer,contact,,,,,,
411,HungLD,rework done,PhucVQ,accepted,ok,ok,2026/03/09,12,Note,Thomas Greene,"Coffee supplier contact for the café

Name: Luis Ortega
Roastery rep I spoke with last week
Number: +1 503 555 7428

• works with Cascade Bean Roasters
• met him at the small food expo downtown
• gave samples of their medium roast
• flavor actually pretty solid
• said wholesale pricing available for small shops
• could deliver weekly if we order enough
• asked me to call or text if interested
• might schedule a tasting with the staff soon
• keep his number for future orders",50,Male,en_US,Café Owner,contact,,,,,,
412,HungLD,rework done,PhucVQ,accepted,ok,ok,2026/03/09,11,Note,Tyler Jennings,"Need to keep this contact — electrician who helped during the breaker issue last winter.
Phone: +1 503 555 1174
Name is Darren Cole.
Met him through my coworker Sam when the kitchen outlets stopped working.
He came over the same evening and fixed the panel pretty fast.
Said I can call him anytime if wiring acts weird again.
Apparently he mostly works around Portland homes built before the 90s.
Planning to ask him about adding an outdoor outlet on the patio.
He prefers calls instead of text messages.
Best time is mornings before his job sites start.
He also mentioned he installs EV charging outlets now.
Pretty friendly guy, talked about fishing half the time.
If I call, remind him I'm the one with the old yellow house.
Don’t lose this number because good electricians are hard to find.",38,Male,en_US,Insurance Adjuster,contact,,,,,,
413,HungLD,rework done,PhucVQ,accepted,ok,ok,2026/03/09,5,Note,Rachel Kim,"Contact saved from the pottery studio class

Emily Carter – +1 415 555 7263

• She runs the weekend ceramics workshop I joined in San Francisco
• I texted her once about clay supply options
• She said students can message her if they miss a session
• Planning to ask if there’s space in the Thursday night class too
• The studio sometimes sells leftover clay cheap
• Emily also fires pieces in the kiln if you schedule ahead
• Good person to ask about glazing tips
• Usually replies to texts later in the evening
• Around 7–9pm she said is best
• Remember to send picture of the bowl I made
• Might ask her about the summer pottery retreat
• She mentioned it briefly after class
• Also keep her contact for buying more pottery tools",27,Female,en_US,Interior Designer,contact,,,,,,
414,HungLD,rework done,PhucVQ,accepted,ok,ok,2026/03/09,11,Note,Carlos Mendoza,"""Wrote this down after talking to the mechanic near the highway exit.

The guy’s name is Victor Alvarez and his shop mostly handles older Hondas.
His number is +1 713 555 2049 which he told me to call directly if the engine light comes back.
Met him when my Civic started rattling during the commute.
He checked it quickly and said it was probably the ignition coil.
Didn’t even charge for the quick check which was nice.
He suggested replacing spark plugs next month.
Apparently mornings are the best time to reach him because he is busy in the afternoons
He also mentioned he works Saturdays until around 2pm.
I might schedule a maintenance visit before my road trip to Austin.
He asked me to mention the silver 2016 Civic so he remembers the car.
Also said texting photos of dashboard warnings helps sometimes.
Good to keep this contact saved just in case the car acts up again.
Seems like an honest mechanic which is rare.
Note to self: shop is somewhere near Westpark area.
Call ahead before just showing up.
Could also ask about brake pads while I'm there.
Keep his number backed up.
Don’t accidentally delete this.""",44,Male,en_US,Logistics Coordinator,contact,,,,,,
415,HungLD,,NhiNX,accepted,ok,ok,2026/03/09,11,Note,Natalie Foster,"Quick reminder about a freelance contact I might need again.

Name: Lucas Bennett
Number: +1 212 555 7310

• Met him at a digital marketing meetup in NYC
• He specializes in SEO audits for small businesses
• Helped review my website last year
• Gave a lot of helpful tips about keyword structure
• Said I could reach out if traffic drops again
• Mostly works remotely now
• Prefers email but calls are okay too
• If calling, afternoons are easier for him
• Mention the bakery website project so he remembers
• Might ask him about analytics setup next time
• He also recommended a few marketing podcasts
• Seems pretty knowledgeable about Google updates
• Keeping his number saved for future projects
• Could be useful if I launch another site",31,Female,en_US,Bakery Owner,contact,,,,,,
416,HungLD,,NhiNX,accepted,ok,ok,2026/03/09,17,Note,Megan Harper,"Contact I should not lose — local dog sitter I met at the park.				
Her name is Sophie Delgado and she gave me her number after watching how my beagle behaves with other dogs.					
Number: +1 617 555 2489.					
She lives a few streets away apparently.					
Said she does dog sitting and short dog walks for people in the neighborhood.					
I talked to her last Saturday morning while Charlie (my dog) was running around the field.					
She mentioned she’s usually available weekday afternoons.					
Could really use her help when I travel for work next month.					
She prefers texting instead of calling because she’s often outside walking dogs.					
Need to ask her about overnight sitting rates.					
Also remember she asked for vaccination info for any dog she watches.					
She seemed very patient with nervous dogs.					
Charlie liked her immediately which is a good sign.					
Plan: message her sometime this week and check availability for May.",33,Female,en_US,Event Planner,contact,,,,,,
417,HungLD,,NhiNX,accepted,ok,ok,2026/03/09,10,Note,Derek Lawson,"+1 404 555 7021                                
Saved under: Tony Briggs – HVAC repair                                        
Met him during the apartment AC breakdown last summer.                                        
He was the technician the landlord sent over.                                        
Super straightforward guy and explained the whole cooling system to me.                                        
Told me if the unit starts rattling again I can contact him directly.                                        
Apparently he works freelance on weekends too.                                        
Best time to call him: early morning around 8.                                        
He warned me late afternoons are chaotic for service calls.                                        
Also installs smart thermostats which I might upgrade to.                                        
Need to ask about pricing for that.                                        
Tony said texting photos of the unit helps him diagnose issues quicker.                                        
Keep this contact because the building maintenance team is slow sometimes.                                        
Really useful backup if the AC fails again.                                        
Reminder: mention apartment 3B so he remembers the job.                                        
Don’t accidentally delete this number.",40,Male,en_US,Sales Representative,contact,,,,,,
418,HungLD,,NhiNX,accepted,ok,ok,2026/03/09,10,Note,Olivia Bennett,"Coffee shop networking contact                                

Met someone interesting during the freelance meetup downtown.
His name: Marcus Lee.
We talked about web development and small business sites for almost an hour.

Phone he shared: +1 646 555 9930

Notes to remember:
• he builds Shopify stores mostly
• said he’s open to collaboration projects
• suggested I call if I ever need backend help
• apparently he moved to Brooklyn last year
• works late nights coding so afternoons are better for calls
• also recommended a couple hosting platforms

I might reach out when my next client asks for ecommerce features.
Marcus seemed friendly and genuinely helpful.
Important to remind him I’m the designer from the meetup.
Save this contact for future freelance work.
Could become a regular collaborator.
Don’t forget to follow up sometime next month.
Maybe grab coffee again if schedules line up.",28,Female,en_US,Freelance Graphic Designer,contact,,,,,,
419,HungLD,,NhiNX,accepted,ok,ok,2026/03/09,9.8,Note,Kevin Morales,"Garage door repair contact

Name: Richard Nolan
Phone: +1 602 555 3187

Context:
He fixed the broken spring on my garage door earlier this year.
Found him through a local neighborhood Facebook group.
Showed up same day which was impressive.
Charged less than the other quote I got.

Things to remember:
He said the door motor might need replacing in a year or two.
Told me to call him directly when that happens.
Usually answers calls during normal work hours.
Weekends are possible but need advance notice.

Might also ask him about installing a quieter opener.
Keep this number saved because emergency repairs happen randomly.",36,Male,en_US,Auto Parts Manager,contact,,,,,,
420,HungLD,,NhiNX,accepted,ok,ok,2026/03/09,18.9,Note,Allison Reed,"Random but useful contact from a hiking trip

While hiking near Boulder last fall I chatted with a guide named Daniel Park.
He works with a small outdoor guiding group and knows a lot about the trails around Colorado.

His contact: +1 720 555 5644

I wrote this down because he mentioned they organize small group hikes during spring and summer.
Could be fun to join one instead of hiking alone.
Daniel said texting works best because he’s often out on trails.
He recommended a sunrise hike at Chautauqua Park.
Also told me about a beginner rock scrambling route.
Sounded pretty knowledgeable about safety and weather patterns.
If I contact him I should mention the conversation at the overlook viewpoint.
He might remember the yellow backpack I had.
Planning maybe a hiking weekend in June.
Would be nice to ask if he’s guiding any trips then.
Keep this number because local guides are hard to find.
Could also ask him about trail recommendations for fall colors.
Don’t lose this note.",35,female,en_US,Physical Therapist,contact,,,,,,
421,HungLD,,NhiNX,accepted,ok,ok,2026/03/09,11.9,Note,Aaron Whitfield,"Wrote this down after the community center meeting.				
Contact in case I need help with bike repairs again.					

Samir Patel
mobile: +1 408 555 6391

He volunteers at the neighborhood bike workshop on Saturdays.
Helped adjust my brakes and straighten the back wheel last month.
Really knows his way around older road bikes.
Mentioned I could text him if something breaks during the week.
Apparently he works a normal office job so evenings are easier for him.
Also said he sometimes sells refurbished bikes.
Thinking about asking him if he has a decent commuter bike for sale.
Nice guy, very patient explaining how gear indexing works.
Need to remember to send him a picture if the chain starts skipping again.
The workshop is near the public library parking lot.
Good contact to keep since bike shops charge a lot.",42,Male,en_US,City Bus Driver,contact,,,,,,
422,HungLD,,NhiNX,accepted,ok,ok,2026/03/09,6,Note,Jenna Caldwell,"Emergency handyman contact

Phone first so I see it quickly:
+1 215 555 4720

Name connected to that number is Rick Donovan.
Met him when my upstairs neighbor recommended someone to fix the leaking sink pipe.
Rick came over on a Sunday afternoon which honestly saved the day.
He carries a whole van of tools apparently.
Said small plumbing or repair jobs are fine to call him for.
Usually answers calls between 9am and 5pm.
If no answer he suggested leaving a voicemail.
He also installs kitchen faucets and garbage disposals.
I might need that soon because mine is getting noisy.
Remember he prefers calls instead of text messages.
Really practical person, no upselling or weird stuff.
Keep this number saved under “Rick handyman”.
Might also recommend him to my sister if she needs repairs.
Don’t lose this contact.",37,Female,en_US,Elementary School Teacher,contact,,,,,,
423,HungLD,,NhiNX,accepted,ok,ok,2026/03/09,20,Note,Leo Ramirez,"Grocery store conversation contact

While waiting in line I ended up talking with a local baker named Tasha Green.
She runs a small home bakery and said she does custom cakes.
I grabbed her number because mom’s birthday party is coming up.

Tasha – +1 323 555 8185

Details I remember:
• specializes in chocolate and fruit layered cakes
• takes orders about a week ahead
• said texting flavor ideas works best
• lives somewhere in East LA
• mentioned she sometimes delivers locally

Need to message her about a strawberry cake for the family dinner.
Also ask if she can write messages on the cake.
She seemed friendly and passionate about baking.
Would rather support a local baker than a chain store.
Save this contact for future birthdays too.
Might even ask about holiday desserts later in the year.
Remember to text during daytime hours.
Keep this note so I don’t forget who she is.",31,Male,en_US,Ride Share Driver,contact,,,,,,
424,HungLD,,NhiNX,accepted,ok,ok,2026/03/09,10.9,Note,Brooke Sanders,"Dentist referral contact

Dr. Alan Morris
direct office line: +1 720 555 9072

Context:
My coworker Lisa recommended him after I complained about tooth sensitivity.
Apparently he runs a small dental clinic near downtown Denver.
Lisa said he’s very calm with nervous patients.

Notes to remember:
Call the office to schedule a consultation.
Front desk usually answers after 8:30 in the morning.
They accept most dental insurance plans.
Might ask about teeth whitening too.

Lisa told me appointments fill up fast.
So probably call early in the week.
Keep this saved because finding a good dentist is stressful.
Add clinic address later once I look it up.
Reminder: mention Lisa referred me.",26,Female,en_US,Yoga Instructor,contact,,,,,,
425,HungLD,,NhiNX,accepted,ok,ok,2026/03/09,12,Note,Nathan Cole,"Contact related to my photography hobby

I met a guy during a weekend photo walk downtown.
Name: Eric Dawson

We talked a lot about street photography and camera lenses.
Before leaving he said I could reach out if I wanted to join another photo walk.

His number: +1 206 555 3490

Extra details I jotted down:
He works in tech but does photography as a serious hobby.
Usually organizes small photo meetups around Seattle.
Suggested trying sunset shots near the waterfront.
He said texting works better than calling.
Apparently he’s out shooting photos most weekends.
Might contact him next time I want to practice night photography.
He also recommended a couple camera stores.
One of them sells used lenses apparently.
Eric seemed really enthusiastic about teaching beginners.
If I text him I should mention the Fuji camera I was carrying.
That might help him remember who I am.
Would be cool to join another photography walk soon.
Keep his number saved so I don’t forget.
Also maybe ask him about editing software tips later.",39,Male,en_US,Accountant,contact,,,,,,
426,HungLD,,NhiNX,accepted,ok,ok,2026/03/09,13,Note,Caleb John ,"Quick note so I don’t forget this contact later
Last week at the community garden I met Angela Rivera who organizes the volunteer schedule.
She said to text her if I want to claim a plot for the spring season.
Her phone number: +1 917-462-8851
Apparently the sign-up list fills up fast once April hits.
Angela usually manages the Saturday morning groups.
She also coordinates the compost deliveries.
Mentioned she prefers texts because she’s often outside working in the garden beds.
Lives nearby in Brooklyn according to our chat.
I promised I’d reach out this week about helping with the tomato section.
Also might ask her about those raised bed plans she talked about.
Really friendly and seemed happy to add new volunteers.
Note to self: bring gloves if I go help out.
Don’t lose this number since she’s basically the organizer for everything there.",33,Male,en_US,Landscape Technician,contact,,,,,,
427,HungLD,,NhiNX,accepted,ok,ok,2026/03/09,7,Note,Travis Scott,"Note so I remember this guy from the farmer’s market				
Phone: +1 619-742-8831					
Name – Jordan Pike					
Runs that small honey stand near the bread stall					
Met him Sat morning when I was buying local honey					
He said to text if I want a bigger jar or bulk order					
Apparently he does deliveries around San Diego once a week					
Also mentioned raw desert honey coming in next month					
Super chill dude, beard + baseball cap, easy to spot					
I told him I might grab some for mom since she loves the stuff					
He prefers text, not random calls					
Said mornings are busy bc of market prep					
Note: ask about that spicy chili honey he let me taste					
Kinda regret not buying two jars tbh					
Keep contact in case I want more later",37,Male,en_US,Delivery Driver,contact,,,,,,
428,HungLD,,NhiNX,accepted,ok,ok,2026/03/09,11,Note,Natalie,"Carla Mendez – neighbor from downstairs				
Cell: +1 408-553-7721					
Met her when the fire alarm went off last month lol					
She said if any packages get left outside my door she can grab them					
Works from home doing accounting stuff					
Usually around during weekdays					
Prefers quick texts instead of calls					
She also feeds my plants once when I was away (very nice)					
Owe her coffee or smth as a thank you					
Her dog “Luna” barks sometimes but is actually sweet					
If building manager is missing again maybe ask Carla first					
She’s lived here like 5 yrs so knows everyone					
Reminder: ask if she still does cat-sitting for ppl in building					
Good neighbor contact to keep saved",28,Female,en_US,Administrative Assistant,contact,,,,,,
429,HungLD,,NhiNX,accepted,ok,ok,2026/03/09,2,Note,Alicia,"Handy contact – plumber				
• Name: Pete Larson					
• Number: +1 612-770-3345					
• Came over when kitchen sink started leaking					
• This was back in Feb I think					
• Fixed the pipe pretty quick, maybe 30 mins					
• Told me the old seal was totally worn out					
• Said I can call anytime if another leak happens					
• Works mostly around Minneapolis area					
• Prefers phone calls during the day					
• But texting is fine if it’s evening					
• Mentioned he also installs new faucets					
• Might ask him about replacing bathroom one later					
• Note: keep this number somewhere safe bc good plumbers are hard to find lol					
• Overall nice guy, explained things clearly",35,Female,en_US,HR Specialist,contact,,,,,,
430,HungLD,,NhiNX,accepted,ok,ok,2026/03/09,1,Note,Marcus,"Random contact from gym — don’t lose this one				

Derek Walsh
+1 720-884-5509

Met him after a workout Tues night. We both were waiting for the squat rack forever so we started chatting. Turns out he’s a personal trainer part-time and knows a lot about lifting form. He noticed my deadlift form was a bit off and gave a couple tips that actually helped alot.

He said if I ever wanna join one of the small weekend training groups I should text him. Usually happens Sat mornings at the park near Sloan’s Lake. Not super expensive either from what he said.

Derek also mentioned he used to coach high school football which explains why he’s big on proper warmups. I told him I might msg him when I’m trying to get stronger before summer.

Better text first before calling since he trains clients during the day.

Seems like a good dude and prob useful contact if I get serious about fitness.

Reminder: ask him what that mobility drill was called bc I already forgot the name.",32,Male,en_US,Warehouse Technician,contact,,,,,,
431,HungLD,,NhiNX,accepted,ok,ok,2026/03/09,14.1,Note,Mason,"Just dumping this here before I forget again…
Met a locksmith last month when I locked myself out like an idiot. His name was Derek Holt.
Number he told me to save: +1 904 555 1186.
Pretty sure he works around Jacksonville mostly.
Showed up in maybe 25 min which felt like a miracle at the time.
Charged less than the first place I called (that one wanted like $180…).
Derek said if it happens again just text him first.
Apparently late nights are normal calls for him.
He also installs those keypad door locks.
Might actually do that soon so I stop losing keys.
Need to ask price for front door + garage entry.
Note: he spelled his name D-E-R-E-K not Derrick.
Friendly guy, big beard, drove a white van.
If texting remind him “house near Riverside coffee place.”
Also ask if he duplicates car fobs maybe.
Don't wanna go thru dealership if possible.
Save this so I dont panic search next time.
again → +1 904 555 1186
locksmith Derek Holt",22,Male,en_US,Secondary School Teacher,contact,,,,,,
432,HungLD,,NhiNX,accepted,ok,ok,2026/03/09,17,Note,Ethan M.,"Garage door repair guy I shouldn’t lose the number for				
came out when the door jammed halfway last fall					

Name: Tyler Benson
cell: +1 720 555 4832

works around Denver suburbs mostly
neighbor Greg recomended him actually

he showed up same day which was kinda rare
fixed the spring in like 40 mins

things to remember if I call again
ask about replacing the old motor too
the opener sounds super loud lately

Tyler said texting first is easier for him
prob busy during daytime installs

might call him again before winter hits
garage door acting weird again sometimes",36,Male,en_US,Delivery Driver,contact,,,,,,
433,HungLD,,NhiNX,accepted,ok,ok,2026/03/09,8,Note,Rachel D.,"quick note about a dog sitter I found through a coworker

Maya Chen
+1 206 555 7791

Seattle area pet sitter
my coworker Lila used her when she went to San Diego

apparently Maya stays overnight if needed
which is good for Charlie (he hates being alone too long)

remember to text her a week before trips
she said weekends fill up rly fast

things to ask next time:
• daily walk included?
• cost per night
• if she sends photo updates

met her once briefly, seemed super nice
Charlie liked her right away so thats promising

keep this saved for future travel plans",28,Female,en_US,Marketing Assistant,contact,,,,,,
434,HungLD,,NhiNX,accepted,ok,ok,2026/03/09,8,Note,Jason L.,"ok this contact is for car stuff

mechanic – name’s Rob Delgado
shop somewhere near Tempe

phone number: +1 480 555 6310

story so I remember:
my old Corolla started making that weird grinding noise
friend Matt told me to call Rob

guy was straight foward, didn’t try to upsell random things

repairs he did last time

brake pads replacement

quick tire check

topped off fluids

note to self
call him again before next road trip
prob should check the belts soon

Rob said mornings are best time to reach him
after lunch he’s usualy under cars all day",43,Male,en_US,High School Teacher,contact,,,,,,
435,HungLD,,NhiNX,accepted,ok,ok,2026/03/09,15,Note,Olivia S,"florist contact from downtown shop

Name – Carla Ruiz
phone: +1 305 555 2490

Miami small flower studio
I walked in before Emma’s birthday dinner

she helped me put together a bouquet in like 10 mins
looked way better than grocery store flowers tbh

Carla mentioned she also does small event arrangments
baby showers / birthdays etc

remember this if planning mom’s party later this year

things I should ask next time
price for table centerpieces
delivery option maybe

also she said texting works faster than calling

nice lady, very patient even when I had no idea what flowers to pick",33,Female,en_US,Real Estate Agent,contact,,,,,,
436,HungLD,,NhiNX,accepted,ok,ok,2026/03/09,7,Note,Brandon K.,"Need to keep this contact saved – travel agent that helped w/ our last minute trip

Laura Simmons

number: +1 617 555 9052

based somewhere in Boston but she books stuff all over

how I got this contact
my sister gave me her info when we were panicing about flights

Laura managed to find a cheaper ticket combo
and even suggested a better hotel location

stuff she said she can help with
international flights
hotel packages
group travel plans
cruise bookings too I think

if planning Europe next year I should reach out early

note to self
email works but phone is faster
she’s usualy available afternoons

very organized person, sends all itineraries in one doc

def keeping this contact for future trips",40,Male,en_US,Construction Manager,contact,,,,,,
437,HungLD,,NhiNX,accepted,ok,ok,2026/03/09,11,Note,Daniel Harper,"Mark – HVAC repair guy from the condo association
Saved his number after the heater quit last winter
Phone: +1 617 555 4289
Lives somewhere in the next neighborhood over
Usually answers faster in the mornings
Said to text first before calling
Pretty reliable, showed up same day last time
Need to ask him about checking the AC before summer
Also mentioned he installs smart thermostats
Might ask about pricing for that
Referred by neighbor Lisa in unit 3C
Charges fair rates according to everyone here
Remember: ask if he still does weekend calls
If not maybe schedule weekday afternoon",34,Male,en_US,Graphic Designer,contact,,,,,,
438,HungLD,,NhiNX,accepted,Ai detector 21%,ok,2026/03/09,20,Note,Alicia Benton,"quick note so I don’t lose this contact again
Dr. Patel’s dental office called back today after I asked about cleaning appointments
their front desk person was super patient explaining insurance stuff
Number they told me to keep: +1 415 555 9033
Office located somewhere on Market St downtown
Need to call them next Monday morning
They suggested earlier appointments fill up fast
I think she said ask specifically for Maria when booking
Apparently Maria handles new patient scheduling
Last cleaning I had was almost 2 years ago so yeah… overdue
Also ask about whitening options while I'm there
Parking nearby might be tricky
Maybe take BART instead of driving
Put reminder in calendar later
Don’t forget to bring insurance card
They open around 8am I think
Try calling before work if possible",29,female,en_US,Marketing Coordinator,contact,,,,,,
439,HungLD,,NhiNX,accepted,Ai detector 22%,ok,2026/03/09,17,Note,Trevor Collins,"Contacts I might need for the apartment move

Jake – local moving helper recommended by coworker Sam
cell: +1 303 555 7714
says texting works better than calling
did Sam’s move in Denver last year apparently

Lena – cleaning service lady who does move-out deep cleaning
phone number +1 720 555 6619
met her briefly when she cleaned neighbor’s place

Note to self about Jake
ask his hourly rate for 3-4 hours
might need him Saturday morning if schedule works

Note about Lena
check if she brings her own supplies
and whether she can do Friday evening before keys handover

Both seem pretty flexible but need at least few days notice
don’t procrastinate calling them this time",41,Male,en_US,Civil Engineer,contact,,,,,,
440,HungLD,,NhiNX,accepted,ok,ok,2026/03/09,1,Note,Natalie Brooks,"• Megan Carter
• number: +1 212 555 8841
• wedding photographer Emily recommended
• apparently shoots a lot of small Brooklyn ceremonies
• emailed her once but easier to just call
• check if she’s free for October date
• ceremony will probably be at the botanical garden
• Megan said she can also do engagement photos
• ask about full-day package vs half day
• pricing might be around what Emily paid but confirm
• save a few example shots she posted on Instagram
• remember to ask about delivery timeline for photos
• might also need second photographer depending on guest count
• call sometime after 5pm since she said mornings are editing time
• don’t forget to mention Emily referred me",31,Female,en_US,Event Planner,contact,,,,,,
441,HungLD,,NhiNX,accepted,ok,ok,2026/03/09,14,Note,Marcus Hill,"People I might need for the motorcycle rebuild project

Raymond Ortiz – mechanic I met at the small bike meetup last fall
Phone: +1 602 555 4982
He works at Desert Cycle Garage during weekdays
Said he restores older Hondas as a side thing
Might know where to find parts for the 1982 CB750

Also gave me another contact:
“Tony with the parts warehouse”
Number written on the back of the receipt: +1 480 555 6157

Raymond told me Tony usually has random vintage carburetors
Worth calling him before hunting on eBay

Reminder questions for Raymond
ask about carb tuning service
whether he does engine balancing
and rough estimate for labor hours

Call in the evening since shop gets busy daytime
maybe sometime this week after work
bring photos of the bike when talking to him",38,Male,en_US,Warehouse Supervisor,contact,,,,,,
442,HungLD,,NhiNX,accepted,ok,ok,2026/03/09,18,Note,Brandon Keller,"Aaron Kim – plumber guy the landlord recomended
number: +1 646 555 2093
met him when the kitchen sink was leaking like crazy last month
seemed chill and fixed it pretty quick actually
he said if anything starts dripping again just text him first
prob easier than going thru the building manager again
need to ask him about the weird noise the pipes make at night
also mentioned he installs new faucets if needed
might replace the old one in the bathroom soon
note: he usually works in Queens but comes to Manhattan jobs too
try contacting earlier in the day
he told me evenings get packed with service calls",36,Male,en_US,Delivery Driver,contact,,,,,,
443,HungLD,,NhiNX,accepted,ok,ok,2026/03/09,8,Note,Melissa Grant,"random note about a contact I got today while grabbing coffee

the barista mentioned a freelance laptop repair tech who helps people around the area
name was Tyler I think
phone he told me to save: +1 503 555 8126

my macbook has been freezing lately so might need help soon
he said Tyler usually prefers ppl to text first instead of calling
apparently works out of his apartment studio

barista said turnaround is usually like 1–2 days which sounds great
I should explain the screen flicker issue when I text him

also ask if he can check the battery health while at it
last time Apple store quoted something expensive lol

remember: message him after work hours maybe
the barista said daytime he might be fixing other jobs

dont loose this number again",28,Female,en_US,Elementary School Teacher,contact,,,,,,
444,HungLD,,NhiNX,accepted,ok,ok,2026/03/09,8,Note,Victor Alvarez,"Contacts for car stuff so I stop asking around every time something breaks

- Auto shop owner: Greg Wallace
- phone +1 214 555 6310
- shop name was something like Lone Star Auto Repair
- fixed my brake pads last year, did a solid job
- told me if engine light pops up just swing by

- Tow service guy: Nate
- cell: +1 972 555 7743
- saved after my car died on highway 75
- arrived pretty fast actually

notes to myself:
Greg knows older Toyotas well
ask him about timing belt next service
maybe schedule oil change early next month

Nate said text location if I ever get stuck again
hopefully wont need that but good to have",45,Male,en_US,Bus Driver,contact,,,,,,
445,HungLD,,NhiNX,accepted,ok,ok,2026/03/09,10,Note,Rachel Simmons,"Quick list before I forget who these ppl were

1) Carla Nguyen – dog sitter
+1 408 555 9902
my coworker Jen uses her when traveling
apparently amazing with nervous dogs
need her for the July conference trip

2) backup option if Carla busy:
Mike (pet care guy from neighborhood group)
phone: +1 650 555 3845

things to ask when calling:
- overnight stays or just visits?
- price per day for medium dog
- can they send photo updates lol

remember my dog Luna hates loud ppl
so explain that upfront

also check if they’re avail around July 12–16
dont wait too long to call",33,Female,en_US,HR Specialist,contact,,,,,,
446,HungLD,,NhiNX,accepted,ok,ok,2026/03/09,4,Note,Leonard Price,"ok writing this down before I forget the details again

Last week at the community garden I talked with a guy named Oliver Brooks
he runs a small landscaping side business and seemed pretty knowledgable about soil and drainage

his number (he told me to just text him):
+1 919 555 4721

reason I saved it – backyard keeps flooding after heavy rain
Oliver said he’s fixed similar yard problems before
might involve digging a small trench or adding gravel lines

he also mentioned he sometimes builds raised beds
which could be nice for the veggie patch idea

need to send him pics of the yard sometime this week
prob easier for him to estimate the work

also ask roughly how long a project like that takes
and if he works weekends

note: he said evenings are best to reach him since he does daytime contracts

dont procrastinate again lol
yard has been soggy for months already",52,Male,en_US,High School History Teacher,contact,,,,,,
447,HungLD,,NhiNX,accepted,ok,ok,2026/03/09,3,Note,Tyler Jennings,"Need to keep these handy for the kitchen remodel plan

Phone first so I dont forget:
+1 713 555 6042 – Luis Ramirez (contractor)
+1 713 555 7789 – his assistant Carla

Luis came by the house last Thursday to look at the cabinets
seemed knowledgable, talked alot about replacing the old hinges
Carla handles scheduling and payments I think

remember to text Carla if I want to lock a start date
she said mornings are easier for her to respond

questions for Luis next time:
- how long demo will take
- if countertop install happens same week
- cost diff between quartz vs granite

also check if they haul away old cabinets
forgot to ask that part during the walk-through

dont wait too long or their calender fills up fast",39,Male,en_US,Insurance Agent,contact,,,,,,
448,HungLD,,NhiNX,accepted,ok,ok,2026/03/09,17,Note,Brianna Cole,"today at the gym someone recomended a physical trainer so writing it here before I forget again.

name: Jordan Blake
contact number +1 404 555 9281

he aparently works with ppl who are just getting back into working out (which is def me lol).
met him briefly near the squat racks but didnt talk long.

he said texting is better than random calls.
something about his sessions running back to back.

things I wanna ask him later:
if he does early morning workouts
cost per session or maybe package deals
whether he helps with meal planning too

also a second person mentioned:
Emily (front desk trainer) +1 404 555 6610
she handles bookings if Jordan’s schedule gets messy.

note to self: reach out sometime this week before motivation disapears again",27,Female,en_US,Retail Store Supervisor,contact,,,,,,
449,HungLD,,NhiNX,accepted,ok,ok,2026/03/09,19,Note,Kenneth Boyd,"Service numbers I probly will need again at some point

- Electrician: Nate Holloway
cell: +1 801 555 3127
fixed the breaker issue in the garage

- His shop office line
+1 801 555 4702
they said call this one for invoices or receipts

- Backup electrician he recomended
Maria Lopez
phone +1 385 555 5524

Nate told me Maria is good with older houses wiring
which mine def counts as lol

reminder notes
ask Nate about adding more outlets in office room
computer setup is running out of plugs again

also check if garage lights can be switched to LED strips
might save some energy

keep these numbers saved properly next time… I always loose them",51,Male,en_US,Real Estate Appraiser,contact,,,,,,
450,HungLD,,NhiNX,accepted,ok,ok,2026/03/09,9,Note,Sophie Bennett,"Contacts from the wedding planning notebook

Photographer – Megan Carter
+1 212 555 8841
Emily used her for her ceremony last year and pics looked amazing

Florist – Daniel from “City Petals”
shop line: +1 718 555 2933
his personal number (he said texting ok): +1 917 555 6088

venue coordinator gave me both contacts after the tour

things to remember when calling Megan:
ask about engagement photo shoot
timeline for editing + delivery
whether she travels outside Manhattan

for Daniel the florist
ask about seasonal flowers for October
dont want anything too flashy lol
maybe white + soft pink combos

also confirm if he handles setup at venue
I completly forgot to ask that during the meeting",34,Female,en_US,Interior Designer,contact,,,,,,
451,HungLD,rework done,PhucVQ,accepted,ok,ok,2026/03/09,4.2,Note,Marcus Doyle,"wrote this down after chatting with neighbors about fixing the driveway cracks

1. first contact – paving contractor
Rick Dalton
mobile: +1 602 555 7842

2. second guy they mentioned for smaller jobs
Andre (no last name given lol)
phone: +1 480 555 6901

3. materials supply place if doing it myself
Desert Stone Yard
office: +1 602 555 1558

Rick apparently does full resurfacing projects
Andre mostly handles patch repairs

neighbor said Andre is cheaper but sometimes slow to reply

if I call Rick ask about estimate for sealing whole driveway
prob smarter long term than patching again

also measure the driveway width before contacting them
they’ll def ask for that info

remember: try calling late afternoon since contractors are busy mornings

dont keep ignoring the cracks or winter rain will make it worse",47,Male,en_US,Warehouse Operations Manager,contact,,,,,,
452,HungLD,,MinhBH,accepted,ok,ok,2026/03/09,5,Note,Aaron Mitchell,"Plumber contacts (keep these in case the sink acts up again)

Mike Donovan – +1 617 555 2841
local plumber who fixed the kitchen pipe last winter. super quick job actually.

his shop number (if cell doesnt answer):
Donovan Plumbing office → +1 617 555 4410

Mike said texting works fine esp in the morning hrs.

also got another rec from neighbor Jess:
Ricky Gomez +1 781 555 6209
aparently good for emergency leaks at night.

note to self:
ask Mike about replacing that old bathroom faucet soon.
dont keep ignoring the slow drip lol.

also ask rough pricing before booking anything.",42,Male,en_US,Construction Estimator,contact,,,,,,
453,HungLD,,MinhBH,accepted,ok,ok,2026/03/09,5,Note,Lauren Bishop,"writing this quick before I forget who gave me the number earlier today. I was chatting w/ a coworker about dog boarding places since I’ll be gone for a few days next month. she suggested a woman named Carla who watches dogs at her house.

Carla Jenkins → phone +1 602 555 7192. apparently really patient w/ nervous pets (which my dog def is).

there was also another contact mentioned if Carla is booked:
Ben Carter – +1 602 555 3037.

Ben runs a small pet sitting service nearby, mostly drop-in visits though.

things I should ask when calling:
price per night
whether they send photo updates lol
if they’ve handled shy dogs before

dont wait too long or spots might fill up.",31,Female,en_US,Dental Hygienist,contact,,,,,,
454,HungLD,,MinhBH,accepted,ok,ok,2026/03/09,4,Note,Marcus Greene,"Car stuff contacts I should prob keep organized:

- Tony Alvarez (mechanic)
cell: +1 305 555 8840
fixed the weird grinding noise in my brakes last year

- shop main line
Alvarez Auto Repair → +1 305 555 1408

- towing service guy he recomended
Jake Lawson
phone: +1 786 555 7732

notes so I remember:
Tony knows older Hondas pretty well.
ask him next time about timing belt check.

Jake said if the car ever dies again just text location + car model.
hopefully wont need that again but good backup.

also schedule oil change soon... been putting that off.",48,Male,en_US,Security Supervisor,contact,,,,,,
455,HungLD,,MinhBH,accepted,ok,ok,2026/03/09,16,Note,Emily Carter,"Random home repair contacts from the neighborhood group chat:

Electrician – Daniel Cho
mobile +1 425 555 2976

Another electrician ppl mentioned:
Sarah Patel
+1 425 555 8842

and the hardware supply store that Daniel said he uses alot:
Northside Tools shop line +1 425 555 1180

Daniel helped Lisa across the street w/ a breaker issue last month.
she said he was pretty fair w/ pricing (not crazy expensive).

I should call him about the flickering light in the hallway.
prob a wiring thing but idk.

remember: evenings might be better to reach him.
daytime hes usually on job sites.",29,Female,en_US,Graphic Designer,contact,,,,,,
456,HungLD,,MinhBH,accepted,ok,ok,2026/03/09,8,Note,Leonard Briggs,"Contacts from the community garden meeting (dont loose these again)

Oliver Brooks – landscaper guy
phone: +1 919 555 4721

he said he can look at drainage problems in backyards.
my lawn gets super soggy after heavy rain so might ask him about that.

he also gave another number for supply stuff:
Green Earth Yard Supply → +1 919 555 3310

and his coworker who sometimes helps w/ larger jobs:
Trent Walker +1 984 555 6902

things to ask Oliver later:
cost for adding gravel drainage line
if raised garden beds would help soil flow
approx how long a project like that takes

send him yard photos when I remember.",56,Male,en_US,Retired Postal Worker,contact,,,,,,
457,HungLD,,MinhBH,accepted,ok,ok,2026/03/09,7.3,Note,Ethan Caldwell,"+1 312 555 7094 – Derek Mills

met Derek at the bike shop downtown when I needed help fixing the chain on my road bike. super friendly dude, explained the whole thing even tho I prob looked clueless lol.

he said if the gears start skipping again just shoot him a text and he can take a look. apparently he does small repairs on the side besides working at the shop.

also wrote down the shop line he mentioned:
Windy City Bikes → +1 312 555 8843

Derek said afternoons are usually calmer there.

note to self:
ask about getting a full tune-up before summer rides.
maybe also check tire pressure sensors he talked about.

dont forget this contact again… bike maintenance always sneaks up on me.",33,Male,en_US,Fitness Trainer,contact,,,,,,
458,HungLD,,MinhBH,accepted,ok,ok,2026/03/09,16.3,Note,Alicia Moreno,"Need these numbers for the catering situation for my cousin’s engagement dinner.

Main contact:
Sofia Delgado – +1 305 555 2284
she’s the event coordinator from that small catering company we tasted food from last weekend.

Kitchen manager she told me about:
Rafael Ortiz
phone: +1 305 555 6720

and their office line (for invoices / contracts):
Delgado Catering office → +1 305 555 1197

the tasting was actually really good… esp the grilled chicken dish.

things to ask Sofia next call:
• price per person if guest list hits 40 ppl
• whether dessert trays included
• delivery time window on the day

dont wait till last minute to confirm booking.",38,Female,en_US,Travel Agent,contact,,,,,,
459,HungLD,,MinhBH,accepted,ok,ok,2026/03/09,16.2,Note,Logan Pierce,"Phone numbers first so I dont forget again:
+1 720 555 6420
+1 720 555 9183

First one belongs to Kevin Doyle, HVAC tech who came out when the heater stopped working in Feb. Super chill guy, fixed it quicker than expected.
Second number is his office line (Rocky Mtn Heating or something like that).

Kevin told me texting is fine but mornings are better since afternoons get crazy busy.

Things to remember asking him next time:
– check AC unit before summer hits
– price for installing smart thermostat he mentioned
– if yearly maintenence plan is worth it

dont loose this contact again… digging thru old emails last time was annoying.",37,Male,en_US,Property Manager,,,,,,,
460,HungLD,,MinhBH,accepted,ok,ok,2026/03/09,7,Note,Dana Schultz,"Contacts from the pottery class studio (prob useful later):

• Maya Torres – instructor
phone: +1 503 555 8112

• Studio front desk
Clay Loft Arts
+1 503 555 4408

• Another student recomended kiln rental place:
Mark Feldman
cell +1 971 555 2267

Maya said if I ever need extra clay or want to book open studio hrs just text her.

Mark aparently rents kiln space for small ceramic pieces.

Note to self:
ask Maya about glazing workshop next month
also check cost before commiting.

dont forget to bring the mug piece next class lol.",29,Female,en_US,Art Therapist,contact,,,,,,
461,HungLD,,MinhBH,accepted,ok,ok,2026/03/09,6.6,Note,Victor Hammond,"Talked w/ two electricians while fixing the lighting at the warehouse… writing it here so I remember who’s who.

The main guy was Trevor Lane. His mobile is +1 214 555 7714. He handled the breaker issue and seemed to know older wiring setups pretty well.

Trevor also said if his line doesn’t go through, the company office can be reached at +1 214 555 5098 (Lane Electric Services).

Another tech there that day was Darius Cole, number +1 469 555 1120. He focuses more on installing new panels apparently.

If the lights keep flickering in storage area B, call Trevor first.
Ask him about switching those fixtures to LED strips too.
Could save power long term.",44,Male,en_US,Logistics Coordinator,contact,,,,,,
462,HungLD,,MinhBH,accepted,ok,ok,2026/03/09,3,Note,Michelle Grant,"Quick messy note from neighborhood meeting last night:

Landscaping help contacts

Jake Holloway → +1 919 555 4701
(handles yard drainage + soil stuff)

Andre Lopez → +1 984 555 3394
(mostly mowing + small yard cleanups)

Supply store they both use:
Green Earth Garden Center
store line: +1 919 555 2802

Jake said my backyard puddle problem might need gravel trench thing… forgot exact term he used.

Need to text him some pics of the lawn this weekend.

Also ask approx cost before agreeing to anything… budget kinda tight rn.",33,Female,en_US,Nutritionist,contact,,,,,,
463,HungLD,,MinhBH,accepted,ok,ok,2026/03/09,,Note,Kyle Donovan,"+1 617 555 2984
+1 617 555 7140


Ok writing this so I dont forget who these belong to again.
First number = Patrick O'Neil, the electrician who helped fix the hallway light last month when it kept flickering.
The second number is the main office line for Beacon Electric Services where he works.


Patrick said texting his cell is usually faster than going through the office ppl.


Stuff I should ask him next time:
• replacing the old fuse box maybe
• installing dimmer switches in living room
• rough estmate for that work


he also mentioned they do weekend jobs but it costs a bit more.
dont loose this again… took forever to track him down last time.",36,Male,en_US,Delivery Coordinator,contact,,,,,,
464,HungLD,,,accepted,ok,ok,2026/03/09,19.2,Note,Derek Sullivan,"Contact from earlier today — writing it fast before I forget again.

Tom Alvarez, the HVAC tech who checked the office AC last summer.
His number: +1 702 555 4118.

He told me if the unit starts making that rattling sound again I should text him first instead of calling the company line.

Also gave me the office contact in case he’s busy:
Silver Desert Cooling → +1 702 555 2389.

Tom mentioned he does weekend maintenence jobs sometimes but it depends on schedule.

Things to ask him later:
• yearly service price
• whether the filter system needs upgrading
• rough cost before summer heat kicks in.

Note: dont forget to check AC model number before calling.",41,Male,en_US,Restaurant Manager,contact,,,,,,
465,HungLD,,,accepted,ok,ok,2026/03/09,8.8,Note,Kayla Monroe,"Quick list of people from the photography workshop last weekend:

• Instructor: Daniel Harper
phone: +1 415 555 8042

• Studio office line
Golden Gate Photo Studio
+1 415 555 3099

• Another photographer ppl recomended
Mia Chen
cell +1 650 555 1183

Daniel said if I need help w/ editing software I can text him.
Mia aparently does freelance portrait shoots.

remember to ask about editing presets next time.

also maybe book another class if my sched works out.",27,Female,en_US,Social Media Coordinator,contact,,,,,,
466,HungLD,,,accepted,ok,ok,2026/03/09,0,Note,Anthony Delgado,"Got these contacts while talking with neighbors about fixing the fence behind the house.

The main contractor they suggested is Brian Keller, number +1 303 555 9024. They said he replaced a few fences around the block last year and did solid work.

Brian told me his assistant handles scheduling, so I also saved Laura Kim – +1 720 555 7743.

There’s also the hardware supply store Brian usually uses: Front Range Lumber, phone +1 303 555 2201.

I should call Brian sometime this week and ask for an estimate.
Also need to measure the damaged section of the fence first so he has an idea of size.",47,Male,en_US,Postal Worker,contact,,,,,,
467,HungLD,,,accepted,ok,ok,2026/03/09,1,Note,Jenna Whitfield,"Numbers from the yoga studio (dont loose this page again lol):

+1 512 555 6610 → Lena Brooks (yoga instructor)

+1 512 555 1028 → Austin Flow Yoga studio desk

+1 737 555 4973 → Rachel Dunn, another instructor Lena mentioned for beginner classes.

Lena said texting her is easiest if I wanna reserve a spot in the morning sessions.

things to ask when I msg her:
- price for monthly pass
- whether mats are provided
- if early Sat classes still happening

dont forget to bring water bottle next time… last class was rough haha.",32,Female,en_US,Physical Therapist,contact,,,,,,
468,HungLD,,,hold,format khá tương tự 466,ok,2026/03/09,10.6,Note,Harold McKinley,"People related to the boat dock repair situation. Writing everything here so I stop misplacing the scrap paper I had before.

First contact: Gary Simmons, marine repair tech. Phone number +1 904 555 7412. He looked at the cracked dock board and said replacing the section shouldn’t take too long.

He also gave me the marina service desk number: Bayfront Dock Services – +1 904 555 3380.

Another guy around the marina that Gary recomended was Luis Ortega, number +1 386 555 6288. Luis apparently deals more with structural dock repairs.

Need to call Gary next week when tide schedule is calmer.
Also take photos of the damaged boards so he can estimate better.",63,Male,en_US,Retired Harbor Technician,contact,,,,,,
469,HungLD,,,accepted,ok,ok,2026/03/09,8.7,Note,Tyler Grant,"Wrote these down after talking to the building maintenence crew earlier.

• Adam Cole – electrician who checked the hallway wiring
cell: +1 312 555 4820

• company office: Midwest Power Services
☎ +1 312 555 9104

• another tech Adam mentioned if he’s booked:
Victor Ramos
+1 773 555 2618

Adam said texting works best cuz he’s usually on job sites most of the day.

Need to ask him about installing dimmer switches in the living room.
also maybe replacing the old breaker panel… its prob overdue tbh.",39,Male,en_US,Property Maintenance Supervisor,contact,,,,,,
470,HungLD,,,accepted,ok,ok,2026/03/09,9,Note,Daniel Harper,"Mike R. – plumber my neighbor recommended after the kitchen sink leak last winter                                
Phone: +1 415 682 9044                                        
Saved this because he answered late evening when everyone else ignored my calls                                        
Lives somewhere in Daly City I think                                        
Said texting first is better than calling during work hours                                        
Need to ask him about installing the new garbage disposal too                                        
Also check if he still does weekend emergency visits                                        
His assistant might answer sometimes                                        
Assistant contact I wrote down: Laura +1 415 555 2081                                        
Note to self: mention the slow upstairs bathroom drain when I call                                        
Mike said he gives small discounts if paying cash                                        
Last time he came by Feb 2024                                        
Really quick job and didn't overcharge                                        
Call him again before trying another plumber",41,Male,en_US,Graphic Designer,contact,,,,,,
471,HungLD,,,accepted,ok,ok,2026/03/09,0,Note,Angela Torres,"Quick list of people from the community garden meeting				
• Trevor (garden coordinator) — +1 503 662 1889					
• Email maybe trev.garden@gmail.com
?? not 100% sure					
• Said to contact him if I want a bigger planting box this spring					

• Maya L. — +1 503 440 9013
• She grows tomatoes like crazy apparently
• Lives near SE Belmont
• Might trade seedlings in April

Extra number I scribbled during the meeting: +1 971 333 6204 (belongs to “Rick with tools”)
Rick said he lends shovels + wheelbarrow sometimes
Remember to text Trevor before March 20 about plot renewal
Bring up compost schedule when I reach him
Also ask Maya about the purple basil she mentioned
Don't forget this is the group from Saturday's orientation",34,Female,en_US,Dental Hygienist,contact,,,,,,
472,HungLD,,,accepted,ok,ok,2026/03/09,10,Note,Marcus Bell,"Random note so I don't lose these numbers again
I met a used car guy while looking at that Honda Civic last weekend
Name was Jeff Collins I think
Cell: +1 602 774 1290
Works at Desert Valley Auto Sales out near Mesa
Said to text him if I want the vehicle history report
Another contact from the same lot:
Sales manager — Tony Alvarez
Direct line: +1 602 555 9033
Tony mentioned they get trade-ins every Thursday afternoon
Good time to check inventory apparently
Jeff told me to mention his name so he gets credit for the sale
Also wrote down the shop service desk number
+1 602 990 7118
Service desk handles inspections if I bring a mechanic
Need to follow up before someone buys that Civic
Check insurance quotes first though
Maybe call Jeff tomorrow evening
Don't forget to ask if price is negotiable
He seemed pretty chill about bargaining",29,Male,en_US,Warehouse Supervisor,contact,,,,,,
473,HungLD,,,accepted,ok,ok,2026/03/09,11,Note,Tyler McGraw,"Contacts from the small indie film project meeting downtown
Producer: Olivia Grant
Mobile +1 323 808 4421
She said texting works faster than email when they're scheduling shoots
Met her at the LA short film networking night
She asked if I'd be interested in doing lighting work again
Second contact from the crew:
Ben Carter – camera operator
Phone +1 323 555 6610
Ben usually coordinates gear pickup days
He mentioned a rental place they like
Studio equipment desk number: +1 323 777 9018
Write to Ben before the next shoot so he reserves the LED panels
Another name I jotted down: Sara (script supervisor maybe)
Her number: +1 213 664 5520
Olivia said production meeting planned early April
I should reach out a week before that
Also ask if they're still filming in Burbank warehouse location
Bring portfolio link when messaging Olivia
Would be cool to work on a real festival project again
Don't forget this came from the Thursday networking mixer",45,Male,en_US,Freelance Lighting Technician,contact,,,,,,
474,HungLD,,,accepted,ok,ok,2026/03/09,14,Note,Lauren Whitaker,"Garage door fix guy I found thru neighbor Mark last fall                                
phone saved first so I dont forget: +1 214 773 6021                                        
Name: Eddie Morales (runs small repair biz, think called Metro Garage??)                                        
He fixed the spring on our door in like 40 min, pretty quick job                                        

Reminder stuff:

text him first, he said calls during work sometimes go to voicemail

ask about that loud grinding noise again

Another number he gave in case hes busy
helper / partner: Luis
+1 214 555 8123

Eddie told me weekends are possible but extra fee
last time he came out Oct 2023
prob gonna call him again before trying random companies
dont forget to mention house on Pine St so he remembers the job",36,Female,en_US,Real Estate Agent,contact,,,,,,
475,HungLD,,,accepted,ok,ok,2026/03/09,7,Note,Brandon Cole,"ppl from the pickup basketball league @ Riverside gym

Jamal – team organizer
cell: +1 904 661 4480
he manages the group chat & game schedule

also saved ref contact in case games get moved:
gym desk line +1 904 220 9031

Marcus T.
+1 904 555 7752
plays point guard, told me to msg him if im running late

things to remember:
• games usually Wed 7:30pm
• Jamal prefers text not call

random extra contact from last week
Andre (sub player maybe?)
number: +1 386 733 6100

note: ask Jamal about next mini tournament they mentioned",27,Male,en_US,Delivery Driver,contact,,,,,,
476,HungLD,,,accepted,ok,ok,2026/03/09,7,Note,Daniel Harper,"Need to remember this contact from last month’s home repair visit                                
Guy who fixed the leaking kitchen pipe and didn’t overcharge                                        

Mike Reynolds – plumber recommended by neighbor Tom
phone: +1 415 662 9033

Met him on a Saturday morning when the sink pipe burst

Said I could call anytime before noon if another issue pops up
Apparently he mostly works around the North Bay area

Also wrote down his backup number
shop line: +1 415 662 9101

He mentioned texting works better than calling if it’s not urgent

Notes to self:
call him again if bathroom faucet starts dripping
might also ask about installing new garbage disposal
pretty friendly guy, talked about fishing the whole time
charged $120 flat which felt fair
save this so I don’t lose the number again
maybe refer him to Mark if his basement plumbing fails again",42,Male,en_US,Construction Project Manager,contact,,,,,,
477,HungLD,,,accepted,ok,ok,2026/03/09,5,Note,Alicia Benton,"Contacts from last weekend’s dog park conversation

• Jenna Morales
• dog trainer recommended by two people there
• phone +1 303 551 8872
• said she does in-home sessions

• backup number from her website
• +1 303 551 8820

things she mentioned when we talked
– mostly works with anxious rescue dogs
– sessions usually around 45 mins
– mornings are easier to schedule

also gave me contact for her assistant

Name: Luke
number: +1 303 551 9014

reminder:
text Jenna Tuesday evening about training for Milo
ask price for 4-week package
and check if she covers the Boulder area
she seemed really patient when Milo kept barking
worth trying before the behavior gets worse",34,female,en_US,Graphic Designer,contact,,,,,,
478,HungLD,,,accepted,ok,ok,2026/03/09,13,Note,Marcus Delgado,"Random contacts from the auto shop visit today

Car issue: weird rattling sound when accelerating
Stopped at a small garage near downtown

Owner’s name: Carl Whitman
Cell: +1 619 884 2217

Shop line (front desk):
+1 619 884 2200

Carl said texting pictures of the dashboard warning lights helps

Also wrote down the parts supplier he suggested

Darren – parts guy
phone +1 619 335 4471

Apparently Darren can get cheaper brake components

Important note:
Carl told me if the rattle gets louder I should stop driving
might be loose heat shield

Plan:
call Carl next Monday morning to schedule full inspection
garage opens 8:30am
keep these numbers saved before I forget where I wrote them",38,Male,en_US,Delivery Driver,contact,,,,,,
479,HungLD,,,accepted,ok,ok,2026/03/09,5,Note,Trevor Lawson,"Emma's cousin gave me a couple contacts during the volunteer event

First one:
Rachel Kim – runs the community garden group
phone number +1 206 778 5102

Said she’s the person to talk to if I want a small plot this summer

Second contact:
Miguel Alvarez
+1 206 778 5149

He organizes the Saturday cleanup teams

Notes from chatting with them:
garden sign-ups usually open mid April
Rachel prefers email but said texting that number works too
Miguel usually confirms volunteers the night before
remember to reach out before spots fill up
Emma said both of them are super reliable",29,Female,en_US,Elementary School Teacher,contact,,,,,,
480,HungLD,,,accepted,ok,ok,2026/03/09,17.9,Note,Ryan Caldwell,"Met two guys at the bike shop today while trying to fix my old road bike. Writing their info before I forget again.

First guy I talked with was Jeremy Cole, he’s the mechanic that adjusted the gears. His number is +1 720 441 8832. Said I can message him if the chain keeps slipping.

Shop line they use for bookings: +1 720 441 8800. Probably easier if I need a full service appointment.

Jeremy also told me about his coworker Tyler who does wheel repairs. Tyler’s phone: +1 720 441 8899.

Jeremy mentioned they get swamped on weekends so weekdays are better.

Need to call sometime this week if the back brake keeps squeeking.

Typos in my head earlier when I wrote the number down lol hope its correct.

Also ask Jeremy about new tires next time.

Bike is still kinda rattly so yeah, might need to go back.",41,Male,,Warehouse Supervisor,contact,,,,,,
481,HungLD,,,accepted,ok,ok,2026/03/09,6,Note,Stephanie Miller,"stuff from saturday farmers market – contacts I might need

• Carla Jennings – local cake baker
phone: +1 503 668 7219

• alt number she scribbled on her card
+1 503 668 7200

• said she does small wedding cakes + bday orders

–– also talked w/ a coffee vendor

• Nate Brooks
• cell +1 503 882 1963

• wholesale orders go thru his sister
Megan – +1 503 882 1904

quick reminders

Carla said best time to call is after 3pm

dont text super early lol she hates that

I might order cupcakes for mom's birthday next month
also maybe coffee beans from Nate if the office runs out again

market was busy so hope I copied the nums right",41,Male,,Warehouse Supervisor,contact,,,,,,
482,HungLD,,,accepted,ok,ok,2026/03/09,11,Note,Kevin O’Neal,"Last month when the washer flooded the laundry room the apartment manager gave me a repair contact

Name: Tony Becker
mobile: +1 214 773 4091

He runs a small appliance repair thing in Dallas area

Also wrote down the office number just in case
+1 214 773 4005

Tony told me texting pics of the machine helps him figure out the issue faster

Note to self – he said evenings after 6pm are usually fine to call
not mornings bc he's on other jobs

Another contact he mentioned if Tony is busy:
Luis (his partner)
phone +1 214 773 4128

Remember:
Tony already looked at our old dryer once in Feb
charged way less than the last company

call him again if the washer keeps making that weird knocking sound
prob gonna happen again honestly",33,Female,en_US,Dental Hygienist,contact,,,,,,
483,HungLD,,,hold,format và nội dung rất giống 480,,2026/03/09,17.8,Note,Laura Simmons,"Met two guys at the bike shop today while trying to fix my old road bike. Writing their info before I forget again.
First guy I talked with was Jeremy Cole, he's the mechanic that adjusted the gears. His number is +1 720 441 8832. Said I can message him if the chain keeps slipping.
Shop line they use for bookings: +1 720 441 8800. Probably easier if I need a full service appointment.
Jeremy also told me about his coworker Tyler who does wheel repairs. Tyler's phone: +1 720 441 8899.
Need to call sometime this week if the back brake keeps squeeking.
Typos in my head earlier when I wrote the number down lol hope its correct.
Also ask Jeremy about new tires next time.
Bike is still kinda rattly so yeah, might need to go back.",37,Male,en_US,Courier,contact,,,,,,
484,HungLD,,,accepted,ok,ok,2026/03/09,16,Note,Jordan Blake,"Random ppl to contact later

→ Paul Denton
→ electrician my coworker Jess recomended
→ phone +1 919 555 7623

→ backup number he texted me from
→ +1 919 555 7601

things he told me:

works mostly house rewiring jobs

but small stuff like outlets is fine too

another contact from him

→ Sarah (office scheduler)
→ +1 919 555 7688

note to self
dont call before 8am bc aparently they start late
I need someone to check the flickering light in kitchen

Paul seemed chill on the phone
prob will ring him this friday ",30,Female,en_US,Librarian,contact,,,,,,
485,HungLD,,,accepted,ok,ok,2026/03/09,1,Note,Brandon Keller,"Wrote these down after talking to my neighbor about fixing the fence                                

Phone first so I dont lose it again:
+1 602 811 4472

That belongs to Greg Holloway (local handyman guy)

He helped Dave next door with a broken gate last yr and apparantly did a solid job

Greg said if I text pics of the fence he can tell if its an easy fix or full replace

Another number he gave for scheduling:
office line → +1 602 811 4400

Also told me if he's busy I could call his cousin

Matt H.
cell: +1 602 811 4491

Greg works mostly around Phoenix area

Note to self: dont call before 9am, he said mornings are crazy

Need to contact him before next weekend if the wind keeps knocking panels loose

seriously gotta fix that fence soon lol",44,Male,en_US,Real Estate Agent,contact,,,,,,
486,HungLD,,,accepted,ok,ok,2026/03/09,7,Note,Michelle Torres,"Contacts from the small catering tasting event yesterday

★ Linda Park – cake designer
tel: +1 818 552 9901
alt: +1 818 552 9909

★ she said texting photos of cake ideas is easiest

★ also talked with a catering mgr

Name: Robert Diaz
Phone → +1 818 664 2040

★ Robert’s assistant (for booking dates)
Sophie
+1 818 664 2075

quick reminders to me:

Linda mentioned she fills up fast for weddings

call her after 2pm (not mornings)

thinking about asking her for cupcakes for Emily's party

event was kinda loud so hope I wrote the nums right",35,Female,en_US,Event Planner,contact,,,,,,
487,HungLD,,,accepted,ok,ok,2026/03/09,4,Note,Eric Lawson,"ppl I should prob contact soon

• Jake Mullen
cell +1 404 700 6192
landscaper reccomended by HOA

• his work phone
+1 404 700 6100

• also gave me partner contact

Chris
+1 404 700 6133

things I remember him saying:
→ texting works faster than voicemail
→ busy on mondays

need help w/ backyard drainage problem

maybe call wed afternoon

HOA lady said Jake is “pretty reliable” so worth trying

dont forget to ask price before he starts work lol",39,Male,en_US,Logistics Coordinator,contact,,,,,,
488,HungLD,,,accepted,ok,ok,2026/03/09,3.1,Note,Kevin O’Neal,"Numbers from the tech meetup last night – might be useful later

First contact I saved was from the badge actually

Name: Daniel Cho
number: +1 347 882 5199

He works in app security and said to reach out if I wanna talk about contract gigs

Another guy joined our table halfway through

Marcus Lee
cell: +1 347 882 5174

Marcus mentioned they sometimes hire freelance devs

Then there was a recruiter I talked to near the exit

Emily Grant
phone: +1 347 882 5120

She said texting first is better bc shes always in meetings

reminder: send Daniel my github link sometime this week

also double check spelling of Marcus’s last name… might be Li not Lee

anyway good ppl to keep in contacts for later",33,Female,en_US,Dental Hygienist,contact,,,,,,
489,HungLD,,,accepted,ok,ok,2026/03/09,4,Note,Kevin Morales,"People from the startup workshop last Thursday that might help with the mobile app idea

• Developer: Samir Gupta
• Phone: +1 650 555 5082
• Works freelance on early-stage app prototypes
• Mentioned he likes working with small founders

• UI designer: Laura Bennett
• Phone: +1 650 555 9127
• She showed a portfolio of clean mobile layouts
• Said she collaborates often with Samir actually

Why I saved these:
→ they both offered to look at the concept sketch I showed
→ could help build a simple demo version
→ workshop was hosted at the Palo Alto coworking hub

follow-up plan
1. polish the feature list first
2. send Samir a short description of the app idea
3. ask Laura about rough design costs
4. schedule a quick call if they’re interested

they both seemed genuinely enthusiastic
definitely worth reaching out sometime next week",27,Male,en_US,Junior Product Manager,contact,,,,,,
490,HungLD,,,accepted,ok,ok,2026/03/09,17,Note,Olivia Grant,"Contacts from the neighborhood block party — writing them here so I don't lose the paper.
• Lauren Mitchell
• phone +1 617 240 8842
• she lives two houses down, blue porch with the plants everywhere
• runs a small catering side business apparently
• said to call if I ever need help planning big dinners

• Eric Dalton
• +1 617 993 4175
• works in HVAC repair
• told me he can take a look at the noisy vent upstairs sometime
• best time to reach him = evenings after 6

random reminder: both of them offered to start a neighborhood group chat
maybe text Lauren first since she seemed organized about it
could be good for package pickups and stuff
also Eric mentioned snow shoveling rotation in winter
don't forget these names again",31,Female,en_US,Elementary School Teacher,contact,,,,,,
491,HungLD,,,accepted,ok,ok,2026/03/09,15,Note,Marcus Lee,"Quick note from today's coffee meeting downtown.
Met two people who might help with the freelance web projects.

First one: Tyler Brooks.
His number: +1 503 772 9184.
He's a UX designer who just moved to Portland from Denver.
Said he's open to collaborating on small contract work.
Mentioned he hates cold emailing so prefers texts first.
We talked about redesigning small business websites.
I told him about the bakery client idea.
Need to follow up next Tuesday afternoon.

Second contact was Priya Shah.
phone saved as +1 971 662 3045.
Works in digital marketing analytics.
She suggested meeting again once I outline the project scope.
Might help with SEO audits if this thing actually grows.
She also recommended a coworking space called “The Workshop”.
Try texting both of them next week.
Don't let this networking go cold like last time.",29,Male,en_US,Freelance Web Developer,contact,,,,,,
492,HungLD,,,accepted,ok,ok,2026/03/09,13,Note,Hannah Cooper,"— People to call about the community garden plots —

1) Jamie Alvarez
phone +1 720 884 5102
handles the plot assignments for the east side beds
I met him during the spring volunteer clean-up day
told me to reach out before April if I want a bigger space

2) Mrs. Donna Kelly
contact number +1 720 662 9904
she's the one who keeps the spare tool shed key
super nice older lady, lives across from the park entrance
also organizes the Saturday watering schedule

reminder to myself: call Jamie first
ask if tomatoes + herbs combo plot is available
then check with Donna about compost bin rules
apparently they changed them this year",42,Female,en_US,Librarian,contact,,,,,,
493,Nganp1,rework done,HAINV2,accepted,ok,ok,2026/03/09,8,Note,Caleb Foster,"Ryan Cooper
+1 415-555-8842
Last Sunday found us walking into the park just as the neighborhood basketball match warmed up
Folks start tossing a ball around come Saturday, he said.
Most people get going near nine once daylight hits.
Mornings tend to be open for Ryan most days. Because his coaching runs into the afternoon, that early window fits best for reaching out.
Perhaps send a note first. This helps avoid disturbing him during youth training sessions. Reaching out without noise tends to go smoother than calling out of the blue.
This place keeps his numbers safe, till the next Saturday shows up.",28,Male,en_US,Warehouse Supervisor,contact,,,,,,
494,Nganp1,,HAINV2,accepted,ok,ok,2026/03/09,16,Note,Monica Blake,"Finding that electrician again feels like chasing smoke, so this time I’m pinning the name where it can’t slip away. The landlord mentioned someone - details fading fast - but now ink holds what memory lost.
Patrick Doyle goes by that name. Word has it he finished work on several units here before.
Phone number: +1 312-555-7316
Last time the kitchen lights began to blink, I got word from the landlord - call Patrick. He handles those things.
Besides being seen as dependable, folks mention these guys keep costs low when fixing small issues.
Frequent chats on the phone suit him better than typing out messages.
Few days each week take up most of the time, the landlord mentioned.
Fine by Patrick - nights fit when things can’t wait.
Finding my way back will be easier if he hears it’s 3B - then the place makes sense.
Maybe I’ll bring up installing that ceiling light I picked up the other day.
Later on, that hunt through past messages won’t be necessary because I’m keeping this one aside. It stays right here instead of getting lost in the stack.
Maybe I won’t need it for a long while, yet it sits ready, quietly useful if things shift. Still, better left untouched.
Funny thing - look at the breaker first. That way, when you reach out, it might already be sorted.
Having someone like that around never hurts.",34,Female,en_US,Dental Hygienist,contact,,,,,,
495,Nganp1,rework done,HAINV2,hold,AI detector 25%,ok,2026/03/09,20,Note,Brandon Shaw,"Victor Alvarez 
He's a car detailer who does mobile cleaning around the area.
He drives a van with all his gear 😮
+1 2135554492
A neighbor said he did an awesome job cleaning their SUV inside.
I'm thinking of calling him before our road trip next month.
It's best to text him photos of your car first.
He usually replies in the afternoon.
Keeping his info here so I don't lose it!",37,Male,en_US,Security Guard,contact,,,,,,
496,Nganp1,,HAINV2,accepted,ok,ok,2026/03/09,12.7,Note,Alicia Morgan,"Florist Contact – Denise Harper

Name: Harper
Phone: +1 704-555-9123

Notes:

*   Small flower shop close to the Midtown shops.
*   Did a fab job on Mom’s birthday flowers.
*   They do same-day delivery around here.
*   Order in the morning, ideally before noon, if you need same-day.
*   Next time, mention the pink roses.
*   Denise was super nice and we chatted about gardening.
*   Good for anniversaries, etc.
*   Ask about seasonal flowers next time.
*   Saving her contact info since I misplace cards all the time.
*   Might visit the shop again next Spri",42,Female,en_US,School Counselor,contact,,,,,,
497,Nganp1,rework done,HAINV2,accepted,ok,ok,2026/03/09,17,Note,Tyler Dean,"Hey, Jake at work was telling me about his barber:
* Name's Omar Hassan.
* Apparently, he's awesome at fades.
* His shop is somewhere around 8th Street.
* Here's his number: +1 646-555-2705 rengg
* Word is, he's pretty popular and books up quickly=
Jake says texting is better than calling, especially when he's busy. Try to get an appointment sorted out before next month hits.",25,Male,en_US,Retail Associate,contact,,,,,,
498,Nganp1,rework done,HAINV2,accepted,ok,ok,2026/03/09,11,Note,Lauren Briggs,"New babysitter contact from my neighbor Lisa.
Name of contact: Chloe Bennett;
Lives two streets away from us;
Phone number: +1 503-555-6621;
Note it down;
May come in handy when we need a babysitter for Friday nights;
Apparently, it is best to text Chloe before calling;
Generally available after her classes in the afternoon;
Remember to ask for her rate when we call her;
Also, we should confirm if she is comfortable with our dog;
Note it down for future date nights;
Good to know we have a reliable source of babysitters around us.

",39,Female,en_US,Accountant,contact,,,,,,
499,Nganp1,,HAINV2,accepted,ok,ok,2026/03/09,0,Note,Nathan Cole,"Internet technician who came to fix the router last month
The guy explained everything pretty clearly which I appreciated
His name was Trevor Mills
Company support line was slow so he told me to contact him directly if problems return
Direct number: +1 720-555-4831
Apparently he services most of the neighborhood buildings
He said if the modem starts dropping signal again just send a text
Usually replies in the evening when his shifts end
Trevor also mentioned upgrading the router could improve speed
Might ask him which model he recommends
Saved his contact because dealing with customer service was painful
Hopefully connection stays stable though
Still good to have a direct technician number
Leaving this note here in case WiFi acts up again",31,Male,en_US,IT Support Specialist,contact,,,,,,
500,Nganp1,rework done,HAINV2,accepted,"ok
9 dòng",ok,2026/03/09,22,Note,Grace Whitaker,"I spoke with a dog walker at the park yesterday.
Her name is Lily Carter.
She walks a few dogs in the neighborhood most weekdays.
Their abilities to handle larger dogs reached a satisfactory level.
She mentioned she usually walks in the morning.
The information will help me during my work-related travels.
I should ask her about weekly rates when I call.
She said texting is the best way to get in touch :vv
The number for contact reasons is +1 917-555-2289

",46,Female,en_US,Librarian,contact,,,,,,
501,Nganp1,,HAINV2,accepted,ok,ok,2026/03/09,8,Note,Derek Vaughn,"Trying to keep track of the piano teacher my cousin suggested because I actually want to start lessons again.
She said the instructor is very patient with adult beginners.
The teacher's name is Melissa Grant.
Apparently she teaches from a small studio at her home.
Contact phone written down here: +1 214-555-7904
Cousin told me Melissa prefers calls in the evening.
Lessons usually scheduled after 5 PM.
Need to ask about beginner lesson packages.
Also whether she allows weekend sessions.
I haven't played piano in years so might be rusty.
Still sounds like a fun hobby to restart.
Reminder to call her sometime next week.
Would be nice to finally learn those songs properly.
Leaving the contact here so I don't forget again.
Hope she still has open spots.",33,Male,en_US,Restaurant Manager,contact,,,,,,
502,Nganp1,,HAINV2,accepted,ok,ok,2026/03/09,2.5,Note,Megan Riley,"Laptop repair contact from the small tech shop downtown
The technician's name is Aaron Kim
He fixed my screen hinge earlier this year
Really quick turnaround which surprised me
Shop told me to contact him directly next time
Phone: +1 408-555-9910
Aaron said texting the issue description helps
He usually responds before closing time
Saving this so I remember where to go if laptop acts up again",29,Female,en_US,Copywriter,contact,,,,,,
503,Nganp1,,HAINV2,accepted,ok,ok,2026/03/09,0,Note,Jordan Ellis,"Matt Rivera +1 602-555-1844 renggg
I met him when I was waiting for coffee at the cafe near my office
So, he and his brother have a small moving business
He gave me his number. He said to call him if I need help moving later this year.
He told me texting is just easier because he's usually driving throughout the day.
They said they mostly handle local moves within the Phoenix area.
I should remember to ask about the price before I book it
He seemed like a good guy, so I'm leaving this heree",30,Male,en_US,Sales Associate,contact,,,,,,
504,Nganp1,,HAINV2,accepted,ok,ok,2026/03/09,9.3,Note,Stephanie Ward,"Okay, here's that contact info my coworker told me about so I don't lose it again:

Daniel Cho – phone repair guy (fixed her screen fast last month)
+1 213-555-9041

I think he has a little kiosk in the mall,she said he can usually replace screens the same day:vv.

Best to call him before you head over there. He picks up in the afternoon, usually after 1 PM.

Might need him if my screen cracks more, haha. Putting it here instead of a sticky note. Just in case!",27,Female,en_US,Nail Technician,contact,,,,,,
505,Nganp1,,HAINV2,accepted,ok,ok,2026/03/09,7,Note,Trevor Miles,"A guy who fixes things nearby mentioned it once. He lives close by, works with his hands. That is how I found out
Name: Greg Bennett
A hand around the home shows up when nails need hammering, fixtures getting set. Where things must fit just right, there he is tightening, adjusting, making workable
Phone number is +1 503-555-3382
Fixed kitchen cabinet last winter
Works Mostly Around This Neighborhood
Greg suggested calling the day before when possible
Sending photos through messages gives him a clear idea which gear will be needed. That way he shows up ready, no guesswork involved
Perhaps I’ll ring up regarding the wobbly door hinge
Saving Contact To Remember Later",41,Male,en_US,Bus Driver,contact,,,,,,
506,Nganp1,,HAINV2,accepted,ok,ok,2026/03/09,7,Note,Natalie Cross,"A guy who fixes things nearby mentioned it once. He lives close by, works with his hands. That is how I found out
Name: Greg Bennett
A hand around the home shows up when nails need hammering, fixtures getting set. Where things must fit just right, there he is tightening, adjusting, making workable
Fixed kitchen cabinet last winter
Works Mostly Around This Neighborhood
Greg suggested calling the day before when possible
Sending photos through messages gives him a clear idea which gear will be needed. That way he shows up ready, no guesswork involved
Perhaps I’ll ring up regarding the wobbly door hinge
Saving Contact To Remember Later
Phone number is +1 503-555-3382
",35,Female,en_US,Yoga Instructor,contact,,,,,,
507,Nganp1,,HAINV2,accepted,ok,ok,2026/03/09,0,Note,Alex Harmon,"Cool, Barber I heard about from coworker Mike
Name Tony Delgado
Shop somewhere near Oak Street
Phone: +1 312-555-4682
Mike swears Tony gives the best fades
He said to text instead of calling during busy hours
I should prob book before next haircut
Saving contact here real quick",24,Male,en_US,Delivery Courier,contact,,,,,,
508,Nganp1,,HAINV2,accepted,ok,ok,2026/03/09,13,Note,Brooke Larson,"Contact for dog groomer from the pet store lady.
Name written down as Carla Nguyen.
Phone number: +1 714-555-9920
Apparently she does mobile grooming which is nice.
Comes to the house w her van setup.
Lady at store said Carla is really gentle w nervous dogs.
Could try her for Milo next month.
Better to send a text first according to her.
She usually replies later in the evening.
Need to ask about grooming price.
Also if she trims nails too.
Keeping this note so I don't forget.",38,Female,en_US,Pharmacist,contact,,,,,,
509,Nganp1,,HAINV2,accepted,ok,ok,2026/03/09,0,Note,Sean Patel,"Guy who installed the water heater at my cousin's house
Victor Lang
Number he gave: +1 480-555-5674
Around here, a plumber who operates solo handles jobs on their own terms. Independence marks each task they take up nearby
Funny thing - my cousin got a message before any call came through. Turns out starting with texts feels simpler when sorting out timing
Usually busy during mornings doing service calls
Afternoons better to reach him
Should the heater act up once more, perhaps give him a ring
Last thing - could come up regarding annual upkeep
Friendly touch stays real without effort
Before I lose it once more, jotting his name here
Fingers crossed I stay far from needing it anytime soon
Worth keeping around, actually",45,Male,en_US,Insurance Agent,contact,,,,,,
510,Nganp1,rework done,HAINV2,accepted,ok,ok,2026/03/09,17.6,Note,Emily Porter,"Name: Megan Cole
Role: Pilates Instructor

Phone: +1 646-555-6120

Notes:

Took her trial class and really liked her teaching style.

She offers private sessions for more focused training.

Studio is located near the riverfront area.

Texting is the best way to book class times.

Morning classes usually fill up quickly.

Reminder:
Message her next week to check available slots.",32,Female,en_US,Event Planner,contact,,,,,,
511,Nganp1,,HAINV2,accepted,ok,ok,2026/03/09,12,Note,Kyle Benson,"Writing down info for the guitar repair guy my bandmate told me about.
His name is Luis Romero.
Apparently he's been fixing guitars for yrs.
Phone contact here: +1 210-555-1187
He runs a tiny workshop behind a music store.
Bandmate said Luis fixed his broken pickup wiring fast.
Better to call before dropping by.
He usually works afternoons.
I should ask if he can check my old Fender.
Strings buzzing lately which is annoying.
Leaving this note here so I dont forget the number.
Could bring the guitar next weekend maybe.
Hope price isnt too high.
Still good to know a repair guy nearby.
Music gear always breaks at worst time lol",29,Male,en_US,Sound Technician,contact,,,,,,
512,Nganp1,,HAINV2,accepted,ok,ok,2026/03/09,12,Note,Tara Collins,"Cleaning service contact neighbor reccomended
Name: Rosa Martinez
Phone +1 305-555-7451
She runs a small home cleaning crew
Neighbor said they come every two weeks
Rosa told them texting is the easiest way to book
Usually schedules jobs early mornings
Might try them before holiday guests visit
Saving the number here so I dont lose it",43,Female,en_US,Real Estate Assistant,contact,,,,,,
513,Nganp1,rework done,HAINV2,accepted,ok,ok,2026/03/09,7,Note,Hannah,"Mark Dalton 
 locksmith

met him when my apartment key snapped in the lock last winter
super fast service honestly
said I could text if lock acts weird again
might ask him to replace the front deadbolt soon
works mostly evenings
remember to describe the lock type first
keep this contact here just in case
+1 503 884 2290
",32,Female,en_US,Librarian,contact,,,,,,
514,Nganp1,,HAINV2,accepted,ok,ok,2026/03/09,1,Note,Lucas,"Wrote this down after chatting with a mechanic at a gas station because he noticed my tire pressure light on. He seemed really knowledgeable about older Hondas and said he works independently out of a small garage. :vv I might reach out if the weird noise from the front wheel comes back. He told me texting is easier since he’s usually under cars during the day.
Ryan Cooper
phone n iss: +1 480 662 7183
note to self: mention 2016 Civic when messaging
also ask about brake inspection price
friendly guy, baseball cap and beard",27,Male,en_US,Delivery Driver,contact,,,,,,
515,Nganp1,rework done,HAINV2,accepted,ok,ok,2026/03/09,20,Note,Sophie,"quick note 
so I don't lose this number again :<<
dog sitter from the park
Amanda
+1 415 673 2291
she watches dogs while ppl travel
might need her in July when visiting Chicago
my dog actually liked her which is rare lol
remember to ask about overnight rates
she lives a few blocks away
text first not call 
TT.",30,Female,en_US,UX Designer,contact,,,,,,
516,Nganp1,,HAINV2,accepted,ok,ok,2026/03/09,12,Note,Eric,"contractor recommendation from neighbor Pete
name: Joel Ramirez
does small house repairs + painting
phone +1 720 904 6615
thinking about asking him to fix the cracked drywall in hallway
Pete said Joel finished his basement project last year
apparently very fair with pricing
reminder to take photos of the wall damage
also maybe ask about repainting the guest room
best time to reach him = mornings
save this until house stuff gets sorted
could be useful later too
friendly guy according to Pete",44,Male,en_US,Real Estate Agent,contact,,,,,,
517,Nganp1,rework done,HAINV2,accepted,ok,ok,2026/03/09,7,Note,Lauren,"Coffee shop chat today turned useful. 
The girl behind me in line mentioned her brother repairs phones and tablets. I told her about my cracked iPad screen and she gave me his number. Might text him this weekend to see if it’s worth fixing or if I should just replace the thing. 
I think I will buy the neww phone haha 
Chris Nguyennn
+1 714 559 3401
note: send pic of the screen damage
don’t call late evening",25,Female,en_US,Social Media Manager,contact,,,,,,
518,Nganp1,rework done,HAINV2,accepted,ok,,2026/03/09,12.4,Note,Matthew,"Trainer Contact Card

Name: Tom Bradley
Role: Beginner Weight Training Coach

Phone: +1 618 884 1102

Notes:
- Met him at the local gym; he sometimes trains beginners.
- Said I can message him if I want to start proper weight training.
- Seems pretty chill, not the yelling type trainer.
- Prefers texting rather than phone calls.
- Could reach out next month to ask about weekly session prices.
- Usually focuses on beginner-friendly workout plans.
- Might also give advice on basic gym routines and form.",36,Male,en_US,Truck Driver,contact,,,,,,
519,Nganp1,,HAINV2,accepted,ok,ok,2026/03/09,11,Note,Alicia,"caterer contact from office party planning meeting
Delgado Catering – owner Maria Delgado
phone: +1 915 447 6650
they handled food for Jenna’s birthday event last year
everyone said the tacos were amazing
might hire them for team lunch next quarter
Maria mentioned she can customize menus easily
need to ask about vegetarian options
also check delivery fees
texting works quicker apparently
save this contact before I forget again
maybe ask for sample menu PDF
Jenna said response time is pretty quick",33,Female,en_US,Office Administrator,contact,,,,,,
520,Nganp1,rework done,HAINV2,accepted,ok,ok,2026/03/09,0,Note,Caleb,"bumped into a freelance photographer at the skate park earlier. we talked about cameras for like 15 mins and he mentioned he sometimes shoots portraits for cheap if it’s a quick session. thinking maybe I could ask him for some profile pics later :vv
Since it's been a while since I've had my picture taken, it was convenient to ask him for help hehe
his name was Leo I think
number he gave me: +1 323 771 9920
remember he prefers DM or text not calls
works mostly weekends
bring skateboard maybe for cool photos",22,Male,en_US,Retail Associate,contact,,,,,,
521,Nganp1,rework done,HAINV2,accepted,Ai detector 22%,ok,2026/03/09,12,Note,Natalie,"Okay, here's the florist info Rachel gave me:

*   Name: Olivia Chen
*   Phone: +1 646 881 7320
*   Rachel says she makes beautiful wedding bouquets. I should hit her up when I'm helping Mia with her wedding.
*   The pictures Rachel showed me were seriously gorgeous.
*   I need to ask Olivia about what flowers are in season.
*   I think she's based in Brooklyn.
*   Text her before calling.
*    Gotta ask about the delivery costs too.

Saving this here so I don't forget!
",29,Female,en_US,Wedding Coordinator,contact,,,,,,
522,Nganp1,,HAINV2,accepted,ok,ok,2026/03/09,6,Note,Patrick,"random but useful contact from the farmer’s market today. The honey vendor said his friend repairs lawn equipment and small engines. That might actually help since my mower stalled again last weekend. The guy apparently works from his home garage and takes small repair jobs. I should message him before the grass turns into a jungle again.
Name: Walter Briggs
Phone number: +1 919 664 5527
note to self — describe mower model first
maybe ask if he sharpens blades too
seems like a helpful local contact",48,Male,en_US,Landscape Architect,contact,,,,,,
523,Nganp1,rework done,HAINV2,accepted,ok,ok,2026/03/09,0,Note,Damon,"Leo Hargrove — +1 415 668 9043. 
Met this guy while waiting for coffee near the marina this morning. He repairs vintage cameras and I immediately thought about the old Canon sitting in my closet.@@ I've kept it in the cupboard since last year. I dropped it while traveling, so it's no longer working(so sad). He said texting is easier because he’s usually working at the repair bench and doesn’t always hear calls. Might message him later this week and ask if he can check the shutter issue. He seemed really knowledgeable about film cameras. Save this number so I don’t lose it again.",39,Male,en_US,Photographer,contact,,,,,,
524,Nganp1,,HAINV2,accepted,ok,ok,2026/03/09,7.5,Note,Alica,"Quick reminder before I forget. I talked to a freelance bicycle mechanic at the park last Sunday while he was fixing someone’s chain. My road bike still clicks when shifting gears so he might be able to adjust it quickly.

Name: Trevor Pike
Works around Portland area
Phone: +1 503 774 2208

He told me texting works better than calling.
Remember to mention the Shimano gear system.
Also ask how much a full tune-up costs.
Seemed like a chill dude honestly.
Save contact here.",28,Female,en_US,Marketing Assistant,contact,,,,,,
525,Nganp1,rework done,HAINV2,hold,"ngắn
9 dòng",ok,2026/03/09,18.8,Note,Harold,"I ran into a piano tuner at the flea market today. We got to talking since he saw my little keyboard. He's been tuning pianos in Chicago for over 20 years. Made me think about our old piano – it seriously needs a tune-up. I might call him next month to see if he makes house calls.

His name is Walter Finch, and his number is +1 312 664 5510.

He said old pianos like ours should be tuned yearly, mostly if the house temp swings a lot. He seemed like he knew his stuff and stays mostly in Chicago, but goes a little out of town for some customers. I saved his number, just in case, because he seemed like a pro.
",56,Male,en_US,Retired Accountant,contact,,,,,,
526,Nganp1,,HAINV2,accepted,ok,ok,2026/03/09,10,Note,Brianna,"• Cake decorator from the bridal expo
• Celeste Moreno
• Phone: +1 504 773 3310
• specializes in minimalist wedding cakes
• might contact her for October reception
• she said texting works easier than calls
• based around New Orleans
• remember to ask about cake tasting
• check delivery cost
• keep this saved",31,Female,en_US,Event Coordinator,contact,,,,,,
527,Nganp1,,HAINV2,accepted,oik,ok,2026/03/09,7,Note,Shane,"Wrote this after chatting with a motorcycle mechanic at the gas station earlier. My bike has been making a weird rattling sound lately and he said it might just be chain tensionn. If it keeps happening I should text him and he’ll take a look. @@

Rick Calder — mechanic
+1 702 552 8821

Works around Vegas area.
Remember to mention Yamaha MT-07.
Ask how much inspection costs.
Seemed pretty friendly actually.",34,Male,en_US,Security Guard,contact,,,,,,
528,Nganp1,rework done,HAINV2,hold,"8 dòng
41% AI",ok,2026/03/09,0,Note,Teresa,"Not sure why I keep forgetting useful contacts so writing this down immediately. 
While browsing an art fair downtown I met a woman who restores old paintings and frames. 
We talked for almost ten minutes about antique art and she mentioned she sometimes helps people repair damaged canvases. 
That reminded me of the old landscape painting at home that has a small tear in the corner.
Her name: Diana Wescott
Phone: +1 617 773 9024
Text first she said.
Works around Boston.",42,Female,en_US,Museum Curator,contact,,,,,,
529,Nganp1,,HAINV2,accepted,ok,ok,2026/03/09,9,Note,Calvin,"Justin Rowe
+1 214 660 1183

Met him during a community basketball game last weekend.
Apparently he organizes pickup games every Saturday morning.
Said I can text him if I wanna join the group chat.
Games usually start around 9am.
Remember to bring outdoor ball.
They sometimes grab tacos after playing lol.
Save this contact.",25,Male,en_US,College Student,contact,,,,,,
530,Nganp1,rework done,HAINV2,hold,"ngắn
AI detector 12%",ok,2026/03/09,12,Note,Natalia,"A sudden voice beside me broke the quiet wait in the food truck line. Coffee roasting came up, of all things, mid-conversation with a stranger. This man happens to roast beans on a small scale, supplying only nearby cafes. Home brewing has caught my attention lately, so his words stuck. Reaching out by text is an option, he said, for sample batches or help with methods. That number belongs to Marco Leighton - +1 503 881 6630. The beans he talked about? They seemed incredible, so hold on to that detail. His voice carried excitement when describing them. You might want to keep it close at hand later. That info could matter more than expected.
One thing - he tends to roast in tiny amounts, just enough to keep each batch lively.
",30,Female,en_US,Interior Designer,contact,,,,,,
531,Nganp1,,HAINV2,accepted,ok,ok,2026/03/09,10,Note,Victor,"Reminder about the barber Jake recommended.

Name: Omar Castillo
Phone: +1 602 772 4418

• shop somewhere in Phoenix
• apparently really good fades
• Jake said appointments fill fast
• texting works better
• might try haircut next week
• remember to ask price
• save this number",37,Male,en_US,Warehouse Supervisor,contact,,,,,,
532,Nganp1,,HAINV2,accepted,ok,ok,2026/03/09,4,Note,Lillian,"A hiker with a camera showed up on the trail Saturday morning. Instead of just passing by, we ended up chatting about wide-open spaces and shooting sunsets. His weekends often include leading quick photo sessions deep inside protected forests. Honestly? Getting better behind the lens has been on my mind more these days.

Should I go for one of those workshops, getting in touch would make sense. Reaching out comes next if that choice lands. A note could start things moving once the mind is made up.
Name: Aaron Bishop
Phone: +1 801 664 5509
Texting, that is what he claimed fits the situation most. Though his words pointed there clearly.
Works around Utah parks.",33,Female,en_US,Travel Blogger,contact,,,,,,
533,Nganp1,rework done,HAINV2,hold,"ngắn
12.2% AI",ok,2026/03/09,12.4,Note,Raymond,"Wrote this while sitting in the café because I keep forgetting useful contacts huhu. 
Earlier today I talked with a guy who restores old leather bags and jackets..my brown backpack has a torn strap so he might be able to fix it instead of me buying a new one. Its sound great <3 
He said textingg is easiest since he works alone in the shop most days. His name is Elliot Kramer and his number is +1 646 773 9201. 
He mentioned that most strap repairs are pretty straightforward if the leather isn't completely cracked through. Apparently he's been doinfg leather restoration for years and works on everything from backpacks to vintage jackets. I'll probably text him later this week with a picture so he can tell me whether it's worth fixing.",41,Male,en_US,Bookstore Owner,contact,,,,,,
534,Nganp1,rework done,HAINV2,hold,"9 dòng
19% AI",ok,2026/03/09,19,Note,Tania,"Reminder about the swimming coach someone mentioned at the gym.

Name: Derek Holloway
Phone: +1 407 661 3350

Apparently he teaches adult beginners.
Might actually try a few sessions because my technique is terrible.
I can honestly say I don't know how to swim T_T
He said texting works better than calling.
Works at a community pool in Orlando.
Remember to ask about evening classes.
Save this contact here.",29,Female,en_US,Dental Assistant,contact,,,,,,
535,Nganp1,rework done,HAINV2,hold,18% AI,ok,2026/03/09,18,Note,Grant,"I often attend car enthusiast gatherings./
Met a guy at a weekend car meetup who specializes in restoring classic car interiors. We talked for a bit about my old Mustang and he said he sometimes redoes seats and dashboards for vintage cars.@@ That could actually be useful because the leather in mine is cracking badly.

Name: Luther Banks
Phone: +1 615 772 8841
Text him photos first.
Based around Nashville.
Ask about price estimate.",47,Male,en_US,Auto Parts Dealer,contact,,,,,,
536,Nganp1,,HAINV2,accepted,ok,ok,2026/03/09,8,Note,Sophia,"• Contact from pottery class today
• Name: Jenna Calder
• Phone: +1 503 884 2291
• runs beginner pottery workshops
• studio somewhere in Portland
• might sign up next month
• ask class price
• remember Saturday schedule
• texting works easiest
• save this contact",26,Female,en_US,Art Student,contact,,,,,,
537,Nganp1,,HAINV2,hold,"29% AI
ngắn",ok,2026/03/09,,Note,Malcolm,"Talked with a kayak rental owner near the river trail this morning.
I was asking about places to paddle during summer and he mentioned he also organizes short guided trips for beginners. Might actually be fun to try one weekend when the weather gets warmer.

His name is Colin Dorsey.
Phone number: +1 843 774 5518.
He said texting works better.
Based around Charleston.
Remember to ask about sunrise tours.",38,Male,en_US,Landscape Architect,contact,,,,,,
538,Nganp1,,HAINV2,accepted,ok,ok,2026/03/09,,Note,Brielle,"Writing this down because I always forget numbers later. Met a freelance makeup artist backstage during a small fashion event tonight. She said she sometimes does private makeup sessions for photoshoots or weddings.

Name: Nadia Serrano
Phone: +1 305 661 9924

Text before booking.
Works around Miami.
Ask about pricing packages.
Portfolio looked really good honestly.",32,Female,en_US,Fashion Stylist,contact,,,,,,
539,Nganp1,,HAINV2,hold,"9 dòng
8% AI",ok,2026/03/09,,Note,Leonard,"Quick note before I forget again.

Bike repair contact from the trail parking lot.
Name: Travis Reed
Phone: +1 720 664 4432

He fixes mountain bikes and suspension.
Might ask him to check my rear shock.
He said texting works easiest.
Works around Boulder area.
Remember to bring the bike next weekend.",45,Male,en_US,Park Ranger,contact,,,,,,
540,Nganp1,,HAINV2,hold,"ngắn
44% AI",ok,2026/03/09,,Note,Isabel,"I ran into a small bakery owner while waiting for coffee earlier and we started talking about desserts. She mentioned she sometimes makes custom birthday cakes for small parties. That reminded me that Mom’s birthday is coming up soon so this might actually be perfect. If I decide to order one, I should message her first because she said she books orders a few days in advance.

Her name is Clarissa Vaughn and her number is +1 408 771 6643.",35,Female,en_US,Nutritionist,contact,,,,,,
541,Nganp1,,HAINV2,accepted,ok,ok,2026/03/09,,Note,Andre,"Two useful contacts from today’s filming meetup so writing both down here before I forget.

Drone operator — Miles Crawford
+1 323 773 5510

Video editor — Ethan Lasker
+1 323 668 2204

Miles handles aerial footage and Ethan does post-production work.
They said texting works better than calls.
Both based in Los Angeles.
Could be useful for future video projects.",37,Male,en_US,Videographer,contact,,,,,,
542,Nganp1,,HAINV2,accepted,ok,ok,2026/03/09,,Note,Felicia,"Met a guitar teacher while browsing a music shop after work. We talked about beginner blues lessons and he said he teaches evening classes for adults. I’ve been wanting to learn guitar for a while so maybe this is a sign to finally start.

Name: Owen Gallagher
Phone: +1 312 884 9910

Text to ask about lesson schedule.
Works in Chicago.
Remember to ask monthly price.",34,Female,en_US,Office Administrator,contact,,,,,,
543,Nganp1,,HAINV2,hold,"9 dòng
19.8 % AI",ok,2026/03/09,,Note,Max,"Met a vintage typewriter repair guy at a flea market this afternoon. I was just browsing and he noticed me looking at an old Remington machine and started explaining how he restores them. That reminded me about the dusty typewriter sitting in my apartment closet. Might actually get it fixed one day instead of letting it rust there.

His name is Bernard Talbot.
Phone: +1 718 664 5512.
He said texting works easier because he works alone in his workshop most of the time.
Need to send him a photo of the machine first.",36,Male,en_US,Journalist,contact,,,,,,
544,Nganp1,,HAINV2,accepted,ok,ok,2026/03/09,,Note,Kelvin,"Reminder about the phone screen repair contact from the mall kiosk.

Name: Samir Patel
Phone: +1 469 772 3391

He replaces cracked iPhone screens.
Might need this soon because my phone corner is already chipped.
He said walk-ins are okay but texting first helps.
Works around Dallas area.
Remember to ask repair time.",28,Male,en_US,Software Support Specialist,contact,,,,,,
545,Nganp1,,HAINV2,hold,9 dòng,ok,2026/03/09,15.3,Note,Kelly,"I talked with a freelance dog trainer at the park this morning while walking Luna. She noticed Luna pulling the leash and gave me a few quick tips. Apparently she offers short training sessions for young dogs and said results usually show within a couple weeks.

Her name is Marta Delgado.
Phone number: +1 305 774 2285.
She prefers text messages instead of calls.
Works around Miami neighborhoods.
Remember to ask session prices.",34,Female,en_US,Marketing Manager,contact,,,,,,
546,Nganp1,,HAINV2,accepted,ok,ok,2026/03/09,,Note,July,"• Contact from the community gardening meetup
• Name: Oliver Finch
• Phone: +1 503 771 6609
• helps design small backyard gardens
• mentioned planting herbs and tomatoes
• might ask him for layout ideas later
• texting works best
• based around Portland
• remember to send backyard photo",31,Female,en_US,Landscape Blogger,contact,,,,,,
547,Nganp1,,HAINV2,hold,"cần đa dạng số dòng
42.3% AI",ok,2026/03/09,,Note,Nick,"Earlier today at the skate park I met someone who repairs electric scooters. My scooter battery has been draining really fast lately so this might actually help. He showed me a few photos of previous repairs and seemed to know what he was doing.

Name: Curtis Lang
Phone: +1 213 661 9044

Text before bringing the scooter.
Works around Los Angeles.
Remember to mention battery issue.",27,Male,en_US,Delivery Courier,contact,,,,,,
548,Nganp1,,HAINV2,accepted,ok,ok,2026/03/09,,Note,Alina,"Wrote this down after chatting with a florist while buying flowers for the kitchen table. She mentioned she sometimes designs small arrangements for dinner parties or home events. Could be useful if I ever host something fancy again.

Florist name: Rosalie Kim
Phone: +1 415 884 6631

Text first before ordering.
Works around San Francisco.
Ask about seasonal flowers.",29,Female,en_US,Interior Stylist,contact,,,,,,
549,Nganp1,,HAINV2,accepted,ok,ok,2026/03/09,,Note,Alex,"Two useful contacts from a small music networking meetup tonight.

Guitar setup technician — Evan Brooks
+1 615 771 5523

Drum teacher — Harold Tate
+1 615 660 3380

Both based around Nashville.
They said texting works easier than calls.
Could be useful for studio projects later.",33,Male,en_US,Audio Producer,contact,,,,,,
550,Nganp1,,HAINV2,hold,"quá ngắn
54% AI
bị detect quá 2 câu liên tiếp",ok,2026/03/09,,Note,Donal,"Met a sailing instructor while walking along the harbor earlier. We started talking about boats and he mentioned he sometimes teaches short sailing lessons for beginners. I’ve always wanted to learn but never knew where to start.
His name: Gregory Shaw
Phone: +1 617 774 1194",48,Male,en_US,Harbor Maintenance Supervisor,contact,,,,,,
551,Nganp1,,HAINV2,accepted,ok,ok,2026/03/09,,Note,Angelina,"Quick note about the yoga instructor someone recommended at the wellness studio.

Name: Priya Anand
Phone: +1 408 663 8840

• teaches beginner yoga classes
• studio located in San Jose
• might try a session next month
• she said texting is easiest
• ask about class schedule
• remember to bring yoga mat",35,Female,en_US,Wellness Coach,contact,,,,,,
552,Nganp1,,HAINV2,accepted,ok,ok,2026/03/09,,Note,Jolie,"I was browsing a small bookshop earlier when the owner mentioned he also restores damaged books. That instantly reminded me of the old hardcover novel at home with a torn spine. Instead of throwing it away I might actually get it repaired.

Book repair specialist: Thomas Calder
Phone: +1 212 771 4490

He said texting works fine.
Works around Manhattan.
Need to send a photo of the book damage first.",37,Female,en_US,Editor,contact,,,,,,
553,Nganp1,,HAINV2,accepted,ok,ok,2026/03/09,,Note,Preston,"Marcus Weller
+1 720 665 9913

met him at the weekend car meet
apparently he restores old dashboards and steering wheels
my Mustang interior definitely needs help
said texting works easier
works around Denver
remember to send photos first
keep this number here",43,Male,en_US,Auto Restoration Specialist,contact,,,,,,
554,Nganp1,,HAINV2,hold,"ngắn
100% AI",ok,2026/03/09,,Note,Yara,I was waiting for my sandwich at a small deli earlier today and ended up talking with a guy who roasts specialty coffee beans. He said he sometimes sells small batches directly to people who want fresher beans than what grocery stores offer. That might actually be interesting because I’ve been trying to improve my morning coffee routine. His name is Samuel Ortega and the number he gave me is +1 503 661 2248.,30,Female,en_US,Nutrition Coach,contact,,,,,,
555,Nganp1,,HAINV2,hold,cần đa dạng số dòng,ok,2026/03/09,9.5,Note,Cedric,"Reminder about the piano teacher from the community center.

Name: Lauren Beckett
Phone: +1 312 774 5521

She teaches beginner adults.
Might try lessons next month.
Texting works better than calls.
Studio somewhere near downtown Chicago.
Ask about evening schedule.",37,Male,en_US,Insurance Agent,contact,,,,,,
556,Nganp1,,HAINV2,hold,"quá ngắn
56.4% AI
bị detect quá 2 câu liên tiếp",ok,2026/03/09,,Note,Vanessa,Talked with a glass artist at a craft market this afternoon. She mentioned she sometimes repairs broken decorative glass pieces and even redesigns them if the damage is too big. That reminded me of the cracked vase in the kitchen cabinet. If I ever decide to fix it I should text Amelia Rhodes at +1 415 662 4410 because she said she usually answers messages faster than phone calls.,35,Female,en_US,Art Gallery Manager,contact,,,,,,
557,Nganp1,,HAINV2,accepted,ok,ok,2026/03/09,,Note,Lionel,"• Kayak guide contact
• Name: Trent Mallory
• Phone: +1 843 774 1182
• runs sunrise kayak tours
• met him near the marina
• might try one this summer
• texting works easiest
• based around Charleston
• ask price per person",41,Male,en_US,Boat Mechanic,contact,,,,,,
558,Nganp1,,HAINV2,hold,"ngắn
100% AI
bị detect quá 2 câu liên tiếp",ok,2026/03/09,,Note,Delaney,Met someone interesting during the photography walk downtown tonight. We were talking about lighting setups and he mentioned he rents portable studio lights to freelancers. That could be useful for small portrait shoots. If needed I should text Adrian Holt (+1 503 661 7784) since he said that’s the easiest way to reach him when he’s out working events.,32,Female,en_US,Freelance Photographer,contact,,,,,,
559,Nganp1,,HAINV2,accepted,ok,ok,2026/03/09,,Note,Harrison,"Contact from the climbing gym today

Owen Whitaker
+1 720 774 6631

he coaches beginner climbers
said he runs small training sessions
might try a class next week
remember to ask about gear rental
text before coming",29,Male,en_US,Fitness Instructor,contact,,,,,,
560,Nganp1,,HAINV2,hold,"ngắn
100 % AI
bị detect quá 2 câu liên tiếp",ok,2026/03/09,,Note,Maribel,I met a guy selling handmade leather belts at a small street market earlier today. We talked about leather crafting for a few minutes and he mentioned he also repairs worn belts and wallets. That reminded me about my old brown belt that’s cracking near the buckle. His name is Victor Armand and the phone he gave me is +1 504 771 9920 so I should text him first and ask if it’s repairable.,34,Female,en_US,Boutique Owner,contact,,,,,,
561,Nganp1,,HAINV2,hold,"ngắn
50% AI",ok,2026/03/09,,Note,Roland,"Two contacts from today’s cycling meetup because both might be useful later.

Bike fitting specialist — Daniel Kruger — +1 503 664 8821
Wheel builder — Isaac Moreno — +1 503 664 5532

Both based in Portland.
They said texting works better than calling.",46,Male,en_US,Physical Therapist,contact,,,,,,
562,Nganp1,,HAINV2,accepted,ok,ok,2026/03/09,,Note,Camille,"Note to self about the cooking instructor someone recommended.

Name: Teresa Bellini
Phone: +1 415 661 3390

• teaches Italian cooking classes
• small groups only
• might try a weekend class
• remember to ask about pasta workshop
• texting works best",33,Female,en_US,Food Writer,contact,,,,,,
563,Nganp1,,HAINV2,hold,"ngắn
50.1% AI
bị detect quá 2 câu liên tiếp",ok,2026/03/09,,Note,Elliot,Met a guy repairing old fountain pens at a small antique stall today. I was just browsing but he started explaining how he replaces nibs and cleans ink systems. It reminded me of the pen my grandfather gave me years ago that stopped working. Instead of letting it sit in a drawer I might actually ask him if it can be restored. His name is Gabriel Finch and his number is +1 646 664 8814. He told me texting works better since he spends most of the day working with tools and doesn’t always hear calls.,42,Male,en_US,Historian,contact,,,,,,
564,Nganp1,,HAINV2,hold,"cần đa dạng số dòng và format
ngắn
",ok,2026/03/09,8,Note,Marissa,"Contact from today’s farmers market

Oliver Grant
+1 503 661 3398

he sells homemade hot sauces
mentioned he also teaches small chili-making workshops
might actually try one lol
said texting works best
remember to ask about next class",30,Female,en_US,Nutrition Blogger,contact,,,,,,
565,Nganp1,,HAINV2,hold,"ngắn
100% AI
bị detect quá 2 câu liên tiếp",ok,2026/03/09,,Note,Terrence,I was chatting with someone at the marina earlier who builds custom fishing rods. Apparently he handcrafts them for people who want lighter gear for river fishing. That actually sounded pretty cool because my current rod feels way too heavy for long trips. If I ever decide to upgrade I should text Marcus Bell at +1 843 774 2210 because he said he usually replies pretty quickly in the evenings.,45,Male,en_US,Fishing Guide,contact,,,,,,
566,Nganp1,,HAINV2,hold,cần đa dạng số dòng và format,ok,2026/03/09,5,Note,Bianca,"• Contact from local dance studio
• Name: Daniela Rios
• Phone: +1 305 774 1184
• teaches beginner salsa classes
• studio somewhere in Miami
• might try class next month
• she said texting works easiest
• remember to ask about group sessions",27,Female,en_US,Event Host,contact,,,,,,
567,Nganp1,,HAINV2,accepted,ok,ok,2026/03/09,,Note,Malcolm,"Note about the guy who repairs acoustic guitars at the music shop.

Name: Patrick Delaney
Phone: +1 615 661 4480

He said buzzing strings usually mean the bridge needs adjustment.
Might bring the guitar next week.
Text before visiting the workshop.
Works around Nashville.",38,Male,en_US,Audio Technician,contact,,,,,,
568,Nganp1,,HAINV2,hold,"ngắn
50% AI",ok,2026/03/09,,Note,Sienna,"Ran into someone selling handmade candles at a small craft fair earlier. We talked about scents for a while and she mentioned she sometimes makes custom candle batches for events or gifts. That might actually be useful around the holidays. If needed I should message her — name is Elise Carver, phone +1 415 771 5530 — she said texting works better because she’s often pouring wax and doesn’t answer calls quickly.",31,Female,en_US,Interior Decorator,contact,,,,,,
569,Nganp1,,HAINV2,hold,ngắn,ok,2026/03/09,8,Note,Julian,"Two contacts from the tech meetup tonight:

Drone videography — Lucas Kramer — +1 720 661 8870
Audio recording — Mateo Sinclair — +1 720 661 9942

Both freelancers working around Denver.
They said texting works easier than calls.
Might collaborate on video project later.",36,Male,en_US,Video Editor,contact,,,,,,
570,Nganp1,,HAINV2,hold,"ngắn
53% AI
bị detect quá 2 câu liên tiếp",ok,2026/03/09,,Note,Colette,Random note before I forget. Talked with a baker at a street market who specializes in sourdough bread and apparently teaches small weekend baking classes. I’ve been wanting to learn how to bake proper sourdough for ages so this might be worth trying. Her name is Harriet Vaughn and the number she wrote down is +1 503 774 4421. She said just text if I want the class schedule.,34,Female,en_US,Culinary Writer,contact,,,,,,
571,Nganp1,,HAINV2,accepted,ok,ok,2026/03/09,,Note,Darius,"Kayak rental contact

Leonard Pike
+1 843 661 3318

met him near the river dock
he rents gear + leads beginner paddling trips
said weekends r usually busiest
text him if planning a group outing
remember to ask rental price",40,Male,en_US,Outdoor Guide,contact,,,,,,
572,Nganp1,,HAINV2,,"ngắn
40% AI",ok,,,Note,Giselle,Wrote this down after talking with someone at a weekend art workshop. He restores old wooden picture frames and even builds custom frames for paintings. That reminded me about the landscape painting sitting in my hallway without a proper frame. His name is Arthur Molina and his phone is +1 408 661 9926. He told me to text him a photo of the painting first so he can estimate the size.,37,Female,en_US,Gallery Curator,contact,,,,,,
573,,,,,,,10/03/2026,,Note,,"Tom Willis – electrician guy my cousin recommended.
Phone: +1 206 555 0143


Met him last fall when the kitchen lights kept flickering and I thought the wiring was gonna fry the breaker again. He came over same evening and fixed it pretty quick.


Said if anything weird happens with the panel again I should text first because he’s usually driving between jobs.


Pretty chill dude, didnt try to upsell stuff like the last repair company did.


Also mentioned he installs those newer smart breakers if I ever redo the electrical panel.


Need to remember to call him sometime before winter cause the garage outlets still spark a bit.




Tom Willis
+1 206 555 0143


dont lose this number again, seriously.",,,en_US,Warehouse Supervisor,contact,,,,,,
574,MinhBH,rework done,PhucVQ,accepted,ok,ok,10/03/2026,10.8,Note,Melissa Carter,"Contact I should keep: Lauren Vega
Works with pet grooming & boarding stuff.


Phone: +1 415 555 0182


Met her at the dog park when Milo ran off and she helped grab him before he ran into the street.


She mentioned she does weekend boarding if I ever travel and can’t take the dog with me.


Her place somewhere near Oak St, small house but she has a fenced yard which is nice.


She said texting is easier cause she’s usually busy with dogs all day.


Might ask about grooming too because Milo’s fur gets messy fast.


Remind her I’m the one with the golden retriever that kept stealing the tennis balls lol.


Also she told me she sometimes gives discounts if it’s repeat visits.


NOTE: message her before July trip maybe.

",29,Female,en_US,Dental Assistant,contact,,,,,,
575,MinhBH,rework done,PhucVQ,accepted,ok,ok,10/03/2026,23%,Note,Brian O’Neil,"""coffee supplier guy from the small cafe expo last month
his name is Eric Dalton
phone number +1 720 555 0194
runs a small roasting business somewhere in Denver
said he works with local cafes and small restaurants mostly
mentioned he can ship sample beans if I wanna try them at the shop
I told him our cafe might switch suppliers later this year cause prices keep going up
he suggested starting with the medium roast blend cause its the most popular
also gave some tips about dialing in espresso grind which was helpful honestly
should probably call him sometime next week once I talk to the manager
dont forget to mention the expo booth so he remembers the conversation

roasting company name something like ""Dalton Roasters"" I think
seems like a decent contact to keep around
maybe good for seasonal beans too



",41,Male,en_US,Café Manager,contact,,,,,,
576,MinhBH,rework done,PhucVQ,accepted,ok,ok,10/03/2026,14,Note,Ashley Nguyen,"Emergency plumber contact (just in case again)

* came over when the bathroom pipe burst last winter at like 8pm
* neighbor upstairs gave me his number cause he fixes stuff around the building
* showed up within 30 minutes which honestly saved the floor
* said small leaks usually start near the valve behind the sink
* told me to shut off water main first if anything like that happens again
* works mostly around Midtown area
* prefers calls not texts cause he doesnt check messages much
* charges flat visit fee + parts
* kinda messy handwriting on the receipt lol
* but overall solid guy and fast worker
* keep his number somewhere safe this time

Greg Patterson – plumber
+1 313 555 0177",34,Female,en_US,Interior Designer,contact,,,,,,
577,MinhBH,rework done,PhucVQ,accepted,ok,ok,10/03/2026,11,Note,Jonathan Pierce,"Quick note about auto mechanic contacts from yesterday

Main mechanic: Luis Ramirez
Shop phone: +1 602 555 0131

Met him through a coworker when my old Honda started making that awful grinding noise near the front wheel.
He checked it and said brake pads were basically gone lol.

Luis runs a small garage called Ramirez Auto Works somewhere off Jefferson Ave.
He said they mainly do brake jobs, oil changes and engine diagnostics.

Other contact he mentioned if they’re too busy:
Mark Ellison
backup mechanic number +1 602 555 0166
apparently Mark handles transmission stuff mostly.

Notes so I dont forget:
- Luis prefers a call early morning before the shop gets packed.
- Mark usually works afternoons.
- both of them seem honest which is rare with car repair honestly.

might go back next month for the tire rotation.

keep both numbers saved somewhere safe cause car keeps acting weird lately.",46,Male,en_US,Insurance Adjuster,contact,,,,,,
578,MinhBH,rework done,PhucVQ,accepted,ok,ok,10/03/2026,8,Note,Marcus Fields,"new barber someone recommended at the gym yesterday
name: Tony Alvarez

said he’s been cutting hair there like 12 yrs already
couple guys from the gym swear he does good fades
I kinda need a haircut before next week anyway

notes from convo
* prefers walk-ins on weekdays
* weekends get crowded real fast
* accepts cash or venmo I think
* told me to mention the gym referral

works at a small shop near 5th street
phone +1 505 555 0121

dont forget cause last time I waited too long and looked like a caveman lol",32,Male,en_US,Security Guard,contact,,,,,,
579,MinhBH,rework done,PhucVQ,accepted,ok,ok,10/03/2026,10.8,Note,Pastry Cook,"Contacts from the small bakery networking thing downtown

Clara Whitmore
phone: +1 212 555 0148
she runs a catering biz mostly for office events and small weddings
said she sometimes needs freelance pastry help during busy months
I told her I might be intrested if my current cafe hours stay flexible

also another person there: Derek Hall
number +1 212 555 0199
he supplies specialty chocolate blocks for bakeries
apparently imports stuff from Belgium and Ecuador
prices sounded decent but I didnt write the details down

things to remember
- Clara said texting is fastest
- Derek usually answers calls after 4pm
- both seemed friendly and easy to talk to

reminder: message Clara before the holiday season cause thats when catering orders explode

keep both contacts just in case future side work pops up",28,Female,en_US,Pastry Cook,contact,,,,,,
580,MinhBH,rework done,PhucVQ,accepted,ok,ok,10/03/2026,9,Note,Olivia Grant,"""Apartment maintenance contacts so I dont panic next time something breaks


• main building tech: Samir Patel
• direct phone: +1 408 555 0156
• fixed my heater last December when it suddenly stopped working at night
• super polite guy and actually explained what was wrong instead of just leaving
• said to text if its something small like thermostat issues


backup guy if Samir's not around
• Daniel Ross
• number +1 408 555 0172
• handles plumbing stuff mostly
• met him briefly when he checked the upstairs pipes


reminder for myself
call before 5pm cause office usually closes early
both numbers are saved here in case the phone resets again""",40,female,en_US,Real Estate Agent,contact,,,,,,
581,MinhBH,rework done,PhucVQ,accepted,ok,ok,10/03/2026,19,Note,Ethan Caldwell,"""Random but useful contact from the weekend fishing trip planning
boat rental place guy – Jerry Collins

met him when I called around looking for a small motor boat rental near the marina
he runs a tiny operation with only like 4 boats but prices seemed fair
said early mornings are best if we wanna avoid the tourist crowd
also mentioned they provide basic fishing gear if needed but rods are kinda old
told him we might come sometime in late May with a couple friends


things he mentioned
- need to reserve at least 2 days before
- bring ID and small deposit
- fuel cost separate (almost forgot that part)


Jerry Collins
+1 904 555 0165
marina rental contact
dont lose this cause finding boat rentals last minute was a pain lol""",45,Male,en_US,High School Teacher,contact,,,,,,
582,MinhBH,rework done,PhucVQ,accepted,ok,ok,10/03/2026,20,Note,Marcus Bell,"""Random but useful contact list from the local bike shop visit yesterday
shop mechanic I talked with: Jordan Pike
direct phone +1 415 555 0172
he looked at my road bike cause the rear gear kept slipping on climbs.
said the derailleur prob needs adjusting and maybe new cable soon.
another guy there who handles more serious repairs:
Samir Patel
number +1 415 555 0129
notes from convo:
- Jordan works mornings mostly
- Samir is usually there doing bigger fixes in the afternoon 
- they suggested bringing the bike in before spring race season starts""",45,Male,en_US,High School Teacher,contact,,,,,,
583,MinhBH,rework done,PhucVQ,accepted,ok,ok,10/03/2026,12,Note,Trevor Lang,"""Need to save this before I forget again. HVAC repair contact someone from work suggested.
Name: Derek Collins
Phone +1 720 555 0138
Last August the AC in the apartment started blowing warm air and I thought the whole unit was done for. Called Derek after my coworker Josh gave me the number.
He came out next morning, checked the outside compressor and said it was just a clogged filter + some wiring loose.
Really decent guy, didnt overcharge and explained what he was doing which I appreciate.
Said if the unit makes a rattling sound again I should text him first cause he's usually on rooftops during the day fixing other systems.
Might also ask him about installing one of those smart thermostats later this year.
note to self: call him before summer hits again so the AC doesnt die mid-July.""",37,Male,en_US,Delivery Driver,contact,,,,,,
584,HAINV2,rework done,Nganp1,accepted,ok,ok,2026/03/09,25,Note,Susan Gonzalez,"Architect contacts – keep this handy
Tom Baker Structural Consultant
Reach out by calling + 1 503 771 2944
Met him during the small library renovation project last spring
Finding balance in heavy loads comes naturally, especially when rules were written long ago
He helped double-check a beam issue when I wasn’t 100% sure
Portland area location
Mornings work better for a call, ahead of his trips out. That way things line up without trouble. Reaching out early helps avoid delays later. Timing it right keeps everything moving smoothly. A quick check-in at daybreak sets the pace well
Texting drawings helps, he mentioned
Maybe he knows something about that warehouse project turning into offices
When you call, just mention my name so he remembers - yeah, that should help
Most weeks appear packed
Good backup engineer contact",52,Male,en_US,Architect,contact,,,,,,
585,HAINV2,,Nganp1,hold,sđt phải là dãy số và bắt đầu bằng +1,ok,2026/03/09,0,Note,Jessica Moore,"Random but useful contact
Name Saved Carla Benson
Call it one four zero seven six six two five five three zero
She works with a local appliance repair company
Fridge stopped last year - no more cool air at all - yet somehow a fix showed up when everything had halted
Faster than anyone thought, the fix showed up before breakfast. Right away, they took care of the busted compressor
Very friendly person, explained what went wrong
If the washing machine acts up, there could be a phone call. When the dryer halts during a spin, contact may come through
Out of nowhere, a message arrived from her - needed to confirm it wasn’t spam sneaking into my stream
Faster than most when answering
Orlando service region
One day, this number might matter. Tuck it away where your fingers find it fast. Perhaps tomorrow, maybe next week - hard to tell when things shift. A quiet backup for moments that surprise you. Closer than you think could be enough
Mending small kitchen tools happens more often than you'd think",52,Female,en_US,Customer Service Representative,contact,,,,,,
586,HAINV2,,Nganp1,hold,54% mydetect,ok,2026/03/09,9.4,Note,Michael Robinson,"Networking notes for pharmacy
Andrew Patel M.D.
Call by phone, at +1 312-890-4477 with a portable device now — call wherever you are. Hearing the numbers out loud connects them. It is the first step in a direct link using only your wireless signal.
I got off the train and saw him at the coffee machine. We had both attended the same meeting that had presented trial results downtown. His name badge was sideways as he was telling me his thoughts about dose phases. There was an opportunity to share names when there was time to pause in the meeting. Later, as it began to rain on the window, he told me about working the night shifts the last time they followed up from the study.
He also has an interest in researching new drug delivery systems.
When I told him I was confused about laboratory work, he indicated that I could ask my questions so that I could become comfortable before doing a lab job.
He was a very friendly person.
He prefers to get short phone calls instead of long e-mails.
He usually is available after 6 p.m.
He works in hospital-based research.
He might mention living location options if we continue to talk.
He commented on the planning of the symposium being done for the following year.
It might be best to wait a little while to call him, as there may be problems calling during high-traffic periods.
He will be an excellent contact for career advice.",32,Male,en_US,Pharmacist,contact,,,,,,
587,HAINV2,,Nganp1,accepted,ok,ok,2026/03/09,0,Note,David Clark,"Data analytics contact
Jenny Wu
Give a call to reach out - dial 1-646-337-9901 anytime. Reachable through that number whenever needed
That afternoon dragged on because the system kept failing. Then she arrived, calm, took a look. Her way of rewriting the code made it work. By reframing how the query was built, everything ran smoothly. The fix landed minutes before time ran out
Floating through streams of data, this one lines up neatly with setups built for shifting details. Much like tucking a novel into its usual spot on the shelf, cloud storage slides in without effort
Might be taking on freelance gigs these days
Perhaps she understands configuring those dashboards to operate independently
located somewhere in new york city
Faster contact? Go with a brief note. A quick line often works better than long explanations. Skip the extra words - just say what matters. Short usually means quicker reply. Less text, more speed. Get noticed by being clear, not loud
Usually responds same day
Few words beat long talks when it comes to her preference - truth is, she’d rather skip the call altogether
Stick around when data gets messy. Hang close if numbers act up. Stay nearby for tough info puzzles. Be present when details go sideways. Stick near when facts get tangled",40,Male,en_US,Data Analyst,contact,,,,,,
588,HAINV2,,Nganp1,accepted,ok,ok,2026/03/09,19.7,Note,Mary Sanchez,"Project vendor contact list:

Contact: Leo Grant
Phone: +1 720 581 2234
Leo handles equipment rentals for construction.

I met him while building a warehouse last year. He saved us with a last-minute forklift when another vendor bailed.

He's really reliable and easy to work with. His warehouse is near Denver.

Best time to reach him is in the morning. He sometimes offers discounts if we use him a lot.

Need to ask him about scissor lift rentals for next month.

Remember to say our company name when you call.

Good vendor to keep on file.",32,Male,en_US,Project Manager,contact,,,,,,
589,HAINV2,,Nganp1,hold,Ai detect 31%,ok,2026/03/09,9,Note,James Harris,"Reminder: Equipment supplier contact

*   Name: Leo Martinez
*   Phone: +1 734 668 2249

Met Leo at the Detroit industrial parts show a while back. He's with a company that sells bearings and drive parts. We chatted about replacement parts for old milling machines, and he mentioned they sometimes have discontinued stuff. Could be good to have his contact for finding rare spares. Send a text before calling since he's often at trade shows.
Make sure to ask about bulk pricing. He seemed like he knows his stuff about mechanical systems. Keep his contact info in the supplier list and reach out when the next maintenance cycle is coming up.
",32,Female,en_US,Mechanical Engineer,contact,,,,,,
590,HAINV2,,Nganp1,accepted,ok,ok,2026/03/09,11,Note,Mary Thompson,"For help with paperwork, Mark Ellison is your guy.

*   Call him directly at 973-400-8825.
*   I met him at a local business meetup.
*   He helps freelancers like me with payroll and taxes.
*   He’s really patient when explaining tricky tax stuff.
*   I might call him before tax season starts.
*   His office is in New Jersey.
*   He likes calls on weekday mornings.
*   He can also set up bookkeeping software.
*   Remember to ask him about quarterly taxes.
*   He seems super organized and is a contact for finances",41,Male,en_US,Accountant,contact,,,,,,
591,HAINV2,,Nganp1,accepted,ok,ok,2026/03/09,19,Note,Joshua White,"Field engineer contact:

Kevin Morales
Phone: +1 858 622 7710

I worked with him on a road survey thing in California. He does drone mapping and land stuff.

He's super quick at processing terrain data.

I saved his number in case we get another survey gig.

He's usually out doing fieldwork during the day, so evenings are better to call.

He said texting coordinates is cool.

He might be able to help with bridge inspections down the line.

Note: Ask him about his new drone.

He's a solid guy and a good contact to have.",47,Male,en_US,Civil Engineer,contact,,,,,,
592,HAINV2,,Nganp1,accepted,ok,ok,2026/03/09,12,Note,John Garcia,"Hospital Contact Note

Name: Laura Mitchell
Phone: +1 602 710 6642
She's at the medical staffing office.

She helped me out with a shift swap super last minute.
She is helpful when the schedule is all messed up.
She usually picks up the phone fast.
She's only in on weekdays.
Best time to call is before 4 PM.
I could call her if I want extra shifts next month.
She also knows about temp nurse jobs.
Note: Remind her I'm on the ER team.
She's a nice person.",35,Male,en_US,Nurse,contact,,,,,,
593,HAINV2,,Nganp1,accepted,ok,ok,2026/03/09,2.1,Note,Richard Ramirez,"Dental Lab Contact Log

Daniel Cruz
Phone: +1 213 665 4499
Runs a small dental lab in Los Angeles.

I used him for crown work last year.
The quality was good, honestly.
Usually, it's done in about three days.

He prefers calls to texts. Says it's quicker to get things done before you forget. A real voice is clearer when you're in a rush, and spoken words hit harder. Plus, waiting for a text feels longer.

Next time I talk to him, I’ll ask about the latest ceramic stuff. And those material updates.

Also, he fixes broken tooth impressions.
He's busiest in the afternoon, so morning calls are best.

Keep his number handy if you need lab tests.
",35,Male,en_US,Dentist,contact,,,,,,
594,HAINV2,,Nganp1,accepted,ok,ok,2026/03/09,16.3,Note,Melissa Miller,"Industrial parts contact:

Steve Hammond
Call him at 1-248-709-5512

I met Steve at a trade show in Detroit. The place was packed with loud machines. He makes custom parts, not the usual stuff you find in stores. He's really into bearings and how things spin, also drive setups.

If you need replacement parts for the plant, give him a shout. He mentioned that bigger orders could mean better prices.

Text him first. Calling is better once he knows who you are because he's always driving.

Don't forget to ask him about motor couplings when you talk to him.

He does small jobs every so often.

He's a good guy to know; he might be useful when we upgrade our gear later.
",49,Female,en_US,Mechanical Engineer,contact,,,,,,
595,HAINV2,,Nganp1,hold,Ai detect 41%,ok,2026/03/09,20,Note,Donald Miller,"Last Thursday was a day. Donald Miller kept this info handy after spending hours on the phone:

Appliance warranty company customer service rep.

Phone: +1 415-602-8893

We needed a repair because our machine broke down. Someone helped sort out the paperwork, and our claim was handled fast, which was great since these things can usually take forever.

He said it's easier to get him directly instead of going through the main number.

Try calling before 11 AM. He's usually available then, but not so much later.

Still checking if the new machine shipped and where it is. Waiting on details from logistics and should have an update tomorrow morning. Fingers crossed it's already left the warehouse.

Also, need to see if the warranty covers install fees.

He was friendly on the phone, but the call was quick, like he was in a hurry.

Note: Have the receipt photo ready before you call.

Check out the message he sent, too.

Remember to thank him next time you see him!",60,Male,en_US,Customer Service Representative,contact,,,,,,
596,HAINV2,,Nganp1,accepted,ok,ok,2026/03/09,21,Note,David Martin,"Need to keep this contact somewhere easy:
David Martin
A person fixing machines checked why the garage door made a strange sound when running
+1 503-718-4412
Met Him Through Neighbor Tom
The belt could fail early, he mentioned
He said send photos by message should the noise grow stronger once more
Usually works late afternoon jobs
Truth is, their fees line up close to what most charge. Payment feels balanced when stacked against similar options. Not too high, yet not the cheapest around either
Funny thing - give him a ring next week should that door still jump around strangely. Might help to catch it before it worsens, truth be told
Also ask about maintenance plan he mentioned
Last time you misplaced it, remember? This one sticks around. Save it now, laugh later. Not losing track feels good. Keep it close this round
Last one kept, only if needed later",58,Male,en_US,Mechanical Engineer,contact,,,,,,
597,HAINV2,,Nganp1,accepted,ok,ok,2026/03/09,22,Note,Steven Williams,"Steven Williams
project manager from the renovation company
phone +1 646-331-9274
Fresh paint was being discussed when they first saw each other. A quiet moment between spreadsheets led to a longer talk by the window. Ideas about space flowed easier after that
handles timeline + contractor scheduling
Texting gets the job done more smoothly than phone calls when the sun is up
Flooring arrival time must be checked through her. One thing before moving ahead - she holds the schedule. Getting it right means waiting on her word. Before anything shifts, her update matters most
also remind about the lighting plan change
Funny how she kept things sorted without much fuss
Later on, perhaps request a fresh copy of the project document
call sometime Tuesday afternoon
Start with an email perhaps
keep this here so I dont forget",34,Female,en_US,Project Manager,contact,,,,,,
598,HAINV2,,Nganp1,hold,AI detector 53%,ok,2026/03/09,5,Note,Kimberly Sanchez,"A voice might be holding its breath at this very moment, wondering if anyone noticed. Waiting without word stretches time thin. Quiet speaks louder than intended, shaping thoughts in empty space. Recognition matters more than many admit. A moment shared can shift everything. Picture how fast words vanish in a flood of emails. Getting in touch wipes out the guesswork. Some paths lead nowhere, yet honesty cuts through noise. Those pauses stick in memory.

Kimberly Sanchez Human Resources

Name: Kimberly Sanchez
Phone: +1 720-884-2917
Role: HR Manager at recruiting fair.

Notes:

Finding Kimberly at the event wasn’t planned, yet our chat lasted nearly ten minutes. Since she’d studied the available positions, she pointed me toward likely matches. Because her replies made sense, I left knowing more than before.

Her request came straight - send the resume by email, skip the system entirely. Software glitches swallow applications now and then, though they rarely own up to it.

Most days she’d rather get an email early on, though when something can’t wait, picking up the phone works fine. Around late morning tends to be the easiest moment to reach her by voice.

Questions to Ask:

How long until I hear back after applying for those roles?
Still wondering if the hybrid choice is offered. That one matters most to me.

Overall:

Not many people truly hear what you say - Kimberly did. Her attention made me keep her contact; moments like that don’t come often.

Action:

Sometime early next week could be a good moment to reach out - Tuesday before noon, perhaps. The days move fast, so slipping into her inbox then might just land right.",36,Male,en_US,HR Manager,contact,,,,,,
599,HAINV2,,Nganp1,accepted,ok,ok,2026/03/09,6.8,Note,Michelle Sanchez,"Michelle Sanchez - Accountant
Phone: +1 408-557-0041

Notes:

*   Michelle helped me with my freelance taxes. I met her at the small business workshop downtown.
*   She gave clear explanations of deductions.
*   She suggested I contact her before the filing season gets too busy (ideally early Monday afternoons).
*   Questions for Michelle:
    *   Expense tracking app recommendations
    *   Specific mileage log requirements
*   Her help saved me money last year.
*   Action items: Send documents and schedule a quick call next week.
*   Keeping her number here for easy access.",44,Female,en_US,Accountant,contact,,,,,,
600,HAINV2,,Nganp1,accepted,ok,ok,2026/03/09,0,Note,Edward Sanchez,"wrote this down after the HR seminar today
Edward Sanchez HR Manager Speaker
phone: +1 619-742-3306
talked about workplace conflict resolution
If I lead workshops someday, he said he’d be ready to help with answers
Truth is, it might actually come in handy. A real connection, maybe
said texting first is better than calling random
Later, perhaps I’ll bring up the topic of practice resources with him
Next month, there's a leadership webinar - he brought it up too
Keep in mind you should verify it
He's a good person, yet his words rush out like water through fingers. Speedy chatter follows him everywhere he goes
This time around, hold on to the digits. Last go was a miss
Perhaps reach out through LinkedIn at some point. Might happen after a while
keep this note just in case",60,Female,en_US,HR Manager,contact,,,,,,
601,HAINV2,,Nganp1,accepted,ok,ok,2026/03/09,20,Note,Elizabeth Thompson,"Elizabeth Thompson, a software engineer from our hackathon team last fall, is great to work with. You can reach her at +1 917-603-1185.

I remember she was key in debugging that API issue we had. Plus, she fixed that login problem in under ten minutes. If you need help with backend work down the line, reach out to her. She likes short texts more than long calls.

I'm thinking she could explain the Node framework again—I think understanding it would be worthwhile, especially if we need it soon. No stress right now, though. Her explanation made it all pretty clear.

She knows some good developer groups too.

Remember to connect with her before next month's tech meetup, and don't forget to send her the repo address.

Honestly, she's a good coder.",29,Male,en_US,Software Engineer,contact,,,,,,
602,HAINV2,,Nganp1,hold,Ai detector 27%,ok,2026/03/09,16.6,Note,Emily White,"My dentist's information:

Dr. Emily White
Office: +1 312-455-8822

I had a cleaning last summer, and Dr. White mentioned a molar might crack in the future. She suggested I schedule another check-up this fall. The assistant mentioned mornings are usually less busy.

Things to remember:

Ask about teeth whitening costs.
The clinic is near Oak Street.
Everyone there was pleasant.
Call before visiting.
Verify insurance coverage beforehand.
Don't put it off like I did last year—tooth pain is awful!",54,Male,en_US,Dentist,contact,,,,,,
603,HAINV2,,Nganp1,accepted,,ok,2026/03/09,24,Note,Mary Smith,"A woman named Mary Smith works in marketing. She stood out when we spoke at that gathering last week. This connection might turn out useful later on.

A woman answers to +1 213-744-5902. Since launching her work, young companies have turned to her when shaping how they appear. While some focus on growth alone, she builds recognition through clearer presence.

She brought crisp thoughts on newsletters while we discussed site visitor strategies. Her take stood out mid-conversation.

Finding out when she wants to talk about how my project started, the idea came up that calling later in the day works better. Her suggestion was clear - get in touch after hours for thoughts on what happened.

A chat might help sort out which analytics tool she relies on. Maybe we could talk through it soon. Questions should be ready ahead of time, just to keep things moving. The right wording matters when bringing up her process.

Truth is, her presence in my circle feels right. Sometimes people just fit without trying. She does.",58,Male,en_US,Marketing Specialist,contact,,,,,,
604,HAINV2,,Nganp1,accepted,ok,ok,2026/03/09,21,Note,Andrew Martin,"Just a quick jot down before I forget where I put your number
Andrew Martin
That person who ran sales, bumped into them at the big industry gathering
Reach me at this line: +1 602-555-9714
We talked about distribution deals for the new product
Yet he appeared curious, though asked for extra information
Funny how texts feel easier once he hits the road
Got to get the pricing sheet over to him
One more thing - check in on those local collaborators. See how they’re doing lately
maybe next wednesday afternoon call him
Remember to mention the demo results
Last thing - keep it low-key. Tone down the urgency a bit
Might become something useful for work. A chance to grow what you do. Sometimes small things open doors. This one could too
Hold on to this number carefully
Later on, you might need this number handy. Reach out when it matters most
Check email thread before calling",32,Female,en_US,Sales Manager,contact,,,,,,
605,HAINV2,,Nganp1,hold,Ai detector 46%,ok,2026/03/09,20,Note,Anthony Lopez,"Anthony Lopez CVS Pharmacy

Funny thing - Anthony works behind the counter at CVS downtown, we talked last summer around June.

Phone: +1 347-882-6142

Not only did he hand over my prescription, but he also walked me through how each allergy medication actually functions. Confusion ruled before our chat - those labels and bold promises made little sense. Yet Anthony broke down the contrasts so simply that picking the right one suddenly felt obvious.

Though the crowd grew restless, he stayed steady, moving without hurry through each request. With every person waiting, his pace never changed, giving attention where it was needed.

Finding myself unsure down the line? The pharmacy number goes into my phone. His voice tends to show up after dark - nights seem to be his time, if our talk meant anything.

Next time around, try wondering about these things instead

Switching to the generic one - does that work fine?
What are the rules for refill timing?

Calling first means less time standing around. Best to check if he’s there before making the trip. Saves hours when you just pick up the phone early.",41,Female,en_US,Pharmacist,contact,,,,,,
606,HAINV2,,Nganp1,accepted,ok,ok,2026/03/09,11,Note,James Lee,"Keep in touch with the person who handles visuals. Reach out when design work comes up
Name: James Lee
Phone: +1 415-774-2286
Few weeks back, I saw him first time at that quiet branding class near the center of town
Truth be told, those posters he shared? Creative stuff, really. A few stood out more than expected
Possibly I’ll mention needing a hand on that fresh logo thought
He said texting first is better than random calls
Last thing at night works well. Evenings are better once he is off the clock. When the day ends tends to be ideal. Right after work fits his schedule tight. A call later in the day lands right
Maybe it's time he sees that first drawing I put together
What does he think about the colors? Maybe share what feels off. Sometimes a different mix works better. Could be worth hearing his take. Colors shift how things look, after all
Dont forget to mention the cafe project
Finding a spot to keep this, last time it slipped through my fingers too fast",36,Male,en_US,Graphic Designer,contact,,,,,,
607,HAINV2,,Nganp1,accepted,ok,ok,2026/03/09,14.2,Note,Susan Perez,"Contact Reminder: Susan Perez

*   Susan is a teacher for the community class.
*   Phone: +1 602-389-5512
*   She gave us details on the adult evening courses.
*   Action: Call her about signing up for next semester.
*   Best time to call: Mornings, 9–10 AM.
*   Ask about the writing class times.
*   She may know someone to join,. Confirm available spots.
*   Note: She patiently answered all questions.
*   Before calling, confirm tuition costs.
*   Tip: Consider texting before you call.
*   Important: Contact her soon because classes fill quickly.
*   Keep her contact information saved for reference.",52,Female,en_US,Teacher,contact,,,,,,
608,HAINV2,,Nganp1,accepted,ok,ok,2026/03/09,6,Note,Christopher Moore,"A guy named Christopher Moore sat near me at that small business talk. Pencil hit paper right after he spoke - needed to keep his details close. Ring him anytime at +1 312-446-9033 if numbers get messy. This one helps freelancers sort out their year-end money stuff. Shoot a message even for tiny doubts - he won’t mind jumping in once in a while. Handy to have someone like that when tax season sneaks up. Wrote it twice just to be sure it sticks somewhere real. Maybe I will reach out to him while getting ready for taxes next year. His way of talking through confusing figures felt steady, knowledgeable. Weekly logging of costs was his idea, not waiting until month's end. Finding out what tools he uses would be useful. A text might come across better than a phone call at first. Maybe I’ll grab the receipts first. That way, when I reach out, it won’t seem like I’m guessing. This note? Better hold on to it tight.",60,Male,en_US,Accountant,contact,,,,,,
609,HAINV2,,Nganp1,accepted,ok,ok,2026/03/09,20,Note,John Miller,"Regarding John Miller:

*   He's a teacher I met while volunteering over the weekend.
*   Phone: +1 917-683-2471.
*   He leads extra math help for high school students.
*   He said I'm welcome to join the volunteer group.
*   Action: Call him before next Saturday:
    *   Ask what materials to prep.
    *   Reconfirm where to meet.
*   Note: He seemed nice but was very busy. Maybe text him first so he knows who's calling.
*   Important: Reintroduce myself when I reach out.
*   Log the schedule after our call.
",25,Male,en_US,Teacher,contact,,,,,,
610,HAINV2,,Nganp1,accepted,ok,ok,2026/03/09,10.86,Note,Matthew Brown,"A person named Matthew Brown works in marketing. Reach him at +1 213-772-0944 if needed.

That day we connected during a digital promo session. Talking through newsletter growth, he offered thoughts that surprised me. Maybe I’ll loop him in before the product site goes live.

Calling might be easier since he likes short talks more than lengthy messages. Best time? After six in the evening fits his schedule well. Reaching out then probably gets a faster reply.

Ahead of the talk, I plan to jot down a few things to bring up. Maybe toss in a query about that dashboard he brought up - seems worth clarifying.

A solid contact, maybe worth reaching out to sometime down the line.",45,Female,en_US,Marketing Specialist,contact,,,,,,
611,HAINV2,,Nganp1,accepted,,ok,2026/03/09,17,Note,Betty Lewis,"dev contact note
Betty Lewis software engineer
Call this number if you need help: +1 408-921-6630
- met through a tech meetup group
One thing she did was clarify an error I couldn’t spot in my little code setup. That moment made everything suddenly click into place without extra words or fuss
Finding myself unsure, a message might come your way once more
Mornings see clearer messages. Daylight brings fewer delays. At noon, replies move fast. Evening slows things down. Nighttime often drops words. Sun up means smoother talk
Perhaps bring up the Python tool she mentioned earlier
Funny thing - wondering now how she picked up server-side coding. Could’ve been online tutorials, maybe a mentor showed her the ropes. Sometimes skills just appear outta nowhere, though there's usually some late-night trial and error behind them
- reminder: share repo link when its cleaner
- dont send messy code lol
Help came easily when she showed up. Her presence made tasks feel lighter somehow. Quietly, things just started working better around her
- keep this number saved",37,Female,en_US,Software Engineer,contact,,,,,,
612,HAINV2,,Nganp1,accepted,ok,ok,2026/03/09,14,Note,Patricia Anderson,"Patricia Anderson
Marketing specialist I met at the startup expo booth.
Phone: +1 646-510-3372.
We talked about social media and brand stories.
She's worked with small teams launching apps.
I might contact her when planning the promo plan.
She thinks short video content is key.
I need to ask her which platforms are best for conversion now.
She was energetic and gave solid examples.
She prefers a text before a call.
Remember to re-introduce myself.
Saving this note.
",22,Female,en_US,Marketing Specialist,contact,,,,,,
613,HAINV2,,Nganp1,hold,Ai detector 27%,ok,2026/03/09,0,Note,Paul Martin,"Contact log
Paul Martin Business Analyst
+1 720-331-7802
Last week, right after the analytics talk ended, that was when I saw him
Fairly clear was his way of describing a few ways to predict things
Maybe bring up data dashboards when talking to him sometime after this
Last time he mentioned it, those later-in-the-day chats tend to work out okay
Might reply fast if you send a message
Before I reach out, a quick look at my notes feels necessary. That way things stay clear. Going in blind could cause confusion. Taking time now might save trouble later
Maybe it's better not to bring up what everyone already knows
Perhaps start with a work connection
Keep this info written down",57,Female,en_US,Business Analyst,contact,,,,,,
614,HAINV2,,Nganp1,accepted,,ok,2026/03/09,8,Note,Barbara Anderson,"Barbara Anderson Pharmacist
Phone: +1 503-662-5519
That day at the pharmacy, Barbara walked me through the timing for every pill. Talking with her while grabbing my uncle’s prescription made things clearer.
Finding her number might be useful later. Her contact stays stored, should anything come up.
Fewer people stop by after lunch, she said.
Soon could bring shifts, meaning I’ll look into refill rules. Next week may alter it, that’s why a second glance feels needed.
Might be worth checking whether prescription renewals work through a website. Could try hunting down an e-refill service instead of going in person.
Fairly sure she knew what she was doing.
Notes tend to stick better when I write them during talks about medicine. Memory slips happen, so putting pen to paper helps more than you’d think.
Maybe I ought to think about looking up when the pharmacy is open.
Number saved here.",38,Female,en_US,Pharmacist,contact,,,,,,
615,HAINV2,,Nganp1,accepted,ok,ok,2026/03/09,5,Note,David Jones,"This one detail matters most. Remember it well. The designer needs this info. Hold on to that thought. Contact stays key here
Name: David Jones
A person who draws pictures showed up when I went to the printing place
Direct number: +1 415-902-6684
He showed some portfolio pieces while we were waiting
Might ask him about freelance poster work
He said evenings are better for calls
Prefer texting first to check availability
Need to send him the concept sketch
Perhaps inquire about how much printing will cost
Dont rush the conversation
Might become a handy partnership down the line
Keep contact saved",45,Male,en_US,Graphic Designer,contact,,,,,,
616,HAINV2,,Nganp1,hold,Ai detector 43%,ok,2026/03/09,18.8,Note,Joseph Smith,"Saved Joseph Smith's contact after tonight's coding meetup.

Joseph Smith
Software Engineer
Phone: +1 646-991-4807

We talked about debugging tools and automated testing.

He mentioned a tool that's worth checking out.

I'll send him a quick update once I start using it. He's okay with short messages, so a quick note should work. Quick updates are better than waiting for long, detailed ones.

Don't bother him around midday. Try contacting him later in the day.

Before reaching out, review my notes from our conversation.

Also, remember to thank him for his insights.

He seems like a strong developer. He probably has a lot of useful knowledge if you pay attention to what he says.

(Keep this note for future reference.)",24,Female,en_US,Software Engineer,contact,,,,,,
617,HAINV2,,Nganp1,hold,Ai detector 32%,ok,2026/03/09,11.6,Note,Karen Anderson,"Karen Anderson. That name came up at a tiny branding talk near the center of town. Spotted her passing out flyers by the stairwell. We exchanged cards after someone spilled coffee near the front table. She works in outreach, focuses on local campaigns. Mentioned she likes working with indie shops. Her number is saved under notes in my phone now.
Phone: +1 415-804-2273.
Starting out in marketing, she brought sharp thoughts on digital promotions. Her take? Clear ideas shaped by real experience.
That talk went on a little while past the meeting. Fifteen minutes, give or take.
Finding ways to boost how ads do, that’s something she said she does for smaller groups.
Maybe it's time to bring up that project plan when we talk. She might have thoughts.
Text first, she told me. That works better than ringing straight away.
Need to prepare a short summary before contacting.
What does she rely on to reach the right people? Find out which tools guide her approach.
At first glance, she came across as warm - conversation flowed without effort.
Store this digit somewhere safe, just in case I misplace it once more.
Might come in handy down the road.",46,Female,en_US,Marketing Specialist,contact,,,,,,
618,HAINV2,,Nganp1,accepted,ok,ok,2026/03/09,19.2,Note,Jennifer Clark,"Jennifer Clark, graphic designer:

*   Phone: +1 646-773-9924
*   Met Jennifer at a local art event, really liked her poster illustrations.
*   She mentioned being open to freelance design projects.
*   Thinking of asking her to help with a small flyer.

    *   Texting is best during the day.
    *   Calls are fine in the evenings.
*   Reminder: Send over the flyer layout idea.
*   Ask about her rates.
*   Save contact info.
",38,Male,en_US,Graphic Designer,contact,,,,,,
619,HAINV2,,Nganp1,hold,Ai detector 41%,ok,2026/03/09,7,Note,Donald Davis,"A problem came up with my internet, so I got put through to Donald Davis. That number - +1 503-662-1182 - is his personal extension. Most reps just repeat scripts, but he didn’t do that. Instead of rushing off, he stayed on until things cleared up. One step at a time, he explained how to restart the modem. Connection checks followed, guided live. His voice stayed calm the whole way. When we finished, he said to reach out again if anything glitches later. So now I’ve got his contact tucked away. Not many people bother going beyond policy - but he did. Remembering names isn’t common either, yet he used mine more than once. The call ended without pressure, no follow-up email begging for praise. Just quiet help, nothing extra. Could come in handy should the link go down again sometime soon. Weekday mornings are when he tends to be available. Have the account digits on hand prior to dialing. Don’t skip noting the reference code from his message. Held back frustration despite the flood of things I brought up. One worth holding onto for later reach-outs.",34,Male,en_US,Customer Service Representative,contact,,,,,,
620,HAINV2,,Nganp1,accepted,ok,ok,2026/03/09,11,Note,Michael Jackson,"Pharmacy contact reminder
Michael Jackson – pharmacist at the clinic pharmacy
number: +1 312-449-2208
Finding her at the pharmacy made it easy to chat. While grabbing the medication, a quick talk happened naturally. The moment lent itself to conversation without effort. There she was, right where I needed to catch up
With calm hands she showed how often to take it. Timing came through without confusion. Each step landed softly in place
Said I could ask questions later
Later hours often work best. After lunch fits well. Midday shifts open space. Closer to three o’clock suits most. The middle of the day tends to land right
Check the refill date again come next month
Find out whether you can place orders through the web
She seemed really careful explaining things
Dont Forget Prescription ID When Calling
Keep this number written down",38,Female,en_US,Pharmacist,contact,,,,,,
621,HAINV2,,Nganp1,hold,AI detector 38%,ok,2026/03/09,18,Note,Jennifer Moore,"Finding folks at meetups usually leads nowhere, yet Jennifer Moore stood out. This one time, after a talk on data strategy, we started chatting - her name came up early. Reporting dashboards were on our minds, also how workflows can run smoother without constant nudging. A number popped up during the exchange: +1 720-551-9034, hers. Companies chasing sharper data clarity? That’s where she steps in, according to what she said. If my current analytics plan needs a second look, maybe she’d spot what I’m missing. Out of nowhere, she broke down tricky ideas without any fuss. Texting shows up just right if that feels better. Evenings open up more room for phone chats once the day ends. Getting questions in order helps things move smoothly later. Her favorite resources might pop up if asked directly. Her tips might teach me something real. Left this saved right here, just in case memory fades.",49,Female,en_US,Business Analyst,contact,,,,,,
622,HAINV2,,Nganp1,hold,AI detector 26%,ok,2026/03/09,0,Note,Kenneth Williams,"Contact list – sales related
Kenneth Williams Sales Manager
Call on +1 602-772-4109
- met during a regional business expo
- he talked about distribution partnerships
If you’re unsure about what to buy, get in touch for guidance on choosing something that fits
- prefers quick phone calls over email
He says the later part of the day works more smoothly
- might ask about expanding into new markets
- reminder: review notes from the expo first
- dont forget to introduce myself again
- keep number saved",53,Female,en_US,Sales Manager,contact,,,,,,
623,HAINV2,,Nganp1,accepted,,ok,2026/03/09,9.2,Note,Carol Miller,"Carol Miller – sales manager from the networking breakfast meeting last week.
Contact: +1 213-664-2810.
We spoke briefly about managing sales teams and customer outreach.
She mentioned she often mentors younger sales staff.
I thought her approach sounded practical.
Might reach out later for advice about sales planning.
She recommended texting before calling.
Evenings work best for longer conversations.
Need to prepare clear questions beforehand.
Also maybe ask about her training resources.
Saving this contact so I dont forget.",50,Female,en_US,Sales Manager,contact,,,,,,
624,HAINV2,,Nganp1,hold,mydetect 36%,ok,2026/03/09,0,Note,Kenneth Johnson,"Sales contact notes
• Kenneth Johnson
Call using the number +1 274-554-6710.
A person who handles sales, spotted at a trade event while walking past their display area
• we talked about supplier partnerships
Curiosity showed on his face when we started talking about what we offer. A question came up right away, pulling details into the conversation. That moment opened space for deeper talk. Interest grew as he leaned in, listening closely. His attention stayed fixed, eager to know how things connect
Last time, they mentioned a check-in would happen the following month
• texting is ok during work hours
• calls better after meetings finish
• reminder: send him product brochure first
• dont forget pricing sheet
• could be useful contact",56,Male,en_US,Sales Manager,contact,,,,,,
625,HAINV2,,Nganp1,accepted,ok,ok,2026/03/09,16.93,Note,Anthony Clark,"Anthony Clark – marketing specialist I met during an online digital marketing webinar.
Phone number: +1 415-771-9982
Saved this because he talked about social media campaign strategy.
We chatted briefly in the Q&A session after the talk.
He mentioned helping small companies improve ad reach.
Might ask him for advice when launching my next promo campaign.
He said texting first works better than random calls.
Evenings are usually easier for him to talk.
Need to prepare a short explanation of the project first.
Also curious what analytics tools he usually recommends.
Don't want to waste his time with messy questions.
Keeping this note here so I dont forget the contact.",57,Male,en_US,Marketing Specialist,contact,,,,,,
626,HAINV2,,Nganp1,hold,AI detector 28%,ok,2026/03/09,19.6,Note,Paul Lewis,"Okay, here’s a revised version of the dentist note:

Dentist: Paul Lewis, Oak Street Dental Clinic
Phone: +1 503-882-3361

Notes:

Routine cleaning earlier this year. Paul suggested another checkup soon—don't wait too long between visits.
Office staff said mornings are less busy.
Action items:

Call to schedule appointment.
Ask about teeth whitening.
Remember: Take insurance card to appointment.
Save contact info.",59,Female,en_US,Dentist,contact,,,,,,
627,HAINV2,,Nganp1,hold,AI detector 38%,ok,2026/03/09,19.26,Note,Edward Lewis,"Contact Note: Edward Lewis
Phone: +1 646-334-7712

I met Edward, a nurse, at the local health event a few days ago.

He was explaining basic health habits and answering questions from the audience. He handled all the questions with clear answers.

I saved his contact info because his tips seemed helpful. He had a way of explaining things that resonated.

It's hard to find time to chat with schedules always changing. But sending a quick text is easy enough.

People usually prefer a text before a call. It’s a softer start than just calling out of the blue.

We chat about fitness sometimes – might bring that up again.

I wonder if there will be another workshop next month.

I should review my event notes before I reach out, just to be clear on everything.

I remember him being really calm while speaking. He was patient and thorough.

Just keeping his number handy – my memory isn't the best.
",59,Female,en_US,Nurse,contact,,,,,,
628,HAINV2,,Nganp1,accepted,ok,ok,2026/03/09,6.8,Note,Joshua Johnson,"Dev contact note
Joshua Johnson – software engineer from the coding meetup last Thursday.
Phone: +1 720-881-0032
We talked about debugging tools for small web apps.
He suggested trying a testing framework I havent used yet.
Said it's fine if I message him when I get stuck with code.
Prefer texting first instead of random calls.
He mentioned evenings are usually less busy.
Need to clean up my repo before asking anything.
Also want to ask what backend resources he recommends.
Seemed pretty helpful honestly.
Keeping the number here so I dont lose it again.",28,Male,en_US,Software Engineer,contact,,,,,,
629,HAINV2,,Nganp1,accepted,ok,ok,2026/03/09,6.9,,George Thomas,"George Thomas
Electrician contact recommended by my neighbor Mike.
Phone number: +1 312-555-8114
He fixed the hallway lights last winter pretty quickly.
Explained the wiring issue in simple terms too.
Said if any other electrical problem shows up I can call him directly.
Might need that if the kitchen outlet keeps acting weird again.
He usually works mornings but sometimes afternoons.
Need to describe the issue clearly when calling.
Also thinking about installing an extra wall outlet.
Remember to take photos before contacting him.
Reliable guy, good to keep this contact saved.",45,Male,en_US,Electrician,contact,,,,,,
630,HAINV2,,Nganp1,hold,4 câu đỏ,ok,2026/03/09,0,Note,Patricia Sanchez,"A heads up on reaching out to this person. Just a note to keep in mind when getting in touch
• Patricia Sanchez – teacher from community learning center
Call using the number one four zero eight seven seven one five five one eight
A question on night courses brought us together. She stood near the desk, looking at a notice. Our talk began there, without plan or push. That moment stuck, quiet but clear
That first class meets Tuesdays at six. Her words painted the plan clearly. Not just dates but a rhythm took shape. One session follows another slowly. Each step builds without rushing ahead
Registration could shut down at any moment
When class is in session, sending a message feels simpler than making a phone call
• need to ask about class materials
Check the precise beginning day too
Could show up when things line up right on my end
• she seemed really enthusiastic about teaching
• keep this note saved",40,Male,en_US,Teacher,contact,,,,,,
631,HAINV2,,Nganp1,accepted,ok,ok,2026/03/09,11,Note,Christopher Robinson,"A billing mix-up led me to talk with Christopher Robinson. This rep took time to walk through each charge without rushing. His phone line: +1 602-770-2995 - saved it after our chat. Patience stood out, plus clear answers helped me grasp what went wrong. If numbers look odd next month, reaching back makes sense. The next bill comes through, maybe I’ll connect again just to check alignment. Maybe check the online statement first, then reach out. Have your account ID nearby when you do. Afternoons tend to work better for calls, that was the hint. Missing details might slow things down, so best avoid that. Came across as someone who knows what they’re doing. Storing this contact just in case.",39,Male,en_US,Customer Service Representative,contact,,,,,,
632,HAINV2,,Nganp1,hold,Ai detector 65%,ok,2026/03/09,13,Note,William Brown,"William Brown Contact Saved
Last week brought me face to face with William during his time fixing wires at the office.
Maybe he fixes wiring. He comes across as someone you might phone when lights go out later on.
Find him at these points of connection
Call on +1 415 728 9042
A different number shows up here.
Email: william.brown.elec@mailbox.com
Most days find him in San Francisco.  Nights are different though; a text will do if something breaks down. Our office address has to reach him somehow.
Maybe he can help if we ever have trouble with the wiring. Could come in handy around here one day.",28,Male,en_US,Electrician,contact,,,,,,
633,HAINV2,,Nganp1,accepted,ok,ok,2026/03/09,6.3,Note,James Miller,"James Miller – data analyst I met during the tech conference panel last month.
Phone: +1 503-771-9204
We talked briefly about data visualization tools.
He suggested using dashboards instead of static reports.
Might ask him for advice about the analytics project I'm building.
He seemed pretty knowledgeable about business data.
Said texting first is easier before scheduling a call.
Need to organize my questions before contacting him.
Also want to ask which visualization libraries he prefers.
Could learn a few things from his experience.
Keeping his number here for later.",44,Male,en_US,Data Analyst,contact,,,,,,
634,HAINV2,,Nganp1,accepted,ok,ok,2026/03/09,7,Note,Elizabeth Martin,"Electrician contact:

William Brown
1-415-566-95527
A tip from someone next door led me here for small home fixes. Handy when it comes to wiring tasks, fitting lights, also sorting out power points.
Finding time to message him could work well. Since he prefers written notes over phone chats, typing feels right. The outdated ceiling fixture needs swapping soon. Words on a screen seem easier for him than voices through air.
Might show up after lunch, sometimes later.
Start by snapping a picture of the damaged fixture before requesting your first estimate.
Put my address inside the text message.
Finding a spot to keep his details close at hand. Later access made simpler without searching again.",59,Male,en_US,Teacher,contact,,,,,,
635,HAINV2,,Nganp1,accepted,ok,ok,2026/03/09,8.2,Note,Lisa Clark,"Contact note – Lisa Clark
Phone: +1 415-668-2094
Electrician I met when the landlord called someone to check the apartment wiring.
She looked pretty young but actually knew what she was doing.
Fixed the flickering kitchen light in like 15 minutes.
Said if any outlet starts acting weird I can message her directly.
Texting is easier for her since she's usually on job sites.
Best time to reach her is late afternoon.
Need to ask about installing an extra outlet near the desk.
Also curious how much that would cost roughly.
Remember to take a photo of the wall area first.
Keeping her number here so I dont forget it later.",24,Female,en_US,Electrician,contact,,,,,,
636,HUNGNV5,,,hold,zero 45%,ok,2026/03/09,15,Note,Jason Miller,"plumber contact – keep this in case pipes act up again
Mike Donnelly
+1 214 662 9184
He came over when my kitchen sink wouldn't drain all.
It turned out there was a clog in the pipe.
He fixed it in like 40 minutes, which was really impressive.
He said to call him if my bathroom sink starts gurgling
He usually works in the mornings.
The best way to reach him is, by calling, not texting.
He also installs water heaters apparently.
I'm saving this so I don't have to search messages.
Reminder: I need to ask him about replacing my faucet next time I talk to him.",44,Male,en_US,Construction Supervisor,contact,,,,,,
637,HUNGNV5,,,accepted,ok,ok,2026/03/09,12,Note,Alicia Grant,"I am writing down this contact information before I lose the card.
Name: Daniel Ortiz
Phone: +1 323 771 5099
I met Daniel Ortiz at a gas station. He is a mobile car detailing guy.
Daniel Ortiz cleaned my car inside and outside month.
Daniel Ortiz said he can come to my house for appointments.
The prices that Daniel Ortiz charges depend on the size of the vehicle I think.
Time I will probably ask Daniel Ortiz for a full interior cleaning.
Daniel Ortiz told me that weekends fill up fast.
It is better to text Daniel Ortiz a days ahead of time.
Daniel Ortiz is a guy and he is very talkative which is kind of funny.
I might book Daniel Ortiz again before the holidays.",36,Female,en_US,Dental Hygienist,contact,,,,,,
638,HUNGNV5,,,hold,AI detector 29%,ok,2026/03/09,8,Note,Trevor Lawson,"I found a guy who fixes garage doors his name is Chris Bennett.
He can be reached on his cell at +1 480 664 3117.
I came across him through our Facebook neighborhood group.
My garage door would not close all the way.
Chris Bennett came over the afternoon, which was really great.
It turned out that the sensor on my garage door was misaligned.
Chris Bennett fixed the problem quickly. It was still really helpful that he did.
He charged a service fee, for the work he did.
Chris Bennett told me that if my garage door starts making squeak sounds I should call him.
Chris Bennett mostly works around the Phoenix area.
He prefers to get phone calls during the daytime.
I am keeping his number here in case I need it again.
Garage door stuff always seems to break at times, which is really frustrating.",39,Male,en_US,IT Technician,contact,,,,,,
639,HUNGNV5,,,accepted,ok,ok,2026/03/09,0,Note,Lauren Whitman,"I found a contact for events maybe
Sophie Delgado
+1 305 774 2883
I met Sophie Delgado at a weekend craft market.
Her flower arrangements were really pretty.
Sophie Delgado does weddings and birthdays apparently.
I am thinking about ordering something from Sophie Delgado for my moms birthday dinner.
Sophie Delgado mentioned that same-day bouquets are sometimes possible.
It is better to text Sophie Delgado photos of what you want.
Her studio is somewhere in the Miami Beach area.
The prices of Sophie Delgado seemed reasonable honestly.
I am saving Sophie Delgados contact before I forget.
I could also use Sophie Delgados contact, for events.",28,Female,en_US,Yoga Instructor,contact,,,,,,
640,HUNGNV5,,,accepted,ok,ok,2026/03/09,7,Note,Mark Daniels,"I need to call some people about fixing the roof.
1) Greg Sutton – +1 919 440 7822
My coworker told me about this roofing contractor.
2) Alan Pierce – +1 919 662 1185
This is a company that fixed our neighbors roof.
3) Victor Ramos – +1 984 330 7742
I found his number on a flyer that I saw.
I have to ask these people for quotes before I decide what to do.
The main problem with the roof is a leak near the attic window.
I should probably fix the roof before the winter storms come.
First I will take some pictures of the damage, to the roof.
Then I will call least two of these people.
I also need to remember to get the measurements of the ladder.
I am writing down these numbers for now so I do not forget them.",52,Male,en_US,Insurance Adjuster,contact,,,,,,
641,HUNGNV5,,,accepted,ok,ok,2026/03/09,7,Note,Chloe Bennett,"I got a recommendation for a nail technician from a coworker.
The nail technicians name is Tina Park.
Her phone number is +1 206 774 5530.
Tina Park works at a salon near Capitol Hill.
My coworker Anna goes to see Tina Park every month.
Tina Park is really good with gel nails.
I am thinking about booking an appointment with Tina Park before my wedding next month.
I need to ask Tina Park about evening appointments.
The salon where Tina Park works gets really busy on weekends.
Anna told me that Tina Park is detail oriented when it comes to nail work.
The prices at the salon where Tina Park works are a bit higher, than places.
The quality of Tina Parks work looks very good.
I am saving Tina Parks phone number so I do not forget.
I will text Tina Park sometime this week to ask about appointments.",27,Female,en_US,Retail Manager,contact,,,,,,
642,HUNGNV5,,,hold,nên đổi vị trí sđt,ok,2026/03/09,12,Note,Derek Coleman,"bike repair shop contact
Samir Khan
+1 415 664 1188
Works at Golden Wheel Bike Shop.
I went to Golden Wheel Bike Shop when my rear brake stopped working.
Samir Khan helped fix it quick.
He also adjusted the gears on my bike.
The shop is located somewhere near Market St.
Samir Khan said to come if my chain keeps slipping.
I am thinking about getting a tune-up for my bike soon.
He recommended doing that every 6 months, for my bike.
Golden Wheel Bike Shop is usually open afternoon.
It is best to call Golden Wheel Bike Shop before stopping
I am saving this so I remember where to go to get my bike fixed at Golden Wheel Bike Shop.",34,Male,en_US,Courier,contact,,,,,,
643,HUNGNV5,,,accepted,ok,ok,2026/03/09,5,Note,Natalie Rivera,"Photographer contact from my cousin

Name: Aaron Blake
Phone: +1 718 774 6651

Cousin Maria used him for engagement photos and said the pictures looked really natural.
Thinking about booking him for family photos this fall.

Notes:

Usually shoots outdoors in parks

Need to ask about price for a 1-hour session

Check if he travels outside NYC

Maria said texting works best

Reminder: save this contact before forgetting the recommendation.",31,Female,en_US,Preschool Teacher,contact,,,,,,
644,HUNGNV5,,,accepted,ok,ok,2026/03/09,17,Note,Peter Hughes,"Electrician number from landlord

Landlord’s electrician contact — saving this here.

Victor Santos
+1 305 661 9072

He came over when the hallway lights in the building kept flickering. Turned out the breaker panel had an old part that needed replacing. Fixed it pretty quickly and explained what was going on.

Quick notes:
• Works a lot with older buildings
• Mentioned to call him again if outlets suddenly stop working
• Usually available on weekdays
• Calling might work better than texting

Keeping this number saved just in case electrical issues pop up again.",46,Male,en_US,Restaurant Owner,contact,,,,,,
645,HUNGNV5,,,accepted,ok,ok,2026/03/09,14,Note,Olivia Matthews,"Got this number from Jake the other day when we were talking about hobbies.

Leo Martinez
+1 323 664 2291

Jake took lessons with him last year and said the guy is super chill and really patient, especially if you're new.

Apparently lessons were somewhere around $40–50 each but I should double-check that.
He teaches at a small music studio in LA.

Random things to remember:
texting him is the easiest way to book
studio parking might be annoying",29,Female,en_US,Travel Consultant,contact,,,,,,
646,HUNGNV5,,,accepted,ok,ok,2026/03/09,8,Note,Liam,"My laptop screen is completely broken now.
I dropped it on the kitchen floor. That is why it is broken.
My friend Jason told me about a man who fixes Apple computers for a lot money.
His name is Marcus from Tech Rescue.
His phone number is +1-555-014-9988.
There are some things I need to ask Marcus from Tech Rescue tomorrow.
These are the things I need to ask him:
- Does Marcus from Tech Rescue have the 13 inch laptop screens that I need?
- How long will it take Marcus from Tech Rescue to fix my laptop?
- Can Marcus from Tech Rescue save the information from my drive just in case something goes wrong?
I really hope that Marcus from Tech Rescue does not charge me a lot of money.
I am going to call Marcus from Tech Rescue at 9am when they open.
I hope that Marcus, from Tech Rescue can fix my laptop quickly.",25,Male,en_US,Graphic Designer,contact,,,,,,
647,HUNGNV5,,,accepted,ok,ok,2026/03/09,9,Note,Chloe,"""trying to find a decent dog walker before i go back to the office

the apps are way too expensive and sketchy

met a college student at the dog park today who walks dogs

Contact info:

Name: Chloe Jenkins

Cell: +1-555-019-3321

Q: why am i saving this?

A: she seemed super good with large breeds and my husky loved her

Q: what does she charge?

A: she said 20 a walk which is perfectly in my budget

Q: what do i need to do next?

A: text her this weekend to see her fall schedule
",28,Female,en_US,HR Specialist,contact,,,,,,
648,HUNGNV5,,,hold ,AI detector 43%,ok,2026/03/09,4,Note,Marcus,"I really need to hire a cleaning service before my parents visit month.
The whole apartment is a mess and I just do not have the energy to clean it now.
My neighbor uses a cleaning company and she says they are very good.
The owner of the company is Maria and her phone number is +1-555-011-8844.
My neighbor Sarah said that the cleaning company does a deep clean for a fixed price which is great.
I should call Maria tomorrow when I am on my lunch break to get a quote from the cleaning company.
I have to make sure that the cleaning company is okay with cats because I have two cats.
I hope Maria can fit me in on a Saturday morning before the 15th.
If not I do not know what I am going to do.
My mom will be very upset if she sees this mess.
I definitely need to get this sorted out soon, as possible.
I want my parents to see an apartment when they visit next month.
I will try to call the cleaning company if Maria does not answer my call tomorrow.
I really need the cleaning service to come before my parents arrive.",35,Male,en_US,Store Manager,contact,,,,,,
649,HUNGNV5,,,hold ,"AI detector 54%
zero 43.4%",ok,2026/03/09,5,Note,Sarah,"
- Drywall repair guy
- Name: Gary from Quick Patch
- Number: +1-555-016-5533
My landlord will be really mad if he sees it during the inspection.
I found Gary on the community Facebook page where lots of people said things about him.
He works fast. Does a great job matching the paint.
I will call him tomorrow morning.
I need to send him a picture of the hole so he can give me an estimate.
I also need to ask if he takes Zelle or Cash App.
I'm hoping he can come over this weekend.
If not I will lose my security deposit for sure.
Drywall repair is what I need. ",42,Female,en_US,Retail Worker,contact,,,,,,
650,HUNGNV5,,,hold ,zero 25.1%,ok,2026/03/09,6,Note,Evan,"I am finally getting serious about finding a wedding florist.
The last quote we got was absolutely crazy.
My friend Emily told me about a flower shop down the street.
The shop is called Petals and Stems.
The owner of Petals and Stems is Jessica Wu.
Her phone number is +1-555-012-7711.
I am going to call Jessica Wu on Friday to set up a meeting with her.
I need to ask Jessica Wu if she can get peonies in October.
I really hope Jessica Wu is actually in our budget.
Wedding flowers are literally the waste of money in the wedding industry.
I am so stressed, about wedding flowers now.
If Jessica Wu is too expensive I might just use flowers to be honest.",29,Male,en_US,IT Support,contact,,,,,,
651,HUNGNV5,,,hold ,zerro 24.8%,ok,2026/03/09,13,Note,Nina,"My car insurance premium just went up again for no reason.
I am really tired of Geico taking advantage of me.
My dad said I should call his insurance broker.
He told me that the broker found him a policy for half the price he was paying.
The brokers name is David Chen.
You can reach him at +1-555-017-9955.
Things I want to ask David Chen when I call him tomorrow:
> Can David Chen bundle my car insurance and renters insurance
> Does David Chen work with Progressive or State Farm?
> What is David Chens fee for his services?
I need to have my current insurance papers ready to send to David Chen.
I have to find the vin number for my Honda.
I will do this during my coffee break, at 10am.
I really hope I can switch to an insurance policy before the next time I get a bill.
Paying 200 dollars a month for a car that's 10 years old is too much.
I am so done with this situation.",27,Female,en_US,Nurse,contact,,,,,,
652,HUNGNV5,,,accepted,ok,ok,2026/03/09,12,Note,Jack,"""trying to find a decent guitar teacher for my son

he is getting bored of just watching youtube tutorials

Talked to the guy at the local music shop today

Q: who did he recommend?

A: a guy named Arthur who teaches out of his garage

Q: what is the contact info?

A: cell is +1-555-013-8822 (text only)

Q: what do i need to ask him?

A: if he has availability on wednesday afternoons after school

and if he teaches acoustic or just electric

i will msg him tonight to see what his hourly rate is

hope he has patience bc my kid gets frustrated easily""",33,Male,en_US,Architect,contact,,,,,,
653,HUNGNV5,,,accepted,ok,ok,2026/03/09,18,Note,Mia,"""the water heater is making a really terrifying knocking sound today

i googled it and apparently it means there is sediment build up inside

i am terrified it is going to explode or flood the garage rn

my coworker gave me the number for an emergency plumber he uses

the company is called rapid rooter and the guys name is Hector

his direct dispatch number is +1-555-018-4466

i am calling them the second i get home from work

i need to ask if they charge extra for coming out in the evening

if it costs over 500 dollars i am going to have a breakdown

i just paid off my credit card last month too ugh

home ownership is literally just a trap to steal all your money

maybe i should just turn off the water main until he gets here

i really dont want to deal with a flooded house

pls let it be a cheap fix""",24,Female,en_US,Designer,contact,,,,,,
654,HUNGNV5,,,accepted,ok,ok,2026/03/09,17,Note,Leo,"""I need to get my taxes done by a professional this year.

My side hustle income is way too complicated for turbotax now.


[CPA Contact]

[Name: Lisa Vance]

[Office: +1-555-015-1177]


Mark said she is really good with freelance deductions.

I gotta call her receptionist tomorrow to book an appointment.

Need to ask if I should bring physical receipts or a spreadsheet.

Hopefully she can find me some good write offs.

Taxes give me so much anxiety tbh.""",29,Male,en_US,Electrician,contact,,,,,,
655,HUNGNV5,,,accepted,ok,ok,2026/03/09,15,Note,Zoe,"""* so my back has been absolutely killing me since I started this desk job

* my posture is terrible and ibuprofen isnt helping anymore

* the gym trainer recommended a sports chiropractor

* Dr. Alan Roberts

* Clinic number: +1-555-011-9933

* they are located right next to the grocery store

* i need to call them tmrw morning to see if they take aetna insurance

* and ask if they do deep tissue massage along with the adjustments

* i am a little scared of getting my neck cracked tbh

* but i cant keep living with this constant shoulder pain

* hopefully they have a cancellation so i can get in this week

* i should probably buy a better ergonomic chair too

* getting old is literally the worst

* gonna set a reminder on my phone to call them at 9am

* please let this actually work""",38,Female,en_US,Store Manager,contact,,,,,,
656,HAINV2,,Nganp1,accepted,,,0.7,17,Note,Edward Gonzalez,"Contact Note – Edward Gonzalez

Phone: +1 503-771-6624

Edward is the electrician who inspected the office circuit breaker last month after repeated power outages.

She clearly explained the overload problem to our maintenance group. She said I could reach out if it happens again.

Edward prefers texts initially, as she's often on-site. Afternoon calls seem best.

I need to ask her about replacing the old breaker panel, including how long that normally takes. I should review the building details before contacting.

Saving this number for future reference.
",46,Female,en_US,Electrician,contact,,,,,,
657,HAINV2,,Nganp1,,,,,15.6,Note,Joseph Moore,"Contact: Joseph Moore

Joseph works as a nurse at the local health center. He's known for his patient care, from morning to evening. People trust him because he listens before acting.

Phone: 1-646-880-2247

How we met:

We met at a wellness event with booths set up along the path. We started talking, and exchanged names.

Notes:
*   He gave clear explanations of basic health habits.
*   He welcomed questions.
*   Texting is the best way to reach him due to his shift schedule.
*   Ask him for workout advice.
*   Ask about the date of the next health workshop.
*   He seemed patient with everyone.
*   Remember to clarify who I am when I communicate.

Keep this contact saved.",27,Female,en_US,Nurse,contact,,,,,,
658,HAINV2,,Nganp1,,,,,18,Note,Mark Lopez,"Mark Lopez is a teacher I met at the weekend tutoring program's orientation. His number is +1 312-772-9915. He said they occasionally need more volunteers for after-school help, so I saved his contact info. I might reach out next semester if I can spare the time.

He seemed organized when he explained the program. He said it's best to call him in the early evening, but texting beforehand might be a better option. I need to ask him what materials volunteers should bring and about that class schedule he mentioned. I'll try to help out if my schedule allows.",49,Male,en_US,Teacher,contact,,,,,,
659,HAINV2,,Nganp1,,,,,12.5,Note,Kenneth Hernandez,"Project Contact: Kenneth Hernandez

*   Role: Project Manager
*   Phone: +1 720-664-3901

I met Kenneth at the office during the renovation planning meeting. He’s managing the schedule and working with the contractors. He told us to contact him for timeline updates. He’s usually available after the morning meetings.

I need to confirm the equipment delivery date and ask about the updated project plan. He seems detail-focused.

I’m saving his number here so I have it when needed.",60,Female,en_US,Project Manager,contact,,,,,,
660,HAINV2,,Nganp1,,,,,10,Note,Michelle Lopez,"Midway through spring, a conversation unfolded at the clinic chair. Dr. Michelle Lopez handled tools while we talked. Her role? Keeping teeth in working order. That visit marked the third time this year I sat across from her. Talking became easier each round. She listens like someone who hears more than just words.
A call can reach them at one four one five eight eight two four four seven three
A crack showed up on a back tooth, she pointed out - keep an eye on how it feels.
Maybe stop by again sometime down the road. Could be worth another look later on.
Friendly folks worked at the clinic, truth be told.
Few people plan their visit. She figured a quick call makes things smoother compared to showing up empty-handed.
Mornings tend to be quieter, they say.
Also worth bringing up - ways to brighten your smile. Maybe mention that when you’re there.
Check whether the insurance plan pays for the cleaning. Maybe it does, maybe it doesn’t - best to find out first.
Should you come back, having those tooth files handy will help.
This way keeps it handy for when I need it again.",34,Male,en_US,Dentist,contact,,,,,,
661,HAINV2,,Nganp1,,,,,0,Note,Andrew Lee,"Data Contact Note:

Andrew Lee – Data Analyst
Phone: +1 503-991-6204

Met Andrew at a tech meetup discussion group. We discussed dashboard tools and reporting. He suggested I look into some visualization libraries.

He said I could message him with questions, texting preferred.

I might ask him about dataset cleaning later.

Reminder: Review my project data first. No silly questions!

Keep this contact saved.",24,Female,en_US,Data Analyst,contact,,,,,,
662,HAINV2,,Nganp1,,,,,11,Note,Christopher Thomas,"That guy Christopher Thomas - works as a web developer - crossed paths at the startup event held one evening. Contact info: +1 646-339-5512. Conversation stretched on, mostly around making lean sites suited for modest undertakings. Problems with websites? He tends to step in, offer fixes when folks get stuck. Maybe reach out if things go wrong with the site now. His idea was to message first instead of ringing straight away. Nights tend to suit more because daytime means deep focus on programming tasks. Writing the issue neatly helps when getting in touch. Wondering which hosts he likes using lately. That guy knew his way around frontend stuff, no doubt. I’ll hold on to this connection just in case things shift down the line.",38,Female,en_US,Web Developer,contact,,,,,,
663,HAINV2,,Nganp1,,,,,0,Note,Joseph Martin,"Joseph Martin – teacher I met at the weekend learning center orientation.
Phone: +1 602-771-4883
He was explaining the adult evening classes they run there.
I asked a few questions about the schedule and registration.
He said I could contact him if I needed more details later.
Texting first is easier during school days.
He mentioned new classes might open next month.
Need to ask about the beginner level course again.
Also curious if they offer online sessions.
He seemed pretty friendly and helpful.
Dont forget to introduce myself again when messaging.
Keeping his contact saved here.",27,Female,en_US,Teacher,contact,,,,,,
664,HAINV2,,Nganp1,,,,,0,Note,Barbara Lewis,"She builds programs. Met her when we talked about code one evening. Her name is Barbara Lewis.
Phone: +1 408-770-9216
Later that day we covered how to spot errors plus ways to manage code changes.
One thing she mentioned was keeping files named clearly. Another point came up - grouping related scripts together helps later. A folder for tests makes sense, said she. Sometimes comments explain why a choice matters most. Her last thought: check tools that sort imports automatically.
Kept it close, since her words meant I might come back when things got tough.
Prefers tapping out messages to having drawn-out chats on the line.
Might find more time after dark to talk things through.
Better sort out my code first thing. Before I go any further.
Curious what she had in mind when mentioning that framework.
Finding her way through backend setups looked natural, almost like second nature. A quiet confidence showed each time she tackled a new problem.
This way stays clear when things get busy again. Later thoughts need that bit of help sometimes.",26,Female,en_US,Software Engineer,contact,,,,,,
665,HungLD,,,accepted,ok,ok,2026/03/09,19,Note,Lebron James,"Met a locksmith named Aaron Delgado after a small disaster with my front door lock.                                
Happened last month when the deadbolt suddenly jammed late at night.                                        
I couldn’t get the key to turn and thought I was going to be stuck outside for hours.                                        
My neighbor recommended this guy because he had helped her before.                                        
His number is +1 415 555 0284 so saving it here too.                                        
Works as an independent mobile locksmith and drives around the city.                                        
Showed up in about twenty minutes which honestly surprised me.                                        
Pretty chill guy and didn’t make the situation feel stressful.                                        
Said most of his work is emergency lockouts and broken key extractions.                                        
Also installs newer smart lock systems if someone wants to upgrade.                                        
Mentioned prices go up pretty late at night so earlier calls are better.                                        
If this ever happens again I should call before midnight if possible.                                        
He told me texting first is fine because he’s often on another job.                                        
Lives somewhere near Daly City but works all around the area.                                        
Drives a white van with a small locksmith logo on the side.                                        
Gave me a tip about using graphite powder instead of oil in locks.                                        
Might ask him to change the back door lock sometime this fall.                                        
Especially before leaving town for holidays.                                        
Name saved in phone as “Aaron Locksmith”.                                        
Do not lose this number again.                                        
Could also recommend him to the landlord if building locks fail.                                        
Definitely a useful contact to keep around.",34,Male,en_US,Football player,contact,,,,,,
666,HungLD,,,accepted,ok,ok,2026/03/09,2,Note,Nicoloas Modric,"Contact from community garden volunteer day                                
Name: Melissa Grant                                        
Met her during the Saturday cleanup and planting shift                                        
She coordinates access to the tool shed and supplies                                        
Said I could reach out if I ever need a spare key for the shed                                        
Also organizes most of the spring planting weekends                                        

She works weekdays at a dental office
Best time to call is usually later in the evening
Mentioned texting works fine too if it’s about schedules
Her phone: +1 206 555 7719
Need to ask her about getting a small garden plot next season
She remembered I was growing tomatoes and herbs
Could be nice to trade seedlings later

Reminder: tell her I’m Daniel from the compost team
Keep this contact saved before I forget",28,Male,en_US,Engineer,contact,,,,,,
667,HungLD,,,accepted,ok,ok,2026/03/09,14,Note,Mason Trafford,"Need to keep info for dog sitter Jenna Morales
Met her at the dog park by the river one Saturday morning
She watched Max for a full weekend when I had to travel
Did a really good job honestly and Max seemed happy
She sent photos and little updates which I appreciated
Works part time as a vet assistant during weekdays
So she knows how to handle nervous or hyper dogs
Said she usually books up around holidays though
Her apartment is only a few blocks away from mine
Which makes drop offs really convenient
I should contact her before the July trip this year
She mentioned she prefers quick calls instead of long texts
Her rate was pretty reasonable compared with the pet sitting apps
Writing it down here so I don’t forget later
Phone number +1 720 555 9033",31,female,en_US,Teacher,contact,,,,,,
668,HungLD,,,accepted,ok,ok,2026/03/09,17,Note,Tyler M.,"Need to keep this plumber’s contact somewhere because the sink issue will probably happen again.
His name is Aaron Delgado and he came by when the kitchen pipe burst last winter.
Pretty chill guy and didn’t make the repair sound more dramatic than it was.
Wrote his number down here so I don’t lose it again: +1 415 555 0183.
My neighbor from downstairs recommended him after I asked around in the building group chat.
Apparently he works a lot of older apartment buildings in this area.
He said texting first works better because he’s usually driving between jobs.
Also told me he does quick inspections if pipes start making weird knocking sounds.
Might ask him about replacing the bathroom faucet soon.
He mentioned he gives small discounts for repeat customers.
The company name he works under is Delgado Home Plumbing.
Not a huge company, mostly just him and another technician.
When he fixed the sink he finished the job in under an hour.
He even showed me how to shut the valve under the cabinet in case it happens again.
Should remember to call him before the winter freeze season.
Last time the issue started after a really cold night.
Also asked if he installs water filters under sinks.
Said yes but I’d need to buy the filter kit first.
Good to keep this number saved somewhere outside my phone too.
If the landlord drags their feet again I can just contact him directly.
Friendly dude overall and seemed honest about pricing.
Definitely the plumber I’ll call next time something leaks.",34,Male,en_US,Warehouse Supervisor,contact,,,,,,
669,HungLD,,,accepted,ok,ok,2026/03/09,20,Note,Melissa R.,"Contact I should keep for freelance photography help
Name: Jenna Whitaker
Phone: +1 720 555 4421
Met her during the outdoor company marketing event last summer.
She was the photographer covering the whole afternoon.
We ended up chatting when she asked about the trail gear display.

Turns out she does freelance work for small brands and local businesses.
Said she’s open to short product shoots if scheduled early enough.
Her portfolio had lots of hiking and camping photos which looked really good.

Best way to reach her is texting first before calling.
She said mornings are usually editing time so she answers later in the day.
Might reach out when we launch the new backpack line.
She also mentioned doing quick social media photo packages.
That might actually help our marketing team a lot.",29,Female,en_US,Marketing Coordinator,contact,,,,,,
670,HungLD,,,accepted,ok,ok,2026/03/09,10,Note,Thomas D.,"Met a mobile bike mechanic named Chris Patel during the neighborhood cycling meetup.
He runs a small repair service around town.
His phone number is +1 206 555 7304.
Said he mostly does tune-ups and brake adjustments.
Apparently he drives a van with all the tools inside.
Which means he can come directly to apartments or offices.
That’s actually super convenient if the bike chain snaps again.
He fixed someone’s derailleur during the ride break.
Took him maybe ten minutes which was impressive.
Mentioned he used to work at a big bike shop downtown.
Started his own mobile thing about two years ago.
He suggested scheduling appointments a few days ahead.
Weekends are apparently the busiest for him.
Said texting works faster than voicemail.
Also offers seasonal tune-ups before long rides.
Could be useful before the fall charity ride.
Rates sounded pretty reasonable compared to the shop.
I should message him when my tires need replacing.
Keep this contact saved so I don’t forget.",41,Male,en_US,Civil Engineer,contact,,,,,,
671,HungLD,,,accepted,ok,ok,2026/03/09,8.8,Note,Jason Mount,"• Dog walker recommendation from my coworker Hannah
• Name: Brooke Simmons
• Phone: +1 312 555 9041
• She runs a small pet-walking service around the west side.
• Apparently she has been walking Hannah’s golden retriever for almost a year.
• Said she’s really reliable and always sends photo updates.
• Brooke usually walks dogs during weekday afternoons.
• Also offers quick weekend visits if scheduled ahead.
• Important because I’m sometimes stuck late at the hospital.
• Hannah mentioned Brooke carries spare treats and water.
• She also does short training reinforcement while walking.
• Might ask about puppy leash manners for Milo.
• Best way to reach her is texting first.
• Should contact her before my next long shift week.
• Save this here so I remember who Hannah recommended.",31,Female,en_US,Nurse,contact,,,,,,
672,HungLD,,,accepted,ok,ok,2026/03/09,13,Note,Romano C.,"He is Jake Morales.
I met him through the neighbor downstairs who swore he was reliable.
Apparently he runs a small family plumbing business around Brooklyn.
His number is +1 347 555 8124.
He said texting first is better cause he’s usually driving between jobs.
Charged way less than the first company I called.
Might call him again if the bathroom faucet keeps dripping.
Also does water heater installs according to him.
Lives somewhere in Queens but works all over the city.
Told me mornings are kinda chaos for him.
Best time to reach him is after about 4pm.
Writing this here so I dont lose the contact again.
Could also help mom with that old basement pipe situation.
Remember he likes when people send a quick pic of the problem first.
Saving him in phone as “Jake plumber maybe”.
Still gonna compare with the building super’s guy just in case.
But yeah prob calling Jake next time something explodes lol.",29,Male,en_US,Warehouse Supervisor,contact,,,,,,
673,HungLD,,,accepted,ok,ok,2026/03/09,20,Note,Alicia Monroe,"Random note from networking meetup downtown yesterday. I talked to a freelance graphic designer who might help with the bakery logo redo.
Her name was Kendra Lopez and she seemed super chill.
She said texting works best. Number: +1 646 555 9032
Met her at that small business meetup near 8th Ave.
She showed me some branding stuff she did for a coffee shop. Looked really clean.
Might ask her about menu design too.
Reminder to send her a message sometime this week.
Don't wait too long or she’ll forget who I am lol.
Mention the bakery expansion idea when texting.
She also said she sometimes trades design work for pastries?? funny deal honestly.
If the price isnt crazy maybe hire her for the full branding thing.
Need to gather photos of the shop before contacting.
Also ask if she does social media graphics.
Could be really useful for Instagram posts.
Write again: Kendra Lopez, graphic designer.
keep this here so I dont dig through business cards again",29,Female,en_US,Bakery Owner,contact,,,,,,
674,HungLD,,,accepted,ok,ok,2026/03/09,16,Note,Alan Wood,"Contacts from soccer league signup tonight:
• Trevor (league coordinator) – +1 201 555 7712
said to message him if I can’t make Thursday games
handles field reservations and team rosters
met him while registering at the park office
seemed organized but talks really fast lol
• Sam Patel
another player on our team
phone: +1 917 555 2206
works in finance somewhere in NYC
we talked about Premier League for like 10 mins
he said he usually carpools to the field
maybe ask for ride if subway schedule sucks
reminder: text Trevor by Wednesday if work schedule changes
first match next week so keep phone handy
dont forget shin guards this time
saving these contacts here instead of phone list for now",43,Male,en_US,Gamer,contact,,,,,,
675,HungLD,,,accepted,ok,ok,2026/03/09,14,Note,Ethan Walker,"quick note - electrician from last winter
Mark Delaney
+1 973 555 2147
came over when the basement outlet started sparking
works around North Jersey mostly
said texting is better than calling during jobs
reminder to myself: ask about rewiring the garage
also maybe check the porch light switch
he mentioned prices going up after April
so prob should book before that
told me he’s usually free early mornings
or late evening after 6
dont forget to send him the photo of that burnt socket
email he scribbled on invoice: markd.fixit@gmail.com

met him thru neighbor Carla
decent guy, talked a lot about fishing lol
keep this here so I dont lose the number again
if emergency power issue -> call right away
otherwise text first
basement project maybe next month
note: truck says “Delaney Electric” on side
saved Mar 2026",34,Male,en_US,Warehouse Supervisor,contact,,,,,,
676,HungLD,,,accepted,ok,ok,2026/03/09,11,Note,Lauren Bishop,"Daniel Ruiz - mechanic I used once for the old Honda
shop is somewhere near Newark Penn area, small garage behind the gas station
I keep forgeting the exact street
his number: +1 862 444 9082
met him when the alternator died during that snow week
he stayed late to finish the repair which was nice
said if the car starts making that whining sound again just call
also does quick oil changes if I bring my own filter
prob cheaper than the dealer honestly
reminder: ask him about brake pads next time
he told me tuesdays are slow at the shop
so thats the best day to drop the car
dont show up monday mornings (he said chaos lol)
might help Mike too since he needs a mechanic
save receipt somewhere?? still havent
anyway keeping this here so I dont lose his contact again
Daniel R. good guy, slightly messy garage but knows his stuff",29,Female,en_US,Graphic Designer,contact,,,,,,
677,HungLD,,,accepted,ok,ok,2026/03/09,15,Note,Marcus Greene,"plumbers list (from building chat)
main one people recommended:
Tony G.
phone +1 201 778 5519
apparently fixed the leak in apt 3C last month
neighbor said he shows up fast which is rare
backup option just in case:
Linda – “Rapid Pipe Service”
+1 551 903 1184
she answered late night when hallway pipe burst last winter
note to self: describe the slow drip under kitchen sink
maybe send photo first so they know the part
Tony prefers calls before 5pm
Linda said texting is ok anytime
check prices before agreeing to work
building mgmt wont cover small repairs annoyingly
also ask about replacing that rusty valve
keep both numbers saved here
plumbing issues always happen at worst time ugh",41,Male,en_US,Bus Driver,contact,,,,,,
678,HungLD,,,accepted,ok,ok,2026/03/09,16,Note,Natalie Ford,"Dentist contact I should NOT lose again
Dr. Emily Harper
Midtown Dental Loft
+1 646 390 2275
went there after Jenna anounce me
place is on 38th st somewhere near the subway
first visit was actually prety chill
they play music during cleaning, which made it more fun
need to call for next checkup around September
receptionist said mornings fill up quick
if calling, ask for Maria at the front desk
she handled the insurance stuff last time
reminder: bring the night guard they made me
also ask about whitening maybe
leaving this note so future me stops googling the number again",37,Female,en_US,Interior Designer,contact,,,,,,
679,HungLD,,,accepted,ok,ok,2026/03/09,20,Note,Brian Callahan,"random contacts from the hiking trip planning
guy who rents small cabins up near the Catskills
name: Greg Halvorsen
cell +1 845 661 3042
spoke with him for like 20 mins about trail access
seems friendly but talks alot haha
cabins apparently close to Slide Mountain trailhead
said October weekends book super fast
if we go w/ the group I should text him first
he also mentioned his sister helps manage bookings
her name is Alyssa
number he gave: +1 845 661 7789
she handles deposits and keys
dont send payment before confirming dates tho
Greg suggested midweek stays are quieter
might be perfect for that fall foliage trip idea
remember to ask about firewood bundles
and whether dogs are allowed (Ben will ask)
keep both numbers here for later
Catskills plan maybe early Oct??
check schedules with everyone",45,Male,en_US,High School History Teacher,contact,,,,,,
680,MinhBH,rework done,PhucVQ,accepted,ok,ok,10/03/2026,8.8,Note,Jacob E. Ramsay,"Nate Holloway – moving help contact.
Phone: +1 412 555 0183.

Met Nate when I was helping Jake move apartments last summer and this guy showed up with a pickup truck and basically saved the whole day.

He said he sometimes helps people move furniture on weekends for a little extra cash. Not like a full company, more like side work.

I remember he mentioned he works construction during the week so best time to reach him is Sat morning.

If I ever move again or need help hauling that big desk downstairs I should call him.

Also said he has straps and blankets for protecting stuff in the truck.

Seemed like a solid dude, pretty friendly and didnt rush anything.

Save this number somewhere safe cause moving again next year is prob gonna happen.",36,Male,en_US,Shopkeeper,contact,,,,,,
681,MinhBH,rework done,PhucVQ,accepted,ok,ok,10/03/2026,7,Note,Elliot McConnel,"Babysitter recommendation from neighbor.

• Name: Olivia Turner
• Phone: +1 704 555 0124

Met her when she was watching the kids next door and they seemed to really like her.

She’s a college student studying early childhood education so that prob explains why she’s good with kids.

Neighbor said Olivia usually babysits on Friday or Saturday evenings.

Extra notes so I remember later:
1. She brings small board games sometimes.
2. Kids apparently love the craft stuff she does with them.
3. Charges hourly but not too expensive.
4. Text before calling cause of classes.

Might reach out before our anniversary dinner next month.

Olivia Turner babysitter contact
+1 704 555 0124",32,Male,en_US,Lawyer,contact,,,,,,
682,MinhBH,rework done,PhucVQ,accepted,ok,ok,10/03/2026,5,Note,Joshua Andrich,"Contact for computer repair guy

Name: Leo Park
Phone: +1 646 555 0176

Met him through a friend at the office after my laptop fan started making that loud rattling sound.

He checked it and said dust buildup was the main issue which honestly makes sense cause I never clean the thing.

He runs a tiny repair shop somewhere near 7th Ave.

Notes:
• prefers texts first before calls
• usually works afternoons
• can replace laptop batteries same day sometimes
• also fixes cracked phone screens

Might contact him again if the battery keeps draining weirdly.

Leo Park +1 646 555 0176",29,Male,en_US,Mailman,contact,,,,,,
683,MinhBH,rework done,PhucVQ,accepted,ok,ok,10/03/2026,15.3,Note,Nina Stars,"Hair stylist contact just in case I switch salons again.

Name: Marissa Cole

I met her when my usual stylist was on vacation and she filled in that day. She actually did a better job with the layers tbh.

Phone number is +1 305 555 0147.

She works at a place called Coral Edge Salon near downtown but also does appointments on Sundays sometimes.

Told me texting is easier than calling cause she’s usually busy with clients.

Need to remember to book with her before the holidays cause thats when salons get crazy busy.

Also she mentioned she can do color touchups if I ever decide to try that again.

Pretty chill personality, easy to talk to during the appointment.

Marissa Cole – stylist
+1 305 555 0147",32,Female,en_US,Babysitter,contact,,,,,,
684,MinhBH,rework done,PhucVQ,accepted,ok,ok,10/03/2026,8,Note,Gregory Walsh,"Random but useful contact from the fishing dock last month.

Captain Dave Morgan
charter boat guide near Clearwater.

I was asking around about offshore fishing trips and someone pointed me to him.
Said he runs small groups only so it’s less crowded.

Boat name I think was “Sea Runner”.
phone number: +1 727 555 0196

Things he mentioned:
– best months for grouper fishing are April through June
– trips usually start crazy early like 6am
– bring your own snacks and sunscreen
– he provides rods and bait
– deposit needed to hold a weekend date

He told me to text first if I want to check availability.

Dave Morgan – fishing charter guy
+1 727 555 0196

might book a trip w/ Matt and Lucas later this summer.",52,Male,en_US,Construction Inspector,contact,,,,,,
685,MinhBH,rework done,PhucVQ,accepted,ok,ok,10/03/2026,11,Note,Danielle Price,"Salon contacts from the new place downtown

Stylist: Nina Alvarez
phone +1 312 555 0144
She did my haircut last month and somehow fixed the mess I had from the cheap salon before.
Said she’s been working there about 6 yrs.

Reception desk number also:
+1 312 555 0180

Notes for myself:
1. Nina suggested coming back every 8 weeks or so.
2. She also does color but appointments fill up quick.
3. Texting the main desk works better than calling sometimes.
4. The place is called “Oak Street Hair Studio”.
5. parking kinda annoying around there btw.

remind them I’m the one with the short bob cut from February.

Nina Alvarez
+1 312 555 0144",44,female,en_US,Retail Store Manager,contact,,,,,,
686,MinhBH,rework done,PhucVQ,accepted,ok,ok,10/03/2026,17,Note,Samuel Ortiz,"New landscaping contact maybe useful later.


• Miguel Torres – yard & tree trimming
• phone: +1 915 555 0173


• he said he's been doing landscaping jobs around this block for years
• can trim trees, mow lawns, and fix broken sprinklers too
• price sounded fair compared to the company I used before
• told me to call a day ahead if I want him to come by
• usually starts work early like 7am or so
• seems friendly but talks super fast lol
• might ask him to clean up the backyard before summer BBQ


Miguel Torres
+1 915 555 0173",31,Male,en_US,High School Coach,contact,,,,,,
687,MinhBH,rework done,PhucVQ,accepted,ok,ok,10/03/2026,15,Note,Rachel Kim,"Met a freelance photographer during Jenna’s engagement party.
His name is Aaron Patel.
Works around the Seattle area doing small events.
Phone number +1 425 555 0162.

He showed me some pics from a wedding shoot on his phone, looked pretty legit honestly.
Mentioned he sometimes gives a discount if booking on weekdays.

Thinking of contacting him when mom’s birthday party gets planned later this year.

Aaron Patel
+1 425 555 0162
dont forget to say we met at Jenna’s party so he remembers.",36,female,en_US,Marketing Coordinator,contact,,,,,,
688,MinhBH,rework done,PhucVQ,accepted,ok,ok,10/03/2026,4,Note,Tyler Brooks,"Roofing contact I prob shouldnt lose again.
Name: Kevin Laird
Phone: +1 614 555 0189

Met him after that heavy storm last summer when a couple shingles blew off the back side of the roof.
Neighbor said Kevin has been fixing roofs in this area for yrs.

He came by next morning and patched it quick so rain wouldnt leak into the attic.
Said full replacement isnt urgent yet but maybe in 2-3 yrs.

He prefers texts during the day cause he’s usually up on ladders most of the time.

Also mentioned he can check gutters while he's up there.
Might call him before next winter just for a quick inspection.

Kevin Laird – roofing guy
+1 614 555 0189",52,Male,en_US,Delivery Driver,contact,,,,,,
689,MinhBH,rework done,PhucVQ,accepted,ok,ok,10/03/2026,15,Note,Gregory Walsh,"couple of useful house repair contacts from the neighborhood group chat


first one – electrician
name: Caleb Foster
number: +1 704 555 0162
fixed Tom’s garage wiring last month apparently
people said he’s reliable and not too expensive


second contact – handyman for smaller stuff
Eric Nolan
phone +1 704 555 0135


quick notes so I remember:
- Caleb handles bigger electrical things like breaker panels
- Eric mostly does general repairs (doors, shelves, drywall etc)
- both work around Charlotte area
- someone said mornings are best time to call them


might contact Eric soon cause the hallway door hinge keeps loosening.


keep these numbers saved before I forget again.",52,female,en_US,Delivery Driver,contact,,,,,,
690,MinhBH,rework done,PhucVQ,accepted,ok,ok,10/03/2026,21,Note,Alicia Turner,"Contacts for computer help (just in case my laptop dies again)

• Tech guy: Brandon Pike
• Phone: +1 408 555 0172
• Works at a small repair shop near downtown San Jose

notes from last visit:
• fixed my laptop fan that kept making that weird buzzing sound
• said dust buildup was the problem (yeah I never clean it lol)
• also installed extra RAM so it runs faster now
• told me gaming laptops get hot fast so I should use a cooling pad
• shop closes around 6pm most days
• texting first is ok but he usually answers calls quicker

backup contact he suggested:
• Lisa Grant – hardware specialist
• number +1 408 555 0159

hopefully I dont need repairs again anytime soon but keeping these numbers anyway.",27,male,en_US,Elementary School Teacher,contact,,,,,,
691,MinhBH,rework done,PhucVQ,accepted,ok,ok,10/03/2026,10,Note,Marcus Reed,"Met a freelance photographer last weekend at Jake’s engagement party.
His name is Darren Cole.
Phone number: +1 702 555 0184.
Runs a small photography business doing weddings and events mostly.
Showed me some photos on his phone and they actually looked really good.
Might contact him when my sister starts planning her wedding next year.
He mentioned he travels around Nevada for bookings.
Prefers text first before calling cause he’s often editing pics late at night.
Also said he sometimes offers weekday discounts.
His insta page apparently has most of his work but I forgot the handle.
Darren Cole photography guy.
+1 702 555 0184.
Don’t forget this cause mom will prob ask for a photographer later.
Seemed like a chill dude overall.
Could be useful contact for events too.
Need to save this properly in phone later.",31,female,en_US,Bartender,contact,,,,,,
692,MinhBH,rework done,PhucVQ,accepted,ok,ok,10/03/2026,5,Note,Sandra Holt,"""Name: Olivia Brooks
phone: +1 503 555 0127
She was the one organizing who plants what beds. Super friendly and somehow remembers everyones name which is kinda impressive.
She said if I ever wanna reserve a small plot again I should just text her. The city website is apparently a mess lol.
She also runs those Saturday gardening workshops sometimes. Might be fun to join.
Best time to reach her is late afternoon.
She mentioned they might expand the garden next spring if funding works out.
Reminder for me: tell her I'm the one who brought the tomato seedlings.
Would be nice to help out again this season honestly.""",44,female,en_US,Graphic Designer,contact,,,,,,
693,MinhBH,rework done,PhucVQ,accepted,ok,ok,10/03/2026,11,Note,Tyler Benson,"Need to keep this guy’s number somewhere before I lose the sticky note again.
Mark Delaney – appliance repair dude.
Phone +1 617 555 0193.

Came over when the washing machine started shaking like crazy during spin cycle. Thought the whole thing was gonna walk across the laundry room lol.
He said the balance rods were worn out and swapped them pretty quick.

Nice guy, didnt talk much but got the job done fast.
Told me if the dryer ever starts making a screeching sound I should call before it damages the belt.

Works mostly around Cambridge area I think.

Best to call mornings before noon cause afternoons he’s usually on repair calls.

Might have him check the fridge ice maker too cause it jams sometimes.

Mark Delaney appliance repair
+1 617 555 0193",36,male,en_US,Real Estate Agent,contact,,,,,,
694,MinhBH,,PhucVQ,,,,10/03/2026,23,Note,Daniel R.,"Important notes
Do not lose under any circumstances

Guy’s name is Trevor Mills
mobile: +1 720 555 1946


met him when he fixed the leaking sink in the break room at the office last winter. someone from building management sent him. he finished the job super quick and didnt leave a mess which honestly shocked me.


he said if any plumbing stuff pops up again just text first cause he’s usually driving between jobs most mornings.
also mentioned he does small heater repairs too which might be useful later.


reminder: tell him its Daniel from the marketing office downtown if I call again.
maybe ask about replacing that noisy pipe under the sink sometime in May.",34,Male,en_US,Marketing coordinator,contact,,,,,,
695,MinhBH,rework done,PhucVQ,accepted,ok,ok,10/03/2026,5,Note,Alicia M.,"Contact to remember – bakery supplier from the farmers market


Name: Peter Callahan
Phone: +1 503 555 6621


talked to him while picking up sourdough loaves last Sunday morning. he runs a small flour and grain supply thing for local bakeries. said he works mostly with family bakeries and cafes.


he mentioned they mill some of the wheat locally which is kinda cool. might be good for the shop if we wanna try different flour blends.


best time to reach him is late afternoon cause mornings are delivery runs.
texting is fine but he said calls are easier when discussing bigger orders.


remember to ask about the rye flour batch he talked about.
also maybe check prices for bulk bags before next month.
dont forget to say I’m the girl from Maple Street bakery stall.",29,female,en_US,Baker,contact,,,,,,
696,MinhBH,rework done,PhucVQ,accepted,ok,ok,10/03/2026,22,Note,Marcus H.,"Met a freelance camera repair tech yesterday.
Name written as Joel Ramirez.
Phone number saved: +1 415 555 8843.
I ran into him at the photography meetup near the pier.
He fixes older DSLR gear and mirrorless stuff too.
Mentioned he used to work at a bigger repair shop but now does his own thing.
Told me sensor cleaning usually takes about a day.
He prefers a quick text first before dropping equipment off.
Apparently he works out of a tiny studio in Oakland.
Said Saturdays are easier for walk-ins.
I should probably message him before my next shoot cause my lens focus feels weird lately.
Rates sounded fair compared to the big stores.
Also he offered to check my old Nikon body if I bring it along.
Might be handy contact if camera gear acts up again.
",41,Male,en_US,Photographer,,,,,,,
697,MinhBH,rework done,PhucVQ,accepted,ok,ok,10/03/2026,13,Note,Tiffany S.,"Emergency electrician referral (from neighbor Mike)


Phone: +1 312-555-4170
Name: Carla Gomez
Works as independent electrician around west side area


Notes:
- Mike said she fixed their breaker issue last fall
- apparently very quick response time
- doesnt charge crazy weekend rates which is nice
- told to call if lights start flickering again
- she also installs ceiling fans and outlet upgrades
- might help with the kitchen outlet problem
- prefers calls instead of long texts
- mornings before 10am usually best


reminder stuff
1. explain the hallway light problem clearly
2. ask if she can come sometime next week
3. check cost before agreeing to full repair
4. dont forget to mention Mike from apartment 3A recommended her


keeping this here cause I always lose phone numbers when I need them most",37,female,en_US,Real estate agent,,,,,,,
698,MinhBH,rework done,PhucVQ,accepted,ok,ok,10/03/2026,13,Note,Eric L.,"random note so I dont lose these contacts again


lawn care guy someone at work suggested
name: Dustin Parker
+1 919 555 7302


apparently he does yard cleanup and basic landscaping around Raleigh area. my coworker said Dustin helped them after a storm knocked branches everywhere.


second contact just in case Dustin is busy:
Mark Ellis – another yard service dude
phone +1 984 555 2618


things to ask when I call:
• price for trimming the big oak tree in backyard
• leaf cleanup before fall really hits
• maybe mowing every two weeks


Dustin supposedly answers texts faster than calls.
Mark might only pick up in evenings cause he works another job daytime.


reminder to myself: yard looks kinda wild lately lol
should contact one of them before HOA starts nagging again.",46,Male,en_US,Insurance adjuster,,,,,,,
699,MinhBH,rework done,PhucVQ,accepted,ok,ok,10/03/2026,15,Note,Ethan Caldwell,"""Good contact for car detailing, writing it here before I forget again.
Miguel Santos
mobile detailing service
I got his number from a flyer at the gas station.
decided to try it cause the truck interior looked awful after the camping trip.
he came over and cleaned the seats and carpets way better than I expected.
also got rid of that weird muddy smell somehow.
phone: +1 915 555 0185
he said he works mostly around El Paso neighborhoods and does home visits.
price wasnt too bad either tbh.
note to self: call him again before selling the truck later this year.
clean cars prob sell quicker.

keep this number saved.""",25,Male,en_US,Construction Supervisor,,,,,,,
700,HUNGNV5,,,,,,2026/03/10,16,Note,Jessica Lee,"dog sitter contact from the vet's office bulletin board. thank god, need this sooo bad.
 Name: Lisa Rodriguez
 Phone: +1 617-555-0144

 
 notes for lisa:
 - luna needs her seizure meds twice a day (8am & 8pm) - very important!
 - she only eats royal canin, no other food or treats.
 - needs two walks a day, 30 mins each, no dog parks.
 - her favorite toy is teh red squeaky ball.
 - also, can she send me daily photo updates? i get so worried.
 probly schedule a meet & greet for luna and lisa soon. before my trip next month. wanna make sure they get along. she mentioned she also does overnight stays, which is perfect for my weekend shifts. she has good reviews online too. this is a lifesaver honestly.",,,en_US,Nurse,,,,,,,
701,HUNGNV5,,,,,,,,Note,Robert Green,"Financial Advisor Contact: Sarah Chen
 Firm: 'Prosperity Partners'
 Phone: +1 312-555-0160
 
 i got her info from my colleague, mark. he said she's excellent with retirement planning and investment strategies. my current portfolio feels a bit stagnant, and i definately need to start thinking seriously about long-term goals. especially with the kids' college coming up.
 
 things to discuss with sarah:
  1. review my existing 401k and IRA accounts.
  2. discuss options for a Roth conversion.
  3. explore low-risk investment opportunities for college savings.
  4. potential strategies for early retirement planning.
  5. what are her fees? flat fee or percentage?
  6. does she work with tax planning too? or should i keep that seperate.
  7. her availability for an initial consultation, i prefer tuesday afternoons.
 
 i need to send her my current financial statements before our first meeting. mark also said she hosts free webinars on market trends. might be useful. i should try to schedule something for next month, before things get too busy at work. wanna make sure im on track.",,,en_US,Accountant,,,,,,,
702,HUNGNV5,,,,,,,,Note,Chloe Davis,"new hair stylist contact!!! omg so excited for a new look
 her name is tina reyes and she works at 'the cutting edge' salon
 phone: +1 929-555-0199
 
 met her at the mall, she had the coolest purple highlights ever. asked her who did it and she said she did it herself! so talented. i need a complete hair transformation, my current style is just so boring, like literally so over it.
 
 stuff i wanna ask tina:
 * can i get balayage with a caramel tone?
 - maybe some curtain bangs? idk, kinda nervous.
 • what's her availability next week? friday would be ideal.
 - how much for a full color and cut?
 * does she do olaplex treatments? my hair is so dry.
 
 she said she posts her work on instagram, gotta follow her. she seemed super friendly and realy understood my vibe. my friend jess also needs a haircut, maybe we can go together? get a discount probly? lol. anyway, gonna call her tomorrow morning. hope she has openings soon. dont wanna wait too long for this change.",,,en_US,Retail Associate,,,,,,,
703,HUNGNV5,,,,,,,,Note,Sarah Miller,"new tutor contact for statistics!! omg i realy need this
 her name is jessica green. she was recomend by prof davis. +1 917-555-0187
 she helped my friend mark pass his exam last semester so she's good
 super patient and explains things in a way that actually makes sense (unlike teh textbook lol)
 
 notes for scheduling:
  • she charges $50 an hour for undergrads
  - available tuesday and thursday evenings
  • offers online sessions too which is perf for me
  - need to email her my syllabus and problem sets before our first session
 also ask her if she has any tips for excel integration with stats.
 she said she has alot of study guides too.
 should i ask for a group rate if lisa joins? or is it better one-on-one?
 probly one-on-one for this class cuz its so hard. Ugh.
 anyway, gotta reach out to her by friday or i'll forget.
 i heard she also tutors calculus but i dont need that (thank god).",,,en_US,Student,,,,,,,
704,HUNGNV5,,,,,,,,Note,Ben Carter,"hvac specialist referral from gary at work
 name: tom green
 company: 'green climate solutions'
 phone: +1 404-555-0101
 
 gary said he's super reliable and fair priced
 my AC system has been acting up, making weird noises, not cooling properly
 
 things to check:
 * is it just teh filter?
 * or maybe a refrigerant leak?
 * could it be teh condenser coil?
 
 tom fixed gary's furnace last winter, said he was quick
 he works mon-fri, usually busy mornings
 best to call him after 2pm mayb
 i gotta fix this before summer hits for real
 probly need a full system check, its been a while.
 wanna ask if he does duct cleaning too.",,,US,Electrician,,,,,,,
705,HUNGNV5,,,,,,,,Note,,,,,en_US,,,,,,,,
706,HUNGNV5,,,,,,,,Note,,,,,en_US,,,,,,,,
707,HUNGNV5,,,,,,,,Note,,,,,en_US,,,,,,,,
708,HUNGNV5,,,,,,,,Note,,,,,en_US,,,,,,,,
709,HUNGNV5,,,,,,,,Note,,,,,en_US,,,,,,,,
710,HUNGNV5,,,,,,,,Note,,,,,en_US,,,,,,,,
711,HUNGNV5,,,,,,,,Note,,,,,en_US,,,,,,,,
712,HUNGNV5,,,,,,,,Note,,,,,en_US,,,,,,,,
713,HUNGNV5,,,,,,,,Note,,,52,Male,en_US,,,,,,,,
714,HUNGNV5,,,,,,,,Note,,,27,female,en_US,,,,,,,,
715,HUNGNV5,,,,,,,,Note,,,31,Male,en_US,,,,,,,,
716,HUNGNV5,,,,,,,,Note,,,44,female,en_US,,,,,,,,
717,HUNGNV5,,,,,,,,Note,,,36,Male,en_US,,contact,,,,,,
718,HUNGNV5,,,,,,,,Note,,,34,Male,en_US,,contact,,,,,,
719,HUNGNV5,,,,,,,,Note,,,29,female,en_US,,contact,,,,,,
720,HUNGNV5,,,,,,,,Note,,,41,Male,en_US,,contact,,,,,,
721,HUNGNV5,,,,,,,,Note,,,37,female,en_US,,contact,,,,,,
722,HUNGNV5,,,,,,,,Note,,,46,Male,en_US,,contact,,,,,,
723,HUNGNV5,,,,,,,,Note,,,25,Male,en_US,,contact,,,,,,
724,MinhBH,,,,,,10/03/2026,0,Note,Patricia Wells,"Contacts for yard stuff (neighbors recommended these)


• Lawn service: Carter Green Landscaping
• contact person: Ryan Carter
• phone +1 614 555 0138


quick notes:
• trims hedges and does seasonal yard cleanup
• Mrs. Langley next door said he’s dependable
• apparently books up fast in spring


second contact just in case:
• tree trimming guy – Harold Dunn
• number: +1 614 555 0171


things to remember:
• Ryan prefers text messages for estimates
• Harold only answers calls cause he doesnt check texts much
• both work around Columbus area


might call Ryan soon cause the backyard bushes are getting outta control again.
dont wait too long this time.",36,female,en_US,Librarian,contact,,,,,,
725,MinhBH,,,,,,10/03/2026,22,Note,Dylan Parker,"new contact from cycling group ride
Alex Grant
+1 720 555 0146


rides with the weekend group that meets near Sloan Lake.
said he works at a bike repair shop downtown.


told me if my rear derailleur keeps skipping gears I should bring the bike in.
apparently thats a super common issue after long rides.


he also said they do quick tune ups while you wait which is kinda nice.


reminder to text him before stopping by cause the shop gets busy in the afternoon.


Alex Grant bike mechanic
+1 720 555 0146


seemed like a chill guy, knew a lot about road bikes.
might ask him about upgrading the cassette later this summer.
also need to check that shop name again cause I forgot it already.
keep this saved somewhere safe.",45,Male,en_US,Fitness Trainer,contact,,,,,,
726,MinhBH,,,,,,10/03/2026,13,Note,Laura Simmons,"Met a house cleaner through my coworker last week.
Her name is Teresa Alvarez.


Phone number: +1 305 555 0164


She apparently cleans several apartments in the building already so she knows the layout.
Maria from accounting said Teresa is super reliable and shows up early.


Might ask her to come maybe once a month because honestly I never have time to deep clean the place.


She told me Saturdays usually work best for new clients.
Also said texting is fine but calling is quicker.


Teresa Alvarez – cleaning service


number again just in case: +1 305 555 0164


reminder: mention Maria’s name when contacting so she knows where I got the referal.
hopefully I spelled her name right here.",50,female,en_US,HR Coordinator,contact,,,,,,
727,MinhBH,,,,,,10/03/2026,15,Note,Kevin Morales,"Phone: +1 212 555 0187 (write this first so I dont lose it again)
Name: Jenna Whitaker – dog walker I met in the park


Ran into her when Bruno slipped the leash and started chasing pigeons like a maniac. She helped catch him which honestly saved me a lot of embarassment.


Jenna said she walks dogs around the Upper West Side most mornings.
She mentioned she still has a couple open time slots during weekdays.


Might use her if work sched gets crazy again next month.
She prefers texting instead of calls cause she's usually outside walking dogs.


Also said she does short pet sitting visits if owners are away overnight.


Need to remind her I'm the guy with the overly excited brown lab.


Jenna Whitaker
+1 212 555 0187
dont forget this again.",37,Male,en_US,Restaurant Manager,contact,,,,,,
728,MinhBH,,,,,,10/03/2026,12,Note,Logan Price,"guy who fixes garage doors – dont lose this number again


Trevor Blake
+1 480 555 0174


came out last winter when the garage door wouldnt close all the way and kept reversing.


he said the sensor near the floor was misaligned which apparently happens a lot.


fixed it pretty quick and didnt charge much either.


mentioned he also installs new motors if the opener stops working someday.


best to call afternoons cause mornings hes doing installs usually.


Trevor Blake garage door repair
+1 480 555 0174",37,Male,en_US,Auto Parts Salesperson,contact,,,,,,
729,MinhBH,,,,,,10/03/2026,10,Note,Donna Alvarez,"house cleaning contacts from the neighborhood Facebook group


main person: Carla Mendes
phone +1 305 555 0156


notes from ppl who recommended her:
- works mostly around Miami Beach area
- does deep clean for kitchens + bathrooms
- brings her own supplies apparently
- one neighbor said she's very detail oriented (good cause my place gets messy lol)


backup cleaner someone mentioned:
Maria Gutierrez
number +1 305 555 0192


quick reminders:
- Carla prefers calls in morning
- Maria usually answers texts faster
- both charge by the apartment size


might book one of them before my parents visit next month cause the apartment def needs a serious clean.",42,female,en_US,Property Manager,contact,,,,,,
730,MinhBH,,,,,,10/03/2026,15,Note,Eric Valdez,"Good contact from the cycling shop downtown.


Jake Porter
bike mechanic guy


number: +1 720 555 0187


Said the cable tension was totally off and adjusted it in like ten minutes.


Also recommended changing the chain soon before it damages the cassette.


Told me they do tune-ups in spring which might be worth doing.


Shop gets crowded on weekends so weekday calls better.


Jake Porter bike shop mechanic
+1 720 555 0187


remember to bring the bike back there before summer rides start.",33,Male,en_US,Fitness Trainer,contact,,,,,,
731,MinhBH,,,,,,10/03/2026,13,Note,Rachel Kim,"Name: Dustin Hale
Phone: +1 714 555 0125


Turns out he also does custom candle orders for weddings and small events. Might actually use him if my cousin needs decorations later.


He said scents can be customized which is kinda cool.


Prefers people text first cause he’s usually busy pouring wax during the day.


Dustin Hale – candle maker contact.


Random note so I remember: booth was near the bakery stand that sold the blueberry bread.


Need to ask him about lavender scent next time.",45,female,en_US,Marketing Coordinator,contact,,,,,,
732,MinhBH,,,,,,10/03/2026,13,Note,Kevin Marshall,"locksmith contact I should def keep somewhere
Phone first cause thats what I needed fast: +1 303 555 0168
name: Pete Lawson


Had to call him when I locked my keys inside the car outside the grocery store. Pretty embarrasing honestly.
He showed up in like 25 mins which felt like a miracle.


Said he does mostly car unlocks and house lock changes around Denver area.


Mentioned if I ever move apartments he can rekey locks pretty cheap.


Told me texting works but calling is faster during daytime jobs.


Pete Lawson locksmith
+1 303 555 0168",39,Male,en_US,Bus Driver,contact,,,,,,
733,MinhBH,,,,,,10/03/2026,9,Note,Brandon Cole,"Contacts from the neighborhood BBQ last weekend


1. Mike Dawson – HVAC technician
phone +1 623 555 0170
fixed Sarah’s AC unit last summer apparently and everyone said he’s reliable
told me he can check systems before the crazy Arizona heat starts


2. Carla Jennings – house cleaning service
number +1 623 555 0195
she runs a small cleaning crew, mostly residential houses
neighbor said they’re pretty detailed with kitchens and bathrooms


reminders:
- Mike prefers early morning calls
- Carla usually answers texts faster
- both work around Phoenix area


might call Mike soon cause the AC made a weird rattle yesterday.",55,Male,en_US,Auto Parts Sales Manager,contact,,,,,,
734,MinhBH,,,,,,10/03/2026,15,Note,Lorraine Pierce,"Met a piano teacher recently while chatting with a parent after the school recital.
Her name is Hannah Whitaker.
She teaches beginner lessons for kids and adults.
Mentioned she does private sessions at her studio near Maple Street.
Phone number somewhere in my messages but writing it here too:
+1 720 555 0119
Might ask about lessons for Emma later this year.
Hannah said weekday evenings usually open.
Also told me beginners should start with short 30 min lessons.
She seemed very patient which is prob good for kids lol.
Hannah Whitaker – piano teacher contact.",44,female,en_US,Librarian,contact,,,,,,
735,MinhBH,,,,,,10/03/2026,10,Note,Derek Vaughn,"Good contacts for moving help next time I switch apartments


• Moving company guy: Allen Price
• number +1 404 555 0163


Used his crew when I moved from Midtown to Decatur last year. They were a bit late but handled furniture carefully at least.


Allen said weekends fill up super fast so should book early if possible.


Backup contact if they’re booked:
• Tanya Ruiz
• phone +1 404 555 0189


She runs a smaller moving van service, mostly for apartments and dorm moves.


notes for later:
• Allen company better for bigger moves
• Tanya cheaper but limited truck space
• both operate around Atlanta area",31,Male,en_US,Fitness Trainer,contact,,,,,,
736,MinhBH,,,,,,10/03/2026,5,Note,Natalie Simmons,"Emergency carpet cleaner contact:
Robert Klein


Phone: +1 314 555 0138


Called him last year after spilling red wine on the living room carpet (still embarasing lol). He showed up same afternoon and somehow got the stain mostly out.


Works around St. Louis area and does house calls.


Said if stains sit overnight they get harder to remove so better to call quick.


He also cleans couches and rugs apparently.


Might have him come again before the holidays when family visits.


Best to phone him, not text.


Robert Klein carpet cleaning
+1 314 555 0138",41,female,en_US,Pharmacy Technician,contact,,,,,,
737,MinhBH,,,,,,10/03/2026,13,Note,Kevin Morales,"Need to keep this contact somewhere safe before I misplace the paper again.
Juan Ortega – local lawn care guy.
Phone +1 915 555 0174.


Met him when he was mowing the neighbor’s yard and asked if he also trims hedges. Turns out he does pretty much all yard work.


He came by once last spring and cleaned up the backyard after that wind storm. Did a decent job honestly.


Said texting works best cause he’s usually driving between houses during the day.


Charges per job not hourly which I kinda prefer.


Might call him again when the grass starts growing like crazy in April.


Also mentioned he can install those simple sprinkler timers if needed.


Friendly guy, little quiet but gets work done.


Don’t forget to ask about leaf cleanup in fall.


Juan Ortega
+1 915 555 0174


save this properly later… I keep losing numbers.",38,Male,en_US,Bus Driver,contact,,,,,,
738,MinhBH,,,,,,10/03/2026,20,Note,Raymond Doyle,"Random useful contacts from the apartment building notice board.


First one: locksmith
Name: Ben Carter
+1 504 555 0137


Someone wrote that he helped when they locked themselves out late at night.
Apparently shows up pretty fast which is good if keys get lost again.


Second contact: cleaning service lady
Maria Gutierrez
phone number +1 504 555 0165


Quick notes:
- Maria does weekly apartment cleaning
- people in the building say she’s very reliable
- Ben works mostly evenings and weekends
- both operate around New Orleans area


I should prob save these numbers in phone too before the paper disappears.
never know when they’ll be needed honestly.",38,Male,en_US,Insurance Broker,contact,,,,,,
739,MinhBH,,,,,,10/03/2026,0,Note,Emily Foster,"Contacts for car detailing (so the car stops looking like a disaster)


• main guy: Victor Salas
• phone +1 713 555 0174
• does full interior cleaning and waxing


notes from neighbor:
• he cleaned their SUV and it looked almost new again
• mobile service so he comes to the house
• takes about 2 hours for full job
• weekends book up fast apparently


backup person if Victor busy:
• Tara Mills
• number +1 713 555 0198",37,female,en_US,Marketing Coordinator,contact,,,,,,
740,MinhBH,,,,,,10/03/2026,9,Note,Jordan Patel,"Met a guitar teacher through a friend last night.
His name is Ryan Kessler.
Phone number somewhere here: +1 312 555 0149


Apparently he teaches beginners and also intermediate players who want to improve rhythm stuff.
My friend said Ryan helped him finally learn barre chords without destroying his fingers lol.


Ryan mentioned lessons can be online or at a small studio near Logan Square.


He suggested starting with short 30 min sessions at first.


I should probably text him next week and ask about evening times.


Ryan Kessler guitar instructor
+1 312 555 0149


might be a good hobby thing to start again.",44,Male,en_US,Software Tester,contact,,,,,,
741,MinhBH,,,,,,10/03/2026,8,Note,Linda Chavez,"Name: Kevin Rhodes
Landscaping help contact
+1 602 555 0181


Met him while he was trimming hedges at the neighbor’s place. Yard looked way better after he finished.


He said he does basic lawn care, hedge trimming and sprinkler fixes.


Told me spring is the busiest season so booking early helps.


Prefers quick phone calls instead of long texts.


Might ask him about cleaning up the backyard before summer.


Also maybe see if he plants flowers cause the front bed looks empty lately.


remember to say I’m the house with the blue mailbox when calling.",57,female,en_US,Librarian,contact,,,,,,
742,MinhBH,,,,,,10/03/2026,10,Note,Patrick Lowe,"Aaron Blake – local moving guy someone from work recommended.
Phone: +1 415 555 0163


I met him briefly when he helped my coworker move apartments across the city. Seemed pretty organized and didn’t waste time loading stuff.


Said he runs a small moving crew, mostly helping with apartments and small house moves.


He told me texting works better cause he’s driving most of the day between jobs.


If I end up moving later this year I should contact him maybe a week in advance.


Mentioned he also rents moving boxes which might save buying a bunch of cardboard ones.


coworker said his prices were fair compared to big moving companies.


Aaron Blake
+1 415 555 0163


dont lose this number again when the next move happens.",32,Male,en_US,Office Administrator,contact,,,,,,
743,MinhBH,,,,,,,17,Note,Russell Grant,"Need to write down this landscaper contact before I forget again.
His name is Victor Salgado.
Phone: +1 915 555 0133.


Met him while he was trimming hedges at the house two doors down.
The yard there always looks neat so figured I’d ask who does it.


Victor said he does mowing, hedge trimming, and sprinkler repair too.
Works mostly around the west El Paso area.


Told me weekends fill up quick so better to call during the week.
Price seemed pretty reasonable from what the neighbor said.


Might ask him to clean up the backyard before summer starts.


Victor Salgado landscaper
+1 915 555 0133
save this in phone later cause yard is starting to look rough again.",30,Male,en_US,Auto Parts Salesperson,contact,,,,,,
744,MinhBH,,,,,,,14,Note,Jenna Alvarez,"New contact from the weekend farmers market


Her name: Chloe Whitaker
She runs a small bakery stand there selling sourdough and pastries.
I asked about custom birthday cakes for Sofia’s party next month.


Phone she gave me: +1 415 555 0179


Things she mentioned while we talked:
• usually bakes early mornings and sells out fast
• does special cake orders if given 3–4 days notice
• prefers text cause she’s busy during market hours
• her stall is near the flower vendors at the market square


The sample lemon loaf she gave me was actually amazing.


Chloe Whitaker bakery orders
+1 415 555 0179


remember to message her by next Tuesday about the cake design.
also ask if she can write the name in frosting lol.",34,female,en_US,Event Coordinator,contact,,,,,,
745,MinhBH,,,,,,,7,Note,Derek Shaw,"Contractor contacts from neighbor recommendation:


★ Roofing repair – Nate Callahan
phone: +1 614 555 0181
said he patched Lisa’s roof leak last spring after that heavy storm
people in the block group say he’s reliable


★ Gutter cleaning guy – Rob Keegan
number +1 614 555 0125
apparently climbs up himself instead of sending random workers


quick notes for later:
- Nate handles bigger roof damage or shingle replacement
- Rob just does cleaning and small fixes
- best to call before fall cause they get busy


keep both numbers saved here so I dont forget.",47,Male,en_US,Hardware Store Manager,contact,,,,,,
746,MinhBH,,,,,,,23,Note,Patricia Dunn,"Name: Megan Hartley
Phone number +1 720 555 0116


Said she helps middle school and high school students mostly.
Might contact her if Ethan keeps struggling with algebra this semester.


She told me texting is easiest since she teaches during the day.
Apparently evenings around 6–8pm are when she replies fastest.


Megan Hartley – math tutor contact
+1 720 555 0116",28,female,en_US,Office Administrator,contact,,,,,,
747,,,,,,,,,Note,,,,,en_US,,contact,,,,,,
748,,,,,,,,,Note,,,,,en_US,,contact,,,,,,
749,,,,,,,,,Note,,,,,en_US,,contact,,,,,,
750,,,,,,,,,Note,,,,,en_US,,contact,,,,,,
751,,,,,,,,,Note,,,,,en_US,,contact,,,,,,
752,,,,,,,,,Note,,,,,en_US,,contact,,,,,,
753,,,,,,,,,Note,,,,,en_US,,contact,,,,,,
754,,,,,,,,,Note,,,,,en_US,,contact,,,,,,
755,HungLD,,,,,,2026/03/10,5,Note,Amelia Clark,"New client prospect: Ryan 'Ry' Sanchez
Got his deets from the networking event last Tuesday. He's looking for a graphic designer for his new startup, like, a sustainable fashion sorta brand? Sounds cool. We chatted a bit about branding vibes you know and he seemed really into my portfolio stuff.?
His phone is +1 646-555-0103. He said to call him sometime after 2 you know PM, before 6 PM, cause mornings are usually crazy for him with supplier meetings. 
I sorta guess I'll send an email with my full rate card and then follow up with a quick call.
He seemed pretty chill, not super corporate, which is a relief. Really kinda wanna get kinda this gig, could be a big step for me. Gotta make sure kinda I highlight the eco-friendly projects I've done before. Um, he also mentioned he needs a logo redesign and maybe some social media templates. Don't forget to ask about his budget range before I put together a formal proposal. He's based in Brooklyn, so maybe sorta we could meet for coffee next week if things progress.
Remind myself to google his company, 'GreenThread Apparel'.",28,Female,en_US,Graphic Designer,contact,,,,,,
756,HungLD,,,,,,2026/03/10,16,Note,Sarah Kim,"Tutor for Liam:
 • Name: Ms. Evelyn Reed (she prefers Evelyn)
 • Specialist in middle school math and science
 • Met her at the school's parent-teacher conference
 • She sounded really patient and good with kids
 • Liam's grades have been slipping a bit in algebra?
 • She offers sessions after school, usually from 4 PM to 6 PM!
 • She said her rates are $50/hour, which seems reasonable
 • Also asked about group sessions if other parents are interested
 • Will text her by Friday to set up a trial session
 • She mentioned she has a waiting list, so better be quick
 • Her number is +1 206-555-0115.!
 • She sends weekly progress reports which is nice.
 • I just hope Liam doesn't fight me on this one. He's so stubborn.",34,Female,en_US,Teacher,contact,,,,,,
757,HungLD,,,,,,2026/03/10,11,Note,Michael Brown,"Auto Mechanic: Tony's Garage
 Tony Moretti
 +1 702-555-0145
 
 Car started making that weird grinding noise again, prob the brakes. Ugh.
 Need to call Tony soon to get it checked out before it gets worse. He's usually pretty booked so better call sorta like first thing Monday.
 
 Notes from last time:
 * He fixed the rattling sound in the exhaust system quickly.
 * He's honest, tells you exactly what needs fixing, no upsells.
 * Reminded me about an oil change due soon, might as well do it now.
 * He only works weekdays, closes kinda early, like 5 PM.
 * He said to text him first if I wanna drop off the car early.
 * He's super good with German cars, which is why I like him for my BMW.
",52,Male,en_US,Financial Advisor,contact,,,,,,
758,,,,,,,,,,,,,,,,contact,,,,,,
759,,,,,,,,,,,,,,,,contact,,,,,,
760,,,,,,,,,,,,,,,,contact,,,,,,
761,,,,,,,,,,,,,,,,contact,,,,,,
762,,,,,,,,,,,,,,,,contact,,,,,,
763,,,,,,,,,,,,,,,,contact,,,,,,
764,,,,,,,,,Note,,,,,en_US,,contact,,,,,,
765,,,,,,,,,Note,,,,,en_US,,contact,,,,,,
766,,,,,,,,,Note,,,,,en_US,,contact,,,,,,
767,,,,,,,,,Note,,,,,en_US,,contact,,,,,,
768,,,,,,,,,Note,,,,,en_US,,contact,,,,,,
769,,,,,,,,,Note,,,,,en_US,,contact,,,,,,
770,,,,,,,,,Note,,,,,en_US,,contact,,,,,,
771,,,,,,,,,Note,,,,,en_US,,contact,,,,,,
772,,,,,,,,,Note,,,,,en_US,,contact,,,,,,
773,,,,,,,,,Note,,,,,en_US,,contact,,,,,,
774,,,,,,,,,Note,,,,,en_US,,contact,,,,,,
775,,,,,,,,,Note,,,,,en_US,,contact,,,,,,
776,,,,,,,,,Note,,,,,en_US,,contact,,,,,,
777,,,,,,,,,Note,,,,,en_US,,contact,,,,,,
778,,,,,,,,,Note,,,,,en_US,,contact,,,,,,
779,,,,,,,,,Note,,,,,en_US,,contact,,,,,,
780,,,,,,,,,Note,,,,,en_US,,contact,,,,,,
781,,,,,,,,,Note,,,,,en_US,,contact,,,,,,
782,,,,,,,,,Note,,,,,en_US,,contact,,,,,,
783,,,,,,,,,Note,,,,,en_US,,contact,,,,,,
784,,,,,,,,,Note,,,,,en_US,,contact,,,,,,
785,,,,,,,,,Note,,,,,en_US,,contact,,,,,,
786,,,,,,,,,Note,,,,,en_US,,contact,,,,,,
787,,,,,,,,,Note,,,,,en_US,,contact,,,,,,
788,,,,,,,,,Note,,,,,en_US,,contact,,,,,,
789,,,,,,,,,Note,,,,,en_US,,contact,,,,,,
790,,,,,,,,,Note,,,,,en_US,,contact,,,,,,
791,,,,,,,,,Note,,,,,en_US,,contact,,,,,,
792,,,,,,,,,Note,,,,,en_US,,contact,,,,,,
793,,,,,,,,,Note,,,,,en_US,,contact,,,,,,
794,,,,,,,,,Note,,,,,en_US,,contact,,,,,,
795,,,,,,,,,Note,,,,,en_US,,contact,,,,,,
796,,,,,,,,,Note,,,,,en_US,,contact,,,,,,
797,,,,,,,,,Note,,,,,en_US,,contact,,,,,,
798,,,,,,,,,Note,,,,,en_US,,contact,,,,,,
799,,,,,,,,,Note,,,,,en_US,,contact,,,,,,
800,,,,,,,,,Note,,,,,en_US,,contact,,,,,,
801,,,,,,,,,Note,,,,,en_US,,contact,,,,,,
802,,,,,,,,,Note,,,,,en_US,,contact,,,,,,
803,,,,,,,,,Note,,,,,en_US,,contact,,,,,,
804,,,,,,,,,Note,,,,,en_US,,contact,,,,,,
805,,,,,,,,,Note,,,,,en_US,,contact,,,,,,
806,,,,,,,,,Note,,,,,,,contact,,,,,,
807,,,,,,,,,Note,,,,,,,contact,,,,,,
808,,,,,,,,,Note,,,,,,,contact,,,,,,
809,,,,,,,,,Note,,,,,,,contact,,,,,,
810,,,,,,,,,Note,,,,,,,contact,,,,,,
811,,,,,,,,,Note,,,,,,,contact,,,,,,
812,,,,,,,,,Note,,,,,,,contact,,,,,,
813,,,,,,,,,Note,,,,,,,contact,,,,,,
814,,,,,,,,,Note,,,,,,,contact,,,,,,
815,,,,,,,,,Note,,,,,,,contact,,,,,,
816,,,,,,,,,Note,,,,,,,contact,,,,,,
817,,,,,,,,,Note,,,,,,,contact,,,,,,
818,,,,,,,,,Note,,,,,,,contact,,,,,,
819,,,,,,,,,Note,,,,,,,contact,,,,,,
820,,,,,,,,,Note,,,,,,,contact,,,,,,
821,,,,,,,,,Note,,,,,,,contact,,,,,,
822,,,,,,,,,Note,,,,,,,contact,,,,,,
823,,,,,,,,,Note,,,,,,,contact,,,,,,
824,,,,,,,,,Note,,,,,,,contact,,,,,,
825,,,,,,,,,Note,,,,,,,contact,,,,,,
826,,,,,,,,,Note,,,,,,,contact,,,,,,
827,,,,,,,,,Note,,,,,,,contact,,,,,,
828,,,,,,,,,Note,,,,,,,contact,,,,,,
829,,,,,,,,,Note,,,,,,,contact,,,,,,
830,,,,,,,,,Note,,,,,,,contact,,,,,,
831,,,,,,,,,Note,,,,,,,contact,,,,,,
832,,,,,,,,,Note,,,,,,,contact,,,,,,
833,,,,,,,,,Note,,,,,,,contact,,,,,,
834,,,,,,,,,Note,,,,,,,contact,,,,,,
835,,,,,,,,,Note,,,,,,,contact,,,,,,
836,,,,,,,,,Note,,,,,,,contact,,,,,,
837,,,,,,,,,Note,,,,,,,contact,,,,,,
838,,,,,,,,,Note,,,,,,,contact,,,,,,
839,,,,,,,,,Note,,,,,,,contact,,,,,,
840,,,,,,,,,Note,,,,,,,contact,,,,,,
841,,,,,,,,,Note,,,,,,,contact,,,,,,
842,,,,,,,,,Note,,,,,,,contact,,,,,,
843,,,,,,,,,Note,,,,,,,contact,,,,,,
844,,,,,,,,,Note,,,,,,,contact,,,,,,
845,,,,,,,,,Note,,,,,,,contact,,,,,,
846,,,,,,,,,Note,,,,,,,contact,,,,,,
847,,,,,,,,,Note,,,,,,,contact,,,,,,
848,,,,,,,,,Note,,,,,,,contact,,,,,,
849,,,,,,,,,Note,,,,,,,contact,,,,,,
850,,,,,,,,,Note,,,,,,,contact,,,,,,
851,,,,,,,,,Note,,,,,,,contact,,,,,,
852,,,,,,,,,Note,,,,,,,contact,,,,,,
853,,,,,,,,,Note,,,,,,,contact,,,,,,
854,,,,,,,,,Note,,,,,,,contact,,,,,,
855,,,,,,,,,Note,,,,,,,contact,,,,,,
856,,,,,,,,,Note,,,,,,,contact,,,,,,
857,,,,,,,,,Note,,,,,,,contact,,,,,,
858,,,,,,,,,Note,,,,,,,contact,,,,,,
859,,,,,,,,,Note,,,,,,,contact,,,,,,
860,,,,,,,,,Note,,,,,,,contact,,,,,,
861,,,,,,,,,Note,,,,,,,contact,,,,,,
862,,,,,,,,,Note,,,,,,,contact,,,,,,
863,,,,,,,,,Note,,,,,,,contact,,,,,,
864,,,,,,,,,Note,,,,,,,contact,,,,,,
865,,,,,,,,,Note,,,,,,,contact,,,,,,
866,,,,,,,,,Note,,,,,,,contact,,,,,,
867,,,,,,,,,Note,,,,,,,contact,,,,,,
868,,,,,,,,,Note,,,,,,,contact,,,,,,
869,,,,,,,,,Note,,,,,,,contact,,,,,,
870,,,,,,,,,Note,,,,,,,contact,,,,,,
871,,,,,,,,,Note,,,,,,,contact,,,,,,
872,,,,,,,,,Note,,,,,,,contact,,,,,,
873,,,,,,,,,Note,,,,,,,contact,,,,,,
874,,,,,,,,,Note,,,,,,,contact,,,,,,
875,,,,,,,,,Note,,,,,,,contact,,,,,,
876,,,,,,,,,Note,,,,,,,contact,,,,,,
877,,,,,,,,,Note,,,,,,,contact,,,,,,
878,,,,,,,,,Note,,,,,,,contact,,,,,,
879,,,,,,,,,Note,,,,,,,contact,,,,,,
880,,,,,,,,,Note,,,,,,,contact,,,,,,
881,,,,,,,,,Note,,,,,,,contact,,,,,,
882,,,,,,,,,Note,,,,,,,contact,,,,,,
883,,,,,,,,,Note,,,,,,,contact,,,,,,
884,,,,,,,,,Note,,,,,,,contact,,,,,,
885,,,,,,,,,Note,,,,,,,contact,,,,,,
886,,,,,,,,,Note,,,,,,,contact,,,,,,
887,,,,,,,,,Note,,,,,,,contact,,,,,,
888,,,,,,,,,Note,,,,,,,contact,,,,,,
889,,,,,,,,,Note,,,,,,,contact,,,,,,
890,,,,,,,,,Note,,,,,,,contact,,,,,,
891,,,,,,,,,Note,,,,,,,contact,,,,,,
892,,,,,,,,,Note,,,,,,,contact,,,,,,
893,,,,,,,,,Note,,,,,,,contact,,,,,,
894,,,,,,,,,Note,,,,,,,contact,,,,,,
895,,,,,,,,,Note,,,,,,,contact,,,,,,
896,,,,,,,,,Note,,,,,,,contact,,,,,,
897,,,,,,,,,Note,,,,,,,contact,,,,,,
898,,,,,,,,,Note,,,,,,,contact,,,,,,
899,,,,,,,,,Note,,,,,,,contact,,,,,,
900,,,,,,,,,Note,,,,,,,contact,,,,,,
901,,,,,,,,,Note,,,,,,,contact,,,,,,
902,,,,,,,,,Note,,,,,,,contact,,,,,,
903,,,,,,,,,Note,,,,,,,contact,,,,,,
904,,,,,,,,,Note,,,,,,,contact,,,,,,
905,,,,,,,,,Note,,,,,,,contact,,,,,,
906,,,,,,,,,Note,,,,,,,contact,,,,,,
907,,,,,,,,,Note,,,,,,,contact,,,,,,
908,,,,,,,,,Note,,,,,,,contact,,,,,,